STATE,COUNTY,TOT_POP,TOT_MALE,TOT_FEMALE,WA_MALE,WA_FEMALE,BA_MALE,BA_FEMALE,IA_MALE,IA_FEMALE,AA_MALE,AA_FEMALE,NA_MALE,NA_FEMALE,TOM_MALE,TOM_FEMALE,WAC_MALE,WAC_FEMALE,BAC_MALE,BAC_FEMALE,IAC_MALE,IAC_FEMALE,AAC_MALE,AAC_FEMALE,NAC_MALE,NAC_FEMALE,NH_MALE,NH_FEMALE,NHWA_MALE,NHWA_FEMALE,NHBA_MALE,NHBA_FEMALE,NHIA_MALE,NHIA_FEMALE,NHAA_MALE,NHAA_FEMALE,NHNA_MALE,NHNA_FEMALE,NHTOM_MALE,NHTOM_FEMALE,NHWAC_MALE,NHWAC_FEMALE,NHBAC_MALE,NHBAC_FEMALE,NHIAC_MALE,NHIAC_FEMALE,NHAAC_MALE,NHAAC_FEMALE,NHNAC_MALE,NHNAC_FEMALE,H_MALE,H_FEMALE,HWA_MALE,HWA_FEMALE,HBA_MALE,HBA_FEMALE,HIA_MALE,HIA_FEMALE,HAA_MALE,HAA_FEMALE,HNA_MALE,HNA_FEMALE,HTOM_MALE,HTOM_FEMALE,HWAC_MALE,HWAC_FEMALE,HBAC_MALE,HBAC_FEMALE,HIAC_MALE,HIAC_FEMALE,HAAC_MALE,HAAC_FEMALE,HNAC_MALE,HNAC_FEMALE
Alabama,Autauga County,61464,29749,31715,22300,23275,6263,7100,156,151,375,476,40,36,615,677,22879,23888,6594,7486,309,340,548,655,65,63,28576,30423,21384,22215,6112,6966,120,130,362,465,24,24,574,623,21926,22786,6421,7324,254,294,527,624,47,46,1173,1292,916,1060,151,134,36,21,13,11,16,12,41,54,953,1102,173,162,55,46,21,31,18,17
Alabama,Baldwin County,261608,127117,134491,110908,117167,10982,11317,1190,1157,1301,1833,69,112,2667,2905,113440,119887,12180,12710,2272,2294,1934,2560,197,267,119005,126500,103741,110121,10745,10997,835,868,1274,1804,51,88,2359,2622,105991,112597,11805,12243,1754,1880,1847,2451,150,199,8112,7991,7167,7046,237,320,355,289,27,29,18,24,308,283,7449,7290,375,467,518,414,87,109,47,68
Alabama,Barbour County,24358,12853,11505,6394,5780,6029,5371,128,79,64,79,43,28,195,168,6555,5927,6161,5481,198,125,88,109,53,38,12018,10763,5752,5176,5948,5292,57,44,63,78,22,11,176,162,5897,5318,6066,5399,118,89,87,104,32,20,835,742,642,604,81,79,71,35,1,1,21,17,19,6,658,609,95,82,80,36,1,5,21,18
Alabama,Bibb County,22258,11792,10466,8560,8349,2924,1806,67,60,28,40,23,9,190,202,8740,8523,3034,1932,126,128,57,77,32,19,11350,10112,8193,8058,2891,1784,58,48,23,34,5,3,180,185,8363,8218,2996,1903,111,107,52,67,14,11,442,354,367,291,33,22,9,12,5,6,18,6,10,17,377,305,38,29,15,21,5,10,18,8
Alabama,Blount County,60163,29935,30228,28400,28773,692,593,210,191,133,117,51,39,449,515,28826,29234,870,822,421,445,214,212,68,63,26491,27205,25201,25957,615,538,148,139,122,103,17,17,388,451,25572,26368,765,732,327,366,190,184,30,32,3444,3023,3199,2816,77,55,62,52,11,14,34,22,61,64,3254,2866,105,90,94,79,24,28,38,31
Alabama,Bullock County,9901,5444,4457,1599,1022,3678,3288,38,42,19,19,34,28,76,58,1670,1069,3727,3327,61,63,31,26,36,35,5102,4136,1395,800,3628,3257,9,19,11,14,3,2,56,44,1449,838,3662,3287,24,33,21,19,3,7,342,321,204,222,50,31,29,23,8,5,31,26,20,14,221,231,65,40,37,30,10,7,33,28
Alabama,Butler County,18256,8570,9686,4556,4842,3706,4543,49,55,127,114,5,5,127,127,4677,4954,3783,4624,83,99,149,132,7,9,8376,9527,4426,4750,3665,4499,41,43,122,110,4,5,118,120,4540,4856,3737,4574,73,85,140,128,6,9,194,159,130,92,41,44,8,12,5,4,1,0,9,7,137,98,46,50,10,14,9,4,1,0
Alabama,Calhoun County,116427,56310,60117,41610,43647,12346,13988,319,304,483,668,81,68,1471,1442,42976,44942,13204,14854,750,744,806,996,157,158,53272,57274,39094,41319,12130,13774,226,222,428,596,59,53,1335,1310,40338,42505,12913,14557,604,608,726,896,125,121,3038,2843,2516,2328,216,214,93,82,55,72,22,15,136,132,2638,2437,291,297,146,136,80,100,32,37
Alabama,Chambers County,33813,15962,17851,9375,10161,6091,7203,81,66,161,128,13,6,241,287,9594,10415,6237,7393,155,150,200,176,21,21,15201,17038,8859,9506,5952,7121,45,43,141,122,5,5,199,241,9041,9720,6070,7283,109,110,173,159,11,14,761,813,516,655,139,82,36,23,20,6,8,1,42,46,553,695,167,110,46,40,27,17,10,7
Alabama,Cherokee County,26138,13026,13112,12020,12115,587,530,109,107,48,76,10,7,252,277,12258,12369,700,672,232,238,81,107,14,17,12758,12837,11804,11897,581,516,90,88,47,73,1,0,235,263,12028,12138,683,654,205,211,79,99,5,7,268,275,216,218,6,14,19,19,1,3,9,7,17,14,230,231,17,18,27,27,2,8,9,10
Alabama,Chilton County,47262,23293,23969,20143,20728,2376,2539,206,135,93,136,59,30,416,401,20530,21091,2629,2790,335,266,157,198,75,46,20467,21671,17708,18679,2233,2427,92,80,83,122,9,8,342,355,18028,19001,2438,2646,196,191,137,180,20,21,2826,2298,2435,2049,143,112,114,55,10,14,50,22,74,46,2502,2090,191,144,139,75,20,18,55,25
Alabama,Choctaw County,12052,5740,6312,3468,3507,2185,2685,17,14,10,43,0,0,60,63,3523,3565,2223,2731,33,28,19,53,2,1,5673,6216,3423,3434,2166,2668,16,14,8,38,0,0,60,62,3478,3491,2204,2713,32,28,17,48,2,1,67,96,45,73,19,17,1,0,2,5,0,0,0,1,45,74,19,18,1,0,2,5,0,0
Alabama,Clarke County,22142,10490,11652,5701,5925,4540,5434,70,82,43,59,4,0,132,152,5821,6061,4622,5524,102,136,69,85,9,8,10320,11506,5578,5835,4509,5402,62,69,42,57,4,0,125,143,5691,5963,4587,5488,92,118,67,82,9,6,170,146,123,90,31,32,8,13,1,2,0,0,7,9,130,98,35,36,10,18,2,3,0,2
Alabama,Clay County,14239,6967,7272,5771,5997,948,1035,40,51,39,23,0,0,169,166,5932,6155,1057,1150,81,93,59,39,8,2,6698,7041,5551,5808,917,1010,38,43,37,20,0,0,155,160,5698,5961,1016,1122,75,83,57,34,8,2,269,231,220,189,31,25,2,8,2,3,0,0,14,6,234,194,41,28,6,10,2,5,0,0
Alabama,Cleburne County,15905,7894,8011,7440,7532,259,241,33,40,26,34,11,1,125,163,7551,7686,343,359,65,76,46,51,16,5,7702,7842,7292,7394,238,225,28,36,21,34,2,0,121,153,7400,7538,320,337,58,70,40,49,7,4,192,169,148,138,21,16,5,4,5,0,9,1,4,10,151,148,23,22,7,6,6,2,9,1
Alabama,Coffee County,56358,27914,28444,21308,21398,4668,4892,412,429,363,631,162,108,1001,986,22207,22261,5163,5367,743,781,647,901,216,190,24943,25461,19017,18943,4393,4712,262,304,332,600,60,46,879,856,19812,19699,4831,5121,538,597,592,837,99,104,2971,2983,2291,2455,275,180,150,125,31,31,102,62,122,130,2395,2562,332,246,205,184,55,64,117,86
Alabama,Colbert County,58785,28189,30596,22806,24283,4240,5038,235,204,220,327,20,25,668,719,23434,24959,4632,5470,472,450,288,405,42,48,26994,29416,21816,23311,4160,4954,179,168,215,310,12,17,612,656,22392,23928,4525,5350,392,391,278,378,30,38,1195,1180,990,972,80,84,56,36,5,17,8,8,56,63,1042,1031,107,120,80,59,10,27,12,10
Alabama,Conecuh County,11109,5356,5753,2913,2871,2265,2700,43,35,25,37,3,2,107,108,3009,2968,2332,2752,81,78,40,58,5,9,5167,5595,2797,2783,2218,2652,38,30,24,33,1,2,89,95,2875,2868,2276,2701,68,67,38,50,3,7,189,158,116,88,47,48,5,5,1,4,2,0,18,13,134,100,56,51,13,11,2,8,2,2
Alabama,Coosa County,10291,5194,5097,3577,3422,1442,1515,50,39,9,16,9,12,107,93,3673,3505,1498,1559,92,77,24,30,16,20,5035,4968,3488,3344,1407,1493,34,33,8,16,2,2,96,80,3574,3416,1458,1532,72,65,21,28,7,8,159,129,89,78,35,22,16,6,1,0,7,10,11,13,99,89,40,27,20,12,3,2,9,12
Alabama,Covington County,37748,18133,19615,15398,16357,2106,2594,161,139,104,128,3,4,361,393,15740,16727,2318,2832,291,273,134,162,17,16,17725,19190,15091,16038,2058,2539,137,114,100,123,2,1,337,375,15410,16393,2254,2766,261,241,128,154,15,13,408,425,307,319,48,55,24,25,4,5,1,3,24,18,330,334,64,66,30,32,6,8,2,3
Alabama,Crenshaw County,13114,6419,6695,4640,4800,1457,1623,53,51,87,66,5,6,177,149,4803,4938,1574,1715,103,100,105,82,14,11,6180,6530,4440,4676,1434,1605,52,45,86,66,2,5,166,133,4594,4800,1545,1685,99,90,102,80,9,10,239,165,200,124,23,18,1,6,1,0,3,1,11,16,209,138,29,30,4,10,3,2,5,1
Alabama,Cullman County,92604,46152,46452,43937,44469,796,562,314,304,305,376,44,55,756,686,44650,45112,1072,809,714,684,409,468,73,82,43563,44027,41630,42264,691,503,269,249,290,364,31,35,652,612,42247,42843,924,717,616,590,381,442,55,56,2589,2425,2307,2205,105,59,45,55,15,12,13,20,104,74,2403,2269,148,92,98,94,28,26,18,26
Alabama,Dale County,50067,24544,25523,18048,18023,4976,5865,263,208,327,473,48,43,882,911,18852,18843,5431,6343,531,490,536,695,104,104,22604,23767,16514,16634,4805,5678,185,165,316,460,32,34,752,796,17199,17350,5199,6099,398,397,507,661,73,83,1940,1756,1534,1389,171,187,78,43,11,13,16,9,130,115,1653,1493,232,244,133,93,29,34,31,21
Alabama,Dallas County,35545,16519,19026,4618,4957,11479,13678,69,43,143,142,11,7,199,199,4800,5140,11607,13810,124,98,169,166,19,14,16285,18832,4497,4848,11408,13616,55,35,134,136,6,7,185,190,4666,5022,11527,13740,108,89,157,160,13,14,234,194,121,109,71,62,14,8,9,6,5,0,14,9,134,118,80,70,16,9,12,6,6,0
Alabama,DeKalb County,73122,36594,36528,33511,33715,785,737,825,792,203,198,333,200,937,886,34406,34556,1068,989,1422,1385,288,273,360,228,29631,30370,27635,28407,577,564,438,460,139,135,43,23,799,781,28397,29151,820,777,952,989,209,201,62,45,6963,6158,5876,5308,208,173,387,332,64,63,290,177,138,105,6009,5405,248,212,470,396,79,72,298,183
Alabama,Elmore County,91042,44201,46841,32801,35194,9940,10075,254,224,333,350,48,55,825,943,33559,36061,10351,10557,530,559,524,552,85,99,42563,45132,31446,33815,9831,9937,195,155,324,333,33,39,734,853,32122,34598,10199,10378,433,449,495,522,65,79,1638,1709,1355,1379,109,138,59,69,9,17,15,16,91,90,1437,1463,152,179,97,110,29,30,20,20
Alabama,Escambia County,36630,18309,18321,11226,11550,5815,5553,665,658,61,66,17,10,525,484,11703,12006,6103,5811,861,852,135,119,42,27,17811,17891,10899,11240,5735,5496,645,629,56,61,12,6,464,459,11320,11672,5994,5739,814,812,120,113,34,23,498,430,327,310,80,57,20,29,5,5,5,4,61,25,383,334,109,72,47,40,15,6,8,4
Alabama,Etowah County,103207,50279,52928,40726,42407,7301,8390,469,383,461,481,209,192,1113,1075,41776,43422,7895,8943,894,809,606,615,243,228,47141,50115,38372,40196,7117,8246,235,203,405,450,38,43,974,977,39291,41121,7644,8749,602,592,529,569,67,75,3138,2813,2354,2211,184,144,234,180,56,31,171,149,139,98,2485,2301,251,194,292,217,77,46,176,153
Alabama,Fayette County,15863,7783,8080,6638,6974,909,881,42,37,31,56,0,2,163,130,6786,7100,1012,968,95,71,49,67,8,5,7581,7907,6480,6827,893,867,32,29,25,53,0,2,151,129,6619,6952,988,953,82,63,40,64,5,5,202,173,158,147,16,14,10,8,6,3,0,0,12,1,167,148,24,15,13,8,9,3,3,0
Alabama,Franklin County,31874,15910,15964,14409,14651,760,612,288,297,76,60,37,50,340,294,14725,14935,922,765,456,428,108,82,49,54,12147,12731,11090,11822,657,508,81,80,51,42,11,29,257,250,11330,12063,781,639,206,190,75,61,17,33,3763,3233,3319,2829,103,104,207,217,25,18,26,21,83,44,3395,2872,141,126,250,238,33,21,32,21
Alabama,Geneva County,27259,13353,13906,11467,12016,1222,1252,190,173,69,69,16,11,389,385,11827,12383,1436,1463,339,325,120,110,29,22,12513,13153,10794,11395,1178,1216,134,118,58,65,5,6,344,353,11112,11731,1371,1409,258,258,106,103,18,15,840,753,673,621,44,36,56,55,11,4,11,5,45,32,715,652,65,54,81,67,14,7,11,7
Alabama,Greene County,7127,3300,3827,647,705,2589,3043,18,18,12,13,0,0,34,48,675,752,2611,3074,31,35,15,16,2,0,3255,3799,626,687,2579,3037,6,16,12,12,0,0,32,47,653,733,2600,3067,17,33,15,15,2,0,45,28,21,18,10,6,12,2,0,1,0,0,2,1,22,19,11,7,14,2,0,1,0,0
Alabama,Hale County,15116,7183,7933,3052,3049,3997,4731,20,28,23,34,1,5,90,86,3133,3131,4039,4779,55,54,44,45,7,11,7066,7815,2968,2976,3973,4704,18,21,22,34,1,4,84,76,3043,3050,4010,4745,52,46,43,42,7,9,117,118,84,73,24,27,2,7,1,0,0,1,6,10,90,81,29,34,3,8,1,3,0,2
Alabama,Henry County,18141,8743,9398,6474,6793,1969,2319,65,35,53,64,3,1,179,186,6644,6973,2077,2428,124,95,72,79,8,9,8512,9191,6299,6647,1936,2280,59,30,44,60,2,1,172,173,6462,6815,2040,2380,116,86,62,75,7,8,231,207,175,146,33,39,6,5,9,4,1,0,7,13,182,158,37,48,8,9,10,4,1,1
Alabama,Houston County,109366,52499,56867,36246,37850,13875,16370,324,399,627,811,57,67,1370,1370,37469,39069,14636,17139,762,840,917,1079,131,142,49598,54124,33909,35698,13646,16101,193,261,591,782,31,38,1228,1244,35005,36805,14343,16801,574,654,852,1025,92,103,2901,2743,2337,2152,229,269,131,138,36,29,26,29,142,126,2464,2264,293,338,188,186,65,54,39,39
Alabama,Jackson County,53780,26463,27317,24060,24870,947,906,424,434,191,190,40,35,801,882,24825,25723,1193,1174,943,1006,252,245,56,58,25294,26301,23148,24092,878,861,345,357,163,165,20,14,740,812,23856,24881,1106,1103,829,886,216,213,32,34,1169,1016,912,778,69,45,79,77,28,25,20,21,61,70,969,842,87,71,114,120,36,32,24,24
Alabama,Jefferson County,664744,315171,349573,171440,179491,130457,156363,1405,1201,6521,6991,195,168,5153,5359,175949,184091,133337,159408,2976,2852,8012,8511,353,368,294936,330705,153906,163133,129223,155024,585,684,6445,6924,84,76,4693,4864,158032,167321,131855,157782,1962,2146,7825,8336,206,228,20235,18868,17534,16358,1234,1339,820,517,76,67,111,92,460,495,17917,16770,1482,1626,1014,706,187,175,147,140
Alabama,Lamar County,13543,6712,6831,5826,5939,704,729,31,35,10,7,1,1,140,120,5954,6051,779,792,88,81,25,24,8,4,6551,6703,5706,5838,687,718,18,21,8,7,1,0,131,119,5827,5950,756,780,71,66,23,24,7,3,161,128,120,101,17,11,13,14,2,0,0,1,9,1,127,101,23,12,17,15,2,0,1,1
Alabama,Lauderdale County,97502,46814,50688,40363,43522,4592,5322,306,225,543,562,42,33,968,1024,41259,44471,5148,5906,640,595,685,696,67,74,44998,48910,38918,42008,4469,5219,204,196,517,528,23,16,867,943,39726,42885,4971,5752,496,537,643,657,45,51,1816,1778,1445,1514,123,103,102,29,26,34,19,17,101,81,1533,1586,177,154,144,58,42,39,22,23
Alabama,Lawrence County,33567,16406,17161,12984,13414,1568,1833,944,958,56,51,8,2,846,903,13789,14290,1758,2040,1584,1621,109,103,20,21,15761,16541,12470,12904,1537,1793,899,927,48,49,6,2,801,866,13236,13747,1714,1983,1508,1568,97,100,15,18,645,620,514,510,31,40,45,31,8,2,2,0,45,37,553,543,44,57,76,53,12,3,5,3
Alabama,Lee County,187847,92938,94909,65847,65723,19681,22741,393,363,4895,4159,120,99,2002,1824,67645,67347,20668,23665,930,839,5585,4770,204,183,87306,89915,61053,61606,19320,22344,242,226,4845,4092,46,66,1800,1581,62681,63025,20215,23128,688,622,5484,4641,110,132,5632,4994,4794,4117,361,397,151,137,50,67,74,33,202,243,4964,4322,453,537,242,217,101,129,94,51
Alabama,Limestone County,118942,59882,59060,47130,46671,9240,8590,498,513,1359,1606,99,115,1556,1565,48559,48111,10010,9350,1093,1096,1688,1936,150,177,55077,54552,43048,42911,8966,8303,336,317,1337,1572,46,46,1344,1403,44297,44207,9639,8981,828,828,1626,1871,80,102,4805,4508,4082,3760,274,287,162,196,22,34,53,69,212,162,4262,3904,371,369,265,268,62,65,70,75
Alabama,Lowndes County,9485,4499,4986,1267,1228,3133,3668,20,15,24,23,4,0,51,52,1313,1278,3165,3694,39,37,29,28,6,2,4419,4902,1230,1193,3109,3636,18,14,18,19,4,0,40,40,1268,1232,3136,3655,29,30,22,23,5,2,80,84,37,35,24,32,2,1,6,4,0,0,11,12,45,46,29,39,10,7,7,5,1,0
Alabama,Macon County,18159,8264,9895,1744,1642,6281,8008,26,36,77,40,2,1,134,168,1853,1777,6349,8091,91,109,101,82,13,14,7999,9673,1594,1548,6209,7929,20,30,71,39,1,1,104,126,1679,1652,6265,7989,68,81,89,70,10,11,265,222,150,94,72,79,6,6,6,1,1,0,30,42,174,125,84,102,23,28,12,12,3,3
Alabama,Madison County,423355,208746,214609,144418,142798,50196,56715,1827,1771,5605,6525,276,246,6424,6554,150171,148566,53272,59941,4033,4042,7777,8733,514,501,193297,199411,131594,130222,48941,55282,1262,1297,5486,6462,189,190,5825,5958,136835,135495,51721,58190,3193,3298,7492,8485,365,394,15449,15198,12824,12576,1255,1433,565,474,119,63,87,56,599,596,13336,13071,1551,1751,840,744,285,248,149,107
Alabama,Marengo County,18512,8728,9784,4178,4315,4358,5212,27,27,37,34,18,15,110,181,4278,4479,4416,5301,69,115,55,59,23,21,8381,9510,3910,4181,4326,5177,22,22,26,32,3,5,94,93,3997,4267,4376,5222,55,61,41,47,6,8,347,274,268,134,32,35,5,5,11,2,15,10,16,88,281,212,40,79,14,54,14,12,17,13
Alabama,Marion County,29323,14584,14739,13429,13796,753,555,80,74,55,66,12,14,255,234,13666,14013,889,674,180,174,85,97,21,20,14061,14225,12980,13359,717,531,73,58,54,60,5,6,232,211,13198,13556,841,640,161,145,81,87,13,12,523,514,449,437,36,24,7,16,1,6,7,8,23,23,468,457,48,34,19,29,4,10,8,8
Alabama,Marshall County,102156,50625,51531,46237,47429,1940,1629,833,726,365,525,213,216,1037,1006,47177,48348,2450,2120,1306,1175,499,667,262,263,40651,42694,37602,39666,1534,1387,307,306,299,449,83,74,826,812,38366,40418,1942,1783,672,655,402,561,108,106,9974,8837,8635,7763,406,242,526,420,66,76,130,142,211,194,8811,7930,508,337,634,520,97,106,154,157
Alabama,Mobile County,412339,196557,215782,116540,122378,69676,82030,1860,2075,4422,4997,97,93,3962,4209,120021,126026,71891,84393,3209,3562,5481,6140,250,276,188897,208205,110071,116044,68978,81305,1721,1955,4398,4938,67,70,3662,3893,113306,119436,71035,83500,2930,3288,5377,5996,177,217,7660,7577,6469,6334,698,725,139,120,24,59,30,23,300,316,6715,6590,856,893,279,274,104,144,73,59
Alabama,Monroe County,19057,9050,10007,5058,5341,3577,4251,141,147,73,59,6,2,195,207,5237,5533,3681,4353,216,230,95,91,16,8,8894,9862,4941,5248,3555,4224,136,137,71,58,2,2,189,193,5116,5426,3657,4325,206,210,93,87,11,8,156,145,117,93,22,27,5,10,2,1,4,0,6,14,121,107,24,28,10,20,2,4,5,0
Alabama,Montgomery County,225894,106149,119745,36608,37727,62636,75180,439,467,4555,4273,113,106,1798,1992,38072,39291,63771,76432,977,1123,5151,4950,242,244,100027,113865,31782,33114,61924,74504,227,224,4515,4229,40,46,1539,1748,33040,34485,62893,75611,645,767,5038,4827,124,141,6122,5880,4826,4613,712,676,212,243,40,44,73,60,259,244,5032,4806,878,821,332,356,113,123,118,103
Alabama,Morgan County,126084,62755,63329,51453,51712,8136,8542,1020,756,422,559,117,90,1607,1670,52967,53271,8959,9376,1687,1452,663,835,165,150,54947,56844,44824,46023,7743,8282,521,484,372,518,51,40,1436,1497,46187,47423,8485,9035,1101,1092,584,761,82,82,7808,6485,6629,5689,393,260,499,272,50,41,66,50,171,173,6780,5848,474,341,586,360,79,74,83,68
Alabama,Perry County,7719,3576,4143,1065,1153,2433,2902,13,15,32,16,3,2,30,55,1093,1204,2449,2935,25,34,36,24,4,3,3522,4083,1032,1125,2419,2880,12,11,30,16,3,2,26,49,1056,1171,2433,2909,21,28,34,23,4,2,54,60,33,28,14,22,1,4,2,0,0,0,4,6,37,33,16,26,4,6,2,1,0,1
Alabama,Pickens County,18508,9369,9139,5660,5156,3458,3777,34,31,32,42,43,27,142,106,5787,5255,3555,3839,74,69,46,57,49,27,8565,8675,4957,4782,3412,3727,30,27,27,34,2,2,137,103,5081,4878,3506,3788,66,64,41,48,8,2,804,464,703,374,46,50,4,4,5,8,41,25,5,3,706,377,49,51,8,5,5,9,41,25
Alabama,Pike County,33124,15771,17353,9193,9615,5695,6907,125,120,437,353,16,13,305,345,9454,9917,5857,7094,239,239,509,442,30,31,15279,16887,8822,9288,5639,6834,108,101,426,348,4,3,280,313,9064,9561,5790,7007,206,200,494,434,15,18,492,466,371,327,56,73,17,19,11,5,12,10,25,32,390,356,67,87,33,39,15,8,15,13
Alabama,Randolph County,23067,11279,11788,8885,9240,1960,2171,113,65,66,91,19,5,236,216,9096,9438,2101,2296,202,150,97,121,27,11,10844,11475,8564,8982,1938,2150,52,54,63,84,12,5,215,200,8759,9166,2069,2268,130,130,89,111,16,9,435,313,321,258,22,21,61,11,3,7,7,0,21,16,337,272,32,28,72,20,8,10,11,2
Alabama,Russell County,58837,27948,30889,14035,14705,12584,14710,207,203,173,239,94,84,855,948,14790,15536,13103,15273,443,488,410,513,146,142,25980,28975,12596,13270,12306,14440,120,134,134,218,83,67,741,846,13257,14013,12762,14949,304,369,344,462,115,112,1968,1914,1439,1435,278,270,87,69,39,21,11,17,114,102,1533,1523,341,324,139,119,66,51,31,30
Alabama,St. Clair County,96927,47777,49150,40521,42038,5750,5497,200,187,352,503,55,46,899,879,41361,42852,6212,5949,529,514,534,680,81,75,46200,47612,39185,40712,5645,5422,155,150,343,492,32,31,840,805,39973,41459,6077,5839,460,443,513,655,52,53,1577,1538,1336,1326,105,75,45,37,9,11,23,15,59,74,1388,1393,135,110,69,71,21,25,29,22
Alabama,Shelby County,235969,114675,121294,92490,96570,16600,18524,723,556,2694,3360,273,235,1895,2049,94271,98465,17489,19526,1329,1194,3363,4079,359,343,105018,112216,84039,88441,16305,18209,280,335,2620,3323,51,42,1723,1866,85667,90178,17107,19113,812,888,3231,3984,114,121,9657,9078,8451,8129,295,315,443,221,74,37,222,193,172,183,8604,8287,382,413,517,306,132,95,245,222
Alabama,Sumter County,11607,5322,6285,1503,1660,3661,4410,7,15,75,120,2,4,74,76,1570,1730,3707,4458,31,39,84,129,5,6,5238,6200,1447,1618,3638,4379,7,14,75,119,0,1,71,69,1511,1682,3682,4425,30,33,84,127,3,2,84,85,56,42,23,31,0,1,0,1,2,3,3,7,59,48,25,33,1,6,0,2,2,4
Alabama,Talladega County,81375,39683,41692,25565,26460,12735,13897,203,138,296,284,14,16,870,897,26340,27269,13278,14432,502,466,460,444,54,67,38404,40855,24578,25819,12575,13803,148,121,292,275,10,9,801,828,25299,26569,13083,14303,412,413,436,428,42,48,1279,837,987,641,160,94,55,17,4,9,4,7,69,69,1041,700,195,129,90,53,24,16,12,19
Alabama,Tallapoosa County,40699,19884,20815,14247,14454,5116,5813,84,79,118,129,14,12,305,328,14519,14747,5299,6015,206,179,171,195,25,34,19203,20221,13767,13994,5003,5747,67,72,111,118,2,4,253,286,13995,14250,5157,5933,163,154,153,172,10,18,681,594,480,460,113,66,17,7,7,11,12,8,52,42,524,497,142,82,43,25,18,23,15,16
Alabama,Tuscaloosa County,241212,116108,125104,75770,77533,35550,42978,518,442,2454,2308,103,112,1713,1731,77341,79102,36489,43928,999,923,3019,2878,202,225,108705,118477,69386,71928,35133,42504,238,233,2371,2206,42,48,1535,1558,70808,73353,35969,43368,646,643,2885,2717,113,127,7403,6627,6384,5605,417,474,280,209,83,102,61,64,178,173,6533,5749,520,560,353,280,134,161,89,98
Alabama,Walker County,65260,31851,33409,28871,30104,1917,2287,236,178,172,205,43,26,612,609,29453,30673,2268,2675,471,379,247,272,58,42,30307,32145,27592,29076,1843,2214,148,119,139,176,15,10,570,550,28137,29592,2171,2569,364,295,205,234,29,22,1544,1264,1279,1028,74,73,88,59,33,29,28,16,42,59,1316,1081,97,106,107,84,42,38,29,20
Alabama,Washington County,15018,7351,7667,4948,5027,1635,1766,516,660,88,45,13,10,151,159,5085,5168,1708,1849,570,720,124,81,20,16,7253,7576,4891,4973,1623,1755,504,640,86,45,7,7,142,156,5021,5111,1694,1836,552,698,118,81,14,13,98,91,57,54,12,11,12,20,2,0,6,3,9,3,64,57,14,13,18,22,6,0,6,3
Alabama,Wilcox County,9865,4614,5251,1374,1429,3123,3727,10,18,13,13,2,1,92,63,1454,1484,3161,3762,50,41,39,27,8,5,4541,5187,1334,1399,3100,3697,10,18,10,13,1,1,86,59,1409,1450,3135,3729,48,41,34,26,7,5,73,64,40,30,23,30,0,0,3,0,1,0,6,4,45,34,26,33,2,0,5,1,1,0
Alabama,Winston County,23869,11903,11966,11268,11429,185,141,145,103,42,67,29,22,234,204,11491,11614,276,227,261,210,78,101,37,29,11391,11476,10868,11018,172,129,91,78,38,59,4,5,218,187,11077,11188,258,207,198,178,72,88,10,11,512,490,400,411,13,12,54,25,4,8,25,17,16,17,414,426,18,20,63,32,6,13,27,18
Alaska,Aleutians East Borough,3632,2579,1053,731,221,374,43,255,211,1102,484,16,20,101,74,820,276,398,64,294,250,1145,507,25,31,2013,893,300,102,287,33,243,197,1078,477,15,18,90,66,378,152,307,49,278,232,1118,498,24,29,566,160,431,119,87,10,12,14,24,7,1,2,11,8,442,124,91,15,16,18,27,9,1,2
Alaska,Aleutians West Census Area,5424,3816,1608,1482,454,441,47,246,173,1328,779,175,49,144,106,1593,536,478,84,311,216,1382,810,205,73,3252,1418,1060,336,418,38,210,154,1268,751,170,48,126,91,1156,405,453,68,261,190,1319,779,198,71,564,190,422,118,23,9,36,19,60,28,5,1,18,15,437,131,25,16,50,26,63,31,7,2
Alaska,Anchorage Municipality,289600,148317,141283,93078,83875,9128,7748,13606,14632,14224,16946,5094,4967,13187,13115,104568,95349,13369,11840,20007,21070,18831,21503,6398,6305,133481,127465,82935,74505,8003,6695,12167,13313,13815,16617,4942,4747,11619,11588,93043,84640,11580,10125,17775,19026,17933,20705,6070,5910,14836,13818,10143,9370,1125,1053,1439,1319,409,329,152,220,1568,1527,11525,10709,1789,1715,2232,2044,898,798,328,395
Alaska,Bethel Census Area,18237,9549,8688,869,673,100,93,7973,7451,139,96,12,22,456,353,1266,964,165,160,8316,7712,225,156,56,60,9389,8544,805,633,97,92,7904,7370,136,95,7,15,440,339,1187,911,162,152,8234,7627,217,153,49,51,160,144,64,40,3,1,69,81,3,1,5,7,16,14,79,53,3,8,82,85,8,3,7,9
Alaska,Bristol Bay Borough,884,500,384,240,159,9,4,131,117,8,12,0,6,112,86,346,234,29,29,201,172,30,27,6,9,464,347,228,135,7,2,122,111,8,11,0,6,99,82,322,207,23,26,183,164,29,24,6,9,36,37,12,24,2,2,9,6,0,1,0,0,13,4,24,27,6,3,18,8,1,3,0,0
Alaska,Chugach Census Area,6604,3531,3073,2534,2111,74,90,384,380,239,220,36,25,264,247,2776,2336,107,132,577,556,286,263,50,36,3320,2860,2398,1982,65,77,362,343,236,215,36,25,223,218,2603,2179,87,111,527,502,278,253,48,35,211,213,136,129,9,13,22,37,3,5,0,0,41,29,173,157,20,21,50,54,8,10,2,1
Alaska,Copper River Census Area,2631,1410,1221,960,790,20,14,262,253,43,36,6,5,119,123,1069,906,42,46,343,335,64,52,11,9,1368,1179,937,768,20,12,250,239,42,36,6,3,113,121,1040,882,40,44,328,320,62,51,11,6,42,42,23,22,0,2,12,14,1,0,0,2,6,2,29,24,2,2,15,15,2,1,0,3
Alaska,Denali Borough,1621,881,740,669,563,63,17,58,58,41,59,0,1,50,42,716,601,72,31,90,81,50,66,3,3,841,719,633,548,61,17,56,54,41,59,0,1,50,40,680,584,70,30,88,76,50,66,3,3,40,21,36,15,2,0,2,4,0,0,0,0,0,2,36,17,2,1,2,5,0,0,0,0
Alaska,Dillingham Census Area,4642,2441,2201,439,332,25,12,1707,1631,22,23,9,3,239,200,654,523,59,40,1894,1774,56,46,19,18,2349,2088,403,290,25,11,1679,1588,20,22,9,3,213,174,595,456,53,32,1846,1717,53,43,17,14,92,113,36,42,0,1,28,43,2,1,0,0,26,26,59,67,6,8,48,57,3,3,2,4
Alaska,Fairbanks North Star Borough,94951,51094,43857,38755,32090,2891,2071,3916,3963,1572,1809,350,366,3610,3558,42031,35305,3880,3020,5761,5830,2717,2943,579,595,46468,39741,35257,28990,2563,1786,3630,3712,1466,1735,323,330,3229,3188,38185,31882,3421,2597,5271,5378,2513,2764,525,535,4626,4116,3498,3100,328,285,286,251,106,74,27,36,381,370,3846,3423,459,423,490,452,204,179,54,60
Alaska,Haines Borough,2104,1083,1021,851,785,12,7,98,97,8,42,0,0,114,90,956,871,33,25,176,153,29,59,4,4,1041,978,819,755,12,6,94,91,8,41,0,0,108,85,918,836,31,22,169,145,28,57,4,3,42,43,32,30,0,1,4,6,0,1,0,0,6,5,38,35,2,3,7,8,1,2,0,1
Alaska,Hoonah-Angoon Census Area,2312,1257,1055,629,512,45,8,456,384,10,19,4,2,113,130,731,633,70,33,540,482,23,29,8,8,1181,975,589,475,45,8,429,351,10,19,4,2,104,120,682,587,68,30,505,442,23,28,8,8,76,80,40,37,0,0,27,33,0,0,0,0,9,10,49,46,2,3,35,40,0,1,0,0
Alaska,Juneau City and Borough,31572,15980,15592,10903,10385,303,186,1890,1936,1087,1347,244,180,1553,1558,12171,11670,486,378,3026,3077,1647,1905,350,274,14812,14425,10191,9622,259,156,1667,1748,1062,1310,238,170,1395,1419,11320,10790,415,319,2685,2790,1586,1832,333,256,1168,1167,712,763,44,30,223,188,25,37,6,10,158,139,851,880,71,59,341,287,61,73,17,18
Alaska,Kenai Peninsula Borough,61259,32008,29251,26372,23909,361,240,2656,2384,461,736,126,87,2032,1895,28203,25642,604,453,4167,3789,957,1182,245,197,30490,27874,25293,22905,309,195,2510,2239,429,712,106,68,1843,1755,26954,24512,522,386,3879,3536,871,1134,215,172,1518,1377,1079,1004,52,45,146,145,32,24,20,19,189,140,1249,1130,82,67,288,253,86,48,30,25
Alaska,Ketchikan Gateway Borough,13677,7152,6525,4698,4219,98,63,977,931,674,616,27,25,678,671,5288,4829,166,122,1493,1437,842,769,78,70,6720,6153,4424,3971,86,57,906,876,666,611,26,23,612,615,4955,4533,140,107,1372,1339,822,752,74,63,432,372,274,248,12,6,71,55,8,5,1,2,66,56,333,296,26,15,121,98,20,17,4,7
Alaska,Kodiak Island Borough,12654,6699,5955,3687,2883,127,63,759,767,1527,1716,60,38,539,488,4147,3300,198,124,1134,1098,1706,1876,118,92,6086,5439,3288,2580,104,50,681,691,1476,1665,55,31,482,422,3695,2945,160,92,1019,978,1642,1806,105,74,613,516,399,303,23,13,78,76,51,51,5,7,57,66,452,355,38,32,115,120,64,70,13,18
Alaska,Kusilvak Census Area,7946,4209,3737,120,97,26,12,3909,3481,19,31,1,2,134,114,233,193,52,25,4005,3566,48,60,8,11,4178,3719,114,89,19,12,3893,3472,19,31,1,1,132,114,225,185,45,25,3987,3557,48,60,8,10,31,18,6,8,7,0,16,9,0,0,0,1,2,0,8,8,7,0,18,9,0,0,0,1
Alaska,Lake and Peninsula Borough,1315,681,634,187,130,12,4,383,382,13,25,4,5,82,88,259,213,35,18,435,440,34,42,4,11,653,617,177,120,12,4,368,375,13,25,4,5,79,88,247,203,33,18,419,433,32,42,4,11,28,17,10,10,0,0,15,7,0,0,0,0,3,0,12,10,2,0,16,7,2,0,0,0
Alaska,Matanuska-Susitna Borough,117613,61616,55997,50104,45063,961,790,4346,3840,880,1250,354,295,4971,4759,54722,49508,1879,1617,7636,7049,2307,2588,792,722,58091,52705,47585,42689,854,670,4029,3573,829,1192,317,270,4477,4311,51757,46736,1633,1365,6985,6488,2100,2397,692,642,3525,3292,2519,2374,107,120,317,267,51,58,37,25,494,448,2965,2772,246,252,651,561,207,191,100,80
Alaska,Nome Census Area,9836,5123,4713,743,616,64,54,3807,3583,120,93,10,8,379,359,1081,943,105,87,4120,3878,175,152,38,27,4996,4602,691,567,61,51,3754,3552,117,81,10,8,363,343,1015,881,99,80,4056,3834,166,134,36,25,127,111,52,49,3,3,53,31,3,12,0,0,16,16,66,62,6,7,64,44,9,18,2,2
Alaska,North Slope Borough,10663,6818,3845,3011,582,123,104,2904,2572,354,225,103,101,323,261,3282,812,185,143,3120,2754,441,298,145,133,6447,3629,2850,509,111,97,2743,2458,341,221,102,101,300,243,3103,722,167,132,2944,2632,422,287,139,129,371,216,161,73,12,7,161,114,13,4,1,0,23,18,179,90,18,11,176,122,19,11,6,4
Alaska,Northwest Arctic Borough,7134,3798,3336,416,255,59,56,3009,2749,33,49,15,9,266,218,657,449,96,88,3212,2918,81,93,39,25,3697,3243,382,225,41,45,2973,2727,32,43,15,9,254,194,613,399,73,69,3170,2877,75,81,37,22,101,93,34,30,18,11,36,22,1,6,0,0,12,24,44,50,23,19,42,41,6,12,2,3
Alaska,Petersburg Borough,3436,1840,1596,1323,1136,58,19,193,164,103,152,25,7,138,118,1439,1236,91,41,277,245,143,184,37,14,1726,1518,1240,1080,54,19,180,156,103,150,25,6,124,107,1346,1170,82,38,257,229,136,180,36,13,114,78,83,56,4,0,13,8,0,2,0,1,14,11,93,66,9,3,20,16,7,4,1,1
Alaska,Prince of Wales-Hyder Census Area,5746,3115,2631,1474,1169,41,16,1243,1125,29,56,22,12,306,253,1741,1384,104,57,1461,1321,96,111,54,27,2987,2511,1413,1115,37,12,1202,1077,28,56,22,12,285,239,1661,1319,91,47,1410,1265,90,109,50,26,128,120,61,54,4,4,41,48,1,0,0,0,21,14,80,65,13,10,51,56,6,2,4,1
Alaska,Sitka City and Borough,8355,4266,4089,2759,2624,74,53,657,597,369,383,14,14,393,418,3107,2986,141,117,938,905,472,487,45,49,3945,3815,2572,2483,68,44,588,551,351,363,14,14,352,360,2881,2797,120,94,846,824,441,449,44,42,321,274,187,141,6,9,69,46,18,20,0,0,41,58,226,189,21,23,92,81,31,38,1,7
Alaska,Skagway Municipality,1119,591,528,492,426,20,5,29,37,13,26,3,1,34,33,523,454,36,14,46,56,15,37,5,2,540,495,451,398,20,5,25,33,13,26,3,1,28,32,476,426,34,14,39,51,14,36,5,2,51,33,41,28,0,0,4,4,0,0,0,0,6,1,47,28,2,0,7,5,1,1,0,0
Alaska,Southeast Fairbanks Census Area,7313,4185,3128,3298,2320,114,56,457,338,85,156,24,55,207,203,3477,2500,165,97,590,474,131,200,45,73,3937,2907,3129,2183,102,50,434,321,83,155,12,23,177,175,3285,2337,144,82,554,443,118,191,26,40,248,221,169,137,12,6,23,17,2,1,12,32,30,28,192,163,21,15,36,31,13,9,19,33
Alaska,Wrangell City and Borough,2064,1072,992,702,630,14,14,179,162,39,43,1,1,137,142,827,753,35,42,278,258,62,78,10,8,1017,947,656,593,14,12,172,159,39,41,1,1,135,141,779,715,34,40,270,255,62,75,10,8,55,45,46,37,0,2,7,3,0,2,0,0,2,1,48,38,1,2,8,3,0,3,0,0
Alaska,Yakutat City and Borough,690,394,296,187,100,16,4,118,117,19,22,1,6,53,47,236,137,35,14,147,144,26,38,4,10,368,278,165,90,16,4,116,113,19,22,1,6,51,43,212,123,33,13,145,139,26,36,4,10,26,18,22,10,0,0,2,4,0,0,0,0,2,4,24,14,2,1,2,5,0,2,0,0
Alaska,Yukon-Koyukuk Census Area,5099,2750,2349,656,502,33,26,1770,1634,113,25,7,2,171,160,818,640,59,60,1897,1747,140,55,11,11,2680,2286,621,475,23,25,1752,1605,113,24,7,2,164,155,776,609,46,56,1876,1717,139,52,11,11,70,63,35,27,10,1,18,29,0,1,0,0,7,5,42,31,13,4,21,30,1,3,0,0
Arizona,Apache County,64800,31952,32848,7925,7494,322,228,22757,24256,278,298,32,20,638,552,8474,7964,632,483,23008,24471,420,426,82,76,29612,30727,6375,6209,275,178,22145,23590,257,275,28,13,532,462,6828,6596,546,408,22337,23753,385,390,71,62,2340,2121,1550,1285,47,50,612,666,21,23,4,7,106,90,1646,1368,86,75,671,718,35,36,11,14
Arizona,Cochise County,125773,63260,62513,55270,54728,3148,2351,1265,1091,1038,1868,277,237,2262,2238,57256,56710,3982,3190,2093,1907,1942,2752,528,509,41103,39950,35055,33947,2698,1964,586,477,919,1748,182,167,1663,1647,36528,35412,3343,2619,1093,992,1648,2450,368,358,22157,22563,20215,20781,450,387,679,614,119,120,95,70,599,591,20728,21298,639,571,1000,915,294,302,160,151
Arizona,Coconino County,145161,71597,73564,47411,47705,1169,1067,18872,20435,1496,1904,111,155,2538,2298,49690,49779,1963,1772,19874,21367,2473,2762,380,402,60078,62003,38301,38530,953,891,17346,18907,1388,1791,78,105,2012,1779,40108,40140,1621,1484,18029,19518,2242,2511,307,303,11519,11561,9110,9175,216,176,1526,1528,108,113,33,50,526,519,9582,9639,342,288,1845,1849,231,251,73,99
Arizona,Gila County,54073,27006,27067,21026,21015,307,210,4866,4997,192,279,55,45,560,521,21541,21488,449,348,5228,5341,269,351,88,74,21834,22193,16634,16846,222,144,4399,4582,165,254,38,29,376,338,16977,17150,324,242,4623,4794,229,306,64,48,5172,4874,4392,4169,85,66,467,415,27,25,17,16,184,183,4564,4338,125,106,605,547,40,45,24,26
Arizona,Graham County,40242,21707,18535,17887,15096,605,213,2568,2615,157,165,59,37,431,409,18266,15455,769,376,2763,2809,240,251,110,67,14286,13018,11113,10117,503,137,2246,2358,117,132,39,20,268,254,11338,10337,621,258,2347,2458,179,191,73,38,7421,5517,6774,4979,102,76,322,257,40,33,20,17,163,155,6928,5118,148,118,416,351,61,60,37,29
Arizona,Greenlee County,9410,4873,4537,4280,3970,130,93,261,245,43,107,11,6,148,116,4413,4077,192,143,338,299,59,119,22,15,2599,2376,2170,1962,114,73,178,176,37,97,7,5,93,63,2253,2020,154,102,224,201,46,103,17,13,2274,2161,2110,2008,16,20,83,69,6,10,4,1,55,53,2160,2057,38,41,114,98,13,16,5,2
Arizona,La Paz County,16992,8630,8362,6627,6205,149,94,1333,1509,164,198,36,27,321,329,6923,6509,267,207,1490,1691,215,235,58,49,6386,6148,5020,4656,114,63,879,1029,133,161,21,9,219,230,5218,4867,202,147,981,1145,168,191,38,28,2244,2214,1607,1549,35,31,454,480,31,37,15,18,102,99,1705,1642,65,60,509,546,47,44,20,21
Arizona,Maricopa County,4673096,2325728,2347368,1875511,1888569,168757,164124,67635,70464,125154,135749,7296,6946,81375,81516,1949362,1962661,204712,200103,88139,91336,158297,168544,13649,13499,1575128,1606591,1206396,1227463,148037,143384,37889,42057,117757,128413,4992,4846,60057,60428,1260966,1282596,175689,171024,49612,54338,143880,154124,9652,9734,750600,740777,669115,661106,20720,20740,29746,28407,7397,7336,2304,2100,21318,21088,688396,680065,29023,29079,38527,36998,14417,14420,3997,3765
Arizona,Mohave County,226479,114463,112016,103884,101364,2267,1439,3414,3445,1384,2168,314,322,3200,3278,106744,104322,3046,2245,5075,5114,2312,3103,599,620,92804,92662,84981,84454,1936,1187,2190,2358,1211,2014,218,226,2268,2423,87019,86654,2536,1830,3218,3461,1949,2772,428,461,21659,19354,18903,16910,331,252,1224,1087,173,154,96,96,932,855,19725,17668,510,415,1857,1653,363,331,171,159
Arizona,Navajo County,109516,54503,55013,28999,27899,721,476,22917,24653,421,509,127,79,1318,1397,30124,29107,1185,966,23635,25385,678,779,231,195,47707,49317,23902,23706,606,365,21757,23641,375,457,98,64,969,1084,24716,24636,974,773,22243,24157,582,688,176,162,6796,5696,5097,4193,115,111,1160,1012,46,52,29,15,349,313,5408,4471,211,193,1392,1228,96,91,55,33
Arizona,Pima County,1080149,534076,546073,443331,455885,27830,23356,23047,24233,19875,22610,1379,1477,18614,18512,460200,472704,34882,30285,29701,30942,27024,29663,2531,2669,337175,342855,269842,276237,23523,18772,12685,13908,18164,20833,922,900,12039,12205,280749,287356,28434,23616,15942,17383,23314,25949,1682,1708,196901,203218,173489,179648,4307,4584,10362,10325,1711,1777,457,577,6575,6307,179451,185348,6448,6669,13759,13559,3710,3714,849,961
Arizona,Pinal County,513862,264046,249816,212717,202876,18572,16463,16272,14150,5730,6350,1506,732,9249,9245,220900,211123,22495,20450,20127,17859,8587,9235,2349,1597,179958,175402,140465,139245,16451,14415,10557,9209,4904,5578,1276,489,6305,6466,145978,145013,19397,17398,12636,11336,7064,7767,1874,1111,84088,74414,72252,63631,2121,2048,5715,4941,826,772,230,243,2944,2779,74922,66110,3098,3052,7491,6523,1523,1468,475,486
Arizona,Santa Cruz County,50508,24587,25921,23266,24636,345,259,386,408,283,233,40,44,267,341,23506,24946,435,358,538,617,326,288,55,65,4584,4415,3961,3878,176,137,103,90,203,155,13,12,128,143,4071,4003,233,191,162,155,226,186,22,25,20003,21506,19305,20758,169,122,283,318,80,78,27,32,139,198,19435,20943,202,167,376,462,100,102,33,40
Arizona,Yavapai County,252013,124215,127798,114686,118198,1455,1155,2926,2808,1733,2197,221,207,3194,3233,117621,121197,2229,1915,4626,4592,2668,3127,502,490,102894,108203,95839,100907,1209,932,1746,1776,1514,2004,164,141,2422,2443,98075,103179,1841,1542,2909,3010,2304,2774,389,366,21321,19595,18847,17291,246,223,1180,1032,219,193,57,66,772,790,19546,18018,388,373,1717,1582,364,353,113,124
Arizona,Yuma County,220310,113466,106844,102107,97294,3625,2205,3002,2689,1842,2081,342,285,2548,2290,104392,99335,4443,2951,4163,3714,2798,2945,640,559,39422,35291,32891,29959,2656,1345,1137,996,1209,1549,130,114,1399,1328,34130,31139,3156,1819,1621,1463,1801,2110,288,266,74044,71553,69216,67335,969,860,1865,1693,633,532,212,171,1149,962,70262,68196,1287,1132,2542,2251,997,835,352,293
Arkansas,Arkansas County,16050,7804,8246,5617,5704,1892,2223,41,43,67,73,5,7,182,196,5794,5889,2007,2334,98,121,80,93,7,14,7393,7926,5294,5465,1838,2199,28,27,66,72,5,5,162,158,5453,5614,1942,2298,78,87,75,83,7,7,411,320,323,239,54,24,13,16,1,1,0,2,20,38,341,275,65,36,20,34,5,10,0,7
Arkansas,Ashley County,17984,8746,9238,6429,6579,2000,2364,94,80,29,36,14,7,180,172,6598,6739,2086,2451,165,153,60,62,22,12,8123,8658,5958,6127,1954,2317,41,41,19,27,2,2,149,144,6098,6259,2030,2396,95,98,44,49,8,5,623,580,471,452,46,47,53,39,10,9,12,5,31,28,500,480,56,55,70,55,16,13,14,7
Arkansas,Baxter County,43007,21033,21974,20072,21102,176,102,219,191,121,173,22,33,423,373,20480,21454,264,187,506,446,182,228,37,41,20342,21285,19514,20509,162,91,170,169,112,168,20,24,364,324,19868,20815,234,157,415,395,169,218,30,30,691,689,558,593,14,11,49,22,9,5,2,9,59,49,612,639,30,30,91,51,13,10,7,11
Arkansas,Benton County,321566,161478,160088,138390,139673,4153,3494,3342,3100,9208,7522,1616,1528,4769,4771,142985,144263,5426,4792,5790,5578,10614,8920,1856,1764,129907,130130,109448,112161,3690,3007,2161,2145,9016,7364,1471,1380,4121,4073,113423,116084,4806,4147,4181,4152,10256,8586,1659,1555,31571,29958,28942,27512,463,487,1181,955,192,158,145,148,648,698,29562,28179,620,645,1609,1426,358,334,197,209
Arkansas,Boone County,38636,19139,19497,18210,18617,152,98,198,203,105,161,20,11,454,407,18653,19007,255,188,507,491,161,211,31,17,18459,18828,17653,18047,126,85,149,173,101,160,17,11,413,352,18057,18383,220,162,427,425,155,203,24,14,680,669,557,570,26,13,49,30,4,1,3,0,41,55,596,624,35,26,80,66,6,8,7,3
Arkansas,Bradley County,9935,4793,5142,3305,3376,1273,1535,89,88,30,39,3,5,93,99,3392,3466,1318,1584,132,131,43,54,10,9,3908,4379,2555,2750,1249,1500,17,20,16,23,3,5,68,81,2621,2824,1282,1539,43,55,27,35,5,8,885,763,750,626,24,35,72,68,14,16,0,0,25,18,771,642,36,45,89,76,16,19,5,1
Arkansas,Calhoun County,4690,2375,2315,1817,1724,471,492,23,14,5,11,1,0,58,74,1874,1789,500,531,43,37,16,29,3,3,2286,2256,1747,1675,467,488,13,10,5,11,0,0,54,72,1800,1738,495,527,29,31,15,29,2,3,89,59,70,49,4,4,10,4,0,0,1,0,4,2,74,51,5,4,14,6,1,0,1,0
Arkansas,Carroll County,28968,14598,14370,13061,12977,183,131,224,205,436,408,299,252,395,397,13443,13346,280,257,482,453,483,458,316,267,12130,12180,10820,11047,135,92,161,131,414,379,262,209,338,322,11147,11348,212,196,382,330,457,414,273,220,2468,2190,2241,1930,48,39,63,74,22,29,37,43,57,75,2296,1998,68,61,100,123,26,44,43,47
Arkansas,Chicot County,9272,4749,4523,2144,1937,2444,2459,41,21,44,39,2,3,74,64,2215,1995,2484,2491,64,47,57,49,5,7,4404,4247,1892,1735,2386,2409,17,9,38,33,2,2,69,59,1958,1788,2424,2439,37,32,50,43,5,5,345,276,252,202,58,50,24,12,6,6,0,1,5,5,257,207,60,52,27,15,7,6,0,2
Arkansas,Clark County,20920,10033,10887,7313,7896,2313,2528,75,91,80,91,46,52,206,229,7505,8108,2432,2654,138,172,115,134,55,61,9413,10218,6789,7354,2262,2472,54,56,73,87,43,47,192,202,6969,7545,2375,2584,109,126,106,123,52,53,620,669,524,542,51,56,21,35,7,4,3,5,14,27,536,563,57,70,29,46,9,11,3,8
Arkansas,Clay County,14112,6982,7130,6659,6859,84,54,56,47,17,25,0,2,166,143,6817,7000,146,109,131,117,50,44,6,10,6770,6978,6480,6728,82,48,43,40,15,23,0,2,150,137,6623,6864,139,100,108,107,46,42,6,8,212,152,179,131,2,6,13,7,2,2,0,0,16,6,194,136,7,9,23,10,4,2,0,2
Arkansas,Cleburne County,25646,12752,12894,12187,12334,111,87,112,120,49,81,8,5,285,267,12463,12593,195,168,280,281,89,116,15,10,12370,12485,11879,11990,99,74,86,95,41,74,4,5,261,247,12133,12229,176,154,239,241,78,104,9,10,382,409,308,344,12,13,26,25,8,7,4,0,24,20,330,364,19,14,41,40,11,12,6,0
Arkansas,Cleveland County,7367,3659,3708,3122,3178,396,397,21,26,46,33,3,1,71,73,3191,3248,431,435,42,50,61,46,5,4,3546,3614,3027,3107,394,385,17,21,46,31,0,1,62,69,3088,3173,427,423,33,41,59,43,1,4,113,94,95,71,2,12,4,5,0,2,3,0,9,4,103,75,4,12,9,9,2,3,4,0
Arkansas,Columbia County,22024,10672,11352,6673,6700,3630,4251,90,54,105,130,5,8,169,209,6827,6893,3727,4375,149,116,135,165,10,16,10225,11007,6365,6459,3547,4186,59,40,99,124,4,5,151,193,6503,6637,3637,4301,107,92,128,159,7,13,447,345,308,241,83,65,31,14,6,6,1,3,18,16,324,256,90,74,42,24,7,6,3,3
Arkansas,Conway County,21422,10602,10820,8866,9150,1246,1184,133,92,66,112,6,5,285,277,9138,9406,1377,1316,251,220,105,151,17,14,10036,10270,8387,8661,1219,1165,107,78,55,106,5,5,263,255,8640,8897,1342,1287,212,193,92,142,13,12,566,550,479,489,27,19,26,14,11,6,1,0,22,22,498,509,35,29,39,27,13,9,4,2
Arkansas,Craighead County,115852,56346,59506,43604,45317,10140,11735,314,360,822,738,72,72,1394,1284,44927,46527,11000,12500,669,714,1067,970,124,118,52453,55741,40202,42093,9974,11525,176,183,792,721,59,59,1250,1160,41386,43187,10762,12242,469,476,1018,928,104,93,3893,3765,3402,3224,166,210,138,177,30,17,13,13,144,124,3541,3340,238,258,200,238,49,42,20,25
Arkansas,Crawford County,62258,30842,31416,27506,27997,720,595,870,939,516,653,51,42,1179,1190,28637,29141,1098,981,1514,1597,713,858,85,77,27808,28507,24943,25542,628,512,722,790,490,617,23,22,1002,1024,25907,26527,961,855,1247,1332,668,793,44,44,3034,2909,2563,2455,92,83,148,149,26,36,28,20,177,166,2730,2614,137,126,267,265,45,65,41,33
Arkansas,Crittenden County,46633,22060,24573,9412,9602,11990,14218,105,126,162,182,8,28,383,417,9767,9978,12226,14473,214,257,228,265,30,45,21080,23853,8621,9072,11901,14128,63,82,146,179,3,15,346,377,8940,9412,12122,14363,157,195,207,250,19,27,980,720,791,530,89,90,42,44,16,3,5,13,37,40,827,566,104,110,57,62,21,15,11,18
Arkansas,Cross County,16194,7855,8339,5861,6127,1749,1959,39,41,74,71,5,6,127,135,5976,6254,1824,2038,81,88,94,89,12,11,7622,8171,5674,5990,1718,1946,29,33,74,71,5,6,122,125,5786,6107,1790,2022,70,76,91,87,12,9,233,168,187,137,31,13,10,8,0,0,0,0,5,10,190,147,34,16,11,12,3,2,0,2
Arkansas,Dallas County,6076,2983,3093,1674,1691,1178,1265,31,26,16,19,5,8,79,84,1750,1770,1213,1315,63,54,28,31,9,9,2816,2983,1547,1611,1164,1256,21,20,15,19,1,5,68,72,1612,1680,1198,1302,45,41,26,28,3,6,167,110,127,80,14,9,10,6,1,0,4,3,11,12,138,90,15,13,18,13,2,3,6,3
Arkansas,Desha County,10321,4819,5502,2386,2589,2276,2688,22,28,44,71,8,16,83,110,2466,2692,2318,2754,52,63,57,87,12,23,4443,5072,2108,2279,2202,2616,18,24,42,65,1,5,72,83,2179,2357,2239,2671,41,46,54,76,4,7,376,430,278,310,74,72,4,4,2,6,7,11,11,27,287,335,79,83,11,17,3,11,8,16
Arkansas,Drew County,16935,8344,8591,5886,5829,2156,2461,50,64,77,83,7,4,168,150,6038,5967,2255,2554,102,116,105,101,17,9,7812,8215,5440,5521,2122,2433,31,43,73,77,1,2,145,139,5574,5650,2212,2521,71,91,95,91,8,7,532,376,446,308,34,28,19,21,4,6,6,2,23,11,464,317,43,33,31,25,10,10,9,2
Arkansas,Faulkner County,131611,63815,67796,52841,55287,7902,9210,471,512,848,939,60,55,1693,1793,54311,56839,8713,10052,1025,1132,1292,1415,252,250,59682,63987,49357,52094,7618,8937,331,355,808,905,40,42,1528,1654,50682,53527,8360,9732,798,899,1219,1344,218,221,4133,3809,3484,3193,284,273,140,157,40,34,20,13,165,139,3629,3312,353,320,227,233,73,71,34,29
Arkansas,Franklin County,17586,8771,8815,8163,8234,113,77,165,162,131,105,19,19,180,218,8329,8439,174,154,274,296,157,126,24,28,8427,8521,7885,7991,99,71,143,141,125,103,19,17,156,198,8028,8178,155,142,235,261,146,123,22,23,344,294,278,243,14,6,22,21,6,2,0,2,24,20,301,261,19,12,39,35,11,3,2,5
Arkansas,Fulton County,12546,6226,6320,5888,5994,85,68,67,66,23,31,2,1,161,160,6035,6146,142,131,153,145,48,53,11,11,6089,6157,5776,5868,75,57,60,54,22,31,2,1,154,146,5917,6006,131,115,142,125,44,53,11,10,137,163,112,126,10,11,7,12,1,0,0,0,7,14,118,140,11,16,11,20,4,0,0,1
Arkansas,Garland County,99902,48320,51582,41868,44811,4173,4396,438,391,405,576,50,54,1386,1354,43164,46084,4846,5086,1003,912,659,797,107,106,44214,47663,38253,41288,4047,4274,303,298,368,528,38,46,1205,1229,39385,42454,4651,4905,766,760,585,722,80,85,4106,3919,3615,3523,126,122,135,93,37,48,12,8,181,125,3779,3630,195,181,237,152,74,75,27,21
Arkansas,Grant County,18546,9292,9254,8650,8656,350,289,59,44,49,69,6,10,178,186,8819,8831,407,367,157,138,81,96,13,18,8939,9007,8374,8468,323,282,47,32,48,68,1,4,146,153,8511,8612,372,346,127,108,73,90,8,9,353,247,276,188,27,7,12,12,1,1,5,6,32,33,308,219,35,21,30,30,8,6,5,9
Arkansas,Greene County,46928,23161,23767,21682,22362,631,606,158,149,130,123,156,143,404,384,22061,22728,814,789,339,316,192,171,172,162,22216,22872,20862,21573,596,594,116,109,115,103,154,137,373,356,21214,21913,769,764,282,264,169,145,167,153,945,895,820,789,35,12,42,40,15,20,2,6,31,28,847,815,45,25,57,52,23,26,5,9
Arkansas,Hempstead County,19105,9382,9723,6282,6180,2663,3062,93,97,37,70,25,27,282,287,6536,6447,2820,3215,193,215,85,110,45,45,7783,8287,4855,4935,2597,2975,53,60,36,62,7,11,235,244,5072,5164,2738,3106,130,158,69,96,18,24,1599,1436,1427,1245,66,87,40,37,1,8,18,16,47,43,1464,1283,82,109,63,57,16,14,27,21
Arkansas,Hot Spring County,33313,17645,15668,14819,13456,2195,1564,119,112,73,110,17,12,422,414,15213,13842,2379,1753,316,312,150,168,39,34,16808,15037,14083,12953,2165,1513,100,96,70,102,12,8,378,365,14436,13296,2331,1685,275,266,136,151,32,27,837,631,736,503,30,51,19,16,3,8,5,4,44,49,777,546,48,68,41,46,14,17,7,7
Arkansas,Howard County,12387,6044,6343,4576,4624,1174,1391,89,112,53,75,8,8,144,133,4709,4750,1249,1459,149,166,73,94,13,12,5253,5506,3881,3912,1130,1350,61,67,49,66,3,4,129,107,4000,4014,1201,1411,112,106,67,78,7,7,791,837,695,712,44,41,28,45,4,9,5,4,15,26,709,736,48,48,37,60,6,16,6,5
Arkansas,Independence County,38345,18953,19392,17542,18047,510,459,221,212,170,174,96,81,414,419,17920,18448,694,649,396,394,249,235,119,107,17190,17680,16068,16580,468,414,87,110,141,151,53,42,373,383,16411,16947,639,593,245,269,205,207,71,65,1763,1712,1474,1467,42,45,134,102,29,23,43,39,41,36,1509,1501,55,56,151,125,44,28,48,42
Arkansas,Izard County,14291,7607,6684,7068,6376,355,79,55,60,22,46,0,3,107,120,7161,6489,391,127,123,124,39,59,6,9,7323,6496,6814,6209,350,72,47,57,21,45,0,3,91,110,6895,6314,384,117,101,115,35,56,2,8,284,188,254,167,5,7,8,3,1,1,0,0,16,10,266,175,7,10,22,9,4,3,4,1
Arkansas,Jackson County,16673,8475,8198,6565,6436,1590,1420,82,78,46,54,18,18,174,192,6721,6618,1677,1517,160,160,75,80,28,24,8132,7944,6315,6234,1551,1400,65,67,37,53,18,18,146,172,6448,6397,1628,1490,125,137,58,76,22,22,343,254,250,202,39,20,17,11,9,1,0,0,28,20,273,221,49,27,35,23,17,4,6,2
Arkansas,Jefferson County,63672,31824,31848,13041,11846,17699,18927,216,194,335,304,69,61,464,516,13443,12314,17946,19195,408,426,421,381,98,97,30681,31058,12208,11296,17550,18819,119,130,321,289,59,57,424,467,12577,11719,17785,19069,292,328,393,362,81,88,1143,790,833,550,149,108,97,64,14,15,10,4,40,49,866,595,161,126,116,98,28,19,17,9
Arkansas,Johnson County,26172,13162,13010,11689,11739,357,267,191,169,556,482,41,34,328,319,11989,12045,465,382,399,342,600,526,51,40,11239,11184,9979,10106,264,177,128,116,538,460,31,32,299,293,10253,10387,367,283,313,274,576,501,39,37,1923,1826,1710,1633,93,90,63,53,18,22,10,2,29,26,1736,1658,98,99,86,68,24,25,12,3
Arkansas,Lafayette County,6015,2920,3095,1897,1831,924,1141,25,29,25,26,1,2,48,66,1939,1893,953,1174,42,61,32,31,2,3,2763,2991,1768,1756,910,1131,15,17,23,23,1,2,46,62,1808,1815,937,1162,32,47,30,28,2,2,157,104,129,75,14,10,10,12,2,3,0,0,2,4,131,78,16,12,10,14,2,3,0,1
Arkansas,Lawrence County,16305,8054,8251,7651,7897,153,95,58,63,23,29,7,15,162,152,7797,8038,220,151,149,150,45,49,17,18,7869,8027,7480,7707,146,91,56,47,23,28,7,12,157,142,7621,7838,213,145,144,126,43,48,16,15,185,224,171,190,7,4,2,16,0,1,0,3,5,10,176,200,7,6,5,24,2,1,1,3
Arkansas,Lee County,8104,4649,3455,2104,1359,2406,1985,38,23,33,25,3,0,65,63,2163,1415,2431,2009,75,60,42,32,7,2,4466,3364,1958,1288,2386,1971,29,21,31,24,2,0,60,60,2012,1342,2410,1993,62,58,39,29,6,2,183,91,146,71,20,14,9,2,2,1,1,0,5,3,151,73,21,16,13,2,3,3,1,0
Arkansas,Lincoln County,12868,8296,4572,5051,3480,3010,921,51,34,59,35,2,0,123,102,5162,3577,3067,966,116,81,75,49,7,2,7840,4337,4674,3286,2991,906,31,25,40,31,2,0,102,89,4764,3370,3042,946,81,66,53,44,6,1,456,235,377,194,19,15,20,9,19,4,0,0,21,13,398,207,25,20,35,15,22,5,1,1
Arkansas,Little River County,11626,5588,6038,4243,4474,1029,1203,105,121,26,42,6,7,179,191,4411,4658,1116,1293,193,206,46,62,8,13,5320,5770,4045,4285,1012,1179,82,100,26,42,5,3,150,161,4186,4441,1088,1256,156,171,41,57,5,7,268,268,198,189,17,24,23,21,0,0,1,4,29,30,225,217,28,37,37,35,5,5,3,6
Arkansas,Logan County,21457,10531,10926,9823,10136,177,150,127,133,192,252,8,6,204,249,10015,10367,251,242,246,266,220,289,12,16,10104,10520,9445,9796,165,129,120,117,188,250,8,4,178,224,9613,10004,232,211,219,237,214,282,11,13,427,406,378,340,12,21,7,16,4,2,0,2,26,25,402,363,19,31,27,29,6,7,1,3
Arkansas,Lonoke County,76389,37708,38681,33387,33981,2555,2755,388,337,344,533,52,34,982,1041,34310,34949,2948,3182,743,686,658,854,92,90,35244,36700,31328,32312,2463,2679,231,241,323,494,26,25,873,949,32152,33202,2818,3066,521,546,609,794,58,70,2464,1981,2059,1669,92,76,157,96,21,39,26,9,109,92,2158,1747,130,116,222,140,49,60,34,20
Arkansas,Madison County,17865,8931,8934,8316,8294,90,82,169,158,96,114,85,88,175,198,8485,8483,149,143,273,276,122,136,87,97,8264,8281,7741,7735,56,50,133,126,91,107,79,85,164,178,7900,7905,111,104,232,232,114,128,80,93,667,653,575,559,34,32,36,32,5,7,6,3,11,20,585,578,38,39,41,44,8,8,7,4
Arkansas,Marion County,17593,8735,8858,8328,8398,82,45,100,102,29,101,7,7,189,205,8509,8591,130,103,233,229,51,122,11,25,8498,8575,8135,8171,82,41,77,83,29,99,3,4,172,177,8299,8338,125,91,197,195,50,118,7,16,237,283,193,227,0,4,23,19,0,2,4,3,17,28,210,253,5,12,36,34,1,4,4,9
Arkansas,Miller County,41958,20723,21235,14671,14426,5193,5943,208,207,133,128,14,19,504,512,15147,14907,5467,6222,398,391,207,198,41,41,19751,20279,13888,13713,5105,5828,163,149,124,118,12,16,459,455,14321,14141,5362,6086,327,306,190,177,30,33,972,956,783,713,88,115,45,58,9,10,2,3,45,57,826,766,105,136,71,85,17,21,11,8
Arkansas,Mississippi County,38095,18915,19180,11855,11467,6440,7157,121,102,121,131,9,9,369,314,12193,11767,6638,7332,276,210,169,171,22,27,17834,18271,10970,10726,6356,7089,64,53,108,120,3,3,333,280,11275,10994,6542,7253,200,142,150,155,12,14,1081,909,885,741,84,68,57,49,13,11,6,6,36,34,918,773,96,79,76,68,19,16,10,13
Arkansas,Monroe County,6415,3053,3362,1675,1813,1223,1392,32,26,23,29,1,0,99,102,1765,1908,1276,1442,73,70,35,41,6,4,2935,3279,1602,1756,1208,1380,16,22,23,29,0,0,86,92,1681,1843,1256,1427,52,58,33,40,2,4,118,83,73,57,15,12,16,4,0,0,1,0,13,10,84,65,20,15,21,12,2,1,4,0
Arkansas,Montgomery County,8510,4238,4272,3932,3970,61,38,86,68,39,81,3,6,117,109,4042,4073,99,71,157,139,56,91,6,9,4005,4046,3752,3793,47,24,64,53,39,76,3,6,100,94,3847,3883,77,50,127,116,53,85,4,8,233,226,180,177,14,14,22,15,0,5,0,0,17,15,195,190,22,21,30,23,3,6,2,1
Arkansas,Nevada County,8004,3938,4066,2647,2695,1151,1242,20,16,21,23,7,2,92,88,2734,2782,1209,1294,50,44,34,30,7,4,3710,3869,2453,2527,1138,1226,16,8,18,23,1,2,84,83,2534,2609,1194,1277,42,32,27,30,1,4,228,197,194,168,13,16,4,8,3,0,6,0,8,5,200,173,15,17,8,12,7,0,6,0
Arkansas,Newton County,7026,3576,3450,3372,3260,29,11,57,50,16,27,1,0,101,102,3470,3358,50,37,125,121,30,35,3,2,3518,3393,3321,3211,28,11,55,48,12,25,1,0,101,98,3419,3305,49,36,123,116,26,33,3,2,58,57,51,49,1,0,2,2,4,2,0,0,0,4,51,53,1,1,2,5,4,2,0,0
Arkansas,Ouachita County,21684,10445,11239,5977,6105,4074,4711,49,56,55,58,4,6,286,303,6248,6389,4248,4888,139,150,85,97,16,21,10103,10970,5722,5927,4032,4667,43,44,46,54,1,4,259,274,5967,6186,4193,4828,123,127,72,90,11,16,342,269,255,178,42,44,6,12,9,4,3,2,27,29,281,203,55,60,16,23,13,7,5,5
Arkansas,Perry County,10251,5186,5065,4816,4780,155,93,59,59,15,26,2,0,139,107,4946,4879,211,129,132,124,35,40,4,4,4937,4905,4604,4642,151,93,39,49,13,21,2,0,128,100,4723,4735,204,124,105,111,31,34,4,4,249,160,212,138,4,0,20,10,2,5,0,0,11,7,223,144,7,5,27,13,4,6,0,0
Arkansas,Phillips County,14661,6865,7796,2507,2557,4073,4984,58,29,85,98,2,2,140,126,2637,2674,4136,5028,125,90,104,119,9,12,6675,7618,2415,2464,4022,4934,38,18,85,95,2,1,113,106,2521,2565,4075,4970,91,67,98,112,6,10,190,178,92,93,51,50,20,11,0,3,0,1,27,20,116,109,61,58,34,23,6,7,3,2
Arkansas,Pike County,10027,5026,5001,4547,4603,225,156,74,72,46,53,6,9,128,108,4667,4705,283,203,134,125,59,67,11,14,4610,4620,4208,4289,215,147,41,45,30,41,1,2,115,96,4316,4379,268,188,95,91,42,54,4,7,416,381,339,314,10,9,33,27,16,12,5,7,13,12,351,326,15,15,39,34,17,13,7,7
Arkansas,Poinsett County,22300,10889,11411,9557,9926,929,1081,56,64,38,49,5,4,304,287,9845,10200,1121,1269,142,143,70,84,17,8,10396,11022,9151,9603,892,1052,37,48,36,45,1,3,279,271,9415,9863,1072,1233,115,117,64,79,9,7,493,389,406,323,37,29,19,16,2,4,4,1,25,16,430,337,49,36,27,26,6,5,8,1
Arkansas,Polk County,19434,9602,9832,8909,9170,102,58,230,229,81,118,9,3,271,254,9167,9415,165,113,415,412,110,141,20,7,8873,9149,8253,8560,88,47,193,190,76,115,9,3,254,234,8495,8786,145,97,371,360,100,136,17,6,729,683,656,610,14,11,37,39,5,3,0,0,17,20,672,629,20,16,44,52,10,5,3,1
Arkansas,Pope County,64829,32338,32491,29427,29795,1222,1059,387,405,400,425,72,65,830,742,30224,30501,1503,1290,811,798,547,558,98,91,28344,28800,25831,26536,1111,952,231,233,367,394,48,36,756,649,26560,27154,1364,1155,614,566,507,520,66,59,3994,3691,3596,3259,111,107,156,172,33,31,24,29,74,93,3664,3347,139,135,197,232,40,38,32,32
Arkansas,Prairie County,7935,4027,3908,3507,3404,404,407,15,22,6,9,6,0,89,66,3593,3468,450,435,46,53,20,18,10,1,3897,3806,3411,3311,403,405,15,20,6,9,0,0,62,61,3471,3370,439,432,33,48,16,18,2,0,130,102,96,93,1,2,0,2,0,0,6,0,27,5,122,98,11,3,13,5,4,0,8,1
Arkansas,Pulaski County,401209,191444,209765,110826,114196,70097,83806,1109,1120,4611,5531,144,151,4657,4961,114899,118507,72804,86666,2581,2712,5828,6851,333,336,173315,193600,94770,99853,69174,83004,553,600,4566,5473,41,80,4211,4590,98455,103853,71657,85690,1832,2021,5676,6698,189,231,18129,16165,16056,14343,923,802,556,520,45,58,103,71,446,371,16444,14654,1147,976,749,691,152,153,144,105
Arkansas,Randolph County,19040,9486,9554,8578,8790,141,146,79,67,68,55,358,277,262,219,8824,8993,237,227,216,187,107,87,369,282,9221,9282,8363,8555,131,134,71,57,65,52,357,274,234,210,8585,8749,217,213,193,170,100,84,364,279,265,272,215,235,10,12,8,10,3,3,1,3,28,9,239,244,20,14,23,17,7,3,5,3
Arkansas,St. Francis County,21822,12128,9694,5525,3864,6180,5536,126,45,67,72,11,4,219,173,5713,4012,6304,5628,213,108,106,109,28,13,11309,9556,4840,3765,6108,5516,94,37,63,66,9,4,195,168,5009,3909,6219,5606,167,98,96,101,22,13,819,138,685,99,72,20,32,8,4,6,2,0,24,5,704,103,85,22,46,10,10,8,6,0
Arkansas,Saline County,131252,64216,67036,54953,56684,6559,7405,480,513,828,1084,49,48,1347,1302,56214,57890,7125,7915,1038,1086,1143,1399,98,96,59050,61979,50462,52255,6355,7172,275,313,789,1056,23,27,1146,1156,51542,53336,6848,7632,721,799,1068,1339,58,66,5166,5057,4491,4429,204,233,205,200,39,28,26,21,201,146,4672,4554,277,283,317,287,75,60,40,30
Arkansas,Scott County,9837,5045,4792,4529,4305,85,38,133,141,135,157,9,6,154,145,4676,4440,144,91,219,222,150,181,13,8,4582,4443,4124,4022,81,32,99,111,129,145,6,2,143,131,4260,4144,136,82,180,183,143,166,9,4,463,349,405,283,4,6,34,30,6,12,3,4,11,14,416,296,8,9,39,39,7,15,4,4
Arkansas,Searcy County,7836,3955,3881,3717,3678,44,31,59,60,16,17,4,1,115,94,3828,3768,76,50,135,131,27,26,5,2,3863,3799,3649,3610,37,28,53,57,14,16,4,1,106,87,3751,3693,66,44,124,123,24,25,5,2,92,82,68,68,7,3,6,3,2,1,0,0,9,7,77,75,10,6,11,8,3,1,0,0
Arkansas,Sebastian County,130035,63905,66130,51894,53560,4549,4527,1793,1808,2913,3275,157,152,2599,2808,54338,56195,5649,5650,2983,3150,3477,3881,272,262,52726,55483,42044,44231,4282,4255,1318,1350,2786,3136,70,50,2226,2461,44145,46547,5257,5268,2282,2473,3268,3678,158,134,11179,10647,9850,9329,267,272,475,458,127,139,87,102,373,347,10193,9648,392,382,701,677,209,203,114,128
Arkansas,Sevier County,15735,7994,7741,6829,6695,336,339,336,308,47,64,197,117,249,218,7065,6901,451,427,458,422,77,91,201,121,4974,5055,4078,4265,289,292,178,159,32,51,191,111,206,177,4273,4431,383,364,279,251,56,73,194,115,3020,2686,2751,2430,47,47,158,149,15,13,6,6,43,41,2792,2470,68,63,179,171,21,18,7,6
Arkansas,Sharp County,18130,8916,9214,8386,8751,147,112,116,92,56,52,10,10,201,197,8582,8936,213,172,237,212,78,78,11,16,8641,8981,8148,8543,137,105,103,83,55,51,8,8,190,191,8333,8722,196,164,221,199,76,76,9,14,275,233,238,208,10,7,13,9,1,1,2,2,11,6,249,214,17,8,16,13,2,2,2,2
Arkansas,Stone County,12785,6444,6341,6161,6060,58,33,77,74,28,39,2,2,118,133,6273,6185,96,74,155,155,38,57,3,5,6261,6203,5998,5937,58,31,62,66,28,39,2,2,113,128,6105,6057,93,69,138,145,38,57,3,5,183,138,163,123,0,2,15,8,0,0,0,0,5,5,168,128,3,5,17,10,0,0,0,0
Arkansas,Union County,37008,18131,18877,11755,11795,5744,6447,97,106,185,163,9,11,341,355,12071,12124,5917,6620,250,266,225,203,21,25,17135,18001,10904,11078,5690,6399,66,61,173,142,6,10,296,311,11180,11367,5838,6557,202,193,205,178,16,22,996,876,851,717,54,48,31,45,12,21,3,1,45,44,891,757,79,63,48,73,20,25,5,3
Arkansas,Van Buren County,16152,8091,8061,7700,7658,82,58,82,87,39,70,4,6,184,182,7877,7829,137,121,196,196,58,88,7,9,7769,7795,7419,7421,77,51,65,79,37,69,4,2,167,173,7579,7583,125,111,171,183,54,86,7,5,322,266,281,237,5,7,17,8,2,1,0,4,17,9,298,246,12,10,25,13,4,2,0,4
Arkansas,Washington County,266184,133460,132724,112543,113011,5972,5073,2213,2518,3668,3670,4718,3925,4346,4527,116679,117317,7623,6725,4152,4615,4797,4878,4929,4152,107607,107596,89119,90600,5392,4571,1439,1509,3475,3539,4538,3790,3644,3587,92596,94035,6806,5938,2975,3025,4440,4539,4700,3930,25853,25128,23424,22411,580,502,774,1009,193,131,180,135,702,940,24083,23282,817,787,1177,1590,357,339,229,222
Arkansas,White County,79091,38784,40307,35261,36750,1955,1864,299,308,314,361,31,39,924,985,36138,37686,2459,2424,609,648,464,513,66,60,36507,38383,33233,35094,1879,1791,234,233,287,326,26,32,848,907,34044,35960,2349,2313,509,529,420,468,52,49,2277,1924,2028,1656,76,73,65,75,27,35,5,7,76,78,2094,1726,110,111,100,119,44,45,14,11
Arkansas,Woodruff County,5808,2812,2996,2026,2129,658,761,15,18,15,6,2,4,96,78,2121,2202,723,812,43,39,19,13,4,8,2743,2932,1978,2082,645,752,11,11,14,6,2,4,93,77,2070,2154,710,802,36,32,18,13,4,8,69,64,48,47,13,9,4,7,1,0,0,0,3,1,51,48,13,10,7,7,1,0,0,0
Arkansas,Yell County,20134,10148,9986,9322,9280,288,200,145,142,165,178,18,19,210,167,9523,9435,378,278,244,224,199,205,21,22,7791,7925,7181,7372,215,155,76,87,149,157,10,12,160,142,7334,7503,285,222,151,155,172,180,12,14,2357,2061,2141,1908,73,45,69,55,16,21,8,7,50,25,2189,1932,93,56,93,69,27,25,9,8
California,Alameda County,1649060,818318,830742,386100,376448,82636,87218,12234,11272,283395,301326,7337,7819,46616,46659,425801,415848,98291,103178,22308,21822,311761,329354,13443,14216,620683,639995,225239,221091,75054,79741,1826,2052,277416,294997,6025,6588,35123,35526,254760,250648,86737,91801,5842,6767,301300,318692,10614,11499,197635,190747,160861,155357,7582,7477,10408,9220,5979,6329,1312,1231,11493,11133,171041,165200,11554,11377,16466,15055,10461,10662,2829,2717
California,Alpine County,1099,603,496,425,339,8,4,119,121,15,9,0,0,36,23,459,360,27,12,128,128,22,12,4,7,519,436,373,307,8,4,98,102,15,8,0,0,25,15,396,320,21,11,106,106,19,10,3,4,84,60,52,32,0,0,21,19,0,1,0,0,11,8,63,40,6,1,22,22,3,2,1,3
California,Amador County,42026,22969,19057,19893,17160,1094,203,560,366,399,459,96,77,927,792,20719,17860,1355,418,1018,751,659,687,180,156,18555,16300,16190,14866,1029,162,336,232,321,406,56,55,623,579,16740,15370,1213,324,590,486,533,605,123,116,4414,2757,3703,2294,65,41,224,134,78,53,40,22,304,213,3979,2490,142,94,428,265,126,82,57,40
California,Butte County,208334,103520,104814,86288,87487,2547,2096,2808,2908,6098,6259,319,323,5460,5741,91372,92853,4363,3965,4676,4971,8220,8449,834,871,81286,83395,67368,69355,2114,1658,1494,1644,5842,6015,224,239,4244,4484,71345,73549,3610,3200,2665,2999,7681,7920,629,676,22234,21419,18920,18132,433,438,1314,1264,256,244,95,84,1216,1257,20027,19304,753,765,2011,1972,539,529,205,195
California,Calaveras County,46505,23209,23296,20728,20842,329,225,474,494,549,609,62,66,1067,1060,21719,21797,573,477,951,995,910,974,144,146,19450,19767,17591,17892,264,169,258,300,439,524,51,52,847,830,18375,18634,460,369,592,658,769,851,120,116,3759,3529,3137,2950,65,56,216,194,110,85,11,14,220,230,3344,3163,113,108,359,337,141,123,24,30
California,Colusa County,22074,11311,10763,10227,9750,185,138,343,318,185,204,69,68,302,285,10500,9990,299,252,472,431,250,271,97,109,3929,3978,3331,3335,126,94,142,161,135,171,37,41,158,176,3474,3476,193,175,188,218,179,221,56,68,7382,6785,6896,6415,59,44,201,157,50,33,32,27,144,109,7026,6514,106,77,284,213,71,50,41,41
California,Contra Costa County,1172607,576642,595965,359850,361746,51482,56709,7700,6660,119149,131784,3765,3807,34696,35259,390691,392984,62384,67921,14781,14093,140433,153202,7294,7513,410019,431488,219336,222137,46372,51369,1552,1495,114457,127374,2805,2949,25497,26164,241884,245178,54314,59621,5217,5578,131374,144483,5375,5670,166623,164477,140514,139609,5110,5340,6148,5165,4692,4410,960,858,9199,9095,148807,147806,8070,8300,9564,8515,9059,8719,1919,1843
California,Del Norte County,27009,14541,12468,11061,9758,809,113,1406,1311,439,470,32,40,794,776,11808,10473,998,306,1803,1691,659,692,83,93,11034,10262,8261,8148,762,83,1029,993,394,424,20,27,568,587,8792,8683,904,236,1265,1256,592,618,60,66,3507,2206,2800,1610,47,30,377,318,45,46,12,13,226,189,3016,1790,94,70,538,435,67,74,23,27
California,El Dorado County,192823,96164,96659,83974,83564,1219,978,1346,1257,4986,6254,270,242,4369,4364,88045,87611,2083,1855,2762,2687,7231,8483,630,614,81659,82085,71494,70955,1020,786,728,670,4785,6016,189,175,3443,3483,74707,74193,1715,1512,1635,1607,6754,7987,488,477,14505,14574,12480,12609,199,192,618,587,201,238,81,67,926,881,13338,13418,368,343,1127,1080,477,496,142,137
California,Fresno County,1024125,513097,511028,382306,381642,30584,30004,16471,16576,64302,63199,1541,1544,17893,18063,398217,397660,36561,36050,23032,23354,72010,70867,2952,2973,227444,229926,129825,133948,24039,23182,2774,2931,59491,58331,755,808,10560,10726,139189,143418,27878,27080,5359,5751,64873,63660,1647,1702,285653,281102,252481,247694,6545,6822,13697,13645,4811,4868,786,736,7333,7337,259028,254242,8683,8970,17673,17603,7137,7207,1305,1271
California,Glenn County,28304,14436,13868,12733,12258,197,185,564,467,407,431,38,41,497,486,13184,12704,377,354,795,687,501,531,79,80,7516,7580,6489,6545,111,111,246,232,335,369,24,18,311,305,6767,6818,238,231,355,346,413,448,56,44,6920,6288,6244,5713,86,74,318,235,72,62,14,23,186,181,6417,5886,139,123,440,341,88,83,23,36
California,Humboldt County,132380,65330,67050,53617,54966,1161,843,4117,4512,2027,2176,261,242,4147,4311,57468,58952,2331,2011,5831,6396,3542,3709,584,610,55774,57228,46190,47258,952,697,3216,3546,1851,2030,210,198,3355,3499,49307,50504,1959,1720,4408,4893,3226,3411,497,506,9556,9822,7427,7708,209,146,901,966,176,146,51,44,792,812,8161,8448,372,291,1423,1503,316,298,87,104
California,Imperial County,181724,93510,88214,82923,80228,4059,1745,2544,2669,2155,1886,210,214,1619,1472,84345,81539,4461,2086,3393,3467,2641,2309,347,342,14260,10027,8638,7030,3164,846,587,646,1240,954,80,81,551,470,9111,7445,3342,984,761,813,1475,1148,139,120,79250,78187,74285,73198,895,899,1957,2023,915,932,130,133,1068,1002,75234,74094,1119,1102,2632,2654,1166,1161,208,222
California,Inyo County,18485,9371,9114,7374,7148,134,97,1300,1295,182,192,17,13,364,369,7712,7483,249,214,1457,1451,273,291,45,46,6952,6911,5450,5345,104,75,985,1042,159,178,12,10,242,261,5671,5576,187,164,1065,1139,237,261,35,34,2419,2203,1924,1803,30,22,315,253,23,14,5,3,122,108,2041,1907,62,50,392,312,36,30,10,12
California,Kern County,922529,467865,454664,380342,369128,29302,27294,13123,13076,27902,27938,1331,1299,15865,15929,394715,383565,34729,32769,19498,19524,33743,33746,2336,2344,195834,193376,135247,134478,24200,21936,2437,2640,24303,24299,556,565,9091,9458,143424,142977,27674,25538,4949,5388,28382,28424,1192,1228,272031,261288,245095,234650,5102,5358,10686,10436,3599,3639,775,734,6774,6471,251291,240588,7055,7231,14549,14136,5361,5322,1144,1116
California,Kings County,154913,85778,69135,68448,56657,7589,3459,2788,2352,3376,3537,299,268,3278,2862,71384,59212,8737,4487,3838,3259,4716,4690,561,509,35617,27013,23407,18759,6670,2646,685,639,2801,3079,191,152,1863,1738,25072,20303,7403,3326,1070,1015,3705,3907,334,290,50161,42122,45041,37898,919,813,2103,1713,575,458,108,116,1415,1124,46312,38909,1334,1161,2768,2244,1011,783,227,219
California,Lake County,67764,33707,34057,28860,29251,841,658,1577,1647,529,616,116,134,1784,1751,30432,30779,1385,1199,2434,2512,1010,1065,293,315,24612,25253,21304,21980,719,502,839,912,433,520,83,88,1234,1251,22381,23060,1133,930,1335,1444,831,896,220,222,9095,8804,7556,7271,122,156,738,735,96,96,33,46,550,500,8051,7719,252,269,1099,1068,179,169,73,93
California,Lassen County,28340,16950,11390,13311,9668,1674,226,744,507,334,234,138,128,749,627,14003,10232,1907,441,1059,777,549,393,187,177,12661,9348,9768,8017,1569,173,426,329,271,211,116,122,511,496,10231,8455,1745,344,607,527,438,355,156,166,4289,2042,3543,1651,105,53,318,178,63,23,22,6,238,131,3772,1777,162,97,452,250,111,38,31,11
California,Los Angeles County,9757179,4825920,4931259,3390740,3366241,413688,451527,84663,78226,750263,845502,18399,18626,168167,171137,3537368,3514779,467674,507395,128094,123845,843115,938688,34616,35482,2447588,2551306,1232766,1202041,362168,398342,9030,9237,717455,812505,10505,11067,115664,118114,1333090,1303979,399236,436944,30208,32345,788485,883709,21972,23053,2378332,2379953,2157974,2164200,51520,53185,75633,68989,32808,32997,7894,7559,52503,53023,2204278,2210800,68438,70451,97886,91500,54630,54979,12644,12429
California,Madera County,165432,80823,84609,69106,70821,2592,4239,3850,3964,2682,2924,247,245,2346,2416,71217,72997,3190,4874,5023,5184,3355,3592,429,431,29227,33666,23199,25607,1673,3220,732,886,2162,2407,89,113,1372,1433,24418,26876,2070,3656,1260,1461,2672,2909,209,232,51596,50943,45907,45214,919,1019,3118,3078,520,517,158,132,974,983,46799,46121,1120,1218,3763,3723,683,683,220,199
California,Marin County,256400,125893,130507,105926,109212,4567,2904,1808,1534,7860,10627,317,344,5415,5886,110897,114642,5854,4286,2960,2785,11161,14203,701,769,98896,105206,82738,87290,4039,2468,296,184,7465,10218,166,219,4192,4827,86631,91764,5026,3600,939,1019,10258,13346,450,557,26997,25301,23188,21922,528,436,1512,1350,395,409,151,125,1223,1059,24266,22878,828,686,2021,1766,903,857,251,212
California,Mariposa County,17048,8692,8356,7657,7378,145,113,337,269,187,183,24,21,342,392,7971,7736,251,235,512,470,257,250,45,58,7185,7091,6377,6333,128,97,236,168,167,168,14,17,263,308,6615,6610,208,191,366,323,229,226,32,50,1507,1265,1280,1045,17,16,101,101,20,15,10,4,79,84,1356,1126,43,44,146,147,28,24,13,8
California,Mendocino County,89175,44286,44889,37938,38321,585,379,2906,2869,949,1356,102,129,1806,1835,39571,39994,1076,860,3801,3832,1445,1811,227,252,30843,32403,26578,27766,424,255,1616,1763,857,1251,61,76,1307,1292,27753,28928,806,643,2170,2335,1286,1640,159,169,13443,12486,11360,10555,161,124,1290,1106,92,105,41,53,499,543,11818,11066,270,217,1631,1497,159,171,68,83
California,Merced County,296774,150652,146122,121835,118509,6064,5613,4255,3940,12588,12185,701,631,5209,5244,126401,123099,7855,7417,6172,5881,14610,14219,1276,1167,52596,52446,33089,33586,4439,4024,572,584,11318,11017,379,353,2799,2882,35516,36071,5492,5121,1235,1304,12664,12374,716,661,98056,93676,88746,84923,1625,1589,3683,3356,1270,1168,322,278,2410,2362,90885,87028,2363,2296,4937,4577,1946,1845,560,506
California,Modoc County,8491,4239,4252,3590,3661,85,47,271,244,69,56,21,10,203,234,3777,3877,166,143,358,347,109,92,34,27,3489,3582,3073,3177,69,27,131,147,54,43,20,10,142,178,3202,3341,129,102,185,219,86,74,31,24,750,670,517,484,16,20,140,97,15,13,1,0,61,56,575,536,37,41,173,128,23,18,3,3
California,Mono County,12991,6898,6093,6152,5498,134,33,206,167,146,135,34,15,226,245,6356,5723,215,125,291,264,211,189,52,37,4932,4379,4397,3954,89,26,127,109,135,129,32,11,152,150,4535,4092,144,88,174,157,187,168,45,24,1966,1714,1755,1544,45,7,79,58,11,6,2,4,74,95,1821,1631,71,37,117,107,24,21,7,13
California,Monterey County,436251,222049,214202,184132,176977,8251,5645,6069,5804,13626,15883,1254,1134,8717,8759,191628,184478,10465,7910,9207,9006,18174,20389,2247,2132,81214,80814,57454,57568,6088,3429,643,519,11196,13500,948,830,4885,4968,61604,61771,7392,4785,1810,1786,14196,16454,1566,1444,140835,133388,126678,119409,2163,2216,5426,5285,2430,2383,306,304,3832,3791,130024,122707,3073,3125,7397,7220,3978,3935,681,688
California,Napa County,132727,66472,66255,55062,54473,1623,1533,1029,841,6082,6773,278,304,2398,2331,57149,56512,2259,2139,1798,1595,7220,7851,526,542,40927,42363,31709,32550,1345,1280,226,245,5783,6429,159,199,1705,1660,33205,34004,1804,1727,650,669,6707,7295,338,368,25545,23892,23353,21923,278,253,803,596,299,344,119,105,693,671,23944,22508,455,412,1148,926,513,556,188,174
California,Nevada County,102195,50438,51757,46636,47640,475,325,662,668,775,1090,98,127,1792,1907,48234,49365,872,740,1391,1485,1527,1820,235,281,44504,46115,41482,42753,401,265,378,400,689,1014,81,117,1473,1566,42793,44162,737,621,904,999,1372,1674,200,252,5934,5642,5154,4887,74,60,284,268,86,76,17,10,319,341,5441,5203,135,119,487,486,155,146,35,29
California,Orange County,3170435,1568713,1601722,1077676,1076731,36998,34787,17695,16860,366656,404855,6116,6038,63572,62451,1136237,1134084,49116,46856,29022,28448,409784,446704,12715,12707,1023843,1059157,581293,581850,28616,26601,2959,3051,357884,395925,4417,4298,48674,47432,626063,625335,37778,35679,9005,9346,393343,430007,9437,9372,544870,542565,496383,494881,8382,8186,14736,13809,8772,8930,1699,1740,14898,15019,510174,508749,11338,11177,20017,19102,16441,16697,3278,3335
California,Placer County,433822,213341,220481,170422,175435,5682,4928,2361,2379,21985,25150,785,738,12106,11851,181735,186484,8409,7657,4990,4953,29256,32179,1906,1851,177649,185489,140422,145811,4894,4247,1113,1131,21060,24173,577,591,9583,9536,149392,154726,7061,6461,2650,2719,27307,30266,1467,1490,35692,34992,30000,29624,788,681,1248,1248,925,977,208,147,2523,2315,32343,31758,1348,1196,2340,2234,1949,1913,439,361
California,Plumas County,18834,9437,9397,8518,8476,126,81,275,313,102,113,26,14,390,400,8872,8849,247,203,452,492,206,208,50,45,8431,8406,7712,7685,115,69,178,211,90,90,25,14,311,337,7994,7998,208,172,318,355,178,178,44,40,1006,991,806,791,11,12,97,102,12,23,1,0,79,63,878,851,39,31,134,137,28,30,6,5
California,Riverside County,2529933,1268804,1261129,990090,973624,96439,94244,25740,25503,99533,110905,6188,6282,50814,50571,1035737,1018930,115492,113304,39673,39771,122506,133398,11012,11130,599339,602976,384681,380345,82071,78939,5690,5681,90439,101923,4032,4002,32426,32086,413577,408865,94652,91472,11701,12022,107303,118243,7219,7195,669465,658153,605409,593279,14368,15305,20050,19822,9094,8982,2156,2280,18388,18485,622160,610065,20840,21832,27972,27749,15203,15155,3793,3935
California,Sacramento County,1611231,793210,818021,475760,485271,83989,86470,12516,12882,151258,162049,10801,11492,58886,59857,525496,535575,108876,111896,25890,27008,181210,192045,17300,18255,594369,620774,317496,329752,75014,76682,3526,3881,144715,155575,9484,10155,44134,44729,354509,367070,93808,95876,11109,12056,169002,179769,14502,15394,198841,197247,158264,155519,8975,9788,8990,9001,6543,6474,1317,1337,14752,15128,170987,168505,15068,16020,14781,14952,12208,12276,2798,2861
California,San Benito County,69159,34726,34433,29191,28891,780,613,1118,1122,1968,2252,220,195,1449,1360,30454,30089,1111,927,1804,1752,2477,2707,355,329,12591,12714,9550,9632,510,385,129,112,1616,1848,96,94,690,643,10138,10201,699,556,355,310,1937,2127,160,167,22135,21719,19641,19259,270,228,989,1010,352,404,124,101,759,717,20316,19888,412,371,1449,1442,540,580,195,162
California,San Bernardino County,2214281,1105573,1108708,829273,819329,101076,105756,24789,24183,102618,111392,5682,5661,42135,42387,866382,856559,118267,123136,38470,38247,119308,127879,9510,9505,477739,486938,264682,260950,85794,90148,4041,4058,94522,103139,3529,3403,25171,25240,286592,282879,96664,101126,9633,9942,106273,114663,5946,5847,627834,621770,564591,558379,15282,15608,20748,20125,8096,8253,2153,2258,16964,17147,579790,573680,21603,22010,28837,28305,13035,13216,3564,3658
California,San Diego County,3298799,1664645,1634154,1230848,1195319,98895,82934,24077,22445,215281,240150,9964,9737,85580,83569,1307122,1269547,124858,108511,39751,38311,267109,290322,19752,19459,1084272,1051802,718395,680679,84455,68504,6942,6473,203836,228094,7035,6673,63609,61379,774809,734960,103672,87228,15127,14737,245393,267908,14220,13774,580373,582352,512453,514640,14440,14430,17135,15972,11445,12056,2929,3064,21971,22190,532313,534587,21186,21283,24624,23574,21716,22414,5532,5685
California,San Francisco County,827526,424455,403071,227232,191915,24645,21374,4280,3734,145217,163457,1813,1865,21268,20726,245560,209758,30715,27379,8393,7739,159143,177019,3795,3791,351703,336931,168186,138238,22152,19191,981,728,142184,160752,1480,1574,16720,16448,182550,152388,26873,23910,3367,3121,153865,172176,3058,3115,72752,66140,59046,53677,2493,2183,3299,3006,3033,2705,333,291,4548,4278,63010,57370,3842,3469,5026,4618,5278,4843,737,676
California,San Joaquin County,816108,408197,407911,253896,250889,32443,33806,9164,8453,85749,87725,3914,3571,23031,23467,273626,270874,39557,41097,15916,15421,98618,100758,6465,6202,229284,235847,103504,106466,27575,28848,1626,1700,79227,81120,2989,2664,14363,15049,115714,119201,32131,33643,4453,4837,88197,90382,4629,4423,178913,172064,150392,144423,4868,4958,7538,6753,6522,6605,925,907,8668,8418,157912,151673,7426,7454,11463,10584,10421,10376,1836,1779
California,San Luis Obispo County,281843,141507,140336,123781,124056,3264,1717,2179,2336,6224,6609,299,244,5760,5374,129120,128999,4535,2883,4025,4119,9152,9295,780,712,104161,104856,90961,93015,2704,1267,632,651,5543,5946,195,177,4126,3800,94798,96528,3659,2118,1603,1593,7921,8101,542,523,37346,35480,32820,31041,560,450,1547,1685,681,663,104,67,1634,1574,34322,32471,876,765,2422,2526,1231,1194,238,189
California,San Mateo County,742893,369719,373174,211419,203690,10603,9299,4238,4097,119609,132473,5211,5277,18639,18338,227777,219742,14476,13151,6981,6848,133110,145720,7816,7944,275629,281614,131406,125476,8561,7387,528,512,116220,129171,4442,4681,14472,14387,144044,138032,11501,10331,1995,2036,127289,140116,6444,6756,94090,91560,80013,78214,2042,1912,3710,3585,3389,3302,769,596,4167,3951,83733,81710,2975,2820,4986,4812,5821,5604,1372,1188
California,Santa Barbara County,444500,222275,222225,188318,188211,5675,4496,5036,4926,13494,14777,643,550,9109,9265,196708,196753,8067,6907,8135,8188,17960,19273,1465,1371,111257,114116,88211,90794,4104,3116,901,843,12083,13361,427,345,5531,5657,93281,96003,5668,4673,2125,2197,15253,16562,939,868,111018,108109,100107,97417,1571,1380,4135,4083,1411,1416,216,205,3578,3608,103427,100750,2399,2234,6010,5991,2707,2711,526,503
California,Santa Clara County,1926325,980940,945385,474673,447983,29427,25499,11722,10765,417913,416202,4732,4779,42473,40157,513102,484247,38438,34092,19364,18427,447509,443884,9144,9062,739079,710049,265554,244680,24603,21039,1943,1831,411196,409112,3547,3560,32236,29827,294684,271613,31345,27322,5935,5781,435124,431055,6815,6695,241861,235336,209119,203303,4824,4460,9779,8934,6717,7090,1185,1219,10237,10330,218418,212634,7093,6770,13429,12646,12385,12829,2329,2367
California,Santa Cruz County,262406,130374,132032,112094,113314,2161,1817,2664,2611,7050,7938,315,253,6090,6099,117661,118897,3639,3330,4665,4597,10206,11102,884,838,83573,85555,70911,72196,1517,1139,533,502,6266,7206,188,156,4158,4356,74707,76197,2567,2228,1493,1570,8710,9735,590,592,46801,46477,41183,41118,644,678,2131,2109,784,732,127,97,1932,1743,42954,42700,1072,1102,3172,3027,1496,1367,294,246
California,Shasta County,181121,88919,92202,76495,79321,1370,1111,2853,3046,3381,3652,250,206,4570,4866,80756,83880,2691,2481,4733,5117,4964,5352,616,578,77409,80802,67222,70231,1187,949,1964,2112,3206,3478,190,136,3640,3896,70633,73912,2310,2105,3238,3554,4610,4979,491,448,11510,11400,9273,9090,183,162,889,934,175,174,60,70,930,970,10123,9968,381,376,1495,1563,354,373,125,130
California,Sierra County,3113,1578,1535,1432,1425,11,3,53,40,14,21,3,3,65,43,1493,1463,44,22,75,50,25,34,8,10,1368,1362,1258,1275,9,2,32,36,13,13,3,2,53,34,1308,1304,36,18,48,45,23,23,8,7,210,173,174,150,2,1,21,4,1,8,0,1,12,9,185,159,8,4,27,5,2,11,0,3
California,Siskiyou County,42498,21192,21306,17943,18118,369,261,1089,1132,430,461,96,82,1265,1252,19082,19231,722,594,1685,1769,782,814,222,188,18101,18345,15470,15774,312,221,829,846,400,433,64,46,1026,1025,16388,16683,614,506,1266,1324,722,756,172,137,3091,2961,2473,2344,57,40,260,286,30,28,32,36,239,227,2694,2548,108,88,419,445,60,58,50,51
California,Solano County,455101,227237,227864,133503,128866,32411,32023,3413,3294,38075,43773,2484,2437,17351,17471,148161,143539,39423,39094,7058,7099,47732,53457,5042,5048,154976,159477,74309,73536,29542,28967,906,881,35742,41395,2012,1969,12465,12729,84714,84112,34619,34129,2776,2955,43187,48948,3825,3869,72261,68387,59194,55330,2869,3056,2507,2413,2333,2378,472,468,4886,4742,63447,59427,4804,4965,4282,4144,4545,4509,1217,1179
California,Sonoma County,485375,238501,246874,203250,209402,5747,5130,6147,5872,11536,13891,1068,1468,10753,11111,213254,219714,8676,8148,9935,9905,16439,18955,2211,2656,161251,173586,136425,145867,4400,3884,1535,1696,10624,13036,781,1266,7486,7837,143382,153142,6551,6107,3483,3882,14501,17081,1602,2145,77250,73288,66825,63535,1347,1246,4612,4176,912,855,287,202,3267,3274,69872,66572,2125,2041,6452,6023,1938,1874,609,511
California,Stanislaus County,556972,277948,279024,226011,227137,10765,10084,6183,5880,19058,19895,2830,2848,13101,13180,237706,238890,14516,13864,10648,10475,25097,25921,4672,4718,132639,137216,95862,100179,8039,7363,1326,1311,16958,17798,2150,2229,8304,8336,103162,107499,10565,9889,3271,3361,21396,22217,3384,3486,145309,141808,130149,126958,2726,2721,4857,4569,2100,2097,680,619,4797,4844,134544,131391,3951,3975,7377,7114,3701,3704,1288,1232
California,Sutter County,98545,49196,49349,34087,34354,1439,1230,1237,1135,9417,9720,235,234,2781,2676,36562,36737,2241,2009,2175,2047,10732,10994,536,528,31988,33192,19336,20318,1078,953,402,444,9064,9395,173,164,1935,1918,21063,22033,1668,1533,883,952,10107,10431,382,367,17208,16157,14751,14036,361,277,835,691,353,325,62,70,846,758,15499,14704,573,476,1292,1095,625,563,154,161
California,Tehama County,64451,32315,32136,28823,28725,457,305,1080,1116,489,536,97,76,1369,1378,30053,29975,841,670,1774,1828,859,919,205,177,21931,22680,19595,20350,343,212,549,589,425,471,61,46,958,1012,20448,21262,640,503,954,1050,734,795,145,129,10384,9456,9228,8375,114,93,531,527,64,65,36,30,411,366,9605,8713,201,167,820,778,125,124,60,48
California,Trinity County,15642,8033,7609,6838,6523,78,54,419,376,224,212,23,18,451,426,7244,6911,209,178,661,602,323,305,53,46,7506,7080,6463,6138,65,41,333,296,216,207,23,15,406,383,6826,6487,179,144,552,501,308,295,52,43,527,529,375,385,13,13,86,80,8,5,0,3,45,43,418,424,30,34,109,101,15,10,1,3
California,Tulare County,483546,241652,241894,211174,211094,5864,5639,7054,7132,10142,10738,618,594,6800,6697,217445,217296,7688,7412,10132,10218,12680,13212,1257,1258,76460,79616,59377,62033,3547,3213,1540,1695,8206,8874,228,218,3562,3583,62644,65330,4669,4301,2618,2855,9861,10527,595,603,165192,162278,151797,149061,2317,2426,5514,5437,1936,1864,390,376,3238,3114,154801,151966,3019,3111,7514,7363,2819,2685,662,655
California,Tuolumne County,53893,27724,26169,24587,23728,846,226,639,647,431,480,102,76,1119,1012,25587,24638,1114,482,1204,1155,775,786,193,160,23404,22713,20952,20899,782,167,409,415,374,413,79,57,808,762,21676,21582,992,371,754,753,668,682,147,122,4320,3456,3635,2829,64,59,230,232,57,67,23,19,311,250,3911,3056,122,111,450,402,107,104,46,38
California,Ventura County,835427,414917,420510,344570,347049,11161,9499,8600,7891,33096,38386,1321,1137,16169,16548,359546,362372,15041,13510,13304,12826,41895,47317,2869,2797,224854,231849,172669,175676,8358,6882,1192,1185,30773,36101,797,681,11065,11324,182875,186111,11083,9693,3407,3586,37598,43024,1862,1815,190063,188661,171901,171373,2803,2617,7408,6706,2323,2285,524,456,5104,5224,176671,176261,3958,3817,9897,9240,4297,4293,1007,982
California,Yolo County,225251,108998,116253,77392,81050,3731,3964,2049,2249,18131,20896,647,618,7048,7476,83833,87845,5380,5742,3672,4024,22470,25512,1370,1441,71870,78239,45263,48371,3009,3157,459,568,17491,20173,438,458,5210,5512,50021,53384,4247,4476,1273,1479,21011,23905,967,1049,37128,38014,32129,32679,722,807,1590,1681,640,723,209,160,1838,1964,33812,34461,1133,1266,2399,2545,1459,1607,403,392
California,Yuba County,87469,44280,43189,32945,32094,2552,2217,1209,1251,3986,4183,357,288,3231,3156,35845,34930,3716,3362,2421,2463,5187,5364,676,595,29758,29289,20880,20573,2148,1813,528,616,3659,3850,265,212,2278,2225,22923,22560,3052,2692,1183,1294,4634,4818,487,428,14522,13900,12065,11521,404,404,681,635,327,333,92,76,953,931,12922,12370,664,670,1238,1169,553,546,189,167
Colorado,Adams County,542973,275838,267135,230905,223295,13791,12203,6868,6657,13279,14165,822,727,10173,10088,240098,232473,17935,16098,10921,10835,16748,17650,1603,1536,154465,151243,122319,120000,11337,9751,1498,1515,12292,13092,531,475,6488,6410,128254,125887,14406,12675,2903,2986,15015,15841,1013,959,121373,115892,108586,103295,2454,2452,5370,5142,987,1073,291,252,3685,3678,111844,106586,3529,3423,8018,7849,1733,1809,590,577
Colorado,Alamosa County,16689,8265,8424,7057,7259,251,167,484,502,128,165,26,40,319,291,7355,7538,367,247,637,659,190,217,40,60,4259,4257,3734,3811,157,70,110,131,77,89,11,5,170,151,3887,3953,238,126,164,188,125,126,19,19,4006,4167,3323,3448,94,97,374,371,51,76,15,35,149,140,3468,3585,129,121,473,471,65,91,21,41
Colorado,Arapahoe County,666918,332561,334357,247582,247500,41727,40081,4509,4389,22607,25602,1143,1178,14993,15607,261057,261579,49752,48204,8201,8439,28141,31363,1985,2086,255831,258734,181906,182858,38391,36603,1281,1437,21711,24776,882,960,11660,12100,192394,193760,44736,43057,3504,3892,26399,29656,1543,1669,76730,75623,65676,64642,3336,3478,3228,2952,896,826,261,218,3333,3507,68663,67819,5016,5147,4697,4547,1742,1707,442,417
Colorado,Archuleta County,14112,7068,7044,6469,6440,82,60,221,255,67,82,9,15,220,192,6685,6613,140,119,340,354,112,124,16,28,5860,5806,5483,5444,62,40,114,119,38,67,7,6,156,130,5635,5561,107,84,192,176,76,98,11,19,1208,1238,986,996,20,20,107,136,29,15,2,9,64,62,1050,1052,33,35,148,178,36,26,5,9
Colorado,Baca County,3367,1672,1695,1523,1554,29,26,50,37,6,13,0,0,64,65,1585,1617,59,54,73,58,17,28,2,3,1475,1521,1365,1415,17,19,38,24,5,12,0,0,50,51,1413,1464,40,44,56,39,14,22,2,3,197,174,158,139,12,7,12,13,1,1,0,0,14,14,172,153,19,10,17,19,3,6,0,0
Colorado,Bent County,5779,3727,2052,3026,1845,408,29,132,75,69,20,5,2,87,81,3108,1921,441,56,176,119,81,31,9,6,2509,1371,1958,1284,387,14,61,22,61,18,2,2,40,31,1994,1313,405,26,78,36,69,23,3,4,1218,681,1068,561,21,15,71,53,8,2,3,0,47,50,1114,608,36,30,98,83,12,8,6,2
Colorado,Boulder County,330262,166314,163948,147546,145921,2630,1954,1571,1439,9215,9532,155,107,5197,4995,152479,150671,3972,3231,2881,2739,12052,12252,418,366,141683,139082,125568,123370,2147,1537,649,661,8983,9332,110,69,4226,4113,129611,127299,3262,2625,1462,1495,11492,11753,319,272,24631,24866,21978,22551,483,417,922,778,232,200,45,38,971,882,22868,23372,710,606,1419,1244,560,499,99,94
Colorado,Broomfield County,78323,39505,38818,33983,33308,859,651,353,351,3017,3262,55,63,1238,1183,35147,34410,1157,929,675,665,3681,3903,116,127,33601,33130,28784,28238,701,544,162,165,2938,3199,40,53,976,931,29711,29105,935,775,344,346,3524,3759,89,98,5904,5688,5199,5070,158,107,191,186,79,63,15,10,262,252,5436,5305,222,154,331,319,157,144,27,29
Colorado,Chaffee County,20780,10854,9926,10005,9352,338,68,197,169,98,105,14,12,202,220,10197,9555,398,132,299,282,141,159,24,24,9610,9083,8927,8686,315,43,128,87,92,94,11,9,137,164,9057,8835,358,94,187,163,128,142,20,18,1244,843,1078,666,23,25,69,82,6,11,3,3,65,56,1140,720,40,38,112,119,13,17,4,6
Colorado,Cheyenne County,1712,860,852,781,793,10,15,21,9,21,15,3,0,24,20,804,812,21,23,28,17,27,21,4,0,739,759,681,706,9,15,12,7,21,15,0,0,16,16,697,721,17,22,13,11,27,21,1,0,121,93,100,87,1,0,9,2,0,0,3,0,8,4,107,91,4,1,15,6,0,0,3,0
Colorado,Clear Creek County,9076,4772,4304,4404,4012,74,46,85,66,64,56,4,2,141,122,4539,4126,124,87,142,122,95,83,13,11,4375,3951,4097,3737,64,36,45,32,57,54,3,0,109,92,4202,3824,101,69,83,69,87,76,11,6,397,353,307,275,10,10,40,34,7,2,1,2,32,30,337,302,23,18,59,53,8,7,2,5
Colorado,Conejos County,7549,3823,3726,3393,3348,65,55,193,159,37,52,5,7,130,105,3515,3448,109,92,260,216,61,66,8,9,1878,1930,1713,1793,40,23,46,30,14,32,3,2,62,50,1770,1839,63,46,69,51,33,41,5,3,1945,1796,1680,1555,25,32,147,129,23,20,2,5,68,55,1745,1609,46,46,191,165,28,25,3,6
Colorado,Costilla County,3686,1898,1788,1585,1496,86,70,115,123,33,33,8,7,71,59,1652,1554,110,92,145,151,50,41,12,11,887,839,722,702,52,42,40,37,29,28,1,3,43,27,763,728,68,53,55,47,41,34,3,4,1011,949,863,794,34,28,75,86,4,5,7,4,28,32,889,826,42,39,90,104,9,7,9,7
Colorado,Crowley County,5600,4085,1515,3207,1339,586,25,154,75,61,17,2,2,75,57,3279,1395,617,52,188,101,72,23,4,3,2808,1121,2057,1022,576,20,76,23,57,17,0,2,42,37,2098,1058,592,37,94,40,66,21,0,2,1277,394,1150,317,10,5,78,52,4,0,2,0,33,20,1181,337,25,15,94,61,6,2,4,1
Colorado,Custer County,5553,2786,2767,2635,2623,36,27,42,34,11,15,0,2,62,66,2693,2685,58,54,70,63,24,26,3,5,2632,2618,2516,2506,31,21,27,21,10,13,0,1,48,56,2560,2558,46,47,49,43,22,22,3,4,154,149,119,117,5,6,15,13,1,2,0,1,14,10,133,127,12,7,21,20,2,4,0,1
Colorado,Delta County,32215,16169,16046,15158,15083,178,104,276,247,156,195,14,20,387,397,15529,15458,272,211,520,491,205,251,34,35,13544,13802,12892,13147,136,61,122,118,130,180,8,11,256,285,13135,13413,203,146,270,282,172,226,24,21,2625,2244,2266,1936,42,43,154,129,26,15,6,9,131,112,2394,2045,69,65,250,209,33,25,10,14
Colorado,Denver County,729019,368311,360708,293414,285440,38155,35934,6442,6372,15823,17823,1201,1158,13276,13981,305127,297815,44478,42466,11239,11576,20311,22568,1878,1896,263482,259537,201233,196734,34758,32541,1731,1829,15065,17034,982,973,9713,10426,209815,205951,39568,37620,4474,4939,18803,21012,1510,1547,104829,101171,92181,88706,3397,3393,4711,4543,758,789,219,185,3563,3555,95312,91864,4910,4846,6765,6637,1508,1556,368,349
Colorado,Dolores County,2467,1349,1118,1218,1041,40,5,53,30,5,10,1,1,32,31,1246,1070,48,20,69,38,16,17,2,4,1219,1038,1097,969,39,5,46,24,4,10,1,1,32,29,1125,996,47,19,62,31,15,17,2,4,130,80,121,72,1,0,7,6,1,0,0,0,0,2,121,74,1,1,7,7,1,0,0,0
Colorado,Douglas County,393995,198491,195504,171910,169996,4800,3687,1137,1165,14046,14292,254,224,6344,6140,177948,175839,6588,5391,2407,2403,17626,17790,655,616,177288,174461,153100,151300,4279,3180,623,608,13768,13984,191,148,5327,5241,158194,156302,5787,4645,1446,1450,16973,17143,535,492,21203,21043,18810,18696,521,507,514,557,278,308,63,76,1017,899,19754,19537,801,746,961,953,653,647,120,124
Colorado,Eagle County,54330,28833,25497,26943,23819,536,350,389,302,450,459,34,35,481,532,27394,24306,654,503,601,524,600,633,72,73,20057,17475,18866,16335,334,220,100,85,393,411,13,10,351,414,19192,16715,433,347,220,230,527,564,42,42,8776,8022,8077,7484,202,130,289,217,57,48,21,25,130,118,8202,7591,221,156,381,294,73,69,30,31
Colorado,Elbert County,29382,15076,14306,13983,13344,297,163,169,140,178,242,33,29,416,388,14371,13701,412,285,343,313,304,351,68,55,13484,12833,12640,12085,257,145,106,89,143,192,22,16,316,306,12931,12367,355,250,215,212,253,285,51,34,1592,1473,1343,1259,40,18,63,51,35,50,11,13,100,82,1440,1334,57,35,128,101,51,66,17,21
Colorado,El Paso County,752772,382356,370416,312734,303164,29136,24752,5590,5371,12181,15201,1544,1590,21171,20338,332225,322006,38958,34000,10958,10728,20796,23495,3182,3190,307876,297668,251797,243673,25389,20821,2165,2240,11180,14224,1129,1079,16216,15631,266690,258122,33096,28137,5308,5408,18380,21158,2397,2309,74480,72748,60937,59491,3747,3931,3425,3131,1001,977,415,511,4955,4707,65535,63884,5862,5863,5650,5320,2416,2337,785,881
Colorado,Fremont County,50093,29123,20970,25692,19805,1928,178,627,282,324,167,23,22,529,516,26195,20292,2039,297,946,612,434,251,50,47,24215,18953,21184,18075,1861,147,463,175,302,149,9,14,396,393,21559,18440,1950,248,683,409,396,223,31,36,4908,2017,4508,1730,67,31,164,107,22,18,14,8,133,123,4636,1852,89,49,263,203,38,28,19,11
Colorado,Garfield County,63167,32585,30582,30310,28510,606,437,622,576,309,359,64,66,674,634,30939,29103,747,579,1018,930,474,521,106,107,21325,20559,20164,19459,301,175,149,141,248,305,38,20,425,459,20559,19886,405,285,350,366,380,444,68,52,11260,10023,10146,9051,305,262,473,435,61,54,26,46,249,175,10380,9217,342,294,668,564,94,77,38,55
Colorado,Gilpin County,5963,3169,2794,2904,2496,60,41,57,38,45,66,12,3,91,150,2988,2637,87,81,97,114,66,106,23,13,2942,2587,2721,2329,58,31,37,22,40,64,11,3,75,138,2789,2458,80,69,68,89,61,103,19,13,227,207,183,167,2,10,20,16,5,2,1,0,16,12,199,179,7,12,29,25,5,3,4,0
Colorado,Grand County,16154,8718,7436,8213,7026,156,88,73,71,82,85,9,10,185,156,8382,7175,210,141,165,154,126,106,29,21,7786,6647,7410,6324,126,79,40,46,69,81,5,8,136,109,7535,6427,169,117,98,98,106,100,21,17,932,789,803,702,30,9,33,25,13,4,4,2,49,47,847,748,41,24,67,56,20,6,8,4
Colorado,Gunnison County,17310,9334,7976,8665,7401,90,56,281,234,87,101,5,10,206,174,8852,7564,155,113,381,314,139,139,17,26,8360,7131,7976,6802,79,48,78,45,71,94,4,10,152,132,8114,6925,132,92,141,100,114,128,14,23,974,845,689,599,11,8,203,189,16,7,1,0,54,42,738,639,23,21,240,214,25,11,3,3
Colorado,Hinsdale County,747,394,353,371,332,2,3,7,4,4,3,0,1,10,10,381,341,6,7,12,10,5,4,0,1,372,328,354,310,2,3,6,3,2,3,0,1,8,8,362,317,6,6,9,8,3,4,0,1,22,25,17,22,0,0,1,1,2,0,0,0,2,2,19,24,0,1,3,2,2,0,0,0
Colorado,Huerfano County,6988,3562,3426,3140,3004,47,69,193,180,38,38,11,11,133,124,3266,3124,71,99,279,260,64,54,20,16,2460,2403,2279,2229,30,37,47,44,24,25,9,6,71,62,2346,2287,45,60,83,76,45,34,14,10,1102,1023,861,775,17,32,146,136,14,13,2,5,62,62,920,837,26,39,196,184,19,20,6,6
Colorado,Jackson County,1273,692,581,649,552,4,2,25,14,4,3,0,0,10,10,658,562,6,5,32,19,6,6,0,0,589,507,568,487,4,2,9,7,3,3,0,0,5,8,572,495,6,5,12,10,4,6,0,0,103,74,81,65,0,0,16,7,1,0,0,0,5,2,86,67,0,0,20,9,2,0,0,0
Colorado,Jefferson County,578533,291178,287355,263312,259756,5666,4351,3705,3627,9513,11069,392,367,8590,8185,271567,267627,8133,6634,6848,6698,13119,14444,912,845,243343,239182,221511,217524,4609,3367,1426,1487,9058,10537,283,243,6456,6024,227730,223332,6549,5160,3288,3217,12121,13386,675,609,47835,48173,41801,42232,1057,984,2279,2140,455,532,109,124,2134,2161,43837,44295,1584,1474,3560,3481,998,1058,237,236
Colorado,Kiowa County,1392,686,706,637,672,12,3,9,6,2,4,0,3,26,18,661,690,21,11,20,16,8,4,2,3,610,647,580,623,9,3,3,5,2,4,0,1,16,11,596,634,16,9,7,10,6,4,1,1,76,59,57,49,3,0,6,1,0,0,0,2,10,7,65,56,5,2,13,6,2,0,1,2
Colorado,Kit Carson County,7080,3573,3507,3341,3279,49,38,56,60,22,38,10,7,95,85,3430,3359,78,73,106,101,40,51,20,10,2789,2758,2634,2599,37,32,23,23,22,37,4,2,69,65,2697,2660,60,58,55,54,36,48,13,5,784,749,707,680,12,6,33,37,0,1,6,5,26,20,733,699,18,15,51,47,4,3,7,5
Colorado,Lake County,7369,3891,3478,3570,3174,48,30,108,117,41,40,4,1,120,116,3686,3281,80,66,179,188,59,51,9,9,2602,2225,2437,2061,35,24,41,34,31,39,4,1,54,66,2489,2122,54,49,65,69,39,44,9,8,1289,1253,1133,1113,13,6,67,83,10,1,0,0,66,50,1197,1159,26,17,114,119,20,7,0,1
Colorado,La Plata County,56823,28785,28038,25452,24562,254,162,2058,2289,241,274,23,33,757,718,26146,25235,413,310,2523,2715,410,435,68,83,25118,24265,22738,21724,199,126,1439,1628,202,240,19,31,521,516,23214,22211,323,244,1722,1900,338,374,52,68,3667,3773,2714,2838,55,36,619,661,39,34,4,2,236,202,2932,3024,90,66,801,815,72,61,16,15
Colorado,Larimer County,374574,186696,187878,170266,171603,3043,2533,2167,2236,5140,5502,225,203,5855,5801,175864,177150,4841,4322,4094,4128,7652,7984,589,546,161148,163306,148218,150372,2493,2025,820,877,4890,5262,158,137,4569,4633,152608,154824,3953,3525,2012,2085,7054,7450,440,423,25548,24572,22048,21231,550,508,1347,1359,250,240,67,66,1286,1168,23256,22326,888,797,2082,2043,598,534,149,123
Colorado,Las Animas County,14518,7612,6906,6622,6199,285,85,308,265,169,130,7,8,221,219,6830,6408,327,141,454,404,207,161,22,18,4671,4254,4047,3852,236,66,123,87,154,121,3,2,108,126,4145,3973,267,104,184,156,174,140,10,9,2941,2652,2575,2347,49,19,185,178,15,9,4,6,113,93,2685,2435,60,37,270,248,33,21,12,9
Colorado,Lincoln County,5598,3282,2316,2786,2130,298,33,72,42,34,37,11,12,81,62,2852,2190,333,55,111,71,56,44,15,18,2648,2050,2218,1916,282,22,47,20,27,33,11,12,63,47,2270,1961,310,39,76,41,45,39,12,17,634,266,568,214,16,11,25,22,7,4,0,0,18,15,582,229,23,16,35,30,11,5,3,1
Colorado,Logan County,20755,11657,9098,10396,8475,646,137,277,150,108,110,21,17,209,209,10581,8667,725,217,378,247,151,143,37,35,9247,7693,8276,7283,584,90,145,65,90,94,8,11,144,150,8398,7424,652,152,205,127,121,116,17,25,2410,1405,2120,1192,62,47,132,85,18,16,13,6,65,59,2183,1243,73,65,173,120,30,27,20,10
Colorado,Mesa County,161260,79925,81335,74597,76018,1010,692,1230,1200,795,1203,126,130,2167,2092,76591,77946,1697,1335,2261,2185,1435,1803,288,297,66912,68631,63301,64978,749,483,532,479,685,1088,101,97,1544,1506,64727,66376,1289,992,1131,1052,1204,1591,215,230,13013,12704,11296,11040,261,209,698,721,110,115,25,33,623,586,11864,11570,408,343,1130,1133,231,212,73,67
Colorado,Mineral County,933,485,448,463,434,5,2,7,0,1,3,0,0,9,9,471,442,10,6,10,3,3,5,0,1,456,419,437,406,5,2,4,0,1,3,0,0,9,8,445,414,10,5,7,2,3,5,0,1,29,29,26,28,0,0,3,0,0,0,0,0,0,1,26,28,0,1,3,1,0,0,0,0
Colorado,Moffat County,13142,6787,6355,6360,5961,87,59,126,109,46,48,14,8,154,170,6495,6116,145,116,198,191,81,82,26,21,5546,5278,5261,4999,68,44,61,52,39,47,11,5,106,131,5353,5119,113,87,102,112,68,78,18,13,1241,1077,1099,962,19,15,65,57,7,1,3,3,48,39,1142,997,32,29,96,79,13,4,8,8
Colorado,Montezuma County,26841,13376,13465,10937,10763,260,72,1633,2011,124,208,17,17,405,394,11303,11139,371,167,1871,2234,210,285,38,40,11598,11787,9553,9497,240,41,1385,1736,115,197,8,11,297,305,9824,9788,327,115,1539,1897,188,267,23,29,1778,1678,1384,1266,20,31,248,275,9,11,9,6,108,89,1479,1351,44,52,332,337,22,18,15,11
Colorado,Montrose County,44806,22300,22506,20867,21259,233,151,408,379,201,201,55,36,536,480,21374,21713,340,245,737,660,314,309,84,68,17091,17835,16206,17044,156,103,177,140,167,166,37,28,348,354,16533,17380,238,171,362,328,255,259,57,56,5209,4671,4661,4215,77,48,231,239,34,35,18,8,188,126,4841,4333,102,74,375,332,59,50,27,12
Colorado,Morgan County,30300,15678,14622,13626,13242,743,517,775,406,140,131,87,37,307,289,13898,13502,864,619,912,547,205,194,117,61,9071,8901,7996,8118,654,424,77,66,112,101,45,9,187,183,8161,8284,743,498,136,133,158,145,66,30,6607,5721,5630,5124,89,93,698,340,28,30,42,28,120,106,5737,5218,121,121,776,414,47,49,51,31
Colorado,Otero County,17991,8880,9111,7901,8228,204,132,357,342,114,93,25,20,279,296,8161,8502,275,188,534,526,156,156,40,43,5052,5249,4632,4876,118,76,68,71,80,74,10,6,144,146,4767,5014,164,105,143,141,108,118,18,23,3828,3862,3269,3352,86,56,289,271,34,19,15,14,135,150,3394,3488,111,83,391,385,48,38,22,20
Colorado,Ouray County,5197,2602,2595,2480,2462,21,5,33,23,17,40,5,4,46,61,2525,2520,40,23,52,57,24,52,7,8,2429,2391,2326,2286,21,4,23,11,16,39,5,4,38,47,2363,2330,37,20,39,35,22,49,6,8,173,204,154,176,0,1,10,12,1,1,0,0,8,14,162,190,3,3,13,22,2,3,1,0
Colorado,Park County,18316,9768,8548,9109,8002,107,77,144,114,94,100,13,8,301,247,9381,8227,194,139,287,243,184,175,32,20,8937,7903,8412,7478,103,70,82,69,83,95,9,5,248,186,8641,7647,167,115,190,155,167,163,25,17,831,645,697,524,4,7,62,45,11,5,4,3,53,61,740,580,27,24,97,88,17,12,7,3
Colorado,Phillips County,4488,2270,2218,2129,2083,33,13,57,68,9,17,2,3,40,34,2166,2113,52,27,70,81,19,28,3,3,1606,1608,1531,1543,22,10,17,7,9,17,1,2,26,29,1556,1569,37,21,23,18,14,27,2,2,664,610,598,540,11,3,40,61,0,0,1,1,14,5,610,544,15,6,47,63,5,1,1,1
Colorado,Pitkin County,16643,8688,7955,8153,7502,128,80,64,36,173,180,15,15,155,142,8292,7630,181,125,128,86,222,235,25,23,7706,6961,7278,6597,103,69,27,12,164,161,11,12,123,110,7389,6696,144,102,73,47,207,209,21,19,982,994,875,905,25,11,37,24,9,19,4,3,32,32,903,934,37,23,55,39,15,26,4,4
Colorado,Prowers County,11957,5938,6019,5535,5622,86,72,131,128,40,51,1,1,145,145,5668,5752,145,120,196,209,63,82,12,7,3375,3550,3129,3338,69,45,50,51,35,27,1,1,91,88,3211,3418,111,77,86,95,50,50,9,4,2563,2469,2406,2284,17,27,81,77,5,24,0,0,54,57,2457,2334,34,43,110,114,13,32,3,3
Colorado,Pueblo County,169866,84433,85433,74446,76005,2948,2450,2901,2795,1047,1251,197,173,2894,2759,77117,78583,3754,3160,4562,4434,1654,1821,376,327,48443,48953,43216,44142,2104,1575,573,623,793,1000,84,83,1673,1530,44756,45570,2673,2061,1327,1337,1240,1417,202,172,35990,36480,31230,31863,844,875,2328,2172,254,251,113,90,1221,1229,32361,33013,1081,1099,3235,3097,414,404,174,155
Colorado,Rio Blanco County,6607,3394,3213,3164,2991,46,47,59,51,23,25,4,6,98,93,3254,3074,84,74,106,97,42,52,9,12,2982,2885,2800,2713,42,43,40,29,17,24,4,6,79,70,2871,2777,74,62,75,63,35,45,9,10,412,328,364,278,4,4,19,22,6,1,0,0,19,23,383,297,10,12,31,34,7,7,0,2
Colorado,Rio Grande County,11132,5581,5551,5074,5073,85,65,229,245,35,33,3,3,155,132,5215,5193,138,107,318,317,56,60,11,10,3302,3241,3064,3039,61,41,78,65,26,20,2,2,71,74,3131,3107,94,62,107,101,36,40,6,7,2279,2310,2010,2034,24,24,151,180,9,13,1,1,84,58,2084,2086,44,45,211,216,20,20,5,3
Colorado,Routt County,25243,13258,11985,12595,11401,204,114,106,70,124,151,12,10,217,239,12789,11616,276,179,206,169,182,240,27,26,11912,10857,11426,10392,174,108,41,28,110,135,10,8,151,186,11565,10559,224,156,106,97,153,216,19,21,1346,1128,1169,1009,30,6,65,42,14,16,2,2,66,53,1224,1057,52,23,100,72,29,24,8,5
Colorado,Saguache County,6670,3329,3341,2976,3040,51,44,134,120,40,37,2,3,126,97,3092,3125,92,83,213,167,55,59,5,7,2116,2089,1917,1906,36,33,52,56,33,31,1,3,77,60,1986,1957,62,57,101,82,43,47,2,6,1213,1252,1059,1134,15,11,82,64,7,6,1,0,49,37,1106,1168,30,26,112,85,12,12,3,1
Colorado,San Juan County,821,435,386,414,367,1,1,5,3,2,4,0,0,13,11,426,376,7,8,11,5,3,7,1,1,380,315,365,298,1,1,4,3,1,4,0,0,9,9,373,305,6,7,8,4,2,7,0,1,55,71,49,69,0,0,1,0,1,0,0,0,4,2,53,71,1,1,3,1,1,0,1,0
Colorado,San Miguel County,7819,4221,3598,3967,3340,56,37,71,64,46,58,6,6,75,93,4030,3423,90,68,107,103,62,88,9,12,3705,3142,3527,2960,37,21,32,32,44,55,4,3,61,71,3577,3023,65,45,60,60,59,81,6,7,516,456,440,380,19,16,39,32,2,3,2,3,14,22,453,400,25,23,47,43,3,7,3,5
Colorado,Sedgwick County,2257,1128,1129,1039,1044,18,6,22,14,13,23,4,1,32,41,1070,1082,32,27,35,29,19,30,4,2,936,944,892,883,12,5,6,4,7,16,0,0,19,36,910,916,21,26,13,15,11,22,0,1,192,185,147,161,6,1,16,10,6,7,4,1,13,5,160,166,11,1,22,14,8,8,4,1
Colorado,Summit County,30882,16837,14045,15662,12988,333,229,207,193,311,354,42,21,282,260,15919,13224,421,316,325,297,397,431,61,41,13916,11483,13068,10720,272,178,45,43,297,334,19,16,215,192,13262,10893,341,241,127,109,370,404,35,31,2921,2562,2594,2268,61,51,162,150,14,20,23,5,67,68,2657,2331,80,75,198,188,27,27,26,10
Colorado,Teller County,24862,12706,12156,11827,11206,233,231,173,168,82,178,17,25,374,348,12173,11534,348,312,345,340,181,279,36,39,11688,11145,10984,10371,213,215,106,102,70,168,13,18,302,271,11263,10623,305,281,235,223,162,259,28,30,1018,1011,843,835,20,16,67,66,12,10,4,7,72,77,910,911,43,31,110,117,19,20,8,9
Colorado,Washington County,4771,2534,2237,2381,2113,49,32,11,14,24,26,5,2,64,50,2441,2161,81,49,27,31,37,42,12,4,2186,1967,2061,1866,45,23,8,11,14,22,1,0,57,45,2114,1909,76,39,21,25,25,37,7,2,348,270,320,247,4,9,3,3,10,4,4,2,7,5,327,252,5,10,6,6,12,5,5,2
Colorado,Weld County,369745,187666,182079,169991,165770,4255,3326,3669,3227,4241,4525,442,362,5068,4869,174739,170356,5719,4713,5880,5367,5897,6128,727,631,126808,124600,114878,113586,3329,2408,967,821,3861,4220,277,227,3496,3338,118160,116734,4455,3477,2146,1941,5220,5543,488,425,60858,57479,55113,52184,926,918,2702,2406,380,305,165,135,1572,1531,56579,53622,1264,1236,3734,3426,677,585,239,206
Colorado,Yuma County,10048,5142,4906,4888,4718,42,18,111,61,21,33,15,11,65,65,4950,4782,77,47,136,88,29,41,15,13,3314,3412,3209,3305,31,11,18,21,13,18,3,4,40,53,3246,3357,55,35,31,42,19,25,3,6,1828,1494,1679,1413,11,7,93,40,8,15,12,7,25,12,1704,1425,22,12,105,46,10,16,12,7
Delaware,Kent County,192690,92311,100379,57408,60890,27816,31487,728,767,2221,2794,116,147,4022,4294,60806,64388,30585,34514,1651,1797,3356,4030,430,521,84322,91946,51884,55044,26293,29863,486,501,2167,2721,56,57,3436,3760,54797,58112,28652,32507,1164,1329,3192,3844,320,371,7989,8433,5524,5846,1523,1624,242,266,54,73,60,90,586,534,6009,6276,1933,2007,487,468,164,186,110,150
Delaware,New Castle County,588093,284999,303094,177048,183719,76593,87266,1912,1912,20169,20748,293,253,8984,9196,184922,191611,82692,93573,3855,4123,22658,23201,450,449,247817,266692,148074,156212,71737,81922,553,590,19849,20270,106,85,7498,7613,154672,162741,76739,87004,2029,2311,22082,22499,218,231,37182,36402,28974,27507,4856,5344,1359,1322,320,478,187,168,1486,1583,30250,28870,5953,6569,1826,1812,576,702,232,218
Delaware,Sussex County,271134,131244,139890,108620,116303,15366,15850,1736,1773,1889,2264,275,212,3358,3488,111655,119380,17654,18236,2670,2834,2448,2840,377,322,114280,124047,94954,103582,14181,14810,485,496,1795,2165,52,45,2813,2949,97501,106186,16093,16808,1226,1371,2292,2687,132,132,16964,15843,13666,12721,1185,1040,1251,1277,94,99,223,167,545,539,14154,13194,1561,1428,1444,1463,156,153,245,190
Florida,Alachua County,291782,140310,151472,98402,104111,26704,31506,592,663,9877,10410,174,126,4561,4656,102503,108276,29222,34109,1187,1290,11897,12488,430,390,121643,131603,81991,86631,25624,30437,318,351,9717,10158,104,85,3889,3941,85488,90144,27662,32512,769,833,11593,12082,302,286,18667,19869,16411,17480,1080,1069,274,312,160,252,70,41,672,715,17015,18132,1560,1597,418,457,304,406,128,104
Florida,Baker County,29325,15118,14207,12303,11940,2227,1664,90,83,133,152,12,13,353,355,12637,12261,2428,1867,185,182,197,219,29,36,14273,13644,11609,11488,2156,1618,69,62,121,147,3,5,315,324,11911,11779,2336,1799,152,157,176,211,18,25,845,563,694,452,71,46,21,21,12,5,9,8,38,31,726,482,92,68,33,25,21,8,11,11
Florida,Bay County,199718,98949,100769,79630,80410,12411,12578,895,1001,2097,2887,177,169,3739,3724,83043,83788,14198,14333,1737,1899,3584,4406,396,383,88178,90463,70667,72269,11621,11619,565,554,1988,2781,125,114,3212,3126,73595,75095,13117,13049,1251,1275,3350,4154,308,287,10771,10306,8963,8141,790,959,330,447,109,106,52,55,527,598,9448,8693,1081,1284,486,624,234,252,88,96
Florida,Bradford County,28075,14834,13241,11357,10690,2967,1994,81,117,88,110,13,9,328,321,11658,10966,3166,2186,156,196,154,177,39,45,13900,12635,10598,10217,2873,1948,59,80,84,108,7,2,279,280,10854,10454,3040,2118,122,147,141,170,31,33,934,606,759,473,94,46,22,37,4,2,6,7,49,41,804,512,126,68,34,49,13,7,8,12
Florida,Brevard County,658447,324595,333852,266919,271275,36604,38768,1738,1689,8596,10835,483,467,10255,10818,276244,281052,42053,44567,3870,3977,12597,15090,1122,1133,281032,289797,229987,233543,33240,35649,1071,1038,8218,10486,267,280,8249,8801,237430,241424,37453,40196,2669,2787,11702,14245,788,824,43563,44055,36932,37732,3364,3119,667,651,378,349,216,187,2006,2017,38814,39628,4600,4371,1201,1190,895,845,334,309
Florida,Broward County,2037472,1001432,1036040,638552,633779,289940,325825,4971,4628,40700,44285,1340,1318,25929,26205,658639,653685,308021,344196,9392,9185,50662,54640,4013,4104,655797,680707,326636,312865,270093,304879,1883,1938,39037,42169,670,662,17478,18194,339235,325693,281858,317249,4483,4743,46725,50341,2795,2903,345635,355333,311916,320914,19847,20946,3088,2690,1663,2116,670,656,8451,8011,319404,327992,26163,26947,4909,4442,3937,4299,1218,1201
Florida,Calhoun County,13278,7093,6185,5618,5247,1103,535,112,106,62,70,16,12,182,215,5789,5435,1184,661,183,170,89,107,33,29,6600,5904,5216,5053,1076,515,85,87,55,64,8,4,160,181,5368,5212,1145,618,148,142,79,97,21,18,493,281,402,194,27,20,27,19,7,6,8,8,22,34,421,223,39,43,35,28,10,10,12,11
Florida,Charlotte County,212122,104580,107542,93371,96640,7191,6327,412,497,1536,2061,101,72,1969,1945,95178,98390,8176,7294,991,1074,2081,2635,236,227,94698,98099,84841,88262,6444,5800,252,337,1478,2008,69,60,1614,1632,86324,89731,7224,6587,722,825,1965,2523,173,186,9882,9443,8530,8378,747,527,160,160,58,53,32,12,355,313,8854,8659,952,707,269,249,116,112,63,41
Florida,Citrus County,170174,82934,87240,76239,80437,3083,2934,446,427,1295,1546,61,71,1810,1825,77896,82083,3934,3803,1107,1077,1722,2001,179,210,76062,80573,70314,74546,2674,2608,318,308,1192,1508,47,55,1517,1548,71699,75949,3369,3332,854,849,1581,1919,149,166,6872,6667,5925,5891,409,326,128,119,103,38,14,16,293,277,6197,6134,565,471,253,228,141,82,30,44
Florida,Clay County,236760,117097,119663,91309,92102,17085,17759,680,650,3580,4568,220,230,4223,4354,95154,96040,19126,19884,1474,1461,5470,6538,488,514,102624,105275,79505,80383,15619,16294,448,454,3386,4369,142,138,3524,3637,82709,83667,17259,18013,1067,1090,5078,6129,369,368,14473,14388,11804,11719,1466,1465,232,196,194,199,78,92,699,717,12445,12373,1867,1871,407,371,392,409,119,146
Florida,Collier County,416233,204830,211403,181505,187181,15683,15398,1497,1392,3280,4224,252,203,2613,3005,183639,189633,17063,17007,2125,2138,4234,5318,621,652,141958,150885,122459,130383,14029,13778,392,387,3015,4017,72,84,1991,2236,124045,132138,15049,14944,828,899,3810,4911,394,457,62872,60518,59046,56798,1654,1620,1105,1005,265,207,180,119,622,769,59594,57495,2014,2063,1297,1239,424,407,227,195
Florida,Columbia County,73977,37442,36535,28815,28428,6695,6156,275,256,425,499,297,304,935,892,29676,29244,7276,6715,497,474,589,656,355,358,33982,33364,26086,25886,6456,5981,193,182,409,474,28,30,810,811,26828,26623,6955,6486,384,383,559,623,80,77,3460,3171,2729,2542,239,175,82,74,16,25,269,274,125,81,2848,2621,321,229,113,91,30,33,275,281
Florida,DeSoto County,36744,20633,16111,16924,13650,2994,1858,222,166,134,134,46,30,313,273,17215,13899,3200,2047,286,225,182,171,64,48,13459,11927,10259,9834,2788,1717,60,53,105,112,5,1,242,210,10481,10021,2948,1862,105,102,146,141,22,15,7174,4184,6665,3816,206,141,162,113,29,22,41,29,71,63,6734,3878,252,185,181,123,36,30,42,33
Florida,Dixie County,17614,9582,8032,8135,7236,1121,468,68,58,42,63,7,5,209,202,8327,7423,1232,565,146,143,67,88,22,17,9046,7657,7674,6919,1085,442,52,49,34,58,7,5,194,184,7853,7089,1186,528,124,128,59,82,21,15,536,375,461,317,36,26,16,9,8,5,0,0,15,18,474,334,46,37,22,15,8,6,1,2
Florida,Duval County,1055159,511403,543756,311936,318113,150874,173206,3174,3057,27260,30567,729,672,17430,18141,327312,334048,160557,183255,6095,6205,34626,38307,1776,1781,438924,473284,252857,261150,143140,165312,1588,1585,26386,29735,447,413,14506,15089,265550,274238,150922,173378,3821,4020,32965,36632,1339,1359,72479,70472,59079,56963,7734,7894,1586,1472,874,832,282,259,2924,3052,61762,59810,9635,9877,2274,2185,1661,1675,437,422
Florida,Escambia County,331275,163627,167648,114425,113257,35246,39385,1598,1570,5507,6406,296,333,6555,6697,120191,119125,38433,42637,3040,3107,8358,9346,779,848,149917,156085,103266,103956,34238,38462,1234,1163,5117,6230,231,284,5831,5990,108387,109167,37038,41322,2458,2504,7770,8979,658,743,13710,11563,11159,9301,1008,923,364,407,390,176,65,49,724,707,11804,9958,1395,1315,582,603,588,367,121,105
Florida,Flagler County,136744,66205,70539,55555,58821,6950,7395,316,298,1600,2247,82,75,1702,1703,57067,60323,7884,8320,727,718,2130,2774,220,230,57679,61733,48215,51180,6317,6763,193,198,1514,2150,52,50,1388,1392,49438,52395,7057,7493,520,543,1992,2615,172,173,8526,8806,7340,7641,633,632,123,100,86,97,30,25,314,311,7629,7928,827,827,207,175,138,159,48,57
Florida,Franklin County,12979,6979,6000,5773,5363,951,395,77,39,32,40,7,9,139,154,5901,5502,1045,498,100,80,51,58,21,16,6444,5728,5316,5124,932,387,36,27,27,32,1,6,132,152,5437,5261,1021,490,59,66,45,50,14,13,535,272,457,239,19,8,41,12,5,8,6,3,7,2,464,241,24,8,41,14,6,8,7,3
Florida,Gadsden County,44151,21279,22872,9566,9402,10965,12684,275,194,121,196,37,42,315,354,9843,9707,11139,12882,368,299,176,262,71,80,18108,20000,6972,6984,10736,12481,54,64,103,176,9,10,234,285,7172,7223,10861,12636,124,156,150,232,38,41,3171,2872,2594,2418,229,203,221,130,18,20,28,32,81,69,2671,2484,278,246,244,143,26,30,33,39
Florida,Gilchrist County,20233,10271,9962,9494,9085,414,407,130,121,48,75,19,7,166,267,9642,9321,493,539,195,239,73,113,35,23,9297,9104,8686,8354,378,377,30,50,44,73,4,0,155,250,8825,8574,450,498,91,163,67,111,20,14,974,858,808,731,36,30,100,71,4,2,15,7,11,17,817,747,43,41,104,76,6,2,15,9
Florida,Glades County,13132,7563,5569,5502,4548,1402,580,459,261,56,51,8,14,136,115,5622,4654,1473,649,505,294,82,69,18,20,5532,4059,3837,3243,1320,498,218,192,43,44,6,12,108,70,3931,3306,1375,536,257,214,65,57,13,16,2031,1510,1665,1305,82,82,241,69,13,7,2,2,28,45,1691,1348,98,113,248,80,17,12,5,4
Florida,Gulf County,15876,8707,7169,6894,6131,1500,676,68,57,47,76,1,3,197,226,7072,6337,1605,801,138,139,74,103,15,15,8045,6929,6300,5937,1470,668,55,48,38,61,1,2,181,213,6462,6130,1566,782,122,128,64,88,12,14,662,240,594,194,30,8,13,9,9,15,0,1,16,13,610,207,39,19,16,11,10,15,3,1
Florida,Hamilton County,14334,8106,6228,5038,4156,2694,1730,95,82,48,74,13,4,218,182,5240,4325,2819,1842,160,126,75,102,31,16,7079,5499,4211,3572,2607,1676,63,50,45,61,0,0,153,140,4349,3699,2693,1761,112,85,66,85,13,10,1027,729,827,584,87,54,32,32,3,13,13,4,65,42,891,626,126,81,48,41,9,17,18,6
Florida,Hardee County,26068,13964,12104,12008,10433,1230,974,197,185,204,187,22,32,303,293,12283,10708,1420,1158,267,254,259,231,42,49,7761,7113,6177,5856,1111,843,51,48,174,164,13,7,235,195,6388,6036,1256,957,107,99,219,197,30,20,6203,4991,5831,4577,119,131,146,137,30,23,9,25,68,98,5895,4672,164,201,160,155,40,34,12,29
Florida,Hendry County,46130,25501,20629,21208,16684,2711,2645,685,572,410,269,59,39,428,420,21601,17075,2938,2872,829,703,479,332,84,67,9324,9320,6276,6303,2229,2324,268,237,355,237,14,12,182,207,6437,6495,2323,2434,324,300,396,272,27,26,16177,11309,14932,10381,482,321,417,335,55,32,45,27,246,213,15164,10580,615,438,505,403,83,60,57,41
Florida,Hernando County,218150,106097,112053,93341,98593,7558,7687,628,654,1574,2007,149,130,2847,2982,95944,101314,9133,9346,1353,1403,2277,2732,303,301,85490,91543,75191,80502,6260,6419,325,365,1450,1870,85,75,2179,2312,77177,82593,7410,7655,869,946,2057,2502,213,209,20607,20510,18150,18091,1298,1268,303,289,124,137,64,55,668,670,18767,18721,1723,1691,484,457,220,230,90,92
Florida,Highlands County,109778,53936,55842,45553,46698,5816,6532,486,452,859,997,76,65,1146,1098,46588,47694,6444,7157,826,764,1089,1204,152,134,40162,43631,33162,35705,5122,5868,217,269,791,932,28,31,842,826,33912,36453,5563,6319,473,503,981,1106,88,86,13774,12211,12391,10993,694,664,269,183,68,65,48,34,304,272,12676,11241,881,838,353,261,108,98,64,48
Florida,Hillsborough County,1581426,781502,799924,569716,572751,138144,151989,6756,5333,40305,43092,1099,1220,25482,25539,592617,595555,154067,167884,11397,10012,48655,51692,2483,2596,528296,553088,348070,356179,121186,134615,1698,1739,39148,41578,566,590,17628,18387,363602,372259,131617,145521,4515,4758,45862,48657,1600,1659,253206,246836,221646,216572,16958,17374,5058,3594,1157,1514,533,630,7854,7152,229015,223296,22450,22363,6882,5254,2793,3035,883,937
Florida,Holmes County,19876,10390,9486,8951,8659,980,307,124,117,70,77,20,17,245,309,9180,8954,1080,430,250,270,92,108,35,33,9928,9140,8568,8376,950,292,108,105,64,69,15,16,223,282,8777,8645,1042,404,221,248,83,94,29,31,462,346,383,283,30,15,16,12,6,8,5,1,22,27,403,309,38,26,29,22,9,14,6,2
Florida,Indian River County,172139,83528,88611,72179,76498,7704,8271,393,417,1585,1730,64,60,1603,1635,73632,77967,8529,9105,817,868,2020,2161,167,171,70592,76129,60388,64985,7124,7808,169,228,1500,1660,38,43,1373,1405,61628,66240,7805,8505,533,613,1902,2056,129,142,12936,12482,11791,11513,580,463,224,189,85,70,26,17,230,230,12004,11727,724,600,284,255,118,105,38,29
Florida,Jackson County,49980,27509,22471,18507,16263,7812,5253,263,205,199,175,87,36,641,539,19078,16758,8201,5586,447,350,304,253,126,67,25578,21414,16928,15393,7639,5178,194,169,170,162,46,16,601,496,17461,15845,8005,5483,368,303,267,236,84,47,1931,1057,1579,870,173,75,69,36,29,13,41,20,40,43,1617,913,196,103,79,47,37,17,42,20
Florida,Jefferson County,15921,8462,7459,5577,4934,2633,2223,45,50,39,82,3,2,165,168,5731,5092,2714,2314,111,112,56,101,16,8,7905,7108,5119,4672,2573,2175,29,30,36,79,3,1,145,151,5253,4814,2641,2255,90,88,51,95,16,7,557,351,458,262,60,48,16,20,3,3,0,1,20,17,478,278,73,59,21,24,5,6,0,1
Florida,Lafayette County,8640,4981,3659,3852,3276,978,243,51,22,11,20,5,4,84,94,3931,3364,1028,303,77,52,16,28,13,7,4357,3264,3297,2929,947,220,24,12,11,19,2,3,76,81,3369,3004,990,272,48,39,16,25,10,6,624,395,555,347,31,23,27,10,0,1,3,1,8,13,562,360,38,31,29,13,0,3,3,1
Florida,Lake County,444204,216361,227843,175542,183596,27914,30125,1437,1315,5542,6820,453,475,5473,5512,180312,188340,31070,33254,2895,2795,7029,8361,770,817,170829,183196,136002,144445,24363,27040,710,641,5238,6473,273,261,4243,4336,139649,148117,26757,29462,1798,1778,6525,7809,520,536,45532,44647,39540,39151,3551,3085,727,674,304,347,180,214,1230,1176,40663,40223,4313,3792,1097,1017,504,552,250,281
Florida,Lee County,860959,423479,437480,363050,374284,40312,41900,3786,2716,7331,9635,522,435,8478,8510,370625,381805,45303,46862,5589,4541,9776,12152,1092,1034,304975,322414,256010,268900,34933,36848,920,857,6905,9236,173,183,6034,6390,261308,274461,38320,40431,2126,2165,8899,11361,614,667,118504,115066,107040,105384,5379,5052,2866,1859,426,399,349,252,2444,2120,109317,107344,6983,6431,3463,2376,877,791,478,367
Florida,Leon County,300488,141917,158571,87807,93799,42943,53308,534,569,6445,6383,136,115,4052,4397,91320,97590,45228,55741,1285,1444,7953,8023,337,340,129507,145012,77329,82663,41811,51784,351,397,6318,6268,80,78,3618,3822,80442,85933,43831,53868,1008,1138,7732,7780,249,270,12410,13559,10478,11136,1132,1524,183,172,127,115,56,37,434,575,10878,11657,1397,1873,277,306,221,243,88,70
Florida,Levy County,47765,23502,24263,20319,20780,2184,2428,198,179,224,262,27,41,550,573,20834,21321,2460,2691,412,408,299,342,49,77,20747,21612,17910,18516,2037,2230,135,114,188,231,14,19,463,502,18344,18991,2259,2461,321,315,253,298,34,51,2755,2651,2409,2264,147,198,63,65,36,31,13,22,87,71,2490,2330,201,230,91,93,46,44,15,26
Florida,Liberty County,7955,4812,3143,3483,2648,1144,326,59,63,22,24,1,5,103,77,3580,2724,1200,372,90,84,38,30,7,10,4357,2970,3100,2527,1109,309,37,45,17,20,1,1,93,68,3187,2594,1161,350,64,63,31,25,7,6,455,173,383,121,35,17,22,18,5,4,0,4,10,9,393,130,39,22,26,21,7,5,0,4
Florida,Madison County,18364,9498,8866,5842,5363,3326,3222,94,65,53,44,5,4,178,168,6010,5527,3423,3307,152,123,73,61,18,16,8771,8416,5218,4997,3277,3174,70,52,49,41,4,4,153,148,5361,5141,3362,3248,121,104,66,55,14,16,727,450,624,366,49,48,24,13,4,3,1,0,25,20,649,386,61,59,31,19,7,6,4,0
Florida,Manatee County,458352,222968,235384,189822,200068,20202,21443,1963,1351,5737,7087,247,227,4997,5208,194358,204774,23081,24453,3052,2472,7024,8459,522,511,178098,192400,150218,161461,18094,19484,422,485,5343,6725,139,125,3882,4120,153698,165149,20251,21780,1260,1373,6455,7913,366,368,44870,42984,39604,38607,2108,1959,1541,866,394,362,108,102,1115,1088,40660,39625,2830,2673,1792,1099,569,546,156,143
Florida,Marion County,428905,207466,221439,168503,179025,28120,30804,1410,1332,4010,4890,239,278,5184,5110,173106,183522,31125,33776,2863,2775,5187,6062,532,574,165338,180480,131577,143153,25180,27842,673,724,3806,4706,133,144,3969,3911,135051,146558,27419,30058,1766,1808,4811,5700,372,385,42128,40959,36926,35872,2940,2962,737,608,204,184,106,134,1215,1199,38055,36964,3706,3718,1097,967,376,362,160,189
Florida,Martin County,165666,82484,83182,73230,74656,5105,4117,1305,1269,1191,1579,188,145,1465,1416,74555,75934,5808,4778,1698,1671,1614,1974,291,250,67537,69921,60455,63401,4598,3662,165,208,1096,1474,61,52,1162,1124,61494,64411,5137,4164,473,521,1462,1816,147,140,14947,13261,12775,11255,507,455,1140,1061,95,105,127,93,303,292,13061,11523,671,614,1225,1150,152,158,144,110
Florida,Miami-Dade County,2838461,1396109,1442352,1122404,1154214,223190,233705,6114,5481,24261,27299,714,811,19426,20842,1137980,1170770,236355,247971,9674,9375,30516,34061,2675,2906,420775,422333,198669,185144,187965,199543,1309,1260,22140,25298,274,269,10418,10819,206308,192907,194572,206520,3013,3042,26321,29713,1620,1690,975334,1020019,923735,969070,35225,34162,4805,4221,2121,2001,440,542,9008,10023,931672,977863,41783,41451,6661,6333,4195,4348,1055,1216
Florida,Monroe County,80908,42088,38820,36953,34292,3376,2769,308,266,548,705,60,74,843,714,37737,34951,3731,3054,580,517,772,888,113,127,31132,28741,26740,24826,3050,2490,138,141,498,665,45,66,661,553,27360,25339,3312,2695,350,330,685,821,86,109,10956,10079,10213,9466,326,279,170,125,50,40,15,8,182,161,10377,9612,419,359,230,187,87,67,27,18
Florida,Nassau County,104376,51481,52895,45963,47229,3548,3512,258,242,578,798,44,44,1090,1070,46973,48213,3999,3956,561,545,934,1148,109,109,48170,49492,43179,44335,3305,3313,178,171,545,743,33,34,930,896,44041,45165,3680,3663,429,417,871,1057,82,88,3311,3403,2784,2894,243,199,80,71,33,55,11,10,160,174,2932,3048,319,293,132,128,63,91,27,21
Florida,Okaloosa County,220483,111491,108992,89208,86556,12414,10965,902,824,3065,4807,311,321,5591,5519,94198,91470,14924,13476,1832,1736,5850,7561,602,609,97825,95435,78165,75618,11351,9941,606,570,2831,4589,189,218,4683,4499,82331,79607,13383,11903,1331,1253,5309,6994,427,456,13666,13557,11043,10938,1063,1024,296,254,234,218,122,103,908,1020,11867,11863,1541,1573,501,483,541,567,175,153
Florida,Okeechobee County,42369,22587,19782,19243,17563,2290,1276,394,285,199,207,35,32,426,419,19640,17953,2555,1518,491,394,264,280,64,57,16027,14746,13156,12934,2139,1129,240,182,176,196,25,21,291,284,13427,13201,2318,1283,309,257,223,251,42,39,6560,5036,6087,4629,151,147,154,103,23,11,10,11,135,135,6213,4752,237,235,182,137,41,29,22,18
Florida,Orange County,1533646,753909,779737,515861,521325,164214,178952,5328,5154,44488,50151,1852,1483,22166,22672,534560,540301,178203,193331,9508,9507,52242,58225,3441,3093,488728,508925,285314,285851,143093,157140,1493,1569,42514,48017,1192,794,15122,15554,297627,298382,152131,166500,3975,4201,48685,54451,2432,2080,265181,270812,230547,235474,21121,21812,3835,3585,1974,2134,660,689,7044,7118,236933,241919,26072,26831,5533,5306,3557,3774,1009,1013
Florida,Osceola County,468058,231943,236115,176868,180692,36522,36359,2383,2064,8170,9149,513,640,7487,7211,183601,187109,41781,41459,4102,3742,9779,10762,928,1025,97840,100333,61774,62838,24787,25034,457,494,6995,7987,203,272,3624,3708,64890,65990,27153,27478,1184,1264,8033,9077,441,517,134103,135782,115094,117854,11735,11325,1926,1570,1175,1162,310,368,3863,3503,118711,121119,14628,13981,2918,2478,1746,1685,487,508
Florida,Palm Beach County,1582055,772839,809216,568724,590654,155775,167116,6360,5429,24068,27843,942,942,16970,17232,582742,604662,166204,177759,9734,8889,30044,34040,2496,2549,569419,606985,387587,409344,145089,156390,1295,1351,23043,26842,379,410,12026,12648,397118,419201,152187,163921,3451,3667,27835,31954,1649,1783,203420,202231,181137,181310,10686,10726,5065,4078,1025,1001,563,532,4944,4584,185624,185461,14017,13838,6283,5222,2209,2086,847,766
Florida,Pasco County,659114,322842,336272,269640,280263,27716,28269,1916,1767,13579,15596,409,407,9582,9970,278518,289496,32695,33507,4055,4051,16983,19112,813,810,256042,268658,211036,221216,23229,23773,895,837,13123,15125,223,225,7536,7482,217981,228087,26997,27518,2449,2416,16063,18087,531,529,66800,67614,58604,59047,4487,4496,1021,930,456,471,186,182,2046,2488,60537,61409,5698,5989,1606,1635,920,1025,282,281
Florida,Pinellas County,965870,466246,499624,383650,408665,50028,54318,2054,2065,17349,20970,662,817,12503,12789,395057,420274,56552,61060,4836,4899,21895,25713,1264,1410,409693,441925,334450,358458,46439,50692,1083,1139,16858,20436,448,562,10415,10638,343887,368033,51669,56084,3290,3390,20928,24694,959,1078,56553,57699,49200,50207,3589,3626,971,926,491,534,214,255,2088,2151,51170,52241,4883,4976,1546,1509,967,1019,305,332
Florida,Polk County,852878,420565,432313,320476,328281,74309,77020,4274,3901,9028,10410,657,614,11821,12087,331300,339310,82189,85076,7005,6756,11677,13183,1286,1242,283380,298265,202387,212860,63532,66301,1106,1144,8129,9570,219,237,8007,8153,209585,220138,68703,71522,2762,2925,10201,11741,698,724,137185,134048,118089,115421,10777,10719,3168,2757,899,840,438,377,3814,3934,121715,119172,13486,13554,4243,3831,1476,1442,588,518
Florida,Putnam County,77301,38401,38900,31112,30950,5830,6369,306,292,289,353,46,59,818,877,31880,31766,6295,6860,559,560,411,496,83,101,33663,34542,26968,27129,5550,6143,180,179,261,320,26,40,678,731,27607,27807,5929,6541,389,408,366,443,56,78,4738,4358,4144,3821,280,226,126,113,28,33,20,19,140,146,4273,3959,366,319,170,152,45,53,27,23
Florida,St. Johns County,334928,164379,170549,141709,147355,9699,9474,654,527,8095,8811,192,155,4030,4227,145457,151276,11381,11211,1434,1350,9946,10813,383,340,147842,154453,127025,133025,8913,8655,412,334,7925,8660,138,110,3429,3669,130220,136437,10275,10092,1037,1005,9602,10496,292,272,16537,16096,14684,14330,786,819,242,193,170,151,54,45,601,558,15237,14839,1106,1119,397,345,344,317,91,68
Florida,St. Lucie County,390670,192075,198595,135876,138504,46107,48743,1379,1209,3414,4689,246,216,5053,5234,140131,142885,49503,52242,2513,2429,4846,6219,641,619,146027,153606,95385,99018,43130,45725,465,345,3175,4485,125,116,3747,3917,98439,102184,45595,48282,1240,1210,4354,5761,441,444,46048,44989,40491,39486,2977,3018,914,864,239,204,121,100,1306,1317,41692,40701,3908,3960,1273,1219,492,458,200,175
Florida,Santa Rosa County,207653,106498,101155,90009,87787,8744,5169,981,879,1974,3131,225,206,4565,3983,94262,91465,10505,6657,2148,1877,4066,5051,457,408,98175,94017,83347,81809,8244,4799,799,674,1870,3003,184,173,3731,3559,86812,85108,9621,6084,1656,1523,3725,4797,375,348,8323,7138,6662,5978,500,370,182,205,104,128,41,33,834,424,7450,6357,884,573,492,354,341,254,82,60
Florida,Sarasota County,476604,228882,247722,207749,224510,11036,11634,878,822,4878,6164,182,189,4159,4403,211580,228561,13150,13828,2002,2085,6265,7650,408,411,201805,219968,183423,199546,9681,10229,433,447,4696,6001,100,103,3472,3642,186617,202885,11396,11968,1329,1473,5935,7325,286,285,27077,27754,24326,24964,1355,1405,445,375,182,163,82,86,687,761,24963,25676,1754,1860,673,612,330,325,122,126
Florida,Seminole County,494605,240662,253943,183434,192290,32830,36636,1341,1317,14786,15332,340,345,7931,8023,190622,199530,37426,41232,3068,3056,17804,18452,739,756,179556,189400,130645,136043,28282,31736,545,571,14355,14913,144,183,5585,5954,135597,141318,31318,34964,1621,1765,16765,17500,423,476,61106,64543,52789,56247,4548,4900,796,746,431,419,196,162,2346,2069,55025,58212,6108,6268,1447,1291,1039,952,316,280
Florida,Sumter County,154693,76579,78114,67199,71749,7125,3899,428,256,776,1240,66,59,985,911,68007,72517,7603,4307,849,671,1007,1467,172,146,70293,73434,61843,67615,6666,3638,237,177,753,1188,50,50,744,766,62437,68257,7017,3969,561,529,947,1386,122,123,6286,4680,5356,4134,459,261,191,79,23,52,16,9,241,145,5570,4260,586,338,288,142,60,81,50,23
Florida,Suwannee County,47536,24649,22887,20248,19374,3460,2484,186,248,178,187,37,32,540,562,20744,19878,3767,2780,349,439,274,295,71,69,21404,20095,17386,16927,3297,2374,93,111,157,174,12,14,459,495,17806,17374,3554,2626,229,284,239,268,41,47,3245,2792,2862,2447,163,110,93,137,21,13,25,18,81,67,2938,2504,213,154,120,155,35,27,30,22
Florida,Taylor County,21843,11547,10296,8710,7902,2360,1906,125,110,87,86,8,10,257,282,8945,8158,2506,2062,209,197,128,132,20,32,10878,9935,8137,7601,2306,1878,109,93,81,85,6,5,239,273,8354,7848,2441,2028,187,179,119,129,18,27,669,361,573,301,54,28,16,17,6,1,2,5,18,9,591,310,65,34,22,18,9,3,2,5
Florida,Union County,15738,9754,5984,6750,5079,2672,639,46,45,68,50,5,2,213,169,6950,5234,2831,757,78,77,97,76,14,10,9124,5686,6248,4864,2596,598,32,29,62,46,4,2,182,147,6418,4999,2734,701,57,55,88,68,11,10,630,298,502,215,76,41,14,16,6,4,1,0,31,22,532,235,97,56,21,22,9,8,3,0
Florida,Volusia County,602772,295112,307660,243148,252498,35448,38204,1669,1612,6640,7100,346,291,7861,7955,250425,259841,40055,42837,3677,3716,8866,9414,712,666,242289,254727,197653,206887,31275,33864,801,877,6301,6755,181,150,6078,6194,203241,212552,34717,37344,2259,2450,8204,8750,469,440,52823,52933,45495,45611,4173,4340,868,735,339,345,165,141,1783,1761,47184,47289,5338,5493,1418,1266,662,664,243,226
Florida,Wakulla County,37115,19651,17464,15532,14759,3261,1955,164,101,149,178,21,13,524,458,16015,15172,3543,2204,320,233,248,275,55,43,18564,16562,14627,14011,3181,1897,142,84,143,161,16,8,455,401,15048,14370,3424,2113,276,200,228,248,47,35,1087,902,905,748,80,58,22,17,6,17,5,5,69,57,967,802,119,91,44,33,20,27,8,8
Florida,Walton County,89666,44905,44761,39856,40194,2527,1977,568,566,576,752,103,82,1275,1190,41063,41306,2991,2407,1069,1046,925,1087,158,130,40506,40754,36220,36813,2376,1844,257,288,539,736,35,43,1079,1030,37246,37774,2756,2204,669,695,854,1047,76,83,4399,4007,3636,3381,151,133,311,278,37,16,68,39,196,160,3817,3532,235,203,400,351,71,40,82,47
Florida,Washington County,26503,14331,12172,11116,10178,2411,1260,222,176,71,138,29,64,482,356,11538,10492,2703,1463,377,282,152,213,53,91,13666,11668,10597,9775,2362,1218,178,156,66,133,18,61,445,325,10983,10061,2632,1398,324,255,142,204,39,86,665,504,519,403,49,42,44,20,5,5,11,3,37,31,555,431,71,65,53,27,10,9,14,5
Georgia,Appling County,18669,9453,9216,7055,7196,1919,1699,128,52,108,75,41,6,202,188,7254,7377,2072,1837,167,92,121,91,41,9,8234,8262,6106,6377,1840,1637,18,22,81,64,8,4,181,158,6284,6529,1978,1756,52,53,93,77,8,7,1219,954,949,819,79,62,110,30,27,11,33,2,21,30,970,848,94,81,115,39,28,14,33,2
Georgia,Atkinson County,8435,4288,4147,3192,3162,667,704,120,52,61,39,98,57,150,133,3339,3290,778,793,150,88,71,51,101,59,2893,3043,2127,2246,610,668,29,13,28,20,10,3,89,93,2215,2335,680,729,43,38,34,29,10,5,1395,1104,1065,916,57,36,91,39,33,19,88,54,61,40,1124,955,98,64,107,50,37,22,91,54
Georgia,Bacon County,11045,5371,5674,4195,4452,963,976,33,21,43,88,19,10,118,127,4312,4574,1050,1076,54,42,54,97,20,13,4844,5208,3771,4076,920,941,9,5,33,68,9,6,102,112,3873,4183,996,1031,25,20,44,77,9,9,527,466,424,376,43,35,24,16,10,20,10,4,16,15,439,391,54,45,29,22,10,20,11,4
Georgia,Baker County,2732,1380,1352,765,707,540,571,29,12,24,26,0,2,22,34,786,739,552,594,37,20,27,30,0,3,1257,1289,687,659,526,557,4,12,18,25,0,2,22,34,708,691,538,580,12,20,21,29,0,3,123,63,78,48,14,14,25,0,6,1,0,0,0,0,78,48,14,14,25,0,6,1,0,0
Georgia,Baldwin County,43644,22074,21570,12002,11548,9248,9175,99,57,364,398,18,20,343,372,12317,11883,9449,9398,179,143,440,483,34,42,21354,20943,11496,11084,9128,9060,49,38,352,389,14,17,315,355,11785,11403,9313,9274,121,117,424,473,28,38,720,627,506,464,120,115,50,19,12,9,4,3,28,17,532,480,136,124,58,26,16,10,6,4
Georgia,Banks County,20318,10374,9944,9439,9139,418,341,81,67,194,170,10,14,232,213,9658,9333,529,453,172,143,232,206,17,24,9491,9163,8701,8464,377,316,32,28,184,165,3,2,194,188,8884,8635,472,417,102,92,220,198,8,11,883,781,738,675,41,25,49,39,10,5,7,12,38,25,774,698,57,36,70,51,12,8,9,13
Georgia,Barrow County,96294,47640,48654,35683,36361,7887,8381,359,339,2320,2204,60,68,1331,1301,36945,37585,8658,9168,693,647,2591,2465,102,115,39030,40488,28283,29316,7344,7854,94,116,2237,2125,35,45,1037,1032,29270,30284,7951,8489,312,331,2480,2354,67,83,8610,8166,7400,7045,543,527,265,223,83,79,25,23,294,269,7675,7301,707,679,381,316,111,111,35,32
Georgia,Bartow County,117508,58086,59422,48405,49161,6842,7416,443,390,723,938,134,70,1539,1447,49862,50523,7735,8291,865,766,1011,1210,180,116,51142,53135,42448,43691,6452,7080,184,182,660,896,95,42,1303,1244,43687,44853,7219,7851,506,483,923,1146,134,81,6944,6287,5957,5470,390,336,259,208,63,42,39,28,236,203,6175,5670,516,440,359,283,88,64,46,35
Georgia,Ben Hill County,16945,7999,8946,4923,5098,2790,3507,69,72,76,83,3,4,138,182,5056,5265,2877,3622,102,119,94,108,10,14,7354,8321,4400,4596,2743,3458,34,42,66,75,1,1,110,149,4506,4730,2814,3553,58,79,82,98,5,10,645,625,523,502,47,49,35,30,10,8,2,3,28,33,550,535,63,69,44,40,12,10,5,4
Georgia,Berrien County,18666,9210,9456,7770,7898,1074,1200,62,59,97,103,13,14,194,182,7954,8064,1187,1317,113,102,134,132,18,24,8511,8901,7192,7430,1027,1168,37,49,90,100,4,2,161,152,7346,7568,1121,1266,74,84,124,124,9,12,699,555,578,468,47,32,25,10,7,3,9,12,33,30,608,496,66,51,39,18,10,8,9,12
Georgia,Bibb County,157056,73852,83204,29165,30241,41082,49016,314,330,1745,2013,147,87,1399,1517,30334,31484,41995,50036,632,676,2128,2426,221,168,69574,79337,26041,27503,40431,48363,158,165,1634,1922,64,25,1246,1359,27076,28604,41243,49284,428,464,1996,2313,131,95,4278,3867,3124,2738,651,653,156,165,111,91,83,62,153,158,3258,2880,752,752,204,212,132,113,90,73
Georgia,Bleckley County,12626,5973,6653,4345,4651,1404,1783,17,13,83,73,1,3,123,130,4465,4772,1493,1871,37,42,98,87,3,11,5667,6460,4090,4510,1378,1750,8,10,81,73,1,3,109,114,4196,4616,1455,1827,27,33,95,87,3,11,306,193,255,141,26,33,9,3,2,0,0,0,14,16,269,156,38,44,10,9,3,0,0,0
Georgia,Brantley County,18795,9214,9581,8520,8795,410,489,50,69,39,33,1,6,194,189,8708,8970,508,582,125,142,62,60,7,16,8930,9328,8319,8590,358,469,33,56,39,32,1,5,180,176,8493,8752,448,556,105,124,61,58,5,14,284,253,201,205,52,20,17,13,0,1,0,1,14,13,215,218,60,26,20,18,1,2,2,2
Georgia,Brooks County,16344,7863,8481,4919,4918,2649,3177,44,49,102,136,13,25,136,176,5048,5079,2725,3273,76,99,133,173,17,35,7279,7820,4451,4453,2586,3061,33,34,99,131,3,5,107,136,4552,4575,2643,3134,58,70,127,165,6,14,584,661,468,465,63,116,11,15,3,5,10,20,29,40,496,504,82,139,18,29,6,8,11,21
Georgia,Bryan County,51105,25146,25959,19292,19737,3894,4216,155,184,821,794,38,51,946,977,20183,20633,4420,4808,336,346,1097,1082,74,90,22836,23699,17473,18036,3682,3984,76,66,800,757,29,42,776,814,18204,18779,4106,4478,205,186,1052,1018,60,73,2310,2260,1819,1701,212,232,79,118,21,37,9,9,170,163,1979,1854,314,330,131,160,45,64,14,17
Georgia,Bulloch County,85454,41605,43849,28192,28219,11543,13517,299,205,546,698,82,52,943,1158,29066,29279,12115,14242,480,431,784,998,121,94,39113,41791,26358,26639,11229,13278,124,117,528,679,62,41,812,1037,27108,27588,11718,13933,265,303,753,962,97,78,2492,2058,1834,1580,314,239,175,88,18,19,20,11,131,121,1958,1691,397,309,215,128,31,36,24,16
Georgia,Burke County,24472,11674,12798,6134,6314,5156,6027,83,63,69,112,17,19,215,263,6340,6560,5288,6210,132,115,105,153,26,27,11181,12366,5794,6010,5053,5949,71,46,54,106,15,16,194,239,5980,6232,5170,6118,115,90,87,145,24,24,493,432,340,304,103,78,12,17,15,6,2,3,21,24,360,328,118,92,17,25,18,8,2,3
Georgia,Butts County,27127,14485,12642,9376,8854,4602,3312,75,47,91,102,10,5,331,322,9687,9154,4806,3527,144,110,161,157,19,21,13803,12114,8871,8486,4501,3222,49,32,83,97,8,3,291,274,9147,8741,4680,3409,108,80,143,148,16,15,682,528,505,368,101,90,26,15,8,5,2,2,40,48,540,413,126,118,36,30,18,9,3,6
Georgia,Calhoun County,5441,3382,2059,1150,762,2119,1231,20,7,25,36,20,0,48,23,1188,782,2151,1248,40,10,30,40,21,2,3262,2025,1080,731,2107,1230,4,5,25,36,0,0,46,23,1118,751,2138,1247,22,8,30,40,0,2,120,34,70,31,12,1,16,2,0,0,20,0,2,0,70,31,13,1,18,2,0,0,21,0
Georgia,Camden County,59099,30388,28711,23199,21278,5390,5529,245,189,466,545,70,88,1018,1082,24127,22234,5939,6164,438,410,807,876,117,141,27805,26466,21165,19528,5126,5314,155,118,418,504,52,67,889,935,21973,20349,5602,5871,306,292,738,807,96,112,2583,2245,2034,1750,264,215,90,71,48,41,18,21,129,147,2154,1885,337,293,132,118,69,69,21,29
Georgia,Candler County,11130,5419,5711,3876,3966,1327,1522,19,41,71,64,6,9,120,109,3994,4070,1406,1602,42,57,88,80,9,11,4659,5031,3209,3398,1297,1486,8,13,47,40,2,0,96,94,3304,3489,1359,1557,26,24,62,54,4,1,760,680,667,568,30,36,11,28,24,24,4,9,24,15,690,581,47,45,16,33,26,26,5,10
Georgia,Carroll County,129911,63356,66555,47512,48919,12679,14491,542,368,789,824,85,71,1749,1882,49144,50655,13925,15876,856,667,1071,1148,147,138,56860,60817,42170,44146,12239,14014,177,169,706,747,43,41,1525,1700,43595,45710,13332,15276,430,428,967,1046,94,102,6496,5738,5342,4773,440,477,365,199,83,77,42,30,224,182,5549,4945,593,600,426,239,104,102,53,36
Georgia,Catoosa County,68940,33491,35449,30498,32481,1341,1261,219,202,552,635,59,63,822,807,31285,33237,1772,1690,453,444,724,805,82,88,31894,33919,29193,31221,1241,1178,147,128,523,613,43,45,747,734,29910,31909,1630,1568,352,342,688,775,64,67,1597,1530,1305,1260,100,83,72,74,29,22,16,18,75,73,1375,1328,142,122,101,102,36,30,18,21
Georgia,Charlton County,13021,7926,5095,5061,3635,2457,1065,70,175,72,43,18,14,248,163,5295,3783,2595,1168,153,218,106,76,25,17,6367,4734,3861,3356,2220,1035,44,144,69,43,3,5,170,151,4022,3493,2316,1131,90,183,99,74,10,8,1559,361,1200,279,237,30,26,31,3,0,15,9,78,12,1273,290,279,37,63,35,7,2,15,9
Georgia,Chatham County,307336,147517,159819,79403,82462,57868,66798,891,660,5393,5427,210,276,3752,4196,82604,86001,60079,69374,1770,1712,6689,6824,382,479,133395,146735,68500,72301,56070,65016,317,318,5216,5306,161,208,3131,3586,71174,75323,57895,67222,978,1163,6398,6579,294,355,14122,13084,10903,10161,1798,1782,574,342,177,121,49,68,621,610,11430,10678,2184,2152,792,549,291,245,88,124
Georgia,Chattahoochee County,8548,5416,3132,3851,2039,956,708,100,67,184,113,59,35,266,170,4087,2193,1077,797,175,107,268,161,83,47,4425,2548,3128,1621,868,659,46,33,158,94,41,21,184,120,3288,1728,950,724,88,57,232,134,59,28,991,584,723,418,88,49,54,34,26,19,18,14,82,50,799,465,127,73,87,50,36,27,24,19
Georgia,Chattooga County,25306,12998,12308,10875,10833,1590,910,117,73,77,91,54,40,285,361,11143,11170,1769,1140,194,167,114,143,64,53,12094,11601,10213,10331,1529,878,43,34,69,86,9,7,231,265,10431,10580,1672,1049,102,97,103,128,18,16,904,707,662,502,61,32,74,39,8,5,45,33,54,96,712,590,97,91,92,70,11,15,46,37
Georgia,Cherokee County,293513,145502,148011,123591,125530,12283,12727,1475,987,4438,5017,200,148,3515,3602,126798,128788,14037,14594,2328,1882,5651,6238,343,301,125606,130155,106809,110213,11165,11703,269,323,4296,4877,98,65,2969,2974,109523,112915,12638,13258,906,980,5424,5972,210,174,19896,17856,16782,15317,1118,1024,1206,664,142,140,102,83,546,628,17275,15873,1399,1336,1422,902,227,266,133,127
Georgia,Clarke County,129995,61776,68219,41202,43803,15651,19408,421,348,2703,2983,108,75,1691,1602,42702,45208,16512,20221,760,647,3367,3664,198,157,53447,60212,34264,36827,15204,18962,100,105,2599,2894,35,21,1245,1403,35371,38057,15811,19669,292,344,3168,3529,97,89,8329,8007,6938,6976,447,446,321,243,104,89,73,54,446,199,7331,7151,701,552,468,303,199,135,101,68
Georgia,Clay County,2815,1334,1481,503,578,784,848,6,5,19,31,1,1,21,18,524,594,794,861,12,9,24,34,1,1,1309,1450,485,548,781,847,5,5,19,31,1,1,18,18,503,564,789,860,10,9,24,34,1,1,25,31,18,30,3,1,1,0,0,0,0,0,3,0,21,30,5,1,2,0,0,0,0,0
Georgia,Clayton County,297703,139983,157720,28380,27381,99398,116729,1043,920,7596,8423,172,262,3394,4005,30980,30368,102099,119988,1973,2100,8260,9203,352,492,117104,136195,10992,11562,95800,113035,187,277,7325,7965,74,93,2726,3263,13064,13960,98001,115735,865,1192,7899,8628,214,275,22879,21525,17388,15819,3598,3694,856,643,271,458,98,169,668,742,17916,16408,4098,4253,1108,908,361,575,138,217
Georgia,Clinch County,6871,3350,3521,2331,2372,856,1005,39,31,19,25,7,2,98,86,2426,2456,927,1067,54,47,33,34,8,3,3101,3378,2139,2258,827,994,25,19,18,24,5,1,87,82,2224,2338,892,1055,35,33,32,32,5,2,249,143,192,114,29,11,14,12,1,1,2,1,11,4,202,118,35,12,19,14,1,2,3,1
Georgia,Cobb County,787538,384374,403164,238775,239326,107707,123069,2856,2725,23640,25006,264,353,11132,12685,248453,250191,114550,131215,5408,5787,27456,29168,624,792,320523,342622,185259,189760,102351,117306,518,691,23194,24522,120,187,9081,10156,193163,198459,107843,123733,2323,2850,26604,28120,396,527,63851,60542,53516,49566,5356,5763,2338,2034,446,484,144,166,2051,2529,55290,51732,6707,7482,3085,2937,852,1048,228,265
Georgia,Coffee County,43851,22247,21604,14886,14877,6497,5906,167,118,186,197,79,56,432,450,15286,15281,6789,6230,255,218,252,253,100,78,18860,18497,11910,12106,6348,5765,69,62,162,174,14,8,357,382,12241,12451,6597,6043,132,144,220,221,30,26,3387,3107,2976,2771,149,141,98,56,24,23,65,48,75,68,3045,2830,192,187,123,74,32,32,70,52
Georgia,Colquitt County,46977,23269,23708,16591,16806,5293,5864,700,384,245,257,40,38,400,359,16948,17124,5517,6093,835,492,314,317,56,48,17325,18799,11718,12595,5053,5621,55,58,206,225,8,7,285,293,11976,12857,5220,5809,134,141,264,276,17,15,5944,4909,4873,4211,240,243,645,326,39,32,32,31,115,66,4972,4267,297,284,701,351,50,41,39,33
Georgia,Columbia County,167472,81782,85690,56937,58304,17479,18988,433,388,3798,4738,200,177,2935,3095,59579,61050,18939,20628,961,990,5078,6033,309,302,74833,78829,51475,53050,16664,18090,264,265,3700,4636,149,150,2581,2638,53804,55401,17932,19467,667,714,4905,5819,242,246,6949,6861,5462,5254,815,898,169,123,98,102,51,27,354,457,5775,5649,1007,1161,294,276,173,214,67,56
Georgia,Cook County,17984,8732,9252,5900,6059,2309,2721,226,175,78,89,7,7,212,201,6100,6246,2439,2854,277,228,119,115,10,10,7925,8461,5353,5514,2273,2657,36,36,76,84,1,1,186,169,5527,5670,2390,2770,79,79,112,109,4,2,807,791,547,545,36,64,190,139,2,5,6,6,26,32,573,576,49,84,198,149,7,6,6,8
Georgia,Coweta County,158233,77048,81185,57370,58984,15317,17352,428,531,1866,2175,103,128,1964,2015,59126,60767,16341,18454,953,1070,2487,2798,180,218,70207,74131,51721,53281,14788,16763,199,194,1783,2090,53,60,1663,1743,53215,54819,15661,17715,586,619,2357,2667,114,134,6841,7054,5649,5703,529,589,229,337,83,85,50,68,301,272,5911,5948,680,739,367,451,130,131,66,84
Georgia,Crawford County,12349,6133,6216,4628,4667,1236,1344,71,41,67,28,2,3,129,133,4748,4787,1316,1424,107,84,88,51,4,6,5843,5974,4403,4470,1217,1324,38,25,63,25,1,1,121,129,4515,4586,1293,1401,70,66,84,48,3,4,290,242,225,197,19,20,33,16,4,3,1,2,8,4,233,201,23,23,37,18,4,3,1,2
Georgia,Crisp County,19468,9289,10179,4860,5033,4085,4821,49,33,97,90,18,15,180,187,5028,5203,4210,4954,91,82,119,111,22,19,8869,9828,4571,4778,4012,4769,33,22,91,85,7,7,155,167,4715,4930,4123,4889,63,64,113,105,10,9,420,351,289,255,73,52,16,11,6,5,11,8,25,20,313,273,87,65,28,18,6,6,12,10
Georgia,Dade County,16068,8007,8061,7550,7616,181,126,57,60,70,97,6,7,143,155,7679,7754,248,197,114,120,101,137,11,10,7724,7813,7318,7405,167,106,35,49,67,95,3,5,134,153,7438,7541,230,176,88,108,98,135,7,8,283,248,232,211,14,20,22,11,3,2,3,2,9,2,241,213,18,21,26,12,3,2,4,2
Georgia,Dawson County,33748,16932,16816,15488,15580,483,376,97,89,535,444,9,16,320,311,15783,15864,640,544,218,207,592,497,19,20,15556,15373,14280,14280,412,327,67,53,525,435,8,11,264,267,14522,14525,543,467,160,150,579,485,16,15,1376,1443,1208,1300,71,49,30,36,10,9,1,5,56,44,1261,1339,97,77,58,57,13,12,3,5
Georgia,Decatur County,29391,14353,15038,7827,7913,6045,6602,148,123,89,106,24,21,220,273,8030,8158,6193,6793,201,198,120,140,32,25,13202,13949,6976,7093,5923,6510,41,40,75,94,5,7,182,205,7144,7279,6045,6653,81,88,103,125,11,10,1151,1089,851,820,122,92,107,83,14,12,19,14,38,68,886,879,148,140,120,110,17,15,21,15
Georgia,DeKalb County,770307,364920,405387,139944,143162,187260,221444,3179,2291,24852,27407,403,571,9282,10512,147360,151428,192888,228120,6005,5676,28181,31035,822,1053,322069,364855,107048,112606,182184,215453,453,565,24455,27002,216,308,7713,8921,113190,119574,186829,221084,2537,3217,27463,30274,550,708,42851,40532,32896,30556,5076,5991,2726,1726,397,405,187,263,1569,1591,34170,31854,6059,7036,3468,2459,718,761,272,345
Georgia,Dodge County,19630,10302,9328,6693,6274,3279,2721,76,58,55,62,18,22,181,191,6861,6450,3406,2855,118,102,80,87,20,25,9792,9029,6330,6103,3212,2657,30,26,51,60,1,3,168,180,6485,6269,3330,2788,68,65,76,82,3,5,510,299,363,171,67,64,46,32,4,2,17,19,13,11,376,181,76,67,50,37,4,5,17,20
Georgia,Dooly County,11186,6297,4889,3145,2377,2968,2367,25,27,65,48,8,11,86,59,3221,2430,3018,2393,56,51,79,61,9,14,5631,4495,2582,2074,2894,2311,16,13,55,41,2,2,82,54,2655,2122,2940,2334,46,36,69,54,3,3,666,394,563,303,74,56,9,14,10,7,6,9,4,5,566,308,78,59,10,15,10,7,6,11
Georgia,Dougherty County,82418,37352,45066,9520,10452,26454,33193,246,200,346,402,105,78,681,741,10078,11026,26894,33723,430,403,514,566,141,120,35767,43535,8599,9565,26191,32838,90,93,322,367,34,25,531,647,9030,10061,26539,33303,216,261,468,517,64,63,1585,1531,921,887,263,355,156,107,24,35,71,53,150,94,1048,965,355,420,214,142,46,49,77,57
Georgia,Douglas County,151887,71966,79921,28985,30231,39056,45115,440,496,1226,1431,126,153,2133,2495,30809,32347,40563,46922,946,1169,1720,1956,220,264,62071,69735,21252,22588,37628,43434,181,197,1167,1358,65,93,1778,2065,22775,24322,38903,44939,566,716,1604,1819,135,183,9895,10186,7733,7643,1428,1681,259,299,59,73,61,60,355,430,8034,8025,1660,1983,380,453,116,137,85,81
Georgia,Early County,10444,4870,5574,2279,2367,2464,3030,26,29,26,51,3,5,72,92,2350,2447,2509,3086,44,58,38,67,3,8,4738,5479,2185,2305,2437,3007,22,26,24,48,3,5,67,88,2251,2381,2478,3061,40,55,35,63,3,7,132,95,94,62,27,23,4,3,2,3,0,0,5,4,99,66,31,25,4,3,3,4,0,1
Georgia,Echols County,3698,1889,1809,1589,1512,134,142,83,60,15,35,9,1,59,59,1646,1567,157,172,107,77,29,48,9,4,1240,1312,1039,1091,112,116,30,19,12,33,1,0,46,53,1084,1140,129,142,48,35,24,46,1,2,649,497,550,421,22,26,53,41,3,2,8,1,13,6,562,427,28,30,59,42,5,2,8,2
Georgia,Effingham County,73148,36278,36870,28604,28871,6010,6276,199,172,490,509,55,66,920,976,29429,29735,6503,6859,476,450,720,732,97,113,33479,34204,26313,26627,5772,6070,115,103,457,494,32,51,790,859,27024,27389,6199,6582,332,334,670,698,68,93,2799,2666,2291,2244,238,206,84,69,33,15,23,15,130,117,2405,2346,304,277,144,116,50,34,29,20
Georgia,Elbert County,20152,9614,10538,6601,7107,2609,3043,47,42,157,137,7,8,193,201,6779,7282,2712,3169,108,107,202,168,9,16,9011,9839,6153,6559,2527,2968,24,23,138,120,3,7,166,162,6306,6698,2619,3070,71,74,178,147,5,13,603,699,448,548,82,75,23,19,19,17,4,1,27,39,473,584,93,99,37,33,24,21,4,3
Georgia,Emanuel County,23224,11792,11432,7235,7216,4201,3894,63,48,102,82,7,7,184,185,7408,7385,4314,4020,113,96,128,104,13,14,11130,10893,6716,6792,4116,3837,41,30,96,80,2,4,159,150,6867,6927,4217,3940,77,65,121,101,7,11,662,539,519,424,85,57,22,18,6,2,5,3,25,35,541,458,97,80,36,31,7,3,6,3
Georgia,Evans County,10869,5361,5508,3397,3597,1726,1676,45,31,58,85,27,17,108,102,3493,3686,1777,1736,86,63,76,106,37,19,4601,4856,2865,3113,1597,1587,13,11,31,53,6,3,89,89,2944,3192,1639,1640,47,36,47,72,13,5,760,652,532,484,129,89,32,20,27,32,21,14,19,13,549,494,138,96,39,27,29,34,24,14
Georgia,Fannin County,25854,12808,13046,12239,12525,153,161,73,56,108,97,12,9,223,198,12439,12705,225,225,197,169,150,130,20,15,12270,12620,11791,12160,125,122,55,51,93,92,8,7,198,188,11968,12331,190,185,163,158,131,121,16,13,538,426,448,365,28,39,18,5,15,5,4,2,25,10,471,374,35,40,34,11,19,9,4,2
Georgia,Fayette County,125107,60839,64268,38854,39867,16544,18636,307,309,3438,3695,90,91,1606,1670,40217,41264,17404,19580,702,740,4054,4297,169,183,55047,58470,34098,35140,16045,18114,139,142,3320,3542,59,65,1386,1467,35277,36358,16781,18933,444,484,3889,4107,124,148,5792,5798,4756,4727,499,522,168,167,118,153,31,26,220,203,4940,4906,623,647,258,256,165,190,45,35
Georgia,Floyd County,101390,49430,51960,39378,41318,7219,7920,596,445,824,965,167,125,1246,1187,40532,42417,7993,8688,907,730,1069,1174,209,165,42063,45858,33171,36156,6911,7658,136,131,750,875,31,24,1064,1014,34158,37093,7583,8321,376,352,970,1061,66,62,7367,6102,6207,5162,308,262,460,314,74,90,136,101,182,173,6374,5324,410,367,531,378,99,113,143,103
Georgia,Forsyth County,280096,140116,139980,95254,96183,6911,7022,831,696,33826,32845,101,117,3193,3117,98151,99004,8168,8343,1585,1476,35402,34293,228,255,125619,125942,82431,83852,6420,6454,304,309,33631,32702,71,76,2762,2549,84953,86165,7483,7510,857,841,35096,33993,176,177,14497,14038,12823,12331,491,568,527,387,195,143,30,41,431,568,13198,12839,685,833,728,635,306,300,52,78
Georgia,Franklin County,25208,12239,12969,10395,10982,1186,1326,66,66,309,293,13,2,270,300,10640,11252,1358,1514,138,161,352,330,25,17,11455,12276,9766,10428,1110,1261,35,26,299,288,5,2,240,271,9983,10671,1265,1433,94,108,340,323,16,16,784,693,629,554,76,65,31,40,10,5,8,0,30,29,657,581,93,81,44,53,12,7,9,1
Georgia,Fulton County,1090354,528363,561991,243015,233179,222886,266019,1753,1751,48146,46550,195,203,12368,14289,252921,244401,230303,275103,4850,5634,53406,52299,733,821,481719,517515,204919,197656,217264,260006,643,757,47837,46296,102,136,10954,12664,213679,207552,223704,267941,3182,4005,52739,51603,564,667,46644,44476,38096,35523,5622,6013,1110,994,309,254,93,67,1414,1625,39242,36849,6599,7162,1668,1629,667,696,169,154
Georgia,Gilmer County,33327,16903,16424,15903,15663,377,194,136,108,140,148,87,95,260,216,16137,15858,478,279,273,229,179,180,103,100,14515,14505,13879,13987,214,128,74,60,108,126,14,16,226,188,14080,14159,302,204,191,163,143,154,29,19,2388,1919,2024,1676,163,66,62,48,32,22,73,79,34,28,2057,1699,176,75,82,66,36,26,74,81
Georgia,Glascock County,3008,1491,1517,1320,1327,122,141,9,13,6,4,2,0,32,32,1350,1356,139,158,20,25,11,10,3,0,1453,1490,1289,1304,119,138,9,13,6,4,2,0,28,31,1315,1332,133,155,19,25,11,9,3,0,38,27,31,23,3,3,0,0,0,0,0,0,4,1,35,24,6,3,1,0,0,1,0,0
Georgia,Glynn County,86540,40766,45774,28458,31477,10291,12076,284,294,768,908,93,83,872,936,29219,32297,10798,12642,528,580,997,1129,147,132,37045,42349,25387,28715,10015,11805,125,135,712,860,43,51,763,783,26053,29397,10465,12284,322,352,921,1054,91,95,3721,3425,3071,2762,276,271,159,159,56,48,50,32,109,153,3166,2900,333,358,206,228,76,75,56,37
Georgia,Gordon County,60765,30044,30721,26912,27705,1581,1528,240,188,538,504,137,121,636,675,27497,28331,1973,1961,410,360,653,618,160,141,24614,25852,22157,23318,1387,1363,79,90,420,466,38,35,533,580,22646,23856,1726,1736,205,227,521,573,57,51,5430,4869,4755,4387,194,165,161,98,118,38,99,86,103,95,4851,4475,247,225,205,133,132,45,103,90
Georgia,Grady County,26271,12847,13424,8517,8825,3603,4034,192,179,152,148,40,40,343,198,8827,8998,3770,4140,340,260,207,179,56,50,10910,11633,7127,7430,3413,3880,80,81,75,79,7,7,208,156,7313,7567,3524,3969,154,140,111,102,17,15,1937,1791,1390,1395,190,154,112,98,77,69,33,33,135,42,1514,1431,246,171,186,120,96,77,39,35
Georgia,Greene County,21091,10371,10720,6974,7158,2904,3173,175,49,109,161,17,8,192,171,7146,7312,3008,3265,253,116,137,186,24,15,9497,10006,6396,6557,2812,3108,24,31,101,157,11,6,153,147,6530,6690,2899,3193,81,83,126,177,16,12,874,714,578,601,92,65,151,18,8,4,6,2,39,24,616,622,109,72,172,33,11,9,8,3
Georgia,Gwinnett County,1003869,492833,511036,252150,247507,147984,165190,5358,4780,71832,77033,467,482,15042,16044,265037,261114,157274,175479,9055,8838,77425,82812,1217,1257,366599,391174,145167,146911,137992,154453,689,766,70775,76117,147,178,11829,12749,155265,157667,145162,162502,3122,3561,75529,81013,679,750,126234,119862,106983,100596,9992,10737,4669,4014,1057,916,320,304,3213,3295,109772,103447,12112,12977,5933,5277,1896,1799,538,507
Georgia,Habersham County,49665,23751,25914,21325,23126,729,1294,315,222,595,621,271,126,516,525,21800,23618,991,1569,503,392,703,732,288,143,19236,21941,17538,19601,651,1225,57,69,546,591,31,19,413,436,17921,20007,865,1459,188,196,639,691,45,35,4515,3973,3787,3525,78,69,258,153,49,30,240,107,103,89,3879,3611,126,110,315,196,64,41,243,108
Georgia,Hall County,221745,110612,111133,94087,94212,9588,10053,1212,967,3145,3510,198,176,2382,2215,96292,96260,10826,11250,2069,1751,3703,3986,303,267,75671,79046,62216,64732,8596,9130,204,174,2948,3355,51,44,1656,1611,63755,66222,9475,10015,698,658,3391,3745,115,114,34941,32087,31871,29480,992,923,1008,793,197,155,147,132,726,604,32537,30038,1351,1235,1371,1093,312,241,188,153
Georgia,Hancock County,8683,4894,3789,1482,1116,3269,2585,25,14,67,25,1,2,50,47,1525,1161,3299,2612,45,31,74,29,2,3,4805,3756,1408,1095,3264,2576,17,14,67,25,1,2,48,44,1449,1137,3294,2602,36,29,73,29,2,3,89,33,74,21,5,9,8,0,0,0,0,0,2,3,76,24,5,10,9,2,1,0,0,0
Georgia,Haralson County,32404,15948,16456,14558,14931,854,884,63,60,124,168,7,8,342,405,14878,15302,1037,1110,174,201,195,232,18,23,15540,16024,14216,14567,826,854,56,48,118,166,6,8,318,381,14512,14916,997,1071,155,175,184,227,17,23,408,432,342,364,28,30,7,12,6,2,1,0,24,24,366,386,40,39,19,26,11,5,1,0
Georgia,Harris County,36929,18532,18397,14504,14335,3205,3135,105,97,221,315,28,34,469,481,14925,14756,3430,3375,244,249,365,455,58,58,17569,17374,13777,13546,3097,3030,76,67,200,296,24,27,395,408,14135,13904,3279,3232,180,182,334,424,47,47,963,1023,727,789,108,105,29,30,21,19,4,7,74,73,790,852,151,143,64,67,31,31,11,11
Georgia,Hart County,28052,13979,14073,10902,11078,2543,2434,56,44,192,221,5,9,281,287,11158,11341,2739,2648,117,104,234,254,17,17,13250,13429,10297,10543,2492,2397,30,28,181,204,2,4,248,253,10523,10777,2671,2590,76,75,218,233,13,11,729,644,605,535,51,37,26,16,11,17,3,5,33,34,635,564,68,58,41,29,16,21,4,6
Georgia,Heard County,12119,5939,6180,5149,5325,579,599,34,41,35,30,5,1,137,184,5275,5494,652,721,77,92,63,54,12,9,5725,6005,4995,5194,553,587,24,28,31,30,1,1,121,165,5105,5345,619,700,62,70,55,52,6,9,214,175,154,131,26,12,10,13,4,0,4,0,16,19,170,149,33,21,15,22,8,2,6,0
Georgia,Henry County,259315,122284,137031,44812,46164,68868,81098,620,633,4293,4894,162,169,3529,4073,47836,49590,71285,83946,1452,1718,5439,6160,374,385,110908,125649,36680,38350,66772,78668,239,299,4142,4749,85,102,2990,3481,39234,41269,68819,81096,861,1147,5157,5871,250,276,11376,11382,8132,7814,2096,2430,381,334,151,145,77,67,539,592,8602,8321,2466,2850,591,571,282,289,124,109
Georgia,Houston County,174897,84441,90456,49273,49821,29024,33724,420,380,2604,3253,187,141,2933,3137,51868,52586,30673,35572,1072,1078,3802,4464,354,268,77183,83563,43533,44371,28331,33018,230,231,2485,3158,83,81,2521,2704,45768,46753,29732,34600,718,763,3565,4251,213,182,7258,6893,5740,5450,693,706,190,149,119,95,104,60,412,433,6100,5833,941,972,354,315,237,213,141,86
Georgia,Irwin County,9155,4558,4597,3280,3297,1124,1134,24,25,34,54,3,4,93,83,3357,3375,1190,1184,49,49,53,67,7,7,4164,4310,2990,3072,1057,1111,8,10,29,48,0,1,80,68,3057,3136,1114,1154,27,27,45,58,3,4,394,287,290,225,67,23,16,15,5,6,3,3,13,15,300,239,76,30,22,22,8,9,4,3
Georgia,Jackson County,93825,46427,47398,39081,39843,4539,4555,307,250,1409,1626,54,42,1037,1082,40014,40821,5138,5193,622,564,1663,1873,107,100,40154,41567,33577,34720,4223,4254,95,86,1366,1590,27,24,866,893,34363,35535,4734,4783,327,311,1584,1807,71,71,6273,5831,5504,5123,316,301,212,164,43,36,27,18,171,189,5651,5286,404,410,295,253,79,66,36,29
Georgia,Jasper County,17219,8484,8735,6798,6953,1371,1512,64,55,50,46,3,2,198,167,6967,7102,1486,1615,138,113,88,67,13,11,7993,8288,6420,6609,1338,1475,26,33,41,41,3,2,165,128,6560,6728,1436,1555,86,71,71,54,10,9,491,447,378,344,33,37,38,22,9,5,0,0,33,39,407,374,50,60,52,42,17,13,3,2
Georgia,Jeff Davis County,15119,7507,7612,6056,6069,1157,1229,72,76,58,68,8,12,156,158,6193,6215,1264,1339,106,115,87,85,17,17,6322,6582,5024,5186,1086,1174,21,22,52,59,1,4,138,137,5144,5315,1186,1270,50,54,76,73,8,8,1185,1030,1032,883,71,55,51,54,6,9,7,8,18,21,1049,900,78,69,56,61,11,12,9,9
Georgia,Jefferson County,15019,7308,7711,3502,3444,3563,4056,63,26,47,61,7,7,126,117,3611,3554,3647,4133,101,58,69,73,12,12,6912,7486,3231,3278,3515,4024,14,23,33,52,2,2,117,107,3334,3380,3594,4095,46,50,52,63,5,7,396,225,271,166,48,32,49,3,14,9,5,5,9,10,277,174,53,38,55,8,17,10,7,5
Georgia,Jenkins County,8836,4738,4098,2544,2212,2072,1683,24,20,28,85,15,5,55,93,2593,2297,2104,1746,44,47,39,99,15,7,4505,3933,2385,2099,2027,1651,14,16,24,82,1,0,54,85,2433,2177,2058,1711,34,38,35,93,1,2,233,165,159,113,45,32,10,4,4,3,14,5,1,8,160,120,46,35,10,9,4,6,14,5
Georgia,Johnson County,9178,5350,3828,3250,2521,1988,1204,11,18,26,20,1,2,74,63,3316,2581,2035,1243,33,37,36,27,4,4,5256,3777,3167,2480,1982,1201,8,13,26,20,1,2,72,61,3231,2538,2029,1239,29,30,36,27,3,4,94,51,83,41,6,3,3,5,0,0,0,0,2,2,85,43,6,4,4,7,0,0,1,0
Georgia,Jones County,29047,14077,14970,10037,10531,3601,4019,55,54,92,114,2,3,290,249,10288,10756,3793,4173,131,123,159,156,19,19,13661,14627,9730,10256,3559,3985,38,51,81,106,1,2,252,227,9950,10461,3728,4129,97,110,139,145,15,17,416,343,307,275,42,34,17,3,11,8,1,1,38,22,338,295,65,44,34,13,20,11,4,2
Georgia,Lamar County,20690,9988,10702,7092,7296,2491,3088,42,32,118,75,5,3,240,208,7296,7485,2650,3219,115,93,159,106,14,18,9575,10325,6785,6997,2436,3042,23,21,93,68,5,2,233,195,6983,7176,2592,3165,94,75,131,98,14,15,413,377,307,299,55,46,19,11,25,7,0,1,7,13,313,309,58,54,21,18,28,8,0,3
Georgia,Lanier County,10464,5311,5153,3684,3685,1294,1168,95,38,81,64,2,3,155,195,3815,3856,1376,1274,150,101,123,113,11,15,4855,4701,3370,3309,1251,1137,35,19,70,60,2,2,127,174,3480,3463,1322,1234,76,71,105,104,7,12,456,452,314,376,43,31,60,19,11,4,0,1,28,21,335,393,54,40,74,30,18,9,4,3
Georgia,Laurens County,50287,23868,26419,14526,15110,8491,10445,117,103,286,272,6,6,442,483,14915,15548,8808,10788,224,214,354,338,25,30,22853,25529,13720,14411,8413,10353,55,62,272,260,4,5,389,438,14062,14814,8701,10663,141,153,329,321,19,27,1015,890,806,699,78,92,62,41,14,12,2,1,53,45,853,734,107,125,83,61,25,17,6,3
Georgia,Lee County,34073,17157,16916,11612,11461,4727,4535,74,63,465,515,18,17,261,325,11824,11743,4876,4726,154,141,542,602,37,48,16500,16335,11089,11015,4646,4465,61,52,455,503,17,13,232,287,11277,11265,4784,4632,127,116,524,583,30,41,657,581,523,446,81,70,13,11,10,12,1,4,29,38,547,478,92,94,27,25,18,19,7,7
Georgia,Liberty County,68607,34824,33783,16557,14937,15218,15726,282,250,694,906,286,261,1787,1703,18097,16402,16488,16936,639,595,1248,1413,405,397,30082,29425,13087,11841,14503,15001,161,127,649,846,242,221,1440,1389,14333,13036,15509,15993,399,369,1115,1273,327,323,4742,4358,3470,3096,715,725,121,123,45,60,44,40,347,314,3764,3366,979,943,240,226,133,140,78,74
Georgia,Lincoln County,8049,3918,4131,2855,2837,958,1132,22,19,14,27,4,9,65,107,2914,2931,992,1189,44,63,30,43,4,15,3836,4064,2789,2792,950,1128,18,13,14,26,2,3,63,102,2846,2881,982,1183,39,55,30,41,2,8,82,67,66,45,8,4,4,6,0,1,2,6,2,5,68,50,10,6,5,8,0,2,2,7
Georgia,Long County,20439,10270,10169,6412,6342,3132,3007,105,106,107,144,45,56,469,514,6794,6767,3428,3333,230,240,254,295,85,106,8818,8817,5267,5334,2964,2837,63,64,93,128,41,48,390,406,5585,5675,3208,3093,154,148,220,254,72,85,1452,1352,1145,1008,168,170,42,42,14,16,4,8,79,108,1209,1092,220,240,76,92,34,41,13,21
Georgia,Lowndes County,122082,59063,63019,34023,34662,21846,24823,329,318,1111,1404,126,105,1628,1707,35415,36108,22835,25883,722,721,1708,2003,244,228,54271,58447,30324,31124,21325,24290,157,180,1035,1347,68,63,1362,1443,31496,32355,22139,25179,437,474,1567,1884,158,159,4792,4572,3699,3538,521,533,172,138,76,57,58,42,266,264,3919,3753,696,704,285,247,141,119,86,69
Georgia,Lumpkin County,36016,17932,18084,16789,17058,448,353,130,133,185,176,26,29,354,335,17097,17359,591,494,300,269,283,264,40,57,16859,16914,15868,16040,406,294,92,108,172,157,17,20,304,295,16135,16302,520,416,232,230,258,230,29,47,1073,1170,921,1018,42,59,38,25,13,19,9,9,50,40,962,1057,71,78,68,39,25,34,11,10
Georgia,McDuffie County,21764,10193,11571,5803,6431,4030,4803,60,41,69,68,11,13,220,215,5999,6624,4197,4956,113,89,97,97,17,26,9753,11151,5479,6112,3954,4741,42,29,61,61,8,8,209,200,5666,6293,4113,4883,90,70,88,88,13,20,440,420,324,319,76,62,18,12,8,7,3,5,11,15,333,331,84,73,23,19,9,9,4,6
Georgia,McIntosh County,11800,5693,6107,3803,3981,1666,1908,42,42,33,45,17,7,132,124,3915,4090,1742,1971,99,80,61,76,18,16,5507,5943,3678,3873,1642,1887,28,27,27,36,10,5,122,115,3781,3973,1715,1947,79,61,51,65,11,13,186,164,125,108,24,21,14,15,6,9,7,2,10,9,134,117,27,24,20,19,10,11,7,3
Georgia,Macon County,11831,6735,5096,2431,1984,4036,2925,44,36,101,83,22,2,101,66,2517,2046,4090,2951,85,65,119,97,29,8,6351,4837,2151,1798,4003,2890,14,14,91,77,15,0,77,58,2215,1853,4044,2911,44,39,106,89,19,6,384,259,280,186,33,35,30,22,10,6,7,2,24,8,302,193,46,40,41,26,13,8,10,2
Georgia,Madison County,32771,16183,16588,13727,13950,1672,1824,79,83,361,370,3,8,341,353,14031,14266,1890,2047,169,171,429,432,17,33,14773,15243,12489,12786,1592,1745,45,49,342,349,0,3,305,311,12760,13068,1786,1937,120,123,407,406,12,25,1410,1345,1238,1164,80,79,34,34,19,21,3,5,36,42,1271,1198,104,110,49,48,22,26,5,8
Georgia,Marion County,7635,3776,3859,2404,2448,1107,1172,59,52,66,83,40,17,100,87,2491,2527,1164,1214,99,82,89,100,41,26,3416,3566,2191,2233,1043,1127,27,34,60,79,5,13,90,80,2270,2305,1091,1164,61,63,82,95,6,22,360,293,213,215,64,45,32,18,6,4,35,4,10,7,221,222,73,50,38,19,7,5,35,4
Georgia,Meriwether County,21439,10275,11164,6394,6649,3477,4130,82,68,84,77,9,6,229,234,6598,6860,3632,4285,148,127,115,106,15,25,9888,10785,6121,6344,3421,4104,51,45,78,77,6,4,211,211,6309,6535,3565,4240,111,96,107,104,10,22,387,379,273,305,56,26,31,23,6,0,3,2,18,23,289,325,67,45,37,31,8,2,5,3
Georgia,Miller County,5824,2742,3082,1961,2016,684,959,15,14,23,20,0,5,59,68,2017,2082,712,1001,33,32,38,29,2,7,2637,2972,1886,1935,666,944,10,12,20,18,0,0,55,63,1938,1996,692,982,27,29,33,27,2,2,105,110,75,81,18,15,5,2,3,2,0,5,4,5,79,86,20,19,6,3,5,2,0,5
Georgia,Mitchell County,20329,9896,10433,5030,5168,4505,4931,100,65,81,87,9,6,171,176,5176,5324,4602,5032,170,123,108,117,19,21,9242,9936,4561,4803,4424,4866,38,40,74,72,4,4,141,151,4678,4938,4503,4950,95,84,98,100,11,18,654,497,469,365,81,65,62,25,7,15,5,2,30,25,498,386,99,82,75,39,10,17,8,3
Georgia,Monroe County,31437,15895,15542,11727,11763,3629,3253,51,66,199,185,10,4,279,271,11977,12006,3797,3416,138,137,243,241,29,24,15325,15112,11283,11416,3571,3221,32,49,192,177,5,4,242,245,11498,11635,3718,3366,105,109,232,231,20,24,570,430,444,347,58,32,19,17,7,8,5,0,37,26,479,371,79,50,33,28,11,10,9,0
Georgia,Montgomery County,8566,4359,4207,3035,3014,1204,1062,12,8,31,38,1,3,76,82,3103,3094,1247,1116,38,29,45,47,4,6,4006,3851,2747,2712,1149,1022,12,7,31,38,0,2,67,70,2808,2780,1189,1068,33,24,43,46,1,5,353,356,288,302,55,40,0,1,0,0,1,1,9,12,295,314,58,48,5,5,2,1,3,1
Georgia,Morgan County,21940,10659,11281,8284,8510,2028,2351,85,65,80,116,8,2,174,237,8439,8722,2137,2502,137,124,107,159,21,15,10173,10849,7938,8186,1973,2312,31,26,74,113,4,1,153,211,8074,8377,2069,2443,75,80,99,150,13,13,486,432,346,324,55,39,54,39,6,3,4,1,21,26,365,345,68,59,62,44,8,9,8,2
Georgia,Murray County,41316,20370,20946,19182,19885,414,300,246,178,138,168,65,74,325,341,19472,20178,595,482,360,316,198,230,90,100,16696,17513,15974,16830,284,207,68,58,106,132,9,12,255,274,16202,17070,426,349,152,161,155,184,26,34,3674,3433,3208,3055,130,93,178,120,32,36,56,62,70,67,3270,3108,169,133,208,155,43,46,64,66
Georgia,Muscogee County,201830,96527,105303,42479,44017,46883,53595,611,546,2955,3266,266,292,3333,3587,45353,47051,49142,56070,1349,1364,4039,4434,480,520,87204,96478,35856,37855,45244,51895,305,322,2836,3168,191,225,2772,3013,38246,40408,47111,53972,845,941,3785,4191,347,397,9323,8825,6623,6162,1639,1700,306,224,119,98,75,67,561,574,7107,6643,2031,2098,504,423,254,243,133,123
Georgia,Newton County,124010,58151,65859,25451,27063,29806,35772,355,334,929,1012,85,81,1525,1597,26785,28436,30869,36887,722,732,1253,1362,183,189,53316,60940,21974,23550,28938,34863,136,145,893,961,70,60,1305,1361,23119,24719,29852,35821,425,459,1175,1269,148,155,4835,4919,3477,3513,868,909,219,189,36,51,15,21,220,236,3666,3717,1017,1066,297,273,78,93,35,34
Georgia,Oconee County,44751,21961,22790,19229,19824,1077,1102,70,78,1054,1316,20,15,511,455,19691,20231,1320,1317,230,205,1218,1480,57,48,20618,21501,18187,18789,1019,1038,31,36,1035,1299,12,5,334,334,18492,19095,1178,1192,104,104,1162,1429,33,27,1343,1289,1042,1035,58,64,39,42,19,17,8,10,177,121,1199,1136,142,125,126,101,56,51,24,21
Georgia,Oglethorpe County,16172,8033,8139,6365,6400,1266,1367,54,43,132,127,3,5,213,197,6565,6583,1405,1501,106,89,160,156,14,12,7368,7576,5799,5914,1214,1332,32,26,126,123,2,0,195,181,5983,6082,1338,1456,80,68,151,148,13,7,665,563,566,486,52,35,22,17,6,4,1,5,18,16,582,501,67,45,26,21,9,8,1,5
Georgia,Paulding County,188549,92067,96482,62015,63478,24817,27512,550,509,1637,2038,95,92,2953,2853,64674,66008,26684,29325,1307,1296,2472,2841,257,250,82923,87077,54818,56008,23743,26371,196,187,1558,1979,66,67,2542,2465,57125,58206,25351,27930,784,820,2311,2696,183,198,9144,9405,7197,7470,1074,1141,354,322,79,59,29,25,411,388,7549,7802,1333,1395,523,476,161,145,74,52
Georgia,Peach County,29213,13953,15260,7343,7506,6051,7081,95,71,144,213,15,13,305,376,7602,7809,6243,7319,192,187,206,308,44,53,12432,13934,6054,6401,5951,6969,42,43,120,195,6,5,259,321,6274,6661,6117,7175,117,131,172,277,32,39,1521,1326,1289,1105,100,112,53,28,24,18,9,8,46,55,1328,1148,126,144,75,56,34,31,12,14
Georgia,Pickens County,36580,18119,18461,17197,17624,350,261,116,117,128,154,7,9,321,296,17490,17894,508,397,253,242,177,216,25,23,17280,17636,16472,16901,305,219,72,82,122,147,5,7,304,280,16748,17158,457,344,197,201,169,204,23,20,839,825,725,723,45,42,44,35,6,7,2,2,17,16,742,736,51,53,56,41,8,12,2,3
Georgia,Pierce County,20669,10377,10292,8966,8940,974,938,99,95,75,79,7,12,256,228,9194,9143,1137,1072,165,160,127,136,23,21,9758,9744,8472,8500,927,915,51,44,71,70,5,12,232,203,8681,8683,1075,1035,105,97,117,123,20,19,619,548,494,440,47,23,48,51,4,9,2,0,24,25,513,460,62,37,60,63,10,13,3,2
Georgia,Pike County,20669,10145,10524,9029,9230,820,958,37,39,54,71,6,4,199,222,9213,9431,933,1086,101,103,88,120,18,15,9856,10252,8798,9014,792,928,25,32,52,68,5,4,184,206,8969,9201,896,1046,83,92,83,113,17,14,289,272,231,216,28,30,12,7,2,3,1,0,15,16,244,230,37,40,18,11,5,7,1,1
Georgia,Polk County,44610,21904,22706,18153,18817,2730,2910,294,246,168,168,50,38,509,527,18627,19302,3104,3297,406,358,220,251,73,52,18344,19681,15132,16230,2557,2783,66,53,131,147,10,9,448,459,15549,16652,2885,3121,162,145,178,217,29,22,3560,3025,3021,2587,173,127,228,193,37,21,40,29,61,68,3078,2650,219,176,244,213,42,34,44,30
Georgia,Pulaski County,10180,4324,5856,2886,3619,1200,2036,42,35,66,62,10,4,120,100,2994,3707,1287,2103,68,56,85,84,14,8,4070,5621,2708,3438,1171,2015,21,19,64,61,3,2,103,86,2804,3514,1245,2074,39,37,81,79,5,5,254,235,178,181,29,21,21,16,2,1,7,2,17,14,190,193,42,29,29,19,4,5,9,3
Georgia,Putnam County,23383,11351,12032,8228,8399,2773,3267,60,47,76,104,27,26,187,189,8390,8558,2896,3390,111,104,108,145,38,36,10390,11152,7429,7673,2694,3182,22,19,65,101,4,7,176,170,7585,7816,2809,3291,69,69,93,139,15,17,961,880,799,726,79,85,38,28,11,3,23,19,11,19,805,742,87,99,42,35,15,6,23,19
Georgia,Quitman County,2323,1123,1200,598,583,491,563,7,12,1,3,4,11,22,28,617,609,500,575,16,23,7,10,5,11,1095,1162,580,563,488,560,4,9,1,3,0,0,22,27,599,588,497,572,13,19,7,10,1,0,28,38,18,20,3,3,3,3,0,0,4,11,0,1,18,21,3,3,3,4,0,0,4,11
Georgia,Rabun County,17711,8689,9022,8196,8491,152,134,92,57,50,180,4,5,195,155,8378,8625,250,212,176,123,75,214,12,13,7800,8303,7445,7850,114,114,44,31,44,176,4,5,149,127,7583,7960,187,177,103,83,68,205,11,12,889,719,751,641,38,20,48,26,6,4,0,0,46,28,795,665,63,35,73,40,7,9,1,1
Georgia,Randolph County,6085,2849,3236,1122,1157,1646,2012,3,9,26,18,3,0,49,40,1166,1192,1680,2040,12,19,35,25,5,2,2759,3174,1057,1114,1630,1997,3,8,25,17,1,0,43,38,1095,1148,1661,2024,10,16,33,24,3,2,90,62,65,43,16,15,0,1,1,1,2,0,6,2,71,44,19,16,2,3,2,1,2,0
Georgia,Richmond County,206303,98870,107433,36802,35325,56455,66225,471,418,1729,2014,308,240,3105,3211,39433,37980,58520,68451,1194,1223,2780,3068,546,450,92461,101346,32531,31320,55158,64797,293,281,1539,1941,263,203,2677,2804,34795,33642,56927,66751,864,941,2484,2899,449,358,6409,6087,4271,4005,1297,1428,178,137,190,73,45,37,428,407,4638,4338,1593,1700,330,282,296,169,97,92
Georgia,Rockdale County,97610,45726,51884,14686,15445,28578,33609,319,313,885,976,97,113,1161,1428,15641,16591,29406,34639,582,683,1205,1397,207,221,40066,46250,10278,11204,27816,32672,94,152,808,918,67,75,1003,1229,11102,12182,28536,33571,309,461,1090,1287,157,159,5660,5634,4408,4241,762,937,225,161,77,58,30,38,158,199,4539,4409,870,1068,273,222,115,110,50,62
Georgia,Schley County,4503,2226,2277,1718,1693,424,470,3,6,27,19,0,2,54,87,1766,1770,457,511,20,48,36,34,4,7,2120,2147,1626,1630,417,457,1,4,26,18,0,0,50,38,1671,1664,448,477,16,17,34,26,4,2,106,130,92,63,7,13,2,2,1,1,0,2,4,49,95,106,9,34,4,31,2,8,0,5
Georgia,Screven County,14325,6967,7358,4097,4259,2635,2881,43,31,45,48,4,3,143,136,4230,4382,2731,2964,79,67,66,77,13,10,6746,7135,3950,4092,2598,2849,28,22,43,47,1,1,126,124,4067,4204,2685,2923,57,55,62,75,8,8,221,223,147,167,37,32,15,9,2,1,3,2,17,12,163,178,46,41,22,12,4,2,5,2
Georgia,Seminole County,9274,4404,4870,2912,3069,1368,1625,12,14,33,50,0,1,79,111,2985,3172,1420,1689,32,51,47,69,2,8,4241,4712,2774,2953,1352,1598,11,8,32,50,0,0,72,103,2841,3048,1400,1658,29,43,44,67,2,7,163,158,138,116,16,27,1,6,1,0,0,1,7,8,144,124,20,31,3,8,3,2,0,1
Georgia,Spalding County,70292,33302,36990,19826,20815,12067,14592,184,200,412,449,42,50,771,884,20529,21596,12586,15167,375,444,552,632,84,107,30739,34688,17772,19006,11795,14344,84,104,375,417,26,29,687,788,18404,19706,12257,14858,238,313,507,582,64,80,2563,2302,2054,1809,272,248,100,96,37,32,16,21,84,96,2125,1890,329,309,137,131,45,50,20,27
Georgia,Stephens County,27498,13258,14240,11199,12070,1399,1570,104,68,119,140,23,25,414,367,11590,12413,1715,1844,173,141,169,187,40,37,12620,13596,10712,11541,1352,1518,44,48,110,131,23,22,379,336,11074,11854,1643,1772,104,111,153,176,36,33,638,644,487,529,47,52,60,20,9,9,0,3,35,31,516,559,72,72,69,30,16,11,4,4
Georgia,Stewart County,4809,3095,1714,1324,648,1413,987,29,6,226,27,0,1,103,45,1412,688,1469,1013,72,23,249,36,5,3,1989,1679,630,626,1090,977,18,6,204,27,0,1,47,42,672,663,1117,1001,34,22,215,36,1,3,1106,35,694,22,323,10,11,0,22,0,0,0,56,3,740,25,352,12,38,1,34,0,4,0
Georgia,Sumter County,28972,13605,15367,6084,6392,6930,8425,80,79,260,212,36,18,215,241,6278,6597,7071,8566,146,157,296,268,51,32,12608,14479,5327,5714,6822,8312,36,45,248,198,8,6,167,204,5480,5889,6931,8433,80,106,275,247,22,18,997,888,757,678,108,113,44,34,12,14,28,12,48,37,798,708,140,133,66,51,21,21,29,14
Georgia,Talbot County,5755,2796,2959,1308,1202,1377,1656,32,16,14,20,1,2,64,63,1367,1260,1418,1690,50,42,23,31,2,3,2692,2860,1247,1149,1347,1625,23,10,14,19,0,2,61,55,1303,1200,1386,1655,40,32,23,28,1,3,104,99,61,53,30,31,9,6,0,1,1,0,3,8,64,60,32,35,10,10,0,3,1,0
Georgia,Taliaferro County,1620,825,795,347,321,436,430,1,2,9,22,0,0,32,20,375,339,459,439,8,12,16,26,0,0,768,761,307,299,424,420,1,1,5,21,0,0,31,20,334,317,446,429,8,11,12,25,0,0,57,34,40,22,12,10,0,1,4,1,0,0,1,0,41,22,13,10,0,1,4,1,0,0
Georgia,Tattnall County,24275,13860,10415,8659,7601,4700,2397,93,70,88,90,30,17,290,240,8935,7820,4893,2564,181,139,121,127,39,23,12302,9245,7444,6672,4537,2265,42,26,83,83,9,4,187,195,7622,6850,4664,2403,89,76,108,115,15,9,1558,1170,1215,929,163,132,51,44,5,7,21,13,103,45,1313,970,229,161,92,63,13,12,24,14
Georgia,Taylor County,7783,3766,4017,2404,2413,1221,1489,14,14,58,38,1,2,68,61,2469,2469,1265,1525,36,33,64,52,4,4,3572,3918,2254,2347,1191,1469,8,6,57,37,0,1,62,58,2313,2401,1231,1503,27,23,63,50,3,3,194,99,150,66,30,20,6,8,1,1,1,1,6,3,156,68,34,22,9,10,1,2,1,1
Georgia,Telfair County,11000,6207,4793,3734,2966,2264,1687,39,13,60,30,4,3,106,94,3821,3050,2329,1744,75,40,81,50,16,6,4943,4619,2804,2829,2003,1664,9,12,53,27,1,1,73,86,2869,2907,2047,1716,30,34,68,47,4,4,1264,174,930,137,261,23,30,1,7,3,3,2,33,8,952,143,282,28,45,6,13,3,12,2
Georgia,Terrell County,8698,4188,4510,1729,1676,2314,2698,39,30,26,23,7,7,73,76,1794,1745,2357,2743,65,53,33,37,13,10,4052,4362,1647,1590,2298,2675,20,16,26,22,0,0,61,59,1704,1644,2333,2710,40,33,33,34,4,1,136,148,82,86,16,23,19,14,0,1,7,7,12,17,90,101,24,33,25,20,0,3,9,9
Georgia,Thomas County,46054,21858,24196,13505,14238,7561,9087,159,163,214,272,18,16,401,420,13860,14611,7805,9341,280,293,294,358,45,34,20803,23280,12717,13551,7454,9010,82,101,203,258,9,8,338,352,13020,13864,7663,9230,173,200,276,332,29,22,1055,916,788,687,107,77,77,62,11,14,9,8,63,68,840,747,142,111,107,93,18,26,16,12
Georgia,Tift County,41708,20109,21599,13043,13705,6187,7033,152,135,329,360,16,16,382,350,13390,14022,6444,7261,246,223,391,428,35,30,17063,18937,10426,11428,5956,6847,40,37,299,322,6,10,336,293,10733,11693,6184,7039,115,103,360,384,20,24,3046,2662,2617,2277,231,186,112,98,30,38,10,6,46,57,2657,2329,260,222,131,120,31,44,15,6
Georgia,Toombs County,27488,13060,14428,9161,9767,3329,4077,176,157,125,140,30,18,239,269,9378,10016,3501,4259,229,218,160,188,38,27,11109,12803,7508,8402,3234,3998,37,32,112,126,21,8,197,237,7684,8621,3377,4159,78,83,144,168,28,17,1951,1625,1653,1365,95,79,139,125,13,14,9,10,42,32,1694,1395,124,100,151,135,16,20,10,10
Georgia,Towns County,13184,6271,6913,6033,6641,70,81,29,23,55,65,3,7,81,96,6107,6728,117,120,59,68,65,85,6,10,6070,6685,5850,6441,69,74,20,18,54,60,0,3,77,89,5920,6521,114,110,48,60,64,79,3,6,201,228,183,200,1,7,9,5,1,5,3,4,4,7,187,207,3,10,11,8,1,6,3,4
Georgia,Treutlen County,6420,3233,3187,2111,2075,1000,1012,16,10,20,25,1,0,85,65,2190,2139,1064,1058,36,23,27,32,2,1,3124,3108,2028,2007,984,1004,12,8,20,25,0,0,80,64,2103,2070,1046,1050,29,20,26,32,0,1,109,79,83,68,16,8,4,2,0,0,1,0,5,1,87,69,18,8,7,3,1,0,2,0
Georgia,Troup County,71513,34057,37456,20094,21035,11811,14466,314,183,986,887,76,70,776,815,20802,21791,12353,15057,464,334,1120,1024,113,99,31924,35765,18516,19732,11646,14310,91,95,963,873,27,27,681,728,19138,20405,12125,14840,217,225,1081,1000,60,54,2133,1691,1578,1303,165,156,223,88,23,14,49,43,95,87,1664,1386,228,217,247,109,39,24,53,45
Georgia,Turner County,9023,4320,4703,2507,2610,1649,1928,38,28,44,36,20,9,62,92,2566,2699,1690,1990,54,46,52,50,20,10,4057,4490,2334,2453,1603,1896,17,15,43,35,3,4,57,87,2388,2538,1642,1954,30,31,51,49,3,5,263,213,173,157,46,32,21,13,1,1,17,5,5,5,178,161,48,36,24,15,1,1,17,5
Georgia,Twiggs County,7728,3751,3977,2186,2174,1433,1652,18,23,17,20,3,0,94,108,2270,2277,1491,1717,49,57,32,36,5,0,3648,3887,2106,2114,1423,1635,17,21,17,20,3,0,82,97,2181,2206,1474,1695,44,50,28,35,4,0,103,90,80,60,10,17,1,2,0,0,0,0,12,11,89,71,17,22,5,7,4,1,1,0
Georgia,Union County,27601,13593,14008,12949,13471,226,148,159,50,53,143,6,2,200,194,13134,13653,298,211,254,155,99,177,13,9,12979,13461,12467,12988,199,121,78,29,53,141,3,2,179,180,12631,13156,260,180,162,126,99,172,10,9,614,547,482,483,27,27,81,21,0,2,3,0,21,14,503,497,38,31,92,29,0,5,3,0
Georgia,Upson County,28358,13513,14845,9433,9991,3649,4353,68,51,80,107,11,34,272,309,9684,10280,3823,4551,140,133,120,153,22,45,13089,14453,9143,9712,3572,4286,35,39,77,101,5,30,257,285,9380,9980,3737,4472,100,108,117,143,16,41,424,392,290,279,77,67,33,12,3,6,6,4,15,24,304,300,86,79,40,25,3,10,6,4
Georgia,Walker County,69340,34227,35113,31101,32242,1833,1626,165,168,376,299,35,31,717,747,31779,32958,2288,2096,356,373,475,398,54,53,33105,34047,30172,31387,1766,1566,117,109,361,286,27,27,662,672,30798,32032,2189,1990,290,286,453,381,43,46,1122,1066,929,855,67,60,48,59,15,13,8,4,55,75,981,926,99,106,66,87,22,17,11,7
Georgia,Walton County,109792,53578,56214,39124,40180,11687,13170,351,360,1092,1209,77,71,1247,1224,40268,41310,12396,13890,676,651,1405,1522,142,123,49204,52088,35638,36925,11303,12771,134,143,1037,1154,53,41,1039,1054,36595,37899,11897,13394,375,371,1318,1442,107,83,4374,4126,3486,3255,384,399,217,217,55,55,24,30,208,170,3673,3411,499,496,301,280,87,80,35,40
Georgia,Ware County,36222,18204,18018,11537,11905,5826,5347,131,112,235,191,25,28,450,435,11957,12310,6146,5657,220,200,310,258,40,41,17075,17061,10700,11168,5691,5247,66,68,226,185,10,9,382,384,11054,11526,5969,5523,135,141,289,244,23,22,1129,957,837,737,135,100,65,44,9,6,15,19,68,51,903,784,177,134,85,59,21,14,17,19
Georgia,Warren County,5148,2456,2692,1033,1071,1335,1540,4,8,24,22,0,0,60,51,1087,1118,1378,1572,12,22,35,29,5,2,2403,2649,999,1037,1318,1534,4,8,24,21,0,0,58,49,1052,1082,1360,1564,11,22,34,28,5,2,53,43,34,34,17,6,0,0,0,1,0,0,2,2,35,36,18,8,1,0,1,1,0,0
Georgia,Washington County,19834,10220,9614,4525,4116,5464,5236,22,21,55,57,1,1,153,183,4672,4288,5581,5363,44,63,73,82,6,4,9913,9402,4303,3953,5415,5208,10,17,50,52,1,1,134,171,4431,4113,5518,5330,29,52,64,75,6,4,307,212,222,163,49,28,12,4,5,5,0,0,19,12,241,175,63,33,15,11,9,7,0,0
Georgia,Wayne County,32132,16375,15757,12155,11928,3470,2971,142,73,208,344,20,18,380,423,12493,12313,3713,3245,256,187,271,413,38,38,15082,14913,11139,11289,3345,2866,80,48,200,331,7,7,311,372,11414,11624,3552,3113,165,142,252,395,21,26,1293,844,1016,639,125,105,62,25,8,13,13,11,69,51,1079,689,161,132,91,45,19,18,17,12
Georgia,Webster County,2315,1102,1213,591,703,482,438,3,30,8,9,0,0,18,33,607,736,495,459,7,39,10,11,1,1,1071,1092,566,612,481,437,2,5,8,9,0,0,14,29,578,641,491,457,5,12,10,10,1,1,31,121,25,91,1,1,1,25,0,0,0,0,4,4,29,95,4,2,2,27,0,1,0,0
Georgia,Wheeler County,7076,4458,2618,2471,1822,1905,705,5,7,20,9,2,1,55,74,2522,1890,1943,756,17,28,29,17,3,1,4240,2508,2304,1732,1863,691,3,5,19,8,0,0,51,72,2351,1798,1898,741,14,25,28,16,1,0,218,110,167,90,42,14,2,2,1,1,2,1,4,2,171,92,45,15,3,3,1,1,2,1
Georgia,White County,29668,14516,15152,13664,14349,366,310,107,81,90,103,17,10,272,299,13923,14625,518,484,208,197,121,130,23,19,13873,14439,13118,13705,341,285,75,65,85,101,12,7,242,276,13348,13960,479,442,164,173,111,127,17,16,643,713,546,644,25,25,32,16,5,2,5,3,30,23,575,665,39,42,44,24,10,3,6,3
Georgia,Whitfield County,105070,52604,52466,46837,47189,2538,2224,1157,906,998,1039,133,127,941,981,47720,48105,3041,2772,1491,1240,1144,1196,172,159,31609,33065,27861,29503,2078,1793,105,101,890,939,33,21,642,708,28460,30156,2428,2207,306,312,1011,1072,56,46,20995,19401,18976,17686,460,431,1052,805,108,100,100,106,299,273,19260,17949,613,565,1185,928,133,124,116,113
Georgia,Wilcox County,8904,5346,3558,3038,2455,2134,978,15,14,49,35,0,3,110,73,3114,2521,2222,1026,59,36,62,45,0,4,5115,3426,2868,2353,2093,962,9,11,46,34,0,2,99,64,2935,2411,2174,1006,49,28,57,43,0,3,231,132,170,102,41,16,6,3,3,1,0,1,11,9,179,110,48,20,10,8,5,2,0,1
Georgia,Wilkes County,9567,4606,4961,2683,2710,1730,2020,14,15,59,52,3,3,117,161,2799,2859,1818,2143,27,50,73,66,6,4,4344,4720,2495,2522,1682,1989,12,12,51,41,2,0,102,156,2596,2666,1761,2110,23,46,62,53,4,1,262,241,188,188,48,31,2,3,8,11,1,3,15,5,203,193,57,33,4,4,11,13,2,3
Georgia,Wilkinson County,8667,4143,4524,2558,2627,1447,1738,31,34,20,27,1,1,86,97,2642,2716,1503,1805,50,57,33,40,3,5,3973,4376,2423,2508,1440,1726,17,25,18,26,0,1,75,90,2498,2590,1490,1789,32,45,28,39,1,5,170,148,135,119,7,12,14,9,2,1,1,0,11,7,144,126,13,16,18,12,5,1,2,0
Georgia,Worth County,20262,9617,10645,6706,7030,2646,3277,40,34,50,103,5,12,170,189,6869,7205,2755,3398,84,86,74,131,7,18,9322,10372,6488,6824,2595,3224,34,31,47,99,4,12,154,182,6636,6993,2693,3340,73,81,69,126,6,18,295,273,218,206,51,53,6,3,3,4,1,0,16,7,233,212,62,58,11,5,5,5,1,0
Idaho,Ada County,535799,269720,266079,244947,240860,4744,3993,2302,2260,8226,9862,649,559,8852,8545,253106,248775,7256,6317,4767,4588,12867,14355,1636,1597,241240,238777,219568,216828,4291,3620,1325,1234,7976,9567,562,479,7518,7049,226632,223474,6347,5469,3004,2722,12173,13601,1347,1297,28480,27302,25379,24032,453,373,977,1026,250,295,87,80,1334,1496,26474,25301,909,848,1763,1866,694,754,289,300
Idaho,Adams County,4998,2612,2386,2438,2213,10,8,39,39,20,25,9,13,96,88,2532,2298,34,28,85,81,44,48,14,19,2444,2268,2305,2113,10,3,20,33,20,25,9,13,80,81,2383,2191,32,23,55,71,42,45,13,19,168,118,133,100,0,5,19,6,0,0,0,0,16,7,149,107,2,5,30,10,2,3,1,0
Idaho,Bannock County,91010,45530,45480,40830,40601,575,483,1809,1744,755,1153,161,141,1400,1358,42182,41904,899,797,2354,2280,1283,1660,295,268,40626,40695,36913,36869,483,408,1276,1222,694,1018,132,121,1128,1057,38014,37888,753,654,1662,1579,1153,1458,240,229,4904,4785,3917,3732,92,75,533,522,61,135,29,20,272,301,4168,4016,146,143,692,701,130,202,55,39
Idaho,Bear Lake County,6779,3386,3393,3273,3258,16,14,34,35,11,24,2,2,50,60,3322,3317,33,37,54,55,26,36,3,10,3241,3267,3154,3147,14,12,21,30,11,21,1,2,40,55,3194,3201,29,32,33,49,25,32,2,10,145,126,119,111,2,2,13,5,0,3,1,0,10,5,128,116,4,5,21,6,1,4,1,0
Idaho,Benewah County,10529,5388,5141,4734,4451,38,30,378,377,19,37,9,10,210,236,4941,4678,77,80,510,521,60,81,18,26,5167,4915,4599,4319,36,28,309,317,17,32,8,7,198,212,4794,4522,72,72,433,447,57,72,17,23,221,226,135,132,2,2,69,60,2,5,1,3,12,24,147,156,5,8,77,74,3,9,1,3
Idaho,Bingham County,50889,25705,25184,23076,22339,212,148,1589,1845,181,233,60,56,587,563,23634,22884,316,250,1912,2137,359,413,92,99,20913,20713,19125,18751,129,72,1077,1253,144,203,45,35,393,399,19502,19139,193,150,1265,1435,288,347,67,68,4792,4471,3951,3588,83,76,512,592,37,30,15,21,194,164,4132,3745,123,100,647,702,71,66,25,31
Idaho,Blaine County,25261,12574,12687,11867,11999,100,81,222,190,128,203,24,13,233,201,12089,12190,160,140,319,273,200,262,45,34,9855,9592,9474,9227,49,45,45,35,103,127,18,7,166,151,9630,9372,93,93,102,89,165,174,35,23,2719,3095,2393,2772,51,36,177,155,25,76,6,6,67,50,2459,2818,67,47,217,184,35,88,10,11
Idaho,Boise County,8581,4392,4189,4133,3826,41,61,49,52,36,92,4,16,129,142,4257,3963,64,94,126,133,63,121,12,21,4146,3951,3928,3624,36,59,37,41,35,90,4,16,106,121,4029,3741,53,86,98,110,61,115,12,21,246,238,205,202,5,2,12,11,1,2,0,0,23,21,228,222,11,8,28,23,2,6,0,0
Idaho,Bonner County,53955,27205,26750,25838,25193,127,88,297,257,166,382,36,45,741,785,26553,25965,226,191,751,730,364,598,67,76,25909,25537,24757,24229,104,78,237,179,151,363,31,38,629,650,25365,24868,185,159,604,562,337,552,59,65,1296,1213,1081,964,23,10,60,78,15,19,5,7,112,135,1188,1097,41,32,147,168,27,46,8,11
Idaho,Bonneville County,133644,67290,66354,63120,62292,643,475,855,955,905,955,114,102,1653,1575,64717,63815,1073,871,1555,1626,1450,1470,228,216,56918,56434,53916,53531,491,370,409,371,744,862,85,65,1273,1235,55153,54732,838,695,868,833,1209,1313,180,152,10372,9920,9204,8761,152,105,446,584,161,93,29,37,380,340,9564,9083,235,176,687,793,241,157,48,64
Idaho,Boundary County,14040,7055,6985,6563,6244,65,37,123,149,97,347,6,10,201,198,6755,6434,111,85,229,255,152,395,23,28,6594,6592,6181,5939,58,33,94,106,85,341,5,9,171,164,6344,6097,99,74,183,193,133,380,20,23,461,393,382,305,7,4,29,43,12,6,1,1,30,34,411,337,12,11,46,62,19,15,3,5
Idaho,Butte County,2735,1390,1345,1334,1271,8,7,18,14,2,7,3,3,25,43,1357,1314,17,17,27,38,11,18,5,5,1277,1253,1235,1186,7,6,10,10,2,6,3,3,20,42,1254,1228,15,16,15,33,10,17,5,5,113,92,99,85,1,1,8,4,0,1,0,0,5,1,103,86,2,1,12,5,1,1,0,0
Idaho,Camas County,1247,658,589,621,556,2,3,10,4,3,2,0,0,22,24,643,579,7,12,21,14,10,7,0,2,593,531,560,504,2,2,9,4,3,2,0,0,19,19,579,522,7,9,17,12,10,6,0,1,65,58,61,52,0,1,1,0,0,0,0,0,3,5,64,57,0,3,4,2,0,1,0,1
Idaho,Canyon County,266892,133380,133512,122961,123013,1583,1478,2339,2204,1607,2026,530,437,4360,4354,127211,127254,2440,2339,4349,4201,3146,3550,908,819,96922,99000,90082,91914,1203,1091,769,738,1271,1747,373,320,3224,3190,93241,95041,1854,1729,2058,2012,2537,3012,673,613,36458,34512,32879,31099,380,387,1570,1466,336,279,157,117,1136,1164,33970,32213,586,610,2291,2189,609,538,235,206
Idaho,Caribou County,7239,3713,3526,3598,3380,15,13,24,28,16,19,11,13,49,73,3646,3447,26,33,46,69,31,35,14,18,3486,3322,3389,3200,14,13,15,20,12,18,9,10,47,61,3435,3255,25,30,35,55,27,32,12,14,227,204,209,180,1,0,9,8,4,1,2,3,2,12,211,192,1,3,11,14,4,3,2,4
Idaho,Cassia County,25976,13444,12532,12626,11691,127,113,303,319,98,104,43,19,247,286,12865,11970,172,174,435,485,169,174,60,38,9086,8713,8686,8333,66,43,77,80,61,78,33,12,163,167,8844,8497,97,80,152,163,117,129,46,23,4358,3819,3940,3358,61,70,226,239,37,26,10,7,84,119,4021,3473,75,94,283,322,52,45,14,15
Idaho,Clark County,794,423,371,373,332,18,5,16,18,5,2,0,2,11,12,384,344,21,9,18,23,10,5,2,4,266,254,236,233,14,5,3,4,3,1,0,2,10,9,246,242,17,9,4,7,8,3,2,3,157,117,137,99,4,0,13,14,2,1,0,0,1,3,138,102,4,0,14,16,2,2,0,1
Idaho,Clearwater County,9151,5055,4096,4665,3810,44,23,153,95,34,44,5,17,154,107,4815,3915,67,49,251,162,65,64,17,21,4751,3904,4418,3648,38,21,126,75,33,44,5,17,131,99,4546,3745,59,44,209,138,58,63,15,21,304,192,247,162,6,2,27,20,1,0,0,0,23,8,269,170,8,5,42,24,7,1,2,0
Idaho,Custer County,4597,2392,2205,2274,2102,24,8,29,33,16,7,1,0,48,55,2322,2156,35,23,53,64,27,18,4,1,2259,2099,2160,2018,16,3,24,20,15,7,1,0,43,51,2203,2068,27,18,45,48,25,17,3,1,133,106,114,84,8,5,5,13,1,0,0,0,5,4,119,88,8,5,8,16,2,1,1,0
Idaho,Elmore County,29729,15761,13968,13535,12133,584,374,251,322,607,464,93,81,691,594,14187,12698,741,535,512,546,890,689,156,130,12710,11393,10896,9992,495,278,127,155,566,420,75,67,551,481,11418,10452,629,411,307,313,808,619,123,108,3051,2575,2639,2141,89,96,124,167,41,44,18,14,140,113,2769,2246,112,124,205,233,82,70,33,22
Idaho,Franklin County,15638,8047,7591,7747,7309,58,28,79,89,18,28,12,7,133,130,7874,7434,87,58,156,161,50,52,20,21,7409,6990,7206,6776,42,25,34,47,18,26,12,6,97,110,7299,6882,65,51,89,106,41,47,19,19,638,601,541,533,16,3,45,42,0,2,0,1,36,20,575,552,22,7,67,55,9,5,1,2
Idaho,Fremont County,14399,7632,6767,7258,6460,81,45,90,73,30,70,34,36,139,83,7389,6542,114,68,166,113,62,89,48,42,6623,5875,6373,5685,46,15,59,43,24,46,29,29,92,57,6459,5742,70,29,109,69,42,60,39,35,1009,892,885,775,35,30,31,30,6,24,5,7,47,26,930,800,44,39,57,44,20,29,9,7
Idaho,Gem County,21857,11202,10655,10607,10023,54,33,131,135,87,167,33,18,290,279,10889,10298,109,88,305,305,150,227,54,30,10007,9570,9527,9069,48,26,89,79,72,158,22,15,249,223,9768,9290,97,67,233,212,128,211,42,23,1195,1085,1080,954,6,7,42,56,15,9,11,3,41,56,1121,1008,12,21,72,93,22,16,12,7
Idaho,Gooding County,16189,8363,7826,7724,7353,61,45,306,157,68,81,29,33,175,157,7893,7505,95,82,404,247,108,110,45,44,5502,5395,5236,5120,40,27,62,57,44,55,12,18,108,118,5341,5236,63,54,115,120,69,80,25,28,2861,2431,2488,2233,21,18,244,100,24,26,17,15,67,39,2552,2269,32,28,289,127,39,30,20,16
Idaho,Idaho County,17912,9446,8466,8833,7876,56,42,247,250,43,95,13,1,254,202,9075,8074,100,77,419,388,77,122,34,11,9058,8079,8518,7579,55,37,206,203,34,90,11,1,234,169,8740,7745,96,68,365,315,65,114,30,10,388,387,315,297,1,5,41,47,9,5,2,0,20,33,335,329,4,9,54,73,12,8,4,1
Idaho,Jefferson County,34854,17966,16888,17074,16172,84,71,215,213,108,82,34,31,451,319,17498,16477,176,139,456,371,249,175,71,58,15750,15129,15203,14678,55,31,102,87,94,71,25,24,271,238,15460,14907,113,85,220,193,197,151,50,41,2216,1759,1871,1494,29,40,113,126,14,11,9,7,180,81,2038,1570,63,54,236,178,52,24,21,17
Idaho,Jerome County,26056,13288,12768,12511,12036,123,95,359,299,60,81,30,35,205,222,12710,12249,168,149,478,429,102,119,42,50,7655,7745,7317,7395,63,47,72,85,43,54,13,21,147,143,7460,7532,95,81,151,162,79,83,22,33,5633,5023,5194,4641,60,48,287,214,17,27,17,14,58,79,5250,4717,73,68,327,267,23,36,20,17
Idaho,Kootenai County,188323,93849,94474,88141,88418,556,445,1212,1228,926,1400,181,163,2833,2820,90886,91173,1075,919,2585,2631,1877,2301,397,375,88108,88753,83268,83612,476,354,962,931,832,1337,140,138,2430,2381,85633,85947,932,760,2054,2030,1694,2155,337,321,5741,5721,4873,4806,80,91,250,297,94,63,41,25,403,439,5253,5226,143,159,531,601,183,146,60,54
Idaho,Latah County,42180,21721,20459,19977,18711,258,158,201,176,551,658,39,37,695,719,20643,19410,408,291,469,452,845,955,90,92,20617,19326,19040,17738,239,145,149,141,537,644,34,25,618,633,19638,18354,372,263,371,362,808,924,78,72,1104,1133,937,973,19,13,52,35,14,14,5,12,77,86,1005,1056,36,28,98,90,37,31,12,20
Idaho,Lemhi County,8397,4318,4079,4138,3899,27,13,57,65,12,23,1,3,83,76,4216,3974,52,26,106,111,24,34,4,11,4116,3901,3994,3758,19,12,32,43,10,21,1,3,60,64,4052,3821,35,20,65,83,21,31,4,10,202,178,144,141,8,1,25,22,2,2,0,0,23,12,164,153,17,6,41,28,3,3,0,1
Idaho,Lewis County,3728,1892,1836,1636,1591,17,12,144,101,20,36,4,5,71,91,1705,1679,38,25,178,147,36,62,8,15,1794,1754,1571,1530,17,11,115,88,20,33,4,5,67,87,1637,1614,36,24,147,131,35,58,8,15,98,82,65,61,0,1,29,13,0,3,0,0,4,4,68,65,2,1,31,16,1,4,0,0
Idaho,Lincoln County,5556,2879,2677,2671,2511,22,14,65,65,26,19,6,8,89,60,2757,2569,53,31,112,94,40,29,11,17,1964,1773,1831,1690,16,9,25,26,20,10,2,3,70,35,1900,1724,44,19,58,40,30,16,7,10,915,904,840,821,6,5,40,39,6,9,4,5,19,25,857,845,9,12,54,54,10,13,4,7
Idaho,Madison County,55549,25147,30402,23398,28236,297,424,317,143,451,647,124,82,560,870,23903,29015,422,601,587,573,632,940,203,241,22509,27596,21167,25775,270,390,129,79,419,596,110,73,414,683,21541,26407,369,548,310,355,555,870,170,191,2638,2806,2231,2461,27,34,188,64,32,51,14,9,146,187,2362,2608,53,53,277,218,77,70,33,50
Idaho,Minidoka County,22691,11422,11269,10645,10533,122,91,329,260,68,113,17,18,241,254,10874,10776,180,133,465,417,122,162,36,42,6943,7168,6617,6800,70,42,72,82,40,83,4,11,140,150,6754,6947,105,65,142,166,73,117,13,28,4479,4101,4028,3733,52,49,257,178,28,30,13,7,101,104,4120,3829,75,68,323,251,49,45,23,14
Idaho,Nez Perce County,42847,21373,21474,19142,19124,158,116,1188,1291,202,248,42,36,641,659,19755,19759,282,229,1521,1661,387,431,98,87,20341,20474,18424,18454,130,100,1016,1076,198,239,37,35,536,570,18942,19007,232,198,1284,1381,362,405,81,80,1032,1000,718,670,28,16,172,215,4,9,5,1,105,89,813,752,50,31,237,280,25,26,17,7
Idaho,Oneida County,4976,2499,2477,2407,2386,16,15,14,14,10,19,2,1,50,42,2454,2424,38,29,34,29,18,30,7,7,2381,2366,2299,2288,14,15,12,9,10,18,2,1,44,35,2340,2320,35,27,27,21,17,28,7,5,118,111,108,98,2,0,2,5,0,1,0,0,6,7,114,104,3,2,7,8,1,2,0,2
Idaho,Owyhee County,12748,6543,6205,5979,5659,72,75,274,235,59,55,13,15,146,166,6119,5821,108,110,351,336,92,89,22,22,4857,4719,4541,4367,33,40,141,147,35,38,6,4,101,123,4636,4487,57,65,192,220,63,66,12,11,1686,1486,1438,1292,39,35,133,88,24,17,7,11,45,43,1483,1334,51,45,159,116,29,23,10,11
Idaho,Payette County,27662,14014,13648,13010,12740,115,91,284,236,142,143,28,11,435,427,13428,13154,188,158,526,467,260,269,59,36,11298,11189,10637,10572,80,53,131,115,104,120,16,8,330,321,10954,10884,133,102,305,275,208,231,36,26,2716,2459,2373,2168,35,38,153,121,38,23,12,3,105,106,2474,2270,55,56,221,192,52,38,23,10
Idaho,Power County,8381,4424,3957,3990,3610,51,45,162,155,26,26,8,13,187,108,4167,3712,104,75,265,207,59,52,21,21,2779,2634,2584,2428,21,19,80,87,17,23,6,2,71,75,2652,2498,49,41,109,119,33,43,10,10,1645,1323,1406,1182,30,26,82,68,9,3,2,11,116,33,1515,1214,55,34,156,88,26,9,11,11
Idaho,Shoshone County,14074,7157,6917,6669,6495,91,27,147,106,39,60,13,13,198,216,6861,6707,140,70,273,242,66,96,21,21,6817,6628,6399,6257,86,19,123,97,30,55,5,5,174,195,6567,6448,128,59,235,217,55,89,12,13,340,289,270,238,5,8,24,9,9,5,8,8,24,21,294,259,12,11,38,25,11,7,9,8
Idaho,Teton County,12932,6707,6225,6415,5928,60,31,66,69,54,66,6,8,106,123,6517,6047,91,65,121,129,75,92,10,15,5483,5157,5306,4974,29,14,22,23,45,59,5,5,76,82,5380,5052,51,39,58,57,62,81,9,10,1224,1068,1109,954,31,17,44,46,9,7,1,3,30,41,1137,995,40,26,63,72,13,11,1,5
Idaho,Twin Falls County,96509,47754,48755,44432,45179,617,561,706,652,650,982,173,138,1176,1243,45575,46388,850,785,1267,1239,1029,1400,245,215,38219,39883,35956,37179,488,476,262,282,548,919,147,112,818,915,36757,38069,660,646,604,661,846,1271,190,173,9535,8872,8476,8000,129,85,444,370,102,63,26,26,358,328,8818,8319,190,139,663,578,183,129,55,42
Idaho,Valley County,12777,6667,6110,6349,5828,34,33,89,59,49,50,9,3,137,137,6484,5959,67,69,169,129,70,83,17,9,6221,5778,6000,5555,27,25,41,38,47,47,5,2,101,111,6101,5663,54,56,99,92,61,72,10,8,446,332,349,273,7,8,48,21,2,3,4,1,36,26,383,296,13,13,70,37,9,11,7,1
Idaho,Washington County,11539,5716,5823,5281,5440,52,53,140,111,59,65,9,6,175,148,5454,5580,94,94,242,195,90,90,15,14,4741,4739,4453,4468,38,36,51,62,50,53,4,1,145,119,4597,4580,75,70,134,127,74,77,10,5,975,1084,828,972,14,17,89,49,9,12,5,5,30,29,857,1000,19,24,108,68,16,13,5,9
Illinois,Adams County,64109,31839,32270,29179,29812,1480,1252,123,99,274,317,8,14,775,776,29917,30548,2046,1834,220,210,409,444,32,34,31061,31599,28597,29280,1410,1213,61,67,262,312,6,13,725,714,29287,29958,1944,1755,142,155,394,433,29,33,778,671,582,532,70,39,62,32,12,5,2,1,50,62,630,590,102,79,78,55,15,11,3,1
Illinois,Alexander County,4594,2235,2359,1465,1501,655,769,15,15,6,7,6,6,88,61,1549,1560,716,810,30,28,20,16,8,7,2178,2301,1424,1466,646,753,15,13,6,7,5,6,82,56,1502,1520,703,792,30,24,19,15,6,7,57,58,41,35,9,16,0,2,0,0,1,0,6,5,47,40,13,18,0,4,1,1,2,0
Illinois,Bond County,16576,8794,7782,7622,7269,853,264,68,53,84,36,6,7,161,153,7771,7408,949,367,105,82,118,68,14,13,8295,7594,7186,7129,832,253,42,35,82,35,3,1,150,141,7325,7257,925,348,75,61,114,65,8,7,499,188,436,140,21,11,26,18,2,1,3,6,11,12,446,151,24,19,30,21,4,3,6,6
Illinois,Boone County,53313,26886,26427,24448,24241,937,770,290,262,403,479,27,28,781,647,25187,24850,1252,1051,629,541,569,619,54,45,19351,19475,17734,17954,763,645,42,50,316,424,8,8,488,394,18195,18322,987,836,186,173,458,540,25,21,7535,6952,6714,6287,174,125,248,212,87,55,19,20,293,253,6992,6528,265,215,443,368,111,79,29,24
Illinois,Brown County,6307,4091,2216,2776,2159,1192,25,62,3,18,6,0,3,43,20,2810,2178,1214,38,76,9,34,7,3,4,3799,2154,2582,2104,1166,21,11,3,13,6,0,3,27,17,2608,2120,1181,32,19,8,19,7,0,4,292,62,194,55,26,4,51,0,5,0,0,0,16,3,202,58,33,6,57,1,15,0,3,0
Illinois,Bureau County,32486,16087,16399,15348,15618,248,190,87,107,132,228,9,9,263,247,15598,15847,398,337,163,175,179,275,18,19,14288,14654,13721,14053,196,142,39,48,117,209,7,5,208,197,13918,14232,322,264,85,96,161,251,16,14,1799,1745,1627,1565,52,48,48,59,15,19,2,4,55,50,1680,1615,76,73,78,79,18,24,2,5
Illinois,Calhoun County,4224,2128,2096,2075,2031,22,18,6,9,4,13,0,0,21,25,2096,2054,34,29,10,21,7,18,2,1,2086,2057,2038,1998,21,17,6,8,4,13,0,0,17,21,2055,2017,30,27,10,17,6,18,2,1,42,39,37,33,1,1,0,1,0,0,0,0,4,4,41,37,4,2,0,4,1,0,0,0
Illinois,Carroll County,15444,8339,7105,7531,6804,563,59,50,41,57,76,1,5,137,120,7659,6915,642,136,82,68,89,98,6,9,7806,6779,7096,6525,515,56,29,24,57,76,0,4,109,94,7199,6610,580,114,51,46,83,96,4,8,533,326,435,279,48,3,21,17,0,0,1,1,28,26,460,305,62,22,31,22,6,2,2,1
Illinois,Cass County,12713,6376,6337,5571,5777,520,326,71,45,88,60,18,21,108,108,5678,5882,593,398,92,67,103,76,18,25,4834,4713,4266,4306,390,258,11,9,81,48,17,16,69,76,4335,4379,436,307,23,24,92,61,17,20,1542,1624,1305,1471,130,68,60,36,7,12,1,5,39,32,1343,1503,157,91,69,43,11,15,1,5
Illinois,Champaign County,212374,105486,106888,72558,73466,14521,16055,491,399,14226,13044,141,231,3549,3693,75865,76899,16351,18005,897,850,15799,14642,311,414,96252,97936,64867,65858,13914,15524,214,166,14030,12908,90,196,3137,3284,67800,68907,15507,17247,512,506,15498,14409,240,354,9234,8952,7691,7608,607,531,277,233,196,136,51,35,412,409,8065,7992,844,758,385,344,301,233,71,60
Illinois,Christian County,33247,17778,15469,16531,14938,840,101,65,68,113,134,8,13,221,215,16738,15133,974,243,116,118,154,171,19,26,17029,15064,15872,14619,826,91,36,36,94,125,8,4,193,189,16052,14792,946,219,75,76,132,158,19,15,749,405,659,319,14,10,29,32,19,9,0,9,28,26,686,341,28,24,41,42,22,13,0,11
Illinois,Clark County,15076,7645,7431,7384,7205,122,44,21,28,26,51,2,4,90,99,7471,7299,167,95,52,59,43,71,4,10,7463,7307,7228,7095,117,42,14,24,25,50,2,4,77,92,7303,7182,156,92,38,50,41,69,4,10,182,124,156,110,5,2,7,4,1,1,0,0,13,7,168,117,11,3,14,9,2,2,0,0
Illinois,Clay County,12821,6389,6432,6181,6222,62,42,19,16,40,72,1,0,86,80,6264,6297,109,88,43,35,59,88,2,5,6238,6292,6051,6098,53,34,16,15,39,72,0,0,79,73,6128,6166,95,77,37,31,58,87,1,4,151,140,130,124,9,8,3,1,1,0,1,0,7,7,136,131,14,11,6,4,1,1,1,1
Illinois,Clinton County,37087,19194,17893,17639,17092,1070,286,88,62,102,171,20,12,275,270,17904,17343,1218,443,137,108,183,249,29,23,18223,17168,16854,16525,976,181,49,38,95,171,9,8,240,245,17086,16751,1105,323,87,79,169,246,17,17,971,725,785,567,94,105,39,24,7,0,11,4,35,25,818,592,113,120,50,29,14,3,12,6
Illinois,Coles County,46423,22710,23713,20621,21762,1086,1043,89,95,285,303,58,11,571,499,21141,22224,1422,1339,204,214,439,421,85,37,21722,22770,19854,21009,1035,990,50,51,275,288,9,10,499,422,20308,21400,1328,1241,138,140,421,401,35,28,988,943,767,753,51,53,39,44,10,15,49,1,72,77,833,824,94,98,66,74,18,20,50,9
Illinois,Cook County,5182617,2528646,2653971,1684059,1683929,538517,647505,21574,20336,222418,239066,1673,1722,60405,61413,1737490,1737758,566988,677669,38068,37713,247867,264100,4278,4335,1810768,1959448,1030222,1052702,514947,622757,2814,3189,217101,233899,458,388,45226,46513,1069987,1093130,535779,645191,12333,13814,238959,255435,2395,2372,717878,694523,653837,631227,23570,24748,18760,17147,5317,5167,1215,1334,15179,14900,667503,644628,31209,32478,25735,23899,8908,8665,1883,1963
Illinois,Crawford County,18388,9643,8745,8581,8402,827,90,42,40,50,71,9,3,134,139,8708,8529,910,178,71,71,76,101,14,9,9298,8556,8298,8246,805,83,25,27,45,69,6,2,119,129,8410,8364,876,164,51,55,71,98,11,8,345,189,283,156,22,7,17,13,5,2,3,1,15,10,298,165,34,14,20,16,5,3,3,1
Illinois,Cumberland County,10305,5191,5114,5034,4933,53,37,17,12,25,56,1,6,61,70,5093,5000,80,69,36,39,41,68,2,10,5108,5029,4959,4860,50,34,16,12,24,54,1,6,58,63,5015,4921,76,62,33,38,40,65,2,8,83,85,75,73,3,3,1,0,1,2,0,0,3,7,78,79,4,7,3,1,1,3,0,2
Illinois,DeKalb County,101335,50396,50939,42922,42411,4395,5124,302,276,1465,1703,62,57,1250,1368,44087,43682,5038,5866,554,554,1890,2140,113,116,42355,43163,35687,35542,4144,4908,85,88,1405,1505,26,32,1008,1088,36632,36552,4659,5498,241,265,1796,1900,69,71,8041,7776,7235,6869,251,216,217,188,60,198,36,25,242,280,7455,7130,379,368,313,289,94,240,44,45
Illinois,De Witt County,15319,7644,7675,7303,7381,117,84,33,22,37,47,8,6,146,135,7441,7513,188,155,68,57,77,77,16,12,7358,7380,7057,7118,103,75,25,13,35,44,8,5,130,125,7179,7241,164,139,54,45,75,73,16,10,286,295,246,263,14,9,8,9,2,3,0,1,16,10,262,272,24,16,14,12,2,4,0,2
Illinois,Douglas County,19824,9843,9981,9397,9617,139,86,55,38,96,91,1,4,155,145,9543,9752,218,167,107,80,126,118,6,14,8918,9098,8559,8796,114,76,32,16,89,86,1,4,123,120,8675,8909,178,145,66,47,117,110,6,10,925,883,838,821,25,10,23,22,7,5,0,0,32,25,868,843,40,22,41,33,9,8,0,4
Illinois,DuPage County,937142,464507,472635,359996,363304,24610,27740,2342,2305,66212,68364,289,275,11058,10647,370296,373193,28766,31895,4462,4468,72212,73982,790,767,384955,395800,287127,293216,22739,25803,426,530,65396,67440,114,116,9153,8695,295619,301242,26062,29084,1783,1908,70797,72442,521,516,79552,76835,72869,70088,1871,1937,1916,1775,816,924,175,159,1905,1952,74677,71951,2704,2811,2679,2560,1415,1540,269,251
Illinois,Edgar County,16398,8094,8304,7817,8051,93,94,30,23,31,41,4,1,119,94,7930,8138,160,140,64,56,51,62,9,2,7948,8156,7689,7927,89,85,22,15,31,41,4,0,113,88,7796,8008,154,129,52,44,51,62,9,1,146,148,128,124,4,9,8,8,0,0,0,1,6,6,134,130,6,11,12,12,0,0,0,1
Illinois,Edwards County,5984,2929,3055,2821,2931,21,20,17,22,21,25,0,0,49,57,2868,2984,54,57,27,35,29,36,2,0,2865,3013,2779,2909,21,20,9,9,13,25,0,0,43,50,2820,2955,51,53,17,20,20,35,2,0,64,42,42,22,0,0,8,13,8,0,0,0,6,7,48,29,3,4,10,15,9,1,0,0
Illinois,Effingham County,34602,17428,17174,16906,16705,147,94,49,44,130,127,2,9,194,195,17088,16881,256,211,102,100,173,171,6,12,16864,16655,16414,16249,130,82,19,19,129,125,2,7,170,173,16573,16404,226,186,61,67,171,166,6,10,564,519,492,456,17,12,30,25,1,2,0,2,24,22,515,477,30,25,41,33,2,5,0,2
Illinois,Fayette County,21157,11735,9422,10034,9151,1435,57,60,49,47,41,3,5,156,119,10180,9258,1514,129,107,80,87,68,5,9,11236,9225,9638,8997,1390,51,30,31,36,40,1,5,141,101,9771,9087,1461,111,69,55,75,65,3,9,499,197,396,154,45,6,30,18,11,1,2,0,15,18,409,171,53,18,38,25,12,3,2,0
Illinois,Ford County,13451,6657,6794,6252,6363,140,87,86,176,32,47,4,5,143,116,6386,6471,220,151,119,213,72,74,8,8,6254,6323,5950,6092,124,68,18,13,31,45,3,4,128,101,6070,6185,195,124,44,43,69,69,7,7,403,471,302,271,16,19,68,163,1,2,1,1,15,15,316,286,25,27,75,170,3,5,1,1
Illinois,Franklin County,37033,18347,18686,17621,18080,220,132,73,88,112,89,5,8,316,289,17925,18353,376,282,181,187,177,146,10,14,17916,18270,17274,17726,205,118,47,57,110,89,5,8,275,272,17539,17983,342,260,134,149,172,145,9,12,431,416,347,354,15,14,26,31,2,0,0,0,41,17,386,370,34,22,47,38,5,1,1,2
Illinois,Fulton County,32510,16945,15565,15325,15076,1151,146,164,58,59,55,11,5,235,225,15534,15278,1270,271,244,123,125,111,22,10,16295,15331,14874,14883,1101,143,57,40,54,53,10,5,199,207,15060,15067,1202,261,114,98,107,105,16,10,650,234,451,193,50,3,107,18,5,2,1,0,36,18,474,211,68,10,130,25,18,6,6,0
Illinois,Gallatin County,4690,2303,2387,2217,2289,30,25,13,10,6,8,0,1,37,54,2254,2339,46,55,26,28,14,18,1,4,2257,2344,2177,2253,30,23,8,8,5,8,0,1,37,51,2214,2300,46,50,21,25,13,18,1,4,46,43,40,36,0,2,5,2,1,0,0,0,0,3,40,39,0,5,5,3,1,0,0,0
Illinois,Greene County,11417,5740,5677,5577,5564,64,31,20,17,16,18,1,1,62,46,5636,5606,92,57,42,32,32,27,1,2,5668,5601,5521,5498,63,27,14,14,16,18,1,1,53,43,5571,5537,86,52,32,28,32,26,1,2,72,76,56,66,1,4,6,3,0,0,0,0,9,3,65,69,6,5,10,4,0,1,0,0
Illinois,Grundy County,53835,27184,26651,25571,25087,785,671,109,103,247,323,22,42,450,425,25996,25479,980,878,227,222,395,454,43,50,23610,23236,22272,21926,693,587,44,48,220,302,11,33,370,340,22618,22240,855,752,122,127,362,423,29,39,3574,3415,3299,3161,92,84,65,55,27,21,11,9,80,85,3378,3239,125,126,105,95,33,31,14,11
Illinois,Hamilton County,7818,3948,3870,3819,3735,38,17,21,18,17,45,1,0,52,55,3866,3786,57,43,42,39,33,57,4,0,3868,3821,3753,3694,37,16,10,11,17,45,0,0,51,55,3799,3745,56,42,30,32,33,57,3,0,80,49,66,41,1,1,11,7,0,0,1,0,1,0,67,41,1,1,12,7,0,0,1,0
Illinois,Hancock County,17008,8521,8487,8222,8236,124,67,37,36,31,31,10,8,97,109,8314,8339,167,134,71,65,53,51,13,9,8268,8242,8002,8011,116,59,20,26,29,30,10,8,91,108,8088,8113,158,126,49,54,51,50,13,9,253,245,220,225,8,8,17,10,2,1,0,0,6,1,226,226,9,8,22,11,2,1,0,0
Illinois,Hardin County,3550,1818,1732,1704,1655,48,12,18,19,8,7,2,3,38,36,1741,1689,65,34,33,29,15,13,2,3,1782,1687,1672,1614,47,11,18,18,8,7,2,3,35,34,1706,1646,63,31,31,28,15,13,2,3,36,45,32,41,1,1,0,1,0,0,0,0,3,2,35,43,2,3,2,1,0,0,0,0
Illinois,Henderson County,6048,3004,3044,2892,2925,35,20,13,11,6,30,3,1,55,57,2945,2979,65,58,29,26,14,37,6,1,2940,2967,2837,2859,32,15,12,10,6,30,3,1,50,52,2885,2909,59,50,26,22,14,37,6,1,64,77,55,66,3,5,1,1,0,0,0,0,5,5,60,70,6,8,3,4,0,0,0,0
Illinois,Henry County,48177,24253,23924,22939,22815,632,411,85,89,107,151,9,8,481,450,23400,23242,907,699,205,195,202,223,22,19,22376,22265,21261,21341,578,367,38,37,101,140,9,7,389,373,21630,21694,806,605,118,117,191,208,21,17,1877,1659,1678,1474,54,44,47,52,6,11,0,1,92,77,1770,1548,101,94,87,78,11,15,1,2
Illinois,Iroquois County,26067,12938,13129,12352,12585,227,162,66,50,78,105,7,6,208,221,12551,12793,329,297,147,115,107,133,13,13,11719,12018,11240,11552,217,144,34,26,69,93,2,5,157,198,11389,11739,298,266,87,83,96,119,7,10,1219,1111,1112,1033,10,18,32,24,9,12,5,1,51,23,1162,1054,31,31,60,32,11,14,6,3
Illinois,Jackson County,53199,26409,26790,20401,20103,3674,4503,178,156,1297,1101,30,27,829,900,21168,20928,4109,5023,353,331,1563,1363,70,74,24941,25411,19215,19029,3582,4368,95,94,1280,1086,20,17,749,817,19905,19773,3973,4840,240,238,1534,1338,58,61,1468,1379,1186,1074,92,135,83,62,17,15,10,10,80,83,1263,1155,136,183,113,93,29,25,12,13
Illinois,Jasper County,9092,4631,4461,4502,4352,43,12,35,31,9,20,0,2,42,44,4541,4394,68,31,49,52,14,26,1,2,4538,4392,4440,4309,42,12,10,8,9,20,0,2,37,41,4474,4348,65,31,21,26,14,26,1,2,93,69,62,43,1,0,25,23,0,0,0,0,5,3,67,46,3,0,28,26,0,0,0,0
Illinois,Jefferson County,36107,18622,17485,16019,15462,1827,1240,88,76,208,201,8,6,472,500,16473,15942,2142,1585,169,161,296,282,19,19,18001,17026,15575,15156,1743,1177,59,47,205,196,6,5,413,445,15972,15581,2024,1485,119,115,286,276,17,18,621,459,444,306,84,63,29,29,3,5,2,1,59,55,501,361,118,100,50,46,10,6,2,1
Illinois,Jersey County,21150,10467,10683,10028,10217,142,84,53,40,52,157,7,2,185,183,10198,10390,222,171,118,98,101,196,13,12,10282,10496,9881,10069,134,81,34,28,52,140,7,2,174,176,10041,10235,208,165,94,82,100,179,13,12,185,187,147,148,8,3,19,12,0,17,0,0,11,7,157,155,14,6,24,16,1,17,0,0
Illinois,Jo Daviess County,21528,10884,10644,10408,10264,125,88,56,29,76,77,9,4,210,182,10612,10434,224,194,137,90,108,102,16,8,10376,10187,9977,9872,112,67,26,15,74,76,6,3,181,154,10152,10015,199,157,90,64,105,100,13,7,508,457,431,392,13,21,30,14,2,1,3,1,29,28,460,419,25,37,47,26,3,2,3,1
Illinois,Johnson County,13320,7879,5441,6025,5261,1697,42,53,24,22,25,6,1,76,88,6094,5346,1725,79,91,64,36,37,10,3,7401,5278,5663,5113,1633,38,23,15,12,24,0,1,70,87,5726,5197,1657,75,58,54,26,36,4,3,478,163,362,148,64,4,30,9,10,1,6,0,6,1,368,149,68,4,33,10,10,1,6,0
Illinois,Kane County,520997,261133,259864,222662,220930,15791,15781,3419,2999,13304,14198,309,293,5648,5663,228007,226278,18506,18570,4951,4564,15072,15885,482,441,170021,174064,139274,142412,13709,13778,373,301,12703,13607,103,142,3859,3824,142907,146001,15611,15712,1097,1048,14193,15002,216,246,91112,85800,83388,78518,2082,2003,3046,2698,601,591,206,151,1789,1839,85100,80277,2895,2858,3854,3516,879,883,266,195
Illinois,Kankakee County,106410,52678,53732,42618,43145,7791,8396,323,345,615,572,35,33,1296,1241,43846,44320,8630,9216,563,590,869,784,79,81,45107,46584,35820,36791,7517,8123,85,103,576,532,22,18,1087,1017,36848,37748,8235,8808,257,275,807,728,57,58,7571,7148,6798,6354,274,273,238,242,39,40,13,15,209,224,6998,6572,395,408,306,315,62,56,22,23
Illinois,Kendall County,143171,71557,71614,58758,58778,7030,7021,501,468,3398,3515,55,59,1815,1773,60486,60462,7872,7886,783,755,4154,4202,108,109,54219,55174,42862,43695,6541,6561,74,104,3247,3344,29,31,1466,1439,44257,45060,7208,7253,244,278,3924,3966,72,73,17338,16440,15896,15083,489,460,427,364,151,171,26,28,349,334,16229,15402,664,633,539,477,230,236,36,36
Illinois,Knox County,48716,24906,23810,20643,20986,2943,1574,142,93,366,338,9,17,803,802,21409,21750,3498,2149,269,221,510,463,37,39,23127,22258,19213,19697,2806,1475,60,45,350,324,7,13,691,704,19873,20364,3289,1988,155,144,477,441,31,33,1779,1552,1430,1289,137,99,82,48,16,14,2,4,112,98,1536,1386,209,161,114,77,33,22,6,6
Illinois,Lake County,718604,361315,357289,286421,280749,26953,27408,3892,3686,34995,36867,362,351,8692,8228,294458,288316,30640,31081,5860,5652,38965,40491,863,763,266400,267720,200949,200274,24132,24566,554,522,33874,35930,166,149,6725,6279,207132,206010,26925,27304,1680,1658,37324,39047,557,482,94915,89569,85472,80475,2821,2842,3338,3164,1121,937,196,202,1967,1949,87326,82306,3715,3777,4180,3994,1641,1444,306,281
Illinois,LaSalle County,108390,55108,53282,51119,50461,2284,950,227,225,514,727,27,28,937,891,52002,51307,2763,1429,477,459,761,936,57,56,48275,47141,44773,44787,2129,802,103,107,473,701,9,14,788,730,45517,45482,2539,1204,281,266,697,887,35,36,6833,6141,6346,5674,155,148,124,118,41,26,18,14,149,161,6485,5825,224,225,196,193,64,49,22,20
Illinois,Lawrence County,14801,8343,6458,6641,6237,1470,73,52,33,69,30,4,3,107,82,6742,6316,1531,124,83,59,88,36,7,5,7876,6328,6290,6129,1416,71,26,21,58,30,1,2,85,75,6369,6202,1466,119,50,42,75,36,2,4,467,130,351,108,54,2,26,12,11,0,3,1,22,7,373,114,65,5,33,17,13,0,5,1
Illinois,Lee County,33544,17845,15699,15641,14831,1651,309,97,73,148,184,10,9,298,293,15911,15110,1816,457,187,168,215,239,18,21,16263,14459,14247,13747,1605,261,48,37,127,161,5,5,231,248,14459,13983,1733,395,111,107,182,208,11,16,1582,1240,1394,1084,46,48,49,36,21,23,5,4,67,45,1452,1127,83,62,76,61,33,31,7,5
Illinois,Livingston County,35375,17941,17434,16413,16357,879,571,119,106,147,112,9,3,374,285,16766,16632,1101,752,201,172,229,157,26,8,16666,16431,15345,15523,836,531,33,29,142,105,7,2,303,241,15629,15754,1025,691,86,76,212,145,21,7,1275,1003,1068,834,43,40,86,77,5,7,2,1,71,44,1137,878,76,61,115,96,17,12,5,1
Illinois,Logan County,27518,14108,13410,12198,12295,1410,718,71,38,113,102,5,5,311,252,12482,12533,1598,866,132,91,198,160,19,15,13474,12997,11695,11950,1364,695,34,27,105,100,5,5,271,220,11941,12160,1529,828,80,66,182,153,17,13,634,413,503,345,46,23,37,11,8,2,0,0,40,32,541,373,69,38,52,25,16,7,2,2
Illinois,McDonough County,26662,13245,13417,11656,11897,828,827,60,74,396,335,1,5,304,279,11924,12152,973,967,154,142,494,417,13,23,12737,12956,11275,11535,787,790,36,55,388,327,1,3,250,246,11493,11763,908,915,103,112,474,397,12,19,508,461,381,362,41,37,24,19,8,8,0,2,54,33,431,389,65,52,51,30,20,20,1,4
Illinois,McHenry County,315959,158284,157675,145279,144399,3672,3201,987,979,5189,6030,111,92,3046,2974,148157,147190,4777,4313,1765,1767,6583,7326,225,201,130745,131635,119856,120438,3208,2724,223,239,4964,5880,68,56,2426,2298,122141,122600,4080,3571,692,694,6216,7021,153,136,27539,26040,25423,23961,464,477,764,740,225,150,43,36,620,676,26016,24590,697,742,1073,1073,367,305,72,65
Illinois,McLean County,172069,84455,87614,68459,72027,8004,8214,343,345,5166,4575,48,48,2435,2405,70764,74313,9501,9714,684,663,5925,5297,126,131,78449,81815,63349,67009,7708,7890,146,197,5073,4521,34,34,2139,2164,65373,69073,9013,9233,393,436,5785,5202,93,104,6006,5799,5110,5018,296,324,197,148,93,54,14,14,296,241,5391,5240,488,481,291,227,140,95,33,27
Illinois,Macon County,100737,48378,52359,36718,39263,8778,10218,180,139,767,775,27,23,1908,1941,38527,41088,10276,11749,396,339,1066,1088,86,103,46761,50872,35457,38079,8633,10084,124,92,743,758,18,15,1786,1844,37147,39813,10049,11549,303,267,1033,1060,70,90,1617,1487,1261,1184,145,134,56,47,24,17,9,8,122,97,1380,1275,227,200,93,72,33,28,16,13
Illinois,Macoupin County,43895,21777,22118,20897,21317,355,268,95,99,88,118,11,5,331,311,21204,21602,509,426,213,201,169,188,22,23,21457,21773,20641,21053,350,261,72,64,88,113,5,3,301,279,20919,21309,492,404,174,150,164,179,16,17,320,345,256,264,5,7,23,35,0,5,6,2,30,32,285,293,17,22,39,51,5,9,6,6
Illinois,Madison County,263017,128165,134852,111002,115282,11785,14021,496,512,1456,1598,89,84,3337,3355,114153,118455,13853,16135,1105,1137,2417,2521,204,206,121968,128973,105709,110200,11452,13769,316,318,1385,1514,67,69,3039,3103,108588,113137,13346,15726,804,840,2299,2405,166,178,6197,5879,5293,5082,333,252,180,194,71,84,22,15,298,252,5565,5318,507,409,301,297,118,116,38,28
Illinois,Marion County,36437,17889,18548,16423,17094,861,799,96,71,104,131,7,3,398,450,16795,17518,1161,1139,167,140,160,195,19,17,17468,18113,16086,16752,836,769,75,54,101,129,6,3,364,406,16427,17135,1113,1079,138,111,148,189,16,14,421,435,337,342,25,30,21,17,3,2,1,0,34,44,368,383,48,60,29,29,12,6,3,3
Illinois,Marshall County,11552,5836,5716,5589,5505,85,51,34,18,29,37,2,2,97,103,5674,5600,128,96,70,50,57,66,7,9,5600,5482,5394,5297,79,47,19,12,26,35,2,2,80,89,5463,5379,115,85,44,39,53,61,7,8,236,234,195,208,6,4,15,6,3,2,0,0,17,14,211,221,13,11,26,11,4,5,0,1
Illinois,Mason County,12543,6222,6321,5981,6104,68,39,30,30,39,66,1,1,103,81,6078,6180,124,81,67,56,56,81,7,4,6077,6221,5862,6014,65,38,18,26,37,66,0,0,95,77,5951,6086,117,78,51,51,53,80,4,3,145,100,119,90,3,1,12,4,2,0,1,1,8,4,127,94,7,3,16,5,3,1,3,1
Illinois,Massac County,13627,6544,7083,5839,6336,455,439,45,52,39,44,2,0,164,212,5992,6537,566,587,92,91,57,79,7,4,6345,6872,5687,6168,430,417,39,46,36,41,2,0,151,200,5827,6359,535,558,79,83,52,71,5,3,199,211,152,168,25,22,6,6,3,3,0,0,13,12,165,178,31,29,13,8,5,8,2,1
Illinois,Menard County,11963,5835,6128,5611,5882,84,60,20,18,16,43,3,2,101,123,5707,5996,143,126,50,54,30,71,8,9,5723,6000,5514,5768,82,59,16,16,15,36,2,1,94,120,5603,5879,139,124,44,50,25,64,7,8,112,128,97,114,2,1,4,2,1,7,1,1,7,3,104,117,4,2,6,4,5,7,1,1
Illinois,Mercer County,15292,7690,7602,7414,7376,82,72,28,17,36,45,1,3,129,89,7535,7461,153,117,63,39,62,67,7,7,7402,7313,7158,7110,78,66,17,11,34,43,1,1,114,82,7265,7190,142,107,47,30,57,63,5,5,288,289,256,266,4,6,11,6,2,2,0,2,15,7,270,271,11,10,16,9,5,4,2,2
Illinois,Monroe County,34969,17519,17450,17036,16964,136,96,50,41,85,139,7,6,205,204,17226,17155,224,181,106,95,157,212,18,15,17132,17100,16686,16647,127,86,39,32,80,135,6,6,194,194,16865,16829,210,165,90,83,151,208,16,13,387,350,350,317,9,10,11,9,5,4,1,0,11,10,361,326,14,16,16,12,6,4,2,2
Illinois,Montgomery County,27615,14583,13032,13320,12670,972,99,43,48,78,75,9,4,161,136,13468,12803,1071,179,84,85,111,103,15,9,14206,12784,12980,12463,962,94,31,32,78,75,8,4,147,116,13115,12576,1054,161,65,60,109,101,13,7,377,248,340,207,10,5,12,16,0,0,1,0,14,20,353,227,17,18,19,25,2,2,2,2
Illinois,Morgan County,32618,16498,16120,14335,14867,1531,687,95,48,130,145,11,7,396,366,14712,15219,1816,948,160,109,198,206,25,13,15874,15685,13839,14498,1497,662,44,35,123,144,8,6,363,340,14187,14824,1761,904,95,86,184,204,20,12,624,435,496,369,34,25,51,13,7,1,3,1,33,26,525,395,55,44,65,23,14,2,5,1
Illinois,Moultrie County,14365,7079,7286,6849,7062,96,64,21,27,21,33,5,2,87,98,6932,7157,146,123,42,56,37,46,10,6,6928,7169,6733,6963,74,61,20,21,19,33,3,2,79,89,6808,7049,120,114,40,48,33,46,7,5,151,117,116,99,22,3,1,6,2,0,2,0,8,9,124,108,26,9,2,8,4,0,3,1
Illinois,Ogle County,51345,25767,25578,24539,24525,481,289,133,124,169,207,21,22,424,411,24938,24914,729,548,225,200,266,302,40,37,22406,22371,21434,21578,412,236,57,56,131,163,6,4,366,334,21783,21893,629,446,125,106,220,250,21,17,3361,3207,3105,2947,69,53,76,68,38,44,15,18,58,77,3155,3021,100,102,100,94,46,52,19,20
Illinois,Peoria County,179630,87672,91958,62758,65211,16633,18874,564,492,4588,4150,58,150,3071,3081,65666,68123,18836,21111,926,880,5278,4819,164,255,81735,86152,57899,60635,16244,18462,256,215,4530,4024,37,60,2769,2756,60535,63242,18240,20469,545,528,5176,4646,124,153,5937,5806,4859,4576,389,412,308,277,58,126,21,90,302,325,5131,4881,596,642,381,352,102,173,40,102
Illinois,Perry County,20272,11195,9077,9251,8598,1554,183,74,43,82,61,6,8,228,184,9462,8775,1708,299,117,86,128,90,15,14,10599,8865,8774,8429,1519,175,33,32,72,57,4,8,197,164,8961,8586,1660,279,64,68,104,85,12,14,596,212,477,169,35,8,41,11,10,4,2,0,31,20,501,189,48,20,53,18,24,5,3,0
Illinois,Piatt County,16628,8310,8318,7986,8058,123,65,29,14,45,59,3,8,124,114,8098,8162,180,112,69,50,81,96,10,15,8163,8171,7858,7927,119,63,23,12,42,55,1,7,120,107,7967,8024,175,107,61,45,77,91,7,14,147,147,128,131,4,2,6,2,3,4,2,1,4,7,131,138,5,5,8,5,4,5,3,1
Illinois,Pike County,14258,7203,7055,6917,6929,128,33,30,15,38,20,10,1,80,57,6993,6983,170,55,59,45,51,28,13,3,7006,6918,6737,6804,123,31,23,11,38,20,7,1,78,51,6811,6853,164,51,51,37,51,27,9,3,197,137,180,125,5,2,7,4,0,0,3,0,2,6,182,130,6,4,8,8,0,1,4,0
Illinois,Pope County,3703,1911,1792,1763,1692,85,34,15,17,10,11,3,0,35,38,1797,1728,103,55,26,28,17,20,3,0,1872,1757,1730,1660,83,34,13,14,10,11,1,0,35,38,1764,1696,101,55,24,25,17,20,1,0,39,35,33,32,2,0,2,3,0,0,2,0,0,0,33,32,2,0,2,3,0,0,2,0
Illinois,Pulaski County,4879,2473,2406,1637,1570,704,723,28,21,7,16,2,1,95,75,1725,1643,770,765,50,42,22,31,5,1,2354,2325,1563,1516,683,704,20,19,7,16,2,1,79,69,1637,1583,739,744,35,37,21,30,3,1,119,81,74,54,21,19,8,2,0,0,0,0,16,6,88,60,31,21,15,5,1,1,2,0
Illinois,Putnam County,5633,2890,2743,2799,2639,27,19,10,14,9,21,0,2,45,48,2841,2683,58,54,17,24,18,29,1,2,2684,2549,2612,2462,25,15,1,8,8,21,0,2,38,41,2648,2499,54,43,5,17,15,29,0,2,206,194,187,177,2,4,9,6,1,0,0,0,7,7,193,184,4,11,12,7,3,0,1,0
Illinois,Randolph County,29903,15946,13957,13399,13039,2012,439,97,80,166,170,18,6,254,223,13636,13247,2159,562,158,134,226,227,29,14,15126,13542,12750,12702,1969,430,31,39,157,167,7,3,212,201,12949,12890,2093,543,77,82,208,221,16,11,820,415,649,337,43,9,66,41,9,3,11,3,42,22,687,357,66,19,81,52,18,6,13,3
Illinois,Richland County,15362,7612,7750,7319,7441,103,70,22,32,54,70,1,5,113,132,7426,7560,162,134,55,73,80,105,4,11,7441,7587,7166,7298,97,67,19,27,53,68,1,4,105,123,7265,7409,152,128,47,62,79,102,4,10,171,163,153,143,6,3,3,5,1,2,0,1,8,9,161,151,10,6,8,11,1,3,0,1
Illinois,Rock Island County,142731,70479,72252,55467,57952,9610,8998,468,582,2385,2145,56,45,2493,2530,57801,60320,11343,10775,896,1015,2867,2636,150,125,59928,61804,46306,48959,9128,8504,118,157,2305,2047,29,31,2042,2106,48226,50940,10570,9999,406,464,2738,2491,97,95,10551,10448,9161,8993,482,494,350,425,80,98,27,14,451,424,9575,9380,773,776,490,551,129,145,53,30
Illinois,St. Clair County,251149,121878,129271,80093,80782,35309,41358,545,530,2038,2633,123,124,3770,3844,83500,84226,37564,43682,1163,1237,3461,4068,296,276,115075,122813,74441,75548,34880,40881,323,330,1968,2529,107,101,3356,3424,77469,78619,36886,42949,802,909,3307,3872,251,231,6803,6458,5652,5234,429,477,222,200,70,104,16,23,414,420,6031,5607,678,733,361,328,154,196,45,45
Illinois,Saline County,22826,11274,11552,10466,10793,406,340,60,67,81,79,14,8,247,265,10689,11037,557,485,126,141,131,143,26,19,11013,11277,10268,10566,390,326,47,60,77,75,6,7,225,243,10470,10790,526,462,104,125,126,135,18,16,261,275,198,227,16,14,13,7,4,4,8,1,22,22,219,247,31,23,22,16,5,8,8,3
Illinois,Sangamon County,194345,93608,100737,74854,80010,13166,14692,295,280,2415,2729,39,37,2839,2989,77543,82826,15202,16846,668,708,3061,3418,130,133,90469,97598,72307,77424,12926,14451,177,195,2382,2707,30,28,2647,2793,74817,80062,14828,16464,495,569,3006,3371,113,116,3139,3139,2547,2586,240,241,118,85,33,22,9,9,192,196,2726,2764,374,382,173,139,55,47,17,17
Illinois,Schuyler County,6750,3690,3060,3319,2938,310,64,13,7,18,15,0,0,30,36,3348,2972,325,82,22,22,24,21,1,0,3565,2964,3216,2854,299,60,10,7,16,13,0,0,24,30,3240,2882,311,75,15,18,22,19,1,0,125,96,103,84,11,4,3,0,2,2,0,0,6,6,108,90,14,7,7,4,2,2,0,0
Illinois,Scott County,4880,2371,2509,2280,2414,29,18,9,7,7,9,2,29,44,32,2320,2444,55,31,23,19,14,17,4,31,2337,2480,2251,2394,24,14,9,6,7,8,2,28,44,30,2291,2422,50,27,23,16,14,16,4,30,34,29,29,20,5,4,0,1,0,1,0,1,0,2,29,22,5,4,0,3,0,1,0,1
Illinois,Shelby County,20542,10251,10291,9957,10045,102,55,31,26,40,45,6,4,115,116,10065,10151,164,115,69,58,59,78,11,10,10091,10155,9826,9925,92,51,24,22,40,45,6,4,103,108,9922,10023,149,107,56,51,58,77,11,10,160,136,131,120,10,4,7,4,0,0,0,0,12,8,143,128,15,8,13,7,1,1,0,0
Illinois,Stark County,5272,2650,2622,2518,2482,55,35,10,31,15,22,2,3,50,49,2563,2531,82,60,29,43,22,35,4,6,2562,2514,2445,2411,51,31,6,4,15,22,0,0,45,46,2485,2457,75,53,23,16,22,35,2,3,88,108,73,71,4,4,4,27,0,0,2,3,5,3,78,74,7,7,6,27,0,0,2,3
Illinois,Stephenson County,43088,21095,21993,17799,18575,2217,2203,91,92,207,221,14,8,767,894,18538,19433,2828,2918,171,174,306,352,27,24,19683,20740,16645,17520,2112,2122,41,44,196,217,7,8,682,829,17301,18315,2657,2792,104,108,291,343,18,24,1412,1253,1154,1055,105,81,50,48,11,4,7,0,85,65,1237,1118,171,126,67,66,15,9,9,0
Illinois,Tazewell County,129821,64456,65365,60886,62239,1547,953,296,208,521,809,36,27,1170,1129,61976,63311,2125,1502,569,466,904,1186,77,59,62390,63631,59153,60757,1465,893,190,127,492,792,27,21,1063,1041,60148,61748,1987,1403,414,342,857,1153,67,50,2066,1734,1733,1482,82,60,106,81,29,17,9,6,107,88,1828,1563,138,99,155,124,47,33,10,9
Illinois,Union County,16886,8624,8262,8074,7846,281,134,68,59,37,53,3,5,161,165,8214,7995,370,217,117,120,72,91,14,8,8041,7794,7567,7432,266,130,38,33,34,51,3,5,133,143,7682,7562,340,201,78,85,62,84,13,8,583,468,507,414,15,4,30,26,3,2,0,0,28,22,532,433,30,16,39,35,10,7,1,0
Illinois,Vermilion County,71106,35625,35481,28651,29063,5432,4889,158,147,263,320,25,22,1096,1040,29679,30049,6252,5652,327,311,432,489,61,50,33370,33518,26874,27508,5217,4709,62,72,257,312,18,13,942,904,27756,28364,5929,5380,192,199,410,465,49,40,2255,1963,1777,1555,215,180,96,75,6,8,7,9,154,136,1923,1685,323,272,135,112,22,24,12,10
Illinois,Wabash County,10979,5572,5407,5254,5187,100,58,12,15,98,72,7,3,101,72,5348,5254,149,95,50,42,115,83,11,6,5387,5277,5100,5075,85,55,7,12,94,69,7,3,94,63,5187,5133,131,88,43,34,109,80,11,6,185,130,154,112,15,3,5,3,4,3,0,0,7,9,161,121,18,7,7,8,6,3,0,0
Illinois,Warren County,16217,8120,8097,7328,7476,315,249,61,42,214,148,24,19,178,163,7494,7628,426,344,103,78,248,185,29,27,7079,7267,6387,6732,278,219,28,26,210,148,11,12,165,130,6540,6852,384,296,63,53,243,178,16,20,1041,830,941,744,37,30,33,16,4,0,13,7,13,33,954,776,42,48,40,25,5,7,13,7
Illinois,Washington County,13535,6864,6671,6593,6465,117,66,20,13,33,38,2,1,99,88,6683,6546,179,123,42,30,53,56,7,4,6751,6554,6495,6369,113,59,18,7,29,34,2,1,94,84,6580,6447,172,113,39,22,48,52,7,4,113,117,98,96,4,7,2,6,4,4,0,0,5,4,103,99,7,10,3,8,5,4,0,0
Illinois,Wayne County,15928,8008,7920,7650,7673,165,69,25,30,77,59,2,1,89,88,7733,7751,207,120,53,55,102,77,4,5,7697,7734,7444,7514,82,66,14,14,75,59,2,1,80,80,7518,7585,120,111,40,38,97,76,4,4,311,186,206,159,83,3,11,16,2,0,0,0,9,8,215,166,87,9,13,17,5,1,0,1
Illinois,White County,13395,6617,6778,6384,6579,72,48,35,26,26,39,5,2,95,84,6472,6656,117,89,66,55,46,56,11,7,6471,6667,6268,6491,60,45,29,21,26,38,5,1,83,71,6345,6555,102,79,52,45,44,54,11,6,146,111,116,88,12,3,6,5,0,1,0,1,12,13,127,101,15,10,14,10,2,2,0,1
Illinois,Whiteside County,54657,27364,27293,25685,25891,675,498,188,150,244,218,9,5,563,531,26213,26387,1045,845,314,270,334,309,28,20,23378,23709,22143,22660,533,391,56,54,216,200,1,0,429,404,22543,23034,829,665,132,129,292,277,17,14,3986,3584,3542,3231,142,107,132,96,28,18,8,5,134,127,3670,3353,216,180,182,141,42,32,11,6
Illinois,Will County,708583,353522,355061,273225,271128,44905,47033,1953,1855,25224,27023,236,198,7979,7824,280707,278431,48953,51100,3679,3586,28284,29933,490,445,278471,283850,204437,206037,42702,44754,398,481,24678,26424,84,62,6172,6092,210217,211713,45832,47922,1419,1543,27354,28986,264,234,75051,71211,68788,65091,2203,2279,1555,1374,546,599,152,136,1807,1732,70490,66718,3121,3178,2260,2043,930,947,226,211
Illinois,Williamson County,67064,33747,33317,30144,30411,2170,1372,204,132,465,639,13,8,751,755,30861,31122,2651,1847,339,280,630,808,37,33,32586,32391,29182,29622,2090,1330,141,93,459,635,12,5,702,706,29852,30285,2543,1776,256,225,618,799,35,29,1161,926,962,789,80,42,63,39,6,4,1,3,49,49,1009,837,108,71,83,55,12,9,2,4
Illinois,Winnebago County,283790,138769,145021,108385,112341,19800,21908,1052,1050,4561,4633,81,91,4890,4998,113053,117081,22995,25234,1959,1998,5728,5797,230,228,115157,121527,87751,91869,18685,20821,272,271,4448,4468,49,39,3952,4059,91517,95714,21323,23570,850,906,5498,5517,163,142,23612,23494,20634,20472,1115,1087,780,779,113,165,32,52,938,939,21536,21367,1672,1664,1109,1092,230,280,67,86
Illinois,Woodford County,38290,19253,19037,18549,18335,226,168,65,52,146,177,9,8,258,297,18791,18610,376,340,119,116,220,261,15,18,18775,18615,18137,17960,212,153,49,44,127,172,9,8,241,278,18364,18218,350,319,96,97,199,253,15,17,478,422,412,375,14,15,16,8,19,5,0,0,17,19,427,392,26,21,23,19,21,8,0,1
Indiana,Adams County,36584,18354,18230,17775,17736,178,145,104,75,83,69,4,9,210,196,17979,17927,318,285,153,125,106,85,11,12,17391,17354,16921,16967,147,120,57,37,72,61,3,5,191,164,17107,17126,274,237,100,77,94,76,10,8,963,876,854,769,31,25,47,38,11,8,1,4,19,32,872,801,44,48,53,48,12,9,1,4
Indiana,Allen County,399295,196512,202783,152847,157190,22912,25122,1078,967,12422,11930,236,262,7017,7312,159544,164160,27857,30281,2391,2427,13786,13350,458,494,177210,184112,136385,141507,21891,23893,434,473,12240,11767,74,98,6186,6374,142301,147591,26286,28453,1469,1609,13488,13040,248,275,19302,18671,16462,15683,1021,1229,644,494,182,163,162,164,831,938,17243,16569,1571,1828,922,818,298,310,210,219
Indiana,Bartholomew County,84741,42901,41840,36567,36692,1371,1135,230,201,3703,2755,74,78,956,979,37487,37631,1925,1706,496,466,3890,2952,105,114,38484,38088,32687,33451,1182,935,93,89,3670,2728,30,30,822,855,33480,34271,1656,1442,305,302,3844,2908,55,61,4417,3752,3880,3241,189,200,137,112,33,27,44,48,134,124,4007,3360,269,264,191,164,46,44,50,53
Indiana,Benton County,8853,4545,4308,4340,4140,75,44,24,7,8,20,6,2,92,95,4428,4232,143,100,42,41,20,27,8,6,4151,4016,3984,3870,62,36,14,7,8,20,3,2,80,81,4061,3948,123,84,27,35,18,27,4,6,394,292,356,270,13,8,10,0,0,0,3,0,12,14,367,284,20,16,15,6,2,0,4,0
Indiana,Blackford County,11816,5786,6030,5535,5764,87,40,26,23,18,56,3,3,117,144,5649,5902,158,123,57,70,36,75,6,7,5639,5856,5417,5615,74,35,20,23,15,56,3,2,110,125,5524,5735,140,110,49,63,33,69,6,6,147,174,118,149,13,5,6,0,3,0,0,1,7,19,125,167,18,13,8,7,3,6,0,1
Indiana,Boone County,78773,39412,39361,34896,34994,1711,1593,110,130,1812,1845,18,16,865,783,35741,35748,2095,1945,291,294,2137,2134,36,40,37478,37524,33197,33387,1628,1535,66,67,1793,1804,8,9,786,722,33968,34087,1966,1856,213,206,2107,2083,24,28,1934,1837,1699,1607,83,58,44,63,19,41,10,7,79,61,1773,1661,129,89,78,88,30,51,12,12
Indiana,Brown County,15650,7886,7764,7567,7436,97,67,36,43,43,87,0,3,143,128,7705,7562,164,120,81,99,74,107,7,5,7703,7628,7430,7328,74,57,32,32,42,87,0,2,125,122,7550,7448,132,107,69,86,72,106,7,4,183,136,137,108,23,10,4,11,1,0,0,1,18,6,155,114,32,13,12,13,2,1,0,1
Indiana,Carroll County,20747,10597,10150,10255,9842,122,81,49,51,26,52,3,3,142,121,10391,9955,194,148,88,92,55,74,12,5,10034,9694,9785,9488,99,58,23,26,16,30,1,1,110,91,9891,9574,154,110,53,51,39,48,8,3,563,456,470,354,23,23,26,25,10,22,2,2,32,30,500,381,40,38,35,41,16,26,4,2
Indiana,Cass County,37559,19086,18473,17241,17049,693,452,292,248,416,355,44,47,400,322,17630,17358,946,625,401,360,461,398,52,61,15182,15039,13844,14062,558,336,85,72,373,331,10,2,312,236,14149,14287,760,468,162,143,409,367,17,14,3904,3434,3397,2987,135,116,207,176,43,24,34,45,88,86,3481,3071,186,157,239,217,52,31,35,47
Indiana,Clark County,127479,62451,65028,53465,55818,5822,5838,313,347,831,1026,121,86,1899,1913,55291,57640,7120,7139,666,728,1160,1365,186,158,57456,60657,49180,52087,5563,5603,149,154,766,967,72,47,1726,1799,50847,53802,6747,6841,445,494,1077,1292,124,115,4995,4371,4285,3731,259,235,164,193,65,59,49,39,173,114,4444,3838,373,298,221,234,83,73,62,43
Indiana,Clay County,26424,13224,13200,12732,12753,161,106,46,53,53,43,7,4,225,241,12955,12981,288,251,122,116,79,84,11,13,12943,12920,12491,12507,146,97,35,45,48,41,7,2,216,228,12706,12722,266,234,109,106,73,80,10,10,281,280,241,246,15,9,11,8,5,2,0,2,9,13,249,259,22,17,13,10,6,4,1,3
Indiana,Clinton County,32895,16438,16457,15805,15889,224,132,103,108,75,114,13,11,218,203,16017,16077,332,235,184,180,109,153,18,24,12841,13336,12398,12911,197,119,33,38,60,97,2,4,151,167,12547,13066,272,209,83,91,88,126,5,14,3597,3121,3407,2978,27,13,70,70,15,17,11,7,67,36,3470,3011,60,26,101,89,21,27,13,10
Indiana,Crawford County,10523,5388,5135,5188,4960,61,48,33,30,17,12,5,8,84,77,5271,5036,95,83,67,61,32,26,7,9,5293,5041,5118,4891,52,37,31,22,13,12,3,8,76,71,5193,4961,82,69,61,50,28,25,5,9,95,94,70,69,9,11,2,8,4,0,2,0,8,6,78,75,13,14,6,11,4,1,2,0
Indiana,Daviess County,34097,17230,16867,16133,15830,568,393,139,153,76,80,38,8,276,403,16400,16223,743,675,204,220,114,140,46,16,16013,15789,15146,14941,510,358,35,43,69,72,4,1,249,374,15388,15307,666,623,93,100,104,130,12,7,1217,1078,987,889,58,35,104,110,7,8,34,7,27,29,1012,916,77,52,111,120,10,10,34,9
Indiana,Dearborn County,51435,25825,25610,24913,24827,275,193,70,63,124,147,16,19,427,361,25328,25175,514,389,184,165,201,219,28,30,25382,25216,24542,24484,265,179,52,50,120,147,13,16,390,340,24922,24812,478,365,157,141,194,217,24,27,443,394,371,343,10,14,18,13,4,0,3,3,37,21,406,363,36,24,27,24,7,2,4,3
Indiana,Decatur County,26421,13221,13200,12623,12760,131,77,38,49,227,144,8,6,194,164,12813,12917,218,159,108,91,265,187,15,12,12826,12888,12293,12496,115,70,22,30,221,137,8,5,167,150,12456,12640,190,146,79,66,257,177,15,11,395,312,330,264,16,7,16,19,6,7,0,1,27,14,357,277,28,13,29,25,8,10,0,1
Indiana,DeKalb County,44330,22156,22174,21360,21445,198,164,107,68,115,166,20,14,356,317,21700,21748,399,338,199,151,189,231,29,25,21367,21460,20692,20836,175,133,79,40,107,156,19,14,295,281,20974,21107,343,293,146,107,173,214,27,22,789,714,668,609,23,31,28,28,8,10,1,0,61,36,726,641,56,45,53,44,16,17,2,3
Indiana,Delaware County,112951,54643,58308,47709,50995,4203,4374,192,198,868,1029,52,31,1619,1681,49234,52556,5182,5430,548,538,1216,1401,133,111,52702,56367,46189,49373,4039,4242,125,134,839,1015,32,29,1478,1574,47581,50835,4936,5242,424,438,1177,1365,108,104,1941,1941,1520,1622,164,132,67,64,29,14,20,2,141,107,1653,1721,246,188,124,100,39,36,25,7
Indiana,Dubois County,43629,22109,21520,21258,20757,257,199,87,74,224,267,56,24,227,199,21479,20944,365,300,167,144,260,303,66,33,19544,19425,18936,18838,193,143,36,38,200,247,6,3,173,156,19105,18986,273,228,91,84,234,277,14,9,2565,2095,2322,1919,64,56,51,36,24,20,50,21,54,43,2374,1958,92,72,76,60,26,26,52,24
Indiana,Elkhart County,207436,103321,104115,92068,92825,6326,6132,788,814,1244,1532,91,97,2804,2715,94779,95426,8120,7864,1447,1480,1708,1998,164,174,80496,83074,71138,73626,5676,5474,228,223,1101,1452,41,43,2312,2256,73382,75784,7219,6977,665,688,1514,1854,99,104,22825,21041,20930,19199,650,658,560,591,143,80,50,54,492,459,21397,19642,901,887,782,792,194,144,65,70
Indiana,Fayette County,23335,11561,11774,11119,11374,193,142,31,47,43,54,0,2,175,155,11288,11521,285,236,94,92,68,76,5,5,11360,11554,10938,11194,190,135,20,27,43,50,0,0,169,148,11101,11334,280,224,79,71,68,71,5,3,201,220,181,180,3,7,11,20,0,4,0,2,6,7,187,187,5,12,15,21,0,5,0,2
Indiana,Floyd County,81931,40011,41920,35626,37404,2440,2513,209,192,504,644,28,23,1204,1144,36788,38476,3204,3259,457,440,720,853,66,57,38027,40063,34012,35832,2343,2428,114,126,465,620,18,20,1075,1037,35050,36808,3034,3116,316,331,671,816,49,47,1984,1857,1614,1572,97,85,95,66,39,24,10,3,129,107,1738,1668,170,143,141,109,49,37,17,10
Indiana,Fountain County,16833,8410,8423,8106,8124,99,68,39,32,21,64,8,6,137,129,8237,8241,159,138,97,81,46,88,12,10,8138,8131,7885,7879,80,52,32,22,19,62,2,1,120,115,7999,7983,137,116,77,63,43,83,6,5,272,292,221,245,19,16,7,10,2,2,6,5,17,14,238,258,22,22,20,18,3,5,6,5
Indiana,Franklin County,23136,11596,11540,11300,11237,62,55,49,28,68,111,3,2,114,107,11408,11337,116,107,97,71,87,131,5,7,11418,11409,11153,11139,57,48,35,13,68,110,3,2,102,97,11249,11229,105,97,77,50,87,130,5,6,178,131,147,98,5,7,14,15,0,1,0,0,12,10,159,108,11,10,20,21,0,1,0,1
Indiana,Fulton County,20004,10103,9901,9647,9467,117,94,111,96,55,90,4,2,169,152,9810,9613,209,181,168,145,81,113,8,5,9483,9376,9130,9028,105,84,55,54,49,86,4,2,140,122,9265,9146,182,158,98,92,72,103,8,2,620,525,517,439,12,10,56,42,6,4,0,0,29,30,545,467,27,23,70,53,9,10,0,3
Indiana,Gibson County,33038,16866,16172,15701,15177,503,367,96,76,95,138,18,23,453,391,16137,15545,805,637,193,163,155,188,31,36,16342,15808,15300,14907,480,345,37,43,87,127,17,20,421,366,15704,15253,763,597,122,127,145,171,30,32,524,364,401,270,23,22,59,33,8,11,1,3,32,25,433,292,42,40,71,36,10,17,1,4
Indiana,Grant County,66458,32174,34284,27877,29997,2728,2597,168,157,315,476,31,14,1055,1043,28902,30998,3433,3278,360,370,480,653,62,42,30081,32391,26113,28449,2576,2435,113,119,300,452,12,7,967,929,27053,29340,3230,3048,275,301,460,611,38,30,2093,1893,1764,1548,152,162,55,38,15,24,19,7,88,114,1849,1658,203,230,85,69,20,42,24,12
Indiana,Greene County,31219,15687,15532,15221,15117,76,65,92,60,71,94,5,5,222,191,15431,15298,170,150,175,141,119,125,15,10,15321,15167,14926,14775,70,63,52,54,71,94,5,3,197,178,15111,14943,151,139,125,132,117,124,15,8,366,365,295,342,6,2,40,6,0,0,0,2,25,13,320,355,19,11,50,9,2,1,0,2
Indiana,Hamilton County,379704,187130,192574,156301,161778,10821,10297,565,510,14788,15088,91,227,4564,4674,160664,166244,12810,12382,1192,1193,16968,17289,242,379,175930,180434,146528,151100,10353,9811,240,279,14569,14936,47,47,4193,4261,150550,155181,12175,11705,746,829,16633,16996,177,181,11200,12140,9773,10678,468,486,325,231,219,152,44,180,371,413,10114,11063,635,677,446,364,335,293,65,198
Indiana,Hancock County,88810,43999,44811,39664,40330,2460,2500,176,162,725,786,32,31,942,1002,40579,41297,2895,2981,428,447,993,1055,55,53,42061,42993,38038,38807,2346,2400,115,109,708,767,21,26,833,884,38848,39662,2739,2829,311,334,960,1019,43,43,1938,1818,1626,1523,114,100,61,53,17,19,11,5,109,118,1731,1635,156,152,117,113,33,36,12,10
Indiana,Harrison County,39978,20000,19978,19260,19251,265,137,84,64,87,178,18,16,286,332,19534,19564,391,297,182,176,155,252,30,27,19472,19423,18827,18768,235,114,53,43,87,174,9,8,261,316,19079,19065,354,264,134,149,152,247,20,19,528,555,433,483,30,23,31,21,0,4,9,8,25,16,455,499,37,33,48,27,3,5,10,8
Indiana,Hendricks County,190629,95864,94765,75764,75811,13579,12256,381,376,3691,3791,63,73,2386,2458,78027,78141,14860,13601,815,853,4491,4583,149,172,90092,89507,70971,71485,13153,11907,172,205,3596,3688,41,47,2159,2175,73025,73548,14321,13101,518,582,4355,4414,114,137,5772,5258,4793,4326,426,349,209,171,95,103,22,26,227,283,5002,4593,539,500,297,271,136,169,35,35
Indiana,Henry County,49081,25718,23363,23819,22490,1223,246,66,59,123,132,7,10,480,426,24271,22895,1456,465,233,205,213,212,33,29,25013,22833,23235,22044,1193,226,54,50,119,130,4,10,408,373,23619,22397,1393,417,182,174,203,203,28,28,705,530,584,446,30,20,12,9,4,2,3,0,72,53,652,498,63,48,51,31,10,9,5,1
Indiana,Howard County,84082,40876,43206,35091,37439,3538,3433,194,244,634,561,32,28,1387,1501,36428,38874,4444,4415,488,583,865,799,70,77,38925,41314,33487,35935,3402,3300,130,177,622,533,8,9,1276,1360,34719,37232,4248,4196,377,467,839,758,45,56,1951,1892,1604,1504,136,133,64,67,12,28,24,19,111,141,1709,1642,196,219,111,116,26,41,25,21
Indiana,Huntington County,36944,18374,18570,17616,17799,192,224,117,121,133,167,21,5,295,254,17899,18042,322,339,227,219,195,218,33,13,17675,17962,17021,17278,176,207,93,89,125,166,6,2,254,220,17264,17488,289,307,182,168,183,215,17,8,699,608,595,521,16,17,24,32,8,1,15,3,41,34,635,554,33,32,45,51,12,3,16,5
Indiana,Jackson County,47420,24256,23164,22089,21498,437,343,335,220,957,749,85,43,353,311,22425,21800,580,481,503,353,1007,787,99,61,20066,19949,18468,18670,331,244,55,44,936,727,22,18,254,246,18708,18910,444,360,160,137,975,760,34,33,4190,3215,3621,2828,106,99,280,176,21,22,63,25,99,65,3717,2890,136,121,343,216,32,27,65,28
Indiana,Jasper County,33387,16687,16700,16139,16175,163,111,67,80,65,92,6,12,247,230,16371,16396,259,220,185,174,103,127,19,21,15279,15372,14852,14955,137,85,38,43,58,84,2,9,192,196,15032,15143,216,183,119,115,92,115,14,18,1408,1328,1287,1220,26,26,29,37,7,8,4,3,55,34,1339,1253,43,37,66,59,11,12,5,3
Indiana,Jay County,20164,10242,9922,9902,9625,91,49,26,36,38,54,7,2,178,156,10065,9774,148,112,124,108,70,82,15,8,9707,9530,9416,9259,79,44,21,29,36,49,3,0,152,149,9554,9401,130,106,101,95,66,77,10,6,535,392,486,366,12,5,5,7,2,5,4,2,26,7,511,373,18,6,23,13,4,5,5,2
Indiana,Jefferson County,32921,15900,17021,15092,16020,284,430,65,76,161,202,24,22,274,271,15355,16286,420,569,170,167,199,243,35,31,15320,16420,14596,15529,255,381,43,47,159,202,20,20,247,241,14832,15765,382,505,135,126,192,239,31,29,580,601,496,491,29,49,22,29,2,0,4,2,27,30,523,521,38,64,35,41,7,4,4,2
Indiana,Jennings County,27634,13986,13648,13437,13210,145,126,59,47,67,64,12,10,266,191,13688,13391,272,220,172,123,107,89,19,19,13456,13118,12966,12734,130,108,40,41,61,62,6,7,253,166,13204,12892,254,189,147,107,98,84,12,15,530,530,471,476,15,18,19,6,6,2,6,3,13,25,484,499,18,31,25,16,9,5,7,4
Indiana,Johnson County,170614,84877,85737,72780,74658,3574,3408,341,296,6250,5441,89,56,1843,1878,74531,76452,4493,4378,770,711,6831,6009,155,125,80631,81878,69130,71355,3409,3195,190,172,6189,5385,56,43,1657,1728,70711,73010,4251,4102,533,520,6732,5925,114,106,4246,3859,3650,3303,165,213,151,124,61,56,33,13,186,150,3820,3442,242,276,237,191,99,84,41,19
Indiana,Knox County,35872,18361,17511,16810,16435,830,455,100,64,257,219,13,5,351,333,17140,16753,1024,643,214,171,320,268,20,17,17725,16977,16265,15971,802,426,66,40,251,214,12,5,329,321,16573,16278,987,611,171,140,309,260,19,17,636,534,545,464,28,29,34,24,6,5,1,0,22,12,567,475,37,32,43,31,11,8,1,0
Indiana,Kosciusko County,80669,40356,40313,38078,38447,601,454,235,218,763,562,27,33,652,599,38708,39024,899,747,441,416,927,690,42,46,36084,36491,34164,34930,494,393,99,98,731,525,9,20,587,525,34734,35438,772,658,271,256,882,642,21,32,4272,3822,3914,3517,107,61,136,120,32,37,18,13,65,74,3974,3586,127,89,170,160,45,48,21,14
Indiana,LaGrange County,41122,20943,20179,20451,19764,156,107,78,65,74,85,6,5,178,153,20619,19913,222,164,143,125,127,123,13,10,19954,19258,19544,18920,130,85,47,36,71,77,6,4,156,136,19691,19052,189,136,101,89,120,111,12,9,989,921,907,844,26,22,31,29,3,8,0,1,22,17,928,861,33,28,42,36,7,12,1,1
Indiana,Lake County,502955,244449,258506,176918,178153,55670,67747,1344,1465,4654,4966,172,218,5691,5957,182045,183504,59086,71388,3363,3592,5915,6275,392,454,189657,204456,128107,130544,52576,64237,267,408,4411,4692,58,54,4238,4521,131935,134614,55187,67077,1544,1808,5432,5732,200,209,54792,54050,48811,47609,3094,3510,1077,1057,243,274,114,164,1453,1436,50110,48890,3899,4311,1819,1784,483,543,192,245
Indiana,LaPorte County,111348,57769,53579,47938,46136,7521,5139,274,296,388,375,20,22,1628,1611,49485,47678,8602,6211,642,657,653,621,72,74,52887,49455,43661,42566,7297,4960,141,156,362,352,12,13,1414,1408,45009,43919,8266,5926,427,434,596,570,53,57,4882,4124,4277,3570,224,179,133,140,26,23,8,9,214,203,4476,3759,336,285,215,223,57,51,19,17
Indiana,Lawrence County,45192,22604,22588,21795,21806,219,119,138,122,129,157,9,11,314,373,22094,22166,324,249,299,304,190,220,23,29,22080,22079,21382,21387,202,101,96,92,125,155,5,10,270,334,21639,21710,297,216,227,250,181,214,16,28,524,509,413,419,17,18,42,30,4,2,4,1,44,39,455,456,27,33,72,54,9,6,7,1
Indiana,Madison County,134222,67541,66681,58247,58938,6703,5250,364,270,558,601,53,51,1616,1571,59773,60441,7777,6280,760,642,815,844,99,113,63323,62930,54633,55706,6513,5075,190,148,537,576,31,30,1419,1395,55978,57048,7486,6018,496,440,763,791,69,83,4218,3751,3614,3232,190,175,174,122,21,25,22,21,197,176,3795,3393,291,262,264,202,52,53,30,30
Indiana,Marion County,981628,475062,506566,295452,304536,137619,159900,2699,2840,22730,22079,260,294,16302,16917,310600,320157,149325,172092,6243,6670,26259,25662,859,864,402864,437047,232542,245255,132999,154321,710,813,22422,21832,98,86,14093,14740,245652,258869,143169,165028,3380,3796,25567,24997,557,522,72198,69519,62910,59281,4620,5579,1989,2027,308,247,162,208,2209,2177,64948,61288,6156,7064,2863,2874,692,665,302,342
Indiana,Marshall County,46464,23390,23074,22348,22213,289,196,168,85,152,191,32,19,401,370,22724,22564,478,371,323,221,243,262,55,38,20323,20283,19604,19611,217,131,58,44,128,160,8,6,308,331,19893,19927,371,293,160,157,196,225,23,22,3067,2791,2744,2602,72,65,110,41,24,31,24,13,93,39,2831,2637,107,78,163,64,47,37,32,16
Indiana,Martin County,9864,5064,4800,4898,4648,46,27,30,22,22,45,0,1,68,57,4962,4701,75,60,52,45,41,52,4,1,4974,4722,4825,4592,44,21,20,11,22,45,0,1,63,52,4884,4640,73,50,41,32,39,52,2,1,90,78,73,56,2,6,10,11,0,0,0,0,5,5,78,61,2,10,11,13,2,0,2,0
Indiana,Miami County,35613,19374,16239,17053,15274,1615,305,175,171,83,99,5,8,443,382,17474,15640,1841,499,335,314,163,156,19,23,18573,15625,16389,14763,1544,281,149,135,81,92,5,5,405,349,16775,15101,1759,460,288,263,152,140,15,19,801,614,664,511,71,24,26,36,2,7,0,3,38,33,699,539,82,39,47,51,11,16,4,4
Indiana,Monroe County,140702,70098,70604,59042,60026,2867,2888,276,297,5643,5243,76,49,2194,2101,61137,62015,3847,3843,760,768,6580,6086,189,146,66392,67167,55953,57153,2702,2702,140,180,5571,5197,59,39,1967,1896,57837,58962,3584,3567,509,551,6439,5984,144,125,3706,3437,3089,2873,165,186,136,117,72,46,17,10,227,205,3300,3053,263,276,251,217,141,102,45,21
Indiana,Montgomery County,38633,19706,18927,18751,18219,331,207,95,69,199,134,16,9,314,289,19047,18496,497,350,194,166,271,187,26,28,18385,17833,17552,17216,285,176,58,43,189,126,10,7,291,265,17826,17471,443,311,144,124,255,176,19,23,1321,1094,1199,1003,46,31,37,26,10,8,6,2,23,24,1221,1025,54,39,50,42,16,11,7,5
Indiana,Morgan County,73825,36918,36907,35217,35296,770,617,141,125,227,347,21,19,542,503,35733,35778,1000,849,367,308,351,449,38,48,35926,36033,34355,34543,732,591,107,92,216,338,17,13,499,456,34828,34981,948,802,304,250,331,434,31,37,992,874,862,753,38,26,34,33,11,9,4,6,43,47,905,797,52,47,63,58,20,15,7,11
Indiana,Newton County,14131,7214,6917,6810,6579,118,78,130,111,30,48,8,11,118,90,6920,6662,165,110,190,159,54,60,12,20,6483,6287,6236,6076,101,63,30,28,23,44,5,5,88,71,6316,6141,137,88,69,65,41,53,8,13,731,630,574,503,17,15,100,83,7,4,3,6,30,19,604,521,28,22,121,94,13,7,4,7
Indiana,Noble County,47811,24182,23629,23146,22748,405,195,131,122,118,183,30,13,352,368,23475,23098,555,351,268,255,205,268,47,39,21298,20941,20469,20238,347,142,65,65,116,175,8,3,293,318,20743,20541,478,277,167,169,190,253,21,26,2884,2688,2677,2510,58,53,66,57,2,8,22,10,59,50,2732,2557,77,74,101,86,15,15,26,13
Indiana,Ohio County,5996,3021,2975,2921,2891,35,25,8,14,6,11,1,1,50,33,2967,2922,62,40,21,27,19,18,3,1,2976,2919,2880,2844,33,23,7,8,6,11,1,1,49,32,2925,2874,60,38,20,20,18,18,3,1,45,56,41,47,2,2,1,6,0,0,0,0,1,1,42,48,2,2,1,7,1,0,0,0
Indiana,Orange County,19824,9962,9862,9502,9496,196,139,56,39,37,49,2,2,169,137,9654,9629,275,195,129,96,67,71,10,10,9738,9683,9315,9340,185,135,40,27,36,49,2,2,160,130,9460,9466,260,189,109,79,63,71,10,10,224,179,187,156,11,4,16,12,1,0,0,0,9,7,194,163,15,6,20,17,4,0,0,0
Indiana,Owen County,21851,11093,10758,10680,10378,105,73,52,42,67,82,1,1,188,182,10855,10548,184,152,121,111,113,125,14,9,10906,10558,10506,10208,100,62,50,35,62,82,1,1,187,170,10680,10367,179,135,119,97,107,123,14,9,187,200,174,170,5,11,2,7,5,0,0,0,1,12,175,181,5,17,2,14,6,2,0,0
Indiana,Parke County,16508,8016,8492,7795,8030,74,291,34,53,12,31,5,2,96,85,7886,8110,129,331,66,87,26,46,9,7,7887,8344,7682,7903,71,282,23,48,12,29,5,2,94,80,7771,7978,125,321,55,80,26,43,8,5,129,148,113,127,3,9,11,5,0,2,0,0,2,5,115,132,4,10,11,7,0,3,1,2
Indiana,Perry County,19320,10533,8787,9670,8444,597,64,55,41,96,105,5,8,110,125,9772,8562,652,127,95,81,120,133,10,17,10335,8614,9514,8310,589,57,29,20,96,103,4,7,103,117,9609,8420,641,116,66,56,118,130,8,16,198,173,156,134,8,7,26,21,0,2,1,1,7,8,163,142,11,11,29,25,2,3,2,1
Indiana,Pike County,12116,6119,5997,5922,5811,76,35,18,21,13,49,9,2,81,79,5997,5886,118,73,46,47,30,66,12,7,5999,5897,5832,5721,64,30,14,19,9,49,6,2,74,76,5903,5793,102,67,39,44,24,66,8,6,120,100,90,90,12,5,4,2,4,0,3,0,7,3,94,93,16,6,7,3,6,0,4,1
Indiana,Porter County,175860,87080,88780,79138,80327,4419,4876,370,368,1278,1518,46,34,1829,1657,80867,81903,5220,5596,977,906,1835,2014,137,112,76266,78007,69374,70599,3992,4432,178,178,1225,1453,26,22,1471,1323,70784,71866,4639,5020,590,546,1713,1878,84,79,10814,10773,9764,9728,427,444,192,190,53,65,20,12,358,334,10083,10037,581,576,387,360,122,136,53,33
Indiana,Posey County,25067,12613,12454,12164,11949,187,130,38,40,41,142,4,2,179,191,12336,12131,310,251,75,85,68,180,11,8,12393,12273,11972,11798,176,122,34,32,39,134,4,2,168,185,12133,11975,291,239,67,74,66,170,11,8,220,181,192,151,11,8,4,8,2,8,0,0,11,6,203,156,19,12,8,11,2,10,0,0
Indiana,Pulaski County,12421,6304,6117,5994,5912,80,43,40,33,61,46,1,2,128,81,6114,5990,136,74,97,74,84,59,6,6,5998,5808,5743,5630,74,39,31,30,55,44,1,2,94,63,5834,5691,115,62,68,60,74,56,5,5,306,309,251,282,6,4,9,3,6,2,0,0,34,18,280,299,21,12,29,14,10,3,1,1
Indiana,Putnam County,37804,20018,17786,18090,16883,1197,244,94,75,256,257,12,14,369,313,18435,17179,1381,397,200,167,348,343,31,26,19478,17388,17656,16563,1165,224,68,54,247,250,9,12,333,285,17972,16833,1333,366,155,130,335,331,23,24,540,398,434,320,32,20,26,21,9,7,3,2,36,28,463,346,48,31,45,37,13,12,8,2
Indiana,Randolph County,24337,12190,12147,11742,11723,137,93,62,64,44,65,9,9,196,193,11925,11908,245,187,123,124,82,108,17,21,11364,11534,10977,11177,114,80,49,44,38,58,9,9,177,166,11144,11337,212,163,103,93,72,96,15,19,826,613,765,546,23,13,13,20,6,7,0,0,19,27,781,571,33,24,20,31,10,12,2,2
Indiana,Ripley County,29214,14732,14482,14246,14029,109,73,55,63,126,101,2,3,194,213,14432,14235,198,165,131,152,164,144,7,12,14371,14205,13942,13802,97,70,30,45,120,96,2,3,180,189,14114,13984,182,151,97,121,156,135,7,12,361,277,304,227,12,3,25,18,6,5,0,0,14,24,318,251,16,14,34,31,8,9,0,0
Indiana,Rush County,16759,8318,8441,8023,8146,107,82,25,48,34,39,4,3,125,123,8138,8263,185,150,59,96,55,54,8,7,8139,8255,7875,8015,98,72,19,32,33,39,3,2,111,95,7977,8105,168,126,46,64,53,51,7,5,179,186,148,131,9,10,6,16,1,0,1,1,14,28,161,158,17,24,13,32,2,3,1,2
Indiana,St. Joseph County,273744,133579,140165,105164,109574,18450,20203,832,851,4054,4298,112,131,4967,5108,109873,114392,21698,23527,1919,2016,5205,5497,302,323,117734,125172,91479,96901,17499,19166,401,395,3929,4184,75,79,4351,4447,95616,101109,20368,22100,1244,1310,4975,5240,224,225,15845,14993,13685,12673,951,1037,431,456,125,114,37,52,616,661,14257,13283,1330,1427,675,706,230,257,78,98
Indiana,Scott County,24751,12123,12628,11696,12161,135,101,62,40,63,152,11,8,156,166,11844,12321,221,185,115,93,90,191,17,15,11718,12278,11380,11866,103,86,37,25,53,145,11,5,134,151,11506,12012,178,163,81,69,77,181,17,11,405,350,316,295,32,15,25,15,10,7,0,3,22,15,338,309,43,22,34,24,13,10,0,4
Indiana,Shelby County,45654,22952,22702,21644,21530,478,401,92,96,359,273,31,37,348,365,21973,21878,664,595,202,195,433,363,47,50,21574,21408,20417,20370,439,363,66,62,351,264,6,21,295,328,20698,20682,602,542,150,144,413,346,20,33,1378,1294,1227,1160,39,38,26,34,8,9,25,16,53,37,1275,1196,62,53,52,51,20,17,27,17
Indiana,Spencer County,20192,10289,9903,9946,9556,134,100,36,41,31,70,1,0,141,136,10083,9683,218,172,83,91,45,98,6,3,9858,9545,9576,9240,108,80,30,35,29,68,1,0,114,122,9688,9353,178,145,63,79,41,92,5,3,431,358,370,316,26,20,6,6,2,2,0,0,27,14,395,330,40,27,20,12,4,6,1,0
Indiana,Starke County,23463,11826,11637,11437,11261,101,67,61,74,61,66,3,0,163,169,11591,11421,178,137,130,152,89,99,12,7,11190,11123,10863,10820,89,60,35,52,59,64,0,0,144,127,11000,10941,154,112,95,110,83,87,8,4,636,514,574,441,12,7,26,22,2,2,3,0,19,42,591,480,24,25,35,42,6,12,4,3
Indiana,Steuben County,34862,17839,17023,17113,16449,246,134,78,81,129,137,14,7,259,215,17357,16645,354,233,166,153,204,194,27,23,16983,16212,16394,15725,192,110,40,51,124,132,7,5,226,189,16608,15898,290,198,111,113,191,184,16,16,856,811,719,724,54,24,38,30,5,5,7,2,33,26,749,747,64,35,55,40,13,10,11,7
Indiana,Sullivan County,20768,11423,9345,10178,9070,1015,52,38,38,31,29,2,6,159,150,10327,9213,1096,119,105,108,52,57,10,10,11145,9208,9947,8971,991,43,33,30,29,28,2,0,143,136,10081,9100,1064,104,91,93,48,51,9,3,278,137,231,99,24,9,5,8,2,1,0,6,16,14,246,113,32,15,14,15,4,6,1,7
Indiana,Switzerland County,9988,5197,4791,5007,4649,86,31,18,25,15,27,5,1,66,58,5069,4703,121,60,41,49,24,36,9,2,5120,4716,4944,4581,80,31,16,21,15,27,4,0,61,56,5001,4633,114,59,36,44,24,36,7,1,77,75,63,68,6,0,2,4,0,0,1,1,5,2,68,70,7,1,5,5,0,0,2,1
Indiana,Tippecanoe County,191650,98611,93039,78358,76255,6397,6694,448,350,10531,7230,68,60,2809,2450,81011,78577,7802,7944,998,860,11603,8163,208,178,87840,83310,68729,67548,5977,6272,181,164,10429,7146,38,25,2486,2155,71082,69596,7211,7366,599,560,11429,7992,149,117,10771,9729,9629,8707,420,422,267,186,102,84,30,35,323,295,9929,8981,591,578,399,300,174,171,59,61
Indiana,Tipton County,15324,7678,7646,7320,7374,96,57,36,33,88,69,3,3,135,110,7448,7478,176,121,80,61,110,92,8,11,7378,7404,7110,7172,80,47,21,16,41,69,2,2,124,98,7227,7265,157,104,58,42,62,89,6,7,300,242,210,202,16,10,15,17,47,0,1,1,11,12,221,213,19,17,22,19,48,3,2,4
Indiana,Union County,6884,3388,3496,3252,3364,49,38,11,9,10,15,1,3,65,67,3312,3427,84,62,37,41,21,30,3,4,3338,3440,3209,3310,47,38,8,8,10,15,1,3,63,66,3267,3372,81,62,32,39,21,30,3,4,50,56,43,54,2,0,3,1,0,0,0,0,2,1,45,55,3,0,5,2,0,0,0,0
Indiana,Vanderburgh County,180387,87794,92593,73573,77641,9392,9730,328,265,1170,1486,401,394,2930,3077,76412,80602,11510,11937,763,765,1711,2058,480,496,83994,88902,70430,74617,9130,9534,219,141,1121,1416,381,356,2713,2838,73063,77352,11104,11582,586,572,1630,1953,451,445,3800,3691,3143,3024,262,196,109,124,49,70,20,38,217,239,3349,3250,406,355,177,193,81,105,29,51
Indiana,Vermillion County,15516,7828,7688,7550,7442,86,51,27,42,28,19,5,4,132,130,7677,7566,153,114,73,89,54,45,8,9,7687,7552,7436,7347,80,41,21,34,26,18,5,4,119,108,7551,7450,140,93,63,72,49,40,8,9,141,136,114,95,6,10,6,8,2,1,0,0,13,22,126,116,13,21,10,17,5,5,0,0
Indiana,Vigo County,106166,53598,52568,46034,46686,4451,2982,250,227,1277,1184,26,47,1560,1442,47521,48066,5471,3924,564,531,1606,1470,70,104,51437,51128,44155,45502,4354,2909,204,167,1265,1180,15,33,1444,1337,45533,46779,5306,3786,469,429,1581,1453,53,87,2161,1440,1879,1184,97,73,46,60,12,4,11,14,116,105,1988,1287,165,138,95,102,25,17,17,17
Indiana,Wabash County,30777,15043,15734,14442,15094,174,181,130,106,69,112,8,4,220,237,14652,15325,297,302,209,193,101,149,14,15,14483,15211,13945,14643,147,159,111,85,66,108,5,3,209,213,14144,14851,264,266,185,159,98,143,11,14,560,523,497,451,27,22,19,21,3,4,3,1,11,24,508,474,33,36,24,34,3,6,3,1
Indiana,Warren County,8451,4248,4203,4121,4070,21,17,19,21,19,34,3,2,65,59,4186,4127,59,48,40,41,23,45,5,4,4134,4098,4017,3971,21,14,16,19,18,34,3,2,59,58,4076,4027,57,44,34,39,21,45,5,4,114,105,104,99,0,3,3,2,1,0,0,0,6,1,110,100,2,4,6,2,2,0,0,0
Indiana,Warrick County,66339,32673,33666,30094,31173,829,713,155,96,929,984,20,28,646,672,30717,31825,1190,1092,296,234,1102,1164,29,47,31688,32775,29314,30401,775,682,84,63,919,977,18,25,578,627,29876,31009,1099,1035,199,184,1077,1151,25,43,985,891,780,772,54,31,71,33,10,7,2,3,68,45,841,816,91,57,97,50,25,13,4,4
Indiana,Washington County,28345,14212,14133,13771,13744,129,90,46,54,46,49,1,5,219,191,13985,13924,231,171,128,132,90,90,4,10,13956,13898,13555,13549,122,83,34,38,44,47,1,5,200,176,13750,13715,215,159,108,107,86,87,4,9,256,235,216,195,7,7,12,16,2,2,0,0,19,15,235,209,16,12,20,25,4,3,0,1
Indiana,Wayne County,66410,32303,34107,28733,30598,1804,1671,163,119,409,411,35,45,1159,1263,29817,31778,2621,2568,374,353,593,613,100,114,30805,32753,27510,29501,1708,1551,86,76,394,404,20,23,1087,1198,28526,30618,2487,2410,268,290,570,598,83,90,1498,1354,1223,1097,96,120,77,43,15,7,15,22,72,65,1291,1160,134,158,106,63,23,15,17,24
Indiana,Wells County,28798,14395,14403,13829,13866,221,167,51,44,62,118,8,11,224,197,14044,14056,360,278,108,109,98,143,13,18,13765,13749,13275,13301,194,111,38,33,58,117,6,11,194,176,13462,13470,317,214,81,88,91,140,11,17,630,654,554,565,27,56,13,11,4,1,2,0,30,21,582,586,43,64,27,21,7,3,2,1
Indiana,White County,24833,12447,12386,11823,11765,228,219,111,102,71,118,11,4,203,178,12017,11937,327,300,188,183,108,143,16,8,10905,10945,10516,10596,118,72,40,38,59,100,2,3,170,136,10677,10727,201,137,101,94,94,122,7,7,1542,1441,1307,1169,110,147,71,64,12,18,9,1,33,42,1340,1210,126,163,87,89,14,21,9,1
Indiana,Whitley County,34885,17626,17259,16984,16699,161,90,71,97,101,88,11,4,298,281,17274,16971,304,226,168,200,167,145,17,13,17066,16741,16508,16261,137,70,46,60,93,87,8,2,274,261,16775,16513,266,195,134,154,155,142,13,10,560,518,476,438,24,20,25,37,8,1,3,2,24,20,499,458,38,31,34,46,12,3,4,3
Iowa,Adair County,7431,3735,3696,3572,3569,49,30,22,23,27,15,3,0,62,59,3633,3626,84,65,41,40,39,27,4,1,3584,3562,3447,3461,46,26,13,13,26,14,3,0,49,48,3495,3507,75,56,25,25,37,24,4,0,151,134,125,108,3,4,9,10,1,1,0,0,13,11,138,119,9,9,16,15,2,3,0,1
Iowa,Adams County,3606,1819,1787,1755,1729,23,16,13,6,11,17,1,0,16,19,1771,1748,33,23,17,14,13,19,1,2,1776,1745,1716,1690,22,16,13,5,10,15,1,0,14,19,1730,1709,31,23,16,13,12,17,1,2,43,42,39,39,1,0,0,1,1,2,0,0,2,0,41,39,2,0,1,1,1,2,0,0
Iowa,Allamakee County,14184,7270,6914,6862,6556,142,100,94,48,25,83,17,25,130,102,6987,6652,200,138,155,99,50,106,20,31,6524,6271,6281,6010,135,87,17,34,21,78,8,5,62,57,6341,6064,164,113,39,55,37,93,9,7,746,643,581,546,7,13,77,14,4,5,9,20,68,45,646,588,36,25,116,44,13,13,11,24
Iowa,Appanoose County,12106,6125,5981,5811,5766,66,40,26,30,102,45,1,3,119,97,5927,5861,120,90,71,62,124,62,7,7,5964,5861,5679,5667,59,31,22,29,98,45,1,1,105,88,5782,5753,111,76,55,58,117,61,6,5,161,120,132,99,7,9,4,1,4,0,0,2,14,9,145,108,9,14,16,4,7,1,1,2
Iowa,Audubon County,5562,2760,2802,2656,2682,25,24,26,44,17,19,1,1,35,32,2689,2712,44,43,38,50,24,26,1,5,2675,2703,2598,2623,20,21,8,10,17,18,1,1,31,30,2627,2652,38,38,17,16,24,24,1,5,85,99,58,59,5,3,18,34,0,1,0,0,4,2,62,60,6,5,21,34,0,2,0,0
Iowa,Benton County,25799,12966,12833,12525,12412,139,121,45,48,89,55,3,9,165,188,12683,12593,243,239,85,92,121,88,8,19,12696,12541,12294,12172,123,103,37,37,89,52,2,7,151,170,12438,12336,217,214,72,74,118,81,7,15,270,292,231,240,16,18,8,11,0,3,1,2,14,18,245,257,26,25,13,18,3,7,1,4
Iowa,Black Hawk County,132348,65376,66972,53588,55203,6764,6969,265,285,1956,1810,794,748,2009,1957,55521,57079,8109,8270,589,595,2440,2298,873,820,61531,63303,50311,52167,6537,6698,131,148,1908,1766,770,726,1874,1798,52122,53902,7803,7911,403,399,2372,2220,839,786,3845,3669,3277,3036,227,271,134,137,48,44,24,22,135,159,3399,3177,306,359,186,196,68,78,34,34
Iowa,Boone County,26729,13634,13095,13042,12603,239,136,92,59,64,90,5,11,192,196,13221,12785,343,236,142,112,119,147,18,28,13184,12716,12669,12275,232,131,54,37,61,87,3,11,165,175,12827,12438,321,222,93,81,109,139,13,25,450,379,373,328,7,5,38,22,3,3,2,0,27,21,394,347,22,14,49,31,10,8,5,3
Iowa,Bremer County,25328,12656,12672,12067,12149,172,178,34,24,160,144,8,5,215,172,12275,12309,291,273,80,68,217,195,21,14,12369,12391,11834,11907,162,171,19,19,157,136,5,2,192,156,12022,12057,264,258,55,52,212,182,18,9,287,281,233,242,10,7,15,5,3,8,3,3,23,16,253,252,27,15,25,16,5,13,3,5
Iowa,Buchanan County,20733,10391,10342,10009,10055,153,75,34,20,53,62,4,4,138,126,10140,10174,234,154,70,60,83,82,12,8,10177,10104,9822,9838,147,68,21,15,53,60,4,2,130,121,9946,9952,225,143,54,53,82,79,10,6,214,238,187,217,6,7,13,5,0,2,0,2,8,5,194,222,9,11,16,7,1,3,2,2
Iowa,Buena Vista County,20816,10581,10235,8224,8200,524,320,110,94,1055,1012,473,393,195,216,8402,8395,617,416,173,182,1122,1077,489,408,7377,7038,5299,5266,455,256,14,20,1008,982,454,383,147,131,5438,5388,521,315,54,54,1061,1033,466,392,3204,3197,2925,2934,69,64,96,74,47,30,19,10,48,85,2964,3007,96,101,119,128,61,44,23,16
Iowa,Butler County,14156,7199,6957,6850,6763,30,34,18,24,191,44,6,3,104,89,6947,6847,89,83,46,48,217,64,10,12,7057,6825,6732,6655,26,31,11,14,191,44,3,3,94,78,6821,6728,78,74,35,32,216,62,5,9,142,132,118,108,4,3,7,10,0,0,3,0,10,11,126,119,11,9,11,16,1,2,5,3
Iowa,Calhoun County,9711,5059,4652,4694,4496,211,46,34,20,31,16,6,4,83,70,4772,4561,264,95,55,36,47,27,9,7,4898,4509,4551,4361,209,46,28,19,30,15,6,4,74,64,4621,4420,257,94,44,32,43,25,8,6,161,143,143,135,2,0,6,1,1,1,0,0,9,6,151,141,7,1,11,4,4,2,1,1
Iowa,Carroll County,20407,10201,10206,9764,9853,193,150,42,31,74,67,7,6,121,99,9883,9940,259,208,67,59,104,92,13,12,9773,9787,9383,9496,172,127,27,13,71,65,4,1,116,85,9497,9571,236,180,50,33,100,85,10,7,428,419,381,357,21,23,15,18,3,2,3,5,5,14,386,369,23,28,17,26,4,7,3,5
Iowa,Cass County,13024,6427,6597,6105,6271,43,45,36,34,30,37,120,134,93,76,6192,6342,93,89,64,54,50,50,124,139,6231,6404,5951,6124,38,39,15,18,30,32,120,126,77,65,6025,6185,80,79,32,32,48,44,124,129,196,193,154,147,5,6,21,16,0,5,0,8,16,11,167,157,13,10,32,22,2,6,0,10
Iowa,Cedar County,18231,9135,9096,8752,8749,131,66,28,36,56,109,9,4,159,132,8905,8870,211,137,70,71,98,141,17,11,8830,8827,8502,8525,120,58,16,22,48,106,3,4,141,112,8640,8628,189,120,49,49,87,134,10,10,305,269,250,224,11,8,12,14,8,3,6,0,18,20,265,242,22,17,21,22,11,7,7,1
Iowa,Cerro Gordo County,42493,20926,21567,19276,20185,533,373,96,100,291,262,283,218,447,429,19699,20589,792,627,192,191,403,371,309,244,19649,20349,18163,19115,480,338,57,64,271,243,276,216,402,373,18546,19467,717,564,131,128,376,343,301,236,1277,1218,1113,1070,53,35,39,36,20,19,7,2,45,56,1153,1122,75,63,61,63,27,28,8,8
Iowa,Cherokee County,11658,5883,5775,5520,5470,188,132,28,26,56,54,32,26,59,67,5575,5536,219,174,43,41,72,64,35,27,5466,5434,5208,5225,110,61,23,19,53,49,23,15,49,65,5254,5289,137,101,30,34,69,59,26,16,417,341,312,245,78,71,5,7,3,5,9,11,10,2,321,247,82,73,13,7,3,5,9,11
Iowa,Chickasaw County,11719,6011,5708,5745,5570,177,40,11,12,16,30,1,1,61,55,5804,5623,205,74,29,28,33,41,3,1,5546,5472,5417,5356,48,26,6,8,16,28,1,1,58,53,5474,5407,74,58,21,23,33,39,3,1,465,236,328,214,129,14,5,4,0,2,0,0,3,2,330,216,131,16,8,5,0,2,0,0
Iowa,Clarke County,9524,4889,4635,4592,4363,88,67,59,57,42,57,19,24,89,67,4674,4427,123,97,90,81,72,71,24,27,3997,3845,3775,3670,75,47,18,11,39,45,19,24,71,48,3840,3716,103,70,39,27,68,55,23,26,892,790,817,693,13,20,41,46,3,12,0,0,18,19,834,711,20,27,51,54,4,16,1,1
Iowa,Clay County,16474,8186,8288,7801,7976,113,66,37,35,85,69,4,3,146,139,7943,8099,192,148,75,77,120,96,9,13,7734,7862,7401,7608,104,55,27,23,72,58,3,2,127,116,7525,7711,175,126,55,53,103,81,8,9,452,426,400,368,9,11,10,12,13,11,1,1,19,23,418,388,17,22,20,24,17,15,1,4
Iowa,Clayton County,16931,8612,8319,8341,8102,104,47,29,20,23,35,7,12,108,103,8442,8199,163,105,59,54,49,56,11,16,8386,8119,8150,7930,94,43,15,11,17,32,7,10,103,93,8247,8018,151,93,41,43,43,52,11,13,226,200,191,172,10,4,14,9,6,3,0,2,5,10,195,181,12,12,18,11,6,4,0,3
Iowa,Clinton County,46015,22927,23088,21171,21466,836,723,114,91,152,171,12,17,642,620,21794,22052,1249,1124,259,236,245,276,36,38,21967,22288,20372,20791,790,685,83,58,143,170,9,16,570,568,20926,21333,1165,1061,196,177,233,268,29,29,960,800,799,675,46,38,31,33,9,1,3,1,72,52,868,719,84,63,63,59,12,8,7,9
Iowa,Crawford County,16378,8522,7856,7383,7137,373,192,411,224,208,195,36,33,111,75,7487,7209,424,234,454,246,232,208,39,38,5671,5385,5040,4950,332,159,24,32,186,173,12,12,77,59,5113,5008,370,194,47,47,205,184,15,14,2851,2471,2343,2187,41,33,387,192,22,22,24,21,34,16,2374,2201,54,40,407,199,27,24,24,24
Iowa,Dallas County,115343,57193,58150,50072,51281,2531,2289,288,238,3005,3122,74,71,1223,1149,51241,52361,3097,2808,574,513,3442,3550,120,130,52804,54052,46196,47653,2417,2167,100,108,2971,3063,46,53,1074,1008,47226,48607,2920,2627,315,306,3380,3460,84,96,4389,4098,3876,3628,114,122,188,130,34,59,28,18,149,141,4015,3754,177,181,259,207,62,90,36,34
Iowa,Davis County,9193,4747,4446,4603,4347,16,6,60,17,15,25,0,0,53,51,4655,4394,38,29,77,34,29,40,4,0,4541,4331,4446,4239,12,6,19,15,15,25,0,0,49,46,4494,4281,32,27,34,29,28,40,4,0,206,115,157,108,4,0,41,2,0,0,0,0,4,5,161,113,6,2,43,5,1,0,0,0
Iowa,Decatur County,7656,3848,3808,3578,3624,131,52,26,24,45,34,14,2,54,72,3630,3692,149,82,47,52,60,52,17,4,3650,3682,3421,3516,116,46,20,17,42,31,13,2,38,70,3457,3582,128,75,33,44,55,49,16,4,198,126,157,108,15,6,6,7,3,3,1,0,16,2,173,110,21,7,14,8,5,3,1,0
Iowa,Delaware County,17609,8950,8659,8711,8429,111,95,16,15,35,28,4,3,73,89,8784,8516,144,146,36,41,52,39,8,8,8795,8470,8570,8262,105,90,13,12,33,25,4,1,70,80,8640,8340,137,137,31,34,50,36,8,5,155,189,141,167,6,5,3,3,2,3,0,2,3,9,144,176,7,9,5,7,2,3,0,3
Iowa,Des Moines County,38411,18923,19488,16600,17156,1297,1229,85,68,278,412,22,12,641,611,17219,17738,1720,1636,218,214,377,510,49,38,18170,18684,16022,16526,1249,1193,62,50,266,401,17,10,554,504,16560,17007,1624,1539,159,150,354,481,41,29,753,804,578,630,48,36,23,18,12,11,5,2,87,107,659,731,96,97,59,64,23,29,8,9
Iowa,Dickinson County,18158,9037,9121,8695,8736,98,61,35,37,81,159,8,7,120,121,8809,8850,152,126,72,69,114,186,17,14,8745,8854,8445,8515,90,57,21,17,77,158,7,7,105,100,8544,8608,138,113,51,37,108,183,15,13,292,267,250,221,8,4,14,20,4,1,1,0,15,21,265,242,14,13,21,32,6,3,2,1
Iowa,Dubuque County,99242,49155,50087,44774,45921,1976,1847,204,207,746,630,513,492,942,990,45674,46862,2533,2425,404,417,988,894,554,536,47378,48241,43318,44408,1880,1766,109,83,724,601,495,470,852,913,44136,45278,2395,2299,264,258,953,852,531,511,1777,1846,1456,1513,96,81,95,124,22,29,18,22,90,77,1538,1584,138,126,140,159,35,42,23,25
Iowa,Emmet County,9162,4722,4440,4364,4209,88,47,78,70,37,36,7,4,148,74,4491,4277,150,81,159,105,64,50,22,5,4180,4004,3994,3859,65,39,17,20,37,35,1,2,66,49,4058,3904,95,60,46,39,50,47,5,3,542,436,370,350,23,8,61,50,0,1,6,2,82,25,433,373,55,21,113,66,14,3,17,2
Iowa,Fayette County,19152,9740,9412,9209,8987,229,89,42,36,98,144,10,13,152,143,9358,9125,306,182,92,68,128,167,14,19,9351,9141,8905,8754,193,86,28,19,94,141,3,7,128,134,9030,8883,262,173,65,47,119,164,7,13,389,271,304,233,36,3,14,17,4,3,7,6,24,9,328,242,44,9,27,21,9,3,7,6
Iowa,Floyd County,15008,7484,7524,6996,7034,192,180,22,45,128,135,9,9,137,121,7131,7149,266,252,60,83,157,154,13,11,7146,7230,6706,6802,183,176,9,20,119,123,8,9,121,100,6825,6898,251,234,39,51,145,139,12,11,338,294,290,232,9,4,13,25,9,12,1,0,16,21,306,251,15,18,21,32,12,15,1,0
Iowa,Franklin County,10024,5162,4862,4887,4602,108,62,43,79,36,35,10,8,78,76,4962,4676,139,103,78,103,50,46,16,10,4207,4070,4052,3938,58,32,10,12,29,31,1,4,57,53,4107,3989,85,60,33,27,38,41,4,6,955,792,835,664,50,30,33,67,7,4,9,4,21,23,855,687,54,43,45,76,12,5,12,4
Iowa,Fremont County,6494,3252,3242,3102,3126,48,25,16,19,19,14,1,1,66,57,3168,3181,73,53,49,40,28,25,3,2,3127,3129,2991,3026,45,22,16,19,17,12,1,1,57,49,3048,3073,68,45,43,36,25,23,3,2,125,113,111,100,3,3,0,0,2,2,0,0,9,8,120,108,5,8,6,4,3,2,0,0
Iowa,Greene County,8662,4281,4381,4120,4193,45,32,31,34,27,36,3,0,55,86,4171,4276,71,69,55,65,38,54,4,3,4101,4199,3960,4039,39,24,22,21,27,36,2,0,51,79,4007,4115,64,57,43,49,37,54,3,3,180,182,160,154,6,8,9,13,0,0,1,0,4,7,164,161,7,12,12,16,1,0,1,0
Iowa,Grundy County,12405,6226,6179,6030,5984,58,39,18,25,24,40,9,8,87,83,6117,6063,102,88,48,50,39,53,11,9,6062,6047,5877,5871,53,35,16,16,23,38,8,8,85,79,5962,5946,97,82,45,39,38,51,9,9,164,132,153,113,5,4,2,9,1,2,1,0,2,4,155,117,5,6,3,11,1,2,2,0
Iowa,Guthrie County,10774,5457,5317,5205,5124,61,35,25,21,62,59,5,2,99,76,5300,5198,100,69,57,54,87,68,12,5,5239,5137,5018,4960,57,33,22,17,40,56,5,2,97,69,5111,5027,96,65,52,47,65,63,12,5,218,180,187,164,4,2,3,4,22,3,0,0,2,7,189,171,4,4,5,7,22,5,0,0
Iowa,Hamilton County,14856,7499,7357,6967,6851,118,87,83,72,193,191,9,5,129,151,7088,6993,176,157,126,122,226,223,18,16,6641,6589,6232,6198,88,52,22,18,192,188,5,1,102,132,6327,6323,138,112,50,58,219,218,14,12,858,768,735,653,30,35,61,54,1,3,4,4,27,19,761,670,38,45,76,64,7,5,4,4
Iowa,Hancock County,10616,5379,5237,5173,5062,61,51,20,20,35,40,9,5,81,59,5249,5118,101,81,49,45,49,49,12,5,5013,4950,4841,4804,51,40,7,11,29,40,8,5,77,50,4913,4852,90,65,33,32,43,48,11,5,366,287,332,258,10,11,13,9,6,0,1,0,4,9,336,266,11,16,16,13,6,1,1,0
Iowa,Hardin County,16464,8401,8063,7831,7687,217,55,123,71,90,123,7,4,133,123,7954,7803,271,113,180,118,123,148,10,8,7751,7654,7334,7353,208,54,23,29,75,108,6,2,105,108,7431,7455,253,107,67,66,101,132,8,6,650,409,497,334,9,1,100,42,15,15,1,2,28,15,523,348,18,6,113,52,22,16,2,2
Iowa,Harrison County,14626,7424,7202,7210,7001,54,37,27,31,18,54,6,3,109,76,7312,7076,91,64,81,65,44,69,10,5,7220,7026,7033,6851,52,32,20,21,16,52,5,3,94,67,7121,6917,84,55,62,50,41,67,9,5,204,176,177,150,2,5,7,10,2,2,1,0,15,9,191,159,7,9,19,15,3,2,1,0
Iowa,Henry County,19361,10101,9260,9175,8730,416,128,65,21,191,205,16,7,238,169,9400,8896,532,210,141,81,246,237,29,12,9465,8770,8629,8291,390,111,37,18,182,192,10,4,217,154,8836,8442,497,186,101,70,233,223,22,9,636,490,546,439,26,17,28,3,9,13,6,3,21,15,564,454,35,24,40,11,13,14,7,3
Iowa,Howard County,9360,4725,4635,4546,4489,50,38,35,22,19,28,6,2,69,56,4613,4543,77,63,64,44,31,37,12,5,4522,4469,4395,4354,45,34,10,12,13,22,4,2,55,45,4448,4397,70,57,28,26,24,30,8,5,203,166,151,135,5,4,25,10,6,6,2,0,14,11,165,146,7,6,36,18,7,7,4,0
Iowa,Humboldt County,9617,4841,4776,4638,4626,61,48,29,16,35,21,2,1,76,64,4710,4687,94,78,54,37,57,36,6,3,4503,4443,4340,4324,53,37,14,7,27,20,1,0,68,55,4404,4376,83,62,35,25,48,34,4,2,338,333,298,302,8,11,15,9,8,1,1,1,8,9,306,311,11,16,19,12,9,2,2,1
Iowa,Ida County,6810,3388,3422,3279,3269,35,21,13,13,17,37,6,8,38,74,3313,3341,48,49,29,43,27,55,9,10,3220,3289,3124,3162,33,18,8,7,15,37,4,7,36,58,3156,3218,46,43,22,26,25,53,7,9,168,133,155,107,2,3,5,6,2,0,2,1,2,16,157,123,2,6,7,17,2,2,2,1
Iowa,Iowa County,16423,8359,8064,8093,7809,70,62,36,25,37,64,5,8,118,96,8207,7904,120,113,81,59,59,75,12,9,8037,7784,7825,7567,59,58,13,15,37,60,5,8,98,76,7919,7642,104,102,50,36,53,71,11,9,322,280,268,242,11,4,23,10,0,4,0,0,20,20,288,262,16,11,31,23,6,4,1,0
Iowa,Jackson County,19390,9825,9565,9351,9157,109,83,33,34,40,49,145,116,147,126,9484,9279,181,143,84,81,74,71,154,119,9628,9430,9203,9056,93,74,23,23,39,48,143,115,127,114,9319,9167,158,130,65,66,65,65,152,118,197,135,148,101,16,9,10,11,1,1,2,1,20,12,165,112,23,13,19,15,9,6,2,1
Iowa,Jasper County,38107,19844,18263,18499,17520,822,231,108,81,121,146,20,8,274,277,18755,17785,937,354,197,166,202,222,33,18,19149,17655,17916,17001,785,203,74,58,119,137,19,7,236,249,18137,17241,890,319,142,127,192,206,30,16,695,608,583,519,37,28,34,23,2,9,1,1,38,28,618,544,47,35,55,39,10,16,3,2
Iowa,Jefferson County,15781,8284,7497,6842,6681,277,182,33,45,947,414,9,11,176,164,7005,6840,334,239,114,118,994,449,18,19,7949,7194,6565,6425,260,169,24,34,938,411,7,9,155,146,6707,6566,309,221,95,95,983,445,15,16,335,303,277,256,17,13,9,11,9,3,2,2,21,18,298,274,25,18,19,23,11,4,3,3
Iowa,Johnson County,160080,79429,80651,64013,65749,7864,6838,327,267,4993,5359,44,56,2188,2382,66077,68008,8849,7863,791,758,5900,6342,141,160,73946,75161,59137,60858,7629,6649,168,136,4944,5319,37,47,2031,2152,61063,62915,8549,7591,557,520,5816,6242,121,132,5483,5490,4876,4891,235,189,159,131,49,40,7,9,157,230,5014,5093,300,272,234,238,84,100,20,28
Iowa,Jones County,21116,11205,9911,10434,9573,531,122,77,36,54,64,5,5,104,111,10527,9681,587,171,108,75,78,86,12,10,10853,9636,10110,9348,528,113,60,26,54,53,5,4,96,92,10195,9439,582,157,85,55,77,69,12,9,352,275,324,225,3,9,17,10,0,11,0,1,8,19,332,242,5,14,23,20,1,17,0,1
Iowa,Keokuk County,9855,5010,4845,4847,4701,47,38,20,13,12,22,0,0,84,71,4925,4770,96,75,44,35,29,35,2,5,4890,4717,4743,4584,45,35,9,8,10,20,0,0,83,70,4820,4652,93,71,33,29,27,33,2,5,120,128,104,117,2,3,11,5,2,2,0,0,1,1,105,118,3,4,11,6,2,2,0,0
Iowa,Kossuth County,14408,7232,7176,6948,6872,83,72,41,46,32,63,12,10,116,113,7056,6982,142,123,82,88,57,84,15,15,6855,6850,6652,6617,68,61,11,11,29,60,3,2,92,99,6737,6713,118,108,42,47,48,77,4,7,377,326,296,255,15,11,30,35,3,3,9,8,24,14,319,269,24,15,40,41,9,7,11,8
Iowa,Lee County,32376,16294,16082,15063,15201,625,300,77,55,105,104,13,17,411,405,15447,15585,861,512,192,176,184,184,34,39,15670,15539,14545,14748,596,279,57,33,99,102,13,14,360,363,14882,15094,814,479,150,134,169,170,27,34,624,543,518,453,29,21,20,22,6,2,0,3,51,42,565,491,47,33,42,42,15,14,7,5
Iowa,Linn County,231762,114392,117370,97968,100904,8766,8500,284,377,3143,3270,278,312,3953,4007,101744,104760,11351,11030,1001,1099,4104,4276,394,438,109261,112236,93596,96580,8580,8250,162,265,3098,3241,258,289,3567,3611,97026,100078,10931,10582,723,814,3993,4170,354,391,5131,5134,4372,4324,186,250,122,112,45,29,20,23,386,396,4718,4682,420,448,278,285,111,106,40,47
Iowa,Louisa County,10630,5437,5193,4959,4884,142,59,44,48,193,128,11,7,88,67,5041,4947,172,80,90,80,213,144,15,10,4502,4338,4107,4093,132,51,17,23,184,118,9,7,53,46,4157,4137,148,65,42,44,198,129,12,10,935,855,852,791,10,8,27,25,9,10,2,0,35,21,884,810,24,15,48,36,15,15,3,0
Iowa,Lucas County,8758,4475,4283,4336,4149,35,20,23,18,20,38,2,2,59,56,4391,4204,55,39,49,46,37,48,3,4,4306,4165,4206,4053,29,18,10,11,15,37,2,2,44,44,4246,4096,46,31,26,33,30,46,3,4,169,118,130,96,6,2,13,7,5,1,0,0,15,12,145,108,9,8,23,13,7,2,0,0
Iowa,Lyon County,12378,6347,6031,6056,5817,51,31,96,34,28,44,24,27,92,78,6141,5889,101,60,129,62,51,66,28,33,6010,5815,5822,5634,34,22,17,19,26,41,24,26,87,73,5902,5701,82,47,47,46,49,63,28,32,337,216,234,183,17,9,79,15,2,3,0,1,5,5,239,188,19,13,82,16,2,3,0,1
Iowa,Madison County,17161,8594,8567,8355,8276,66,43,35,37,43,99,4,2,91,110,8443,8381,107,81,60,77,74,132,8,8,8381,8360,8179,8098,52,34,21,26,40,99,4,2,85,101,8261,8196,92,69,42,60,69,130,8,8,213,207,176,178,14,9,14,11,3,0,0,0,6,9,182,185,15,12,18,17,5,2,0,0
Iowa,Mahaska County,22034,11328,10706,10494,10157,316,148,55,42,299,205,6,8,158,146,10642,10300,403,220,95,87,343,237,12,11,10998,10431,10220,9921,300,143,36,28,294,201,6,8,142,130,10352,10049,382,205,67,68,336,231,9,10,330,275,274,236,16,5,19,14,5,4,0,0,16,16,290,251,21,15,28,19,7,6,3,1
Iowa,Marion County,34048,17140,16908,16338,16200,221,126,47,57,252,264,19,21,263,240,16586,16430,345,240,130,127,323,325,28,32,16695,16543,15963,15880,210,115,25,38,248,263,15,20,234,227,16183,16097,325,224,89,102,317,322,22,31,445,365,375,320,11,11,22,19,4,1,4,1,29,13,403,333,20,16,41,25,6,3,6,1
Iowa,Marshall County,40392,20303,20089,17768,17995,758,454,228,252,964,821,87,108,498,459,18237,18432,998,658,395,412,1089,929,118,128,14957,14874,12860,13196,664,368,89,108,918,799,81,97,345,306,13188,13492,843,515,173,180,1015,884,99,110,5346,5215,4908,4799,94,86,139,144,46,22,6,11,153,153,5049,4940,155,143,222,232,74,45,19,18
Iowa,Mills County,14717,7402,7315,7097,7063,84,48,56,49,24,43,7,6,134,106,7222,7166,133,88,114,92,56,66,16,13,7086,6986,6818,6771,77,40,37,33,24,42,7,6,123,94,6933,6863,122,73,86,72,55,64,16,12,316,329,279,292,7,8,19,16,0,1,0,0,11,12,289,303,11,15,28,20,1,2,0,1
Iowa,Mitchell County,10632,5349,5283,5160,5082,43,43,75,55,21,58,2,2,48,43,5206,5121,63,62,93,71,33,66,5,6,5162,5119,5056,4971,43,41,9,7,19,58,2,2,33,40,5088,5007,59,57,19,23,30,66,2,6,187,164,104,111,0,2,66,48,2,0,0,0,15,3,118,114,4,5,74,48,3,0,3,0
Iowa,Monona County,8429,4191,4238,3973,4041,41,23,83,98,12,14,3,2,79,60,4049,4100,87,53,105,119,27,23,3,4,4046,4120,3840,3942,40,22,79,86,12,14,3,2,72,54,3910,3995,82,51,97,102,27,23,3,4,145,118,133,99,1,1,4,12,0,0,0,0,7,6,139,105,5,2,8,17,0,0,0,0
Iowa,Monroe County,7373,3683,3690,3561,3552,36,46,7,22,20,18,1,1,58,51,3615,3598,69,73,23,36,31,31,3,4,3608,3587,3501,3468,30,39,7,15,19,17,1,1,50,47,3549,3511,59,65,19,26,29,29,2,4,75,103,60,84,6,7,0,7,1,1,0,0,8,4,66,87,10,8,4,10,2,2,1,0
Iowa,Montgomery County,10063,4980,5083,4770,4918,57,37,46,22,17,33,5,3,85,70,4852,4985,99,65,75,55,34,43,6,8,4739,4874,4556,4734,55,35,35,22,16,27,3,3,74,53,4629,4784,92,59,59,44,30,36,4,7,241,209,214,184,2,2,11,0,1,6,2,0,11,17,223,201,7,6,16,11,4,7,2,1
Iowa,Muscatine County,42132,21148,20984,19518,19437,773,797,184,173,216,211,60,18,397,348,19893,19768,961,933,333,328,299,284,74,32,16993,16828,15712,15836,665,471,61,61,189,183,47,17,319,260,16015,16085,828,585,159,157,262,244,57,27,4155,4156,3806,3601,108,326,123,112,27,28,13,1,78,88,3878,3683,133,348,174,171,37,40,17,5
Iowa,O'Brien County,14260,7275,6985,6798,6581,148,151,72,45,55,75,35,17,167,116,6953,6693,245,201,113,87,92,102,47,21,6615,6435,6238,6100,117,128,24,18,48,73,34,16,154,100,6382,6197,209,174,56,50,83,99,46,18,660,550,560,481,31,23,48,27,7,2,1,1,13,16,571,496,36,27,57,37,9,3,1,3
Iowa,Osceola County,6036,3121,2915,2941,2758,54,25,14,25,30,29,29,38,53,40,2990,2796,82,42,30,39,42,39,31,41,2709,2634,2553,2502,42,21,10,17,30,28,28,33,46,33,2596,2533,69,37,21,27,41,36,29,36,412,281,388,256,12,4,4,8,0,1,1,5,7,7,394,263,13,5,9,12,1,3,2,5
Iowa,Page County,15038,7981,7057,7296,6724,343,67,73,46,94,92,11,3,164,125,7443,6842,421,120,134,90,125,126,26,8,7634,6859,7021,6556,325,64,50,35,91,90,3,2,144,112,7150,6662,396,112,99,71,121,123,16,7,347,198,275,168,18,3,23,11,3,2,8,1,20,13,293,180,25,8,35,19,4,3,10,1
Iowa,Palo Alto County,8809,4483,4326,4241,4118,99,42,39,39,47,54,4,3,53,70,4293,4183,123,71,55,65,61,77,6,4,4277,4169,4070,4000,88,38,22,18,44,53,2,2,51,58,4120,4054,112,62,36,38,58,74,4,3,206,157,171,118,11,4,17,21,3,1,2,1,2,12,173,129,11,9,19,27,3,3,2,1
Iowa,Plymouth County,25825,13073,12752,12165,11907,392,285,109,143,83,108,140,115,184,194,12337,12092,489,378,159,203,128,159,148,122,12113,11867,11318,11169,371,274,52,56,78,103,132,110,162,155,11469,11319,458,351,89,93,122,150,140,114,960,885,847,738,21,11,57,87,5,5,8,5,22,39,868,773,31,27,70,110,6,9,8,8
Iowa,Pocahontas County,7006,3502,3504,3255,3245,41,48,34,26,17,29,85,89,70,67,3323,3309,79,70,50,47,35,55,85,93,3258,3284,3049,3053,36,43,13,11,16,28,80,89,64,60,3111,3110,70,64,27,29,34,51,80,93,244,220,206,192,5,5,21,15,1,1,5,0,6,7,212,199,9,6,23,18,1,4,5,0
Iowa,Polk County,516185,257742,258443,212226,215049,22359,20207,1409,1571,14229,14254,223,224,7296,7138,219111,221784,26798,24464,2761,2988,16419,16429,469,449,227832,230793,184920,190199,21703,19553,327,393,14117,14136,157,167,6608,6345,191178,196236,25750,23369,1401,1453,16163,16153,372,349,29910,27650,27306,24850,656,654,1082,1178,112,118,66,57,688,793,27933,25548,1048,1095,1360,1535,256,276,97,100
Iowa,Pottawattamie County,93529,46515,47014,43317,43975,1112,875,498,389,440,587,73,118,1075,1070,44333,44992,1653,1377,847,749,702,858,112,158,41624,42505,39018,39943,1010,784,225,215,396,547,58,108,917,908,39893,40812,1484,1232,476,476,633,795,91,138,4891,4509,4299,4032,102,91,273,174,44,40,15,10,158,162,4440,4180,169,145,371,273,69,63,21,20
Iowa,Poweshiek County,18454,9045,9409,8489,8856,184,125,47,35,143,207,17,5,165,181,8644,9024,254,191,98,91,202,280,22,17,8646,9055,8170,8545,169,117,27,28,133,202,17,5,130,158,8292,8693,223,174,61,72,184,270,20,15,399,354,319,311,15,8,20,7,10,5,0,0,35,23,352,331,31,17,37,19,18,10,2,2
Iowa,Ringgold County,4608,2315,2293,2234,2207,21,14,11,10,18,29,2,2,29,31,2261,2238,33,28,22,22,26,36,3,2,2246,2231,2176,2156,21,11,4,8,18,29,1,1,26,26,2201,2182,32,23,13,18,25,35,2,1,69,62,58,51,0,3,7,2,0,0,1,1,3,5,60,56,1,5,9,4,1,1,1,1
Iowa,Sac County,9533,4785,4748,4584,4540,36,37,14,16,27,44,80,54,44,57,4627,4596,62,70,26,31,34,54,81,54,4518,4524,4350,4341,29,30,12,10,18,42,72,47,37,54,4386,4394,50,61,23,24,24,52,73,47,267,224,234,199,7,7,2,6,9,2,8,7,7,3,241,202,12,9,3,7,10,2,8,7
Iowa,Scott County,175601,86824,88777,73218,74210,7275,7930,264,342,2989,2962,104,85,2974,3248,76042,77307,9322,10098,976,1160,3532,3597,203,192,79695,82190,66984,68665,6918,7541,137,186,2947,2924,75,64,2634,2810,69498,71365,8743,9455,698,793,3445,3496,159,147,7129,6587,6234,5545,357,389,127,156,42,38,29,21,340,438,6544,5942,579,643,278,367,87,101,44,45
Iowa,Shelby County,11821,5863,5958,5473,5659,94,53,153,107,33,32,4,6,106,101,5578,5756,145,94,183,152,61,54,8,7,5488,5667,5262,5481,69,36,24,22,30,29,0,2,103,97,5364,5574,120,75,52,65,57,51,4,3,375,291,211,178,25,17,129,85,3,3,4,4,3,4,214,182,25,19,131,87,4,3,4,4
Iowa,Sioux County,36554,18540,18014,17651,17320,210,161,322,140,165,211,28,12,164,170,17804,17486,309,249,365,185,201,257,31,17,15474,15493,15014,15010,137,98,32,45,148,187,12,6,131,147,15137,15153,215,175,63,76,179,232,15,11,3066,2521,2637,2310,73,63,290,95,17,24,16,6,33,23,2667,2333,94,74,302,109,22,25,16,6
Iowa,Story County,102498,53789,48709,45713,42581,1854,1453,166,193,4957,3392,22,16,1077,1074,46743,43593,2309,1895,452,487,5408,3854,59,59,50888,46113,43180,40466,1738,1319,100,91,4925,3345,17,14,928,878,44073,41298,2121,1680,300,278,5343,3745,45,41,2901,2596,2533,2115,116,134,66,102,32,47,5,2,149,196,2670,2295,188,215,152,209,65,109,14,18
Iowa,Tama County,16738,8486,8252,7385,7163,127,85,637,656,32,55,17,21,288,272,7660,7417,237,185,783,797,90,119,24,26,7321,7345,6532,6510,100,66,440,514,29,52,9,11,211,192,6736,6690,183,138,534,597,81,108,13,15,1165,907,853,653,27,19,197,142,3,3,8,10,77,80,924,727,54,47,249,200,9,11,11,11
Iowa,Taylor County,5825,3025,2800,2926,2699,20,18,16,17,10,22,4,3,49,41,2972,2739,50,41,28,26,18,32,7,3,2718,2586,2643,2511,11,10,11,3,7,22,0,0,46,40,2686,2550,40,32,21,12,15,32,3,0,307,214,283,188,9,8,5,14,3,0,4,3,3,1,286,189,10,9,7,14,3,0,4,3
Iowa,Union County,11955,5910,6045,5577,5772,111,89,97,50,46,43,3,4,76,87,5644,5854,153,125,126,79,61,69,5,8,5570,5826,5333,5614,101,77,23,16,46,41,3,4,64,74,5390,5683,137,108,45,37,60,66,5,8,340,219,244,158,10,12,74,34,0,2,0,0,12,13,254,171,16,17,81,42,1,3,0,0
Iowa,Van Buren County,7217,3668,3549,3576,3457,17,13,7,6,19,24,0,2,49,47,3622,3499,47,35,26,22,24,39,1,5,3596,3485,3517,3404,12,10,6,6,19,24,0,1,42,40,3557,3439,39,29,19,18,24,37,0,4,72,64,59,53,5,3,1,0,0,0,0,1,7,7,65,60,8,6,7,4,0,2,1,1
Iowa,Wapello County,35681,18168,17513,15336,15206,963,661,282,297,383,415,723,592,481,342,15790,15530,1195,822,484,426,482,489,741,607,15280,15000,12998,13146,888,615,60,41,360,398,659,535,315,265,13295,13398,1055,751,154,117,440,461,673,549,2888,2513,2338,2060,75,46,222,256,23,17,64,57,166,77,2495,2132,140,71,330,309,42,28,68,58
Iowa,Warren County,56343,28015,28328,26714,27175,411,330,104,83,243,299,46,22,497,419,27185,27572,649,534,244,197,401,435,75,46,26754,27204,25644,26167,369,297,67,64,235,289,43,21,396,366,26019,26518,567,478,164,148,366,413,63,40,1261,1124,1070,1008,42,33,37,19,8,10,3,1,101,53,1166,1054,82,56,80,49,35,22,12,6
Iowa,Washington County,22631,11313,11318,10834,10855,156,129,46,42,60,83,15,14,202,195,11022,11039,253,230,134,108,96,127,24,21,10253,10470,9919,10116,122,107,28,16,55,81,12,11,117,139,10028,10249,188,179,67,55,78,116,17,16,1060,848,915,739,34,22,18,26,5,2,3,3,85,56,994,790,65,51,67,53,18,11,7,5
Iowa,Wayne County,6622,3378,3244,3267,3148,32,15,10,9,14,25,1,3,54,44,3318,3189,58,37,27,23,28,36,1,4,3306,3186,3212,3097,29,14,7,8,10,24,1,3,47,40,3257,3134,52,35,22,20,21,34,1,4,72,58,55,51,3,1,3,1,4,1,0,0,7,4,61,55,6,2,5,3,7,2,0,0
Iowa,Webster County,36909,19382,17527,16991,16049,1344,622,160,111,341,261,14,22,532,462,17502,16493,1742,938,249,200,416,341,31,35,17705,16256,15677,15032,1111,509,97,38,332,255,8,16,480,406,16138,15424,1472,796,173,100,403,330,21,26,1677,1271,1314,1017,233,113,63,73,9,6,6,6,52,56,1364,1069,270,142,76,100,13,11,10,9
Iowa,Winnebago County,10383,5250,5133,4930,4880,132,67,22,27,58,67,2,3,106,89,5035,4965,203,116,43,49,78,90,6,9,4914,4835,4637,4629,112,50,14,10,53,61,2,2,96,83,4732,4708,176,97,32,26,72,84,5,8,336,298,293,251,20,17,8,17,5,6,0,1,10,6,303,257,27,19,11,23,6,6,1,1
Iowa,Winneshiek County,19723,9976,9747,9570,9444,124,69,29,16,126,117,2,1,125,100,9687,9535,189,118,63,50,163,145,7,7,9591,9492,9246,9222,111,60,9,9,117,115,1,1,107,85,9347,9299,170,105,31,34,151,139,5,6,385,255,324,222,13,9,20,7,9,2,1,0,18,15,340,236,19,13,32,16,12,6,2,1
Iowa,Woodbury County,107257,54295,52962,44884,44458,3606,2918,1806,1761,1676,1677,575,532,1748,1616,46529,45983,4576,3788,2426,2348,2091,2064,691,615,42544,42706,34890,35692,3380,2744,778,817,1591,1622,532,491,1373,1340,36191,36967,4183,3494,1183,1234,1936,1956,610,555,11751,10256,9994,8766,226,174,1028,944,85,55,43,41,375,276,10338,9016,393,294,1243,1114,155,108,81,60
Iowa,Worth County,7307,3724,3583,3573,3431,46,33,20,13,23,53,2,1,60,52,3633,3481,78,56,40,36,31,63,5,3,3575,3452,3444,3318,42,29,15,6,22,52,2,1,50,46,3494,3362,69,50,29,25,29,62,5,3,149,131,129,113,4,4,5,7,1,1,0,0,10,6,139,119,9,6,11,11,2,1,0,0
Iowa,Wright County,12729,6546,6183,6065,5895,97,73,147,64,34,40,19,25,184,86,6245,5976,172,114,239,96,61,61,27,28,5020,4879,4821,4694,69,49,17,25,24,29,13,8,76,74,4897,4764,108,86,43,49,37,48,15,11,1526,1304,1244,1201,28,24,130,39,10,11,6,17,108,12,1348,1212,64,28,196,47,24,13,12,17
Kansas,Allen County,12425,6209,6216,5705,5740,163,119,65,83,60,65,4,3,212,206,5910,5934,280,227,141,168,87,92,10,11,5881,5976,5436,5553,149,110,52,65,60,64,3,3,181,181,5613,5725,251,206,114,136,82,88,6,11,328,240,269,187,14,9,13,18,0,1,1,0,31,25,297,209,29,21,27,32,5,4,4,0
Kansas,Anderson County,7908,4025,3883,3818,3657,62,41,34,45,27,37,3,2,81,101,3897,3751,106,93,65,88,36,51,4,4,3918,3762,3723,3543,58,41,32,42,27,35,3,2,75,99,3796,3635,99,92,60,84,35,49,4,4,107,121,95,114,4,0,2,3,0,2,0,0,6,2,101,116,7,1,5,4,1,2,0,0
Kansas,Atchison County,16249,8002,8247,7214,7556,392,310,73,64,51,55,7,9,265,253,7470,7795,552,464,149,136,88,88,11,20,7614,7968,6887,7323,366,295,65,55,51,55,6,9,239,231,7118,7542,513,439,133,118,84,84,8,19,388,279,327,233,26,15,8,9,0,0,1,0,26,22,352,253,39,25,16,18,4,4,3,1
Kansas,Barber County,4070,2069,2001,1949,1886,26,18,33,30,11,17,0,1,50,49,1998,1932,49,41,59,50,14,23,0,4,1976,1913,1876,1816,23,16,27,21,10,16,0,1,40,43,1915,1857,43,38,46,36,13,21,0,4,93,88,73,70,3,2,6,9,1,1,0,0,10,6,83,75,6,3,13,14,1,2,0,0
Kansas,Barton County,24835,12334,12501,11604,11770,231,284,173,165,42,45,15,25,269,212,11857,11966,370,395,280,258,79,66,22,31,10178,10419,9682,9948,170,159,68,78,37,41,2,9,219,184,9888,10119,286,259,153,155,68,59,6,14,2156,2082,1922,1822,61,125,105,87,5,4,13,16,50,28,1969,1847,84,136,127,103,11,7,16,17
Kansas,Bourbon County,14424,7198,7226,6507,6681,319,154,98,76,65,98,10,4,199,213,6697,6877,413,258,185,169,96,129,13,9,6928,7010,6319,6521,291,137,73,60,65,98,7,2,173,192,6484,6697,374,234,147,142,92,125,10,7,270,216,188,160,28,17,25,16,0,0,3,2,26,21,213,180,39,24,38,27,4,4,3,2
Kansas,Brown County,9142,4560,4582,3869,3937,111,73,367,358,39,47,5,1,169,166,4030,4092,194,152,435,430,66,67,8,9,4279,4382,3710,3836,92,62,293,303,32,45,5,1,147,135,3852,3962,163,130,354,357,53,61,7,8,281,200,159,101,19,11,74,55,7,2,0,0,22,31,178,130,31,22,81,73,13,6,1,1
Kansas,Butler County,69158,35070,34088,31731,31404,1290,434,397,364,623,776,102,95,927,1015,32611,32365,1661,849,797,803,823,998,130,125,32746,31998,29739,29639,1191,374,306,253,603,741,90,89,817,902,30519,30495,1522,747,641,627,788,949,114,114,2324,2090,1992,1765,99,60,91,111,20,35,12,6,110,113,2092,1870,139,102,156,176,35,49,16,11
Kansas,Chase County,2507,1340,1167,1241,1114,43,5,13,10,2,17,0,0,41,21,1280,1131,59,18,24,19,16,19,3,1,1199,1079,1105,1031,43,5,9,8,2,16,0,0,40,19,1143,1047,59,18,20,15,15,17,3,1,141,88,136,83,0,0,4,2,0,1,0,0,1,2,137,84,0,0,4,4,1,2,0,0
Kansas,Chautauqua County,3339,1743,1596,1488,1370,46,25,91,101,2,5,3,1,113,94,1599,1457,81,63,149,145,21,21,6,6,1656,1506,1432,1304,29,22,84,89,2,5,1,1,108,85,1538,1382,62,57,140,127,20,21,4,6,87,90,56,66,17,3,7,12,0,0,2,0,5,9,61,75,19,6,9,18,1,0,2,0
Kansas,Cherokee County,19133,9568,9565,8369,8492,143,103,462,450,51,67,69,30,474,423,8832,8895,262,223,780,733,95,105,78,37,9266,9278,8165,8281,134,95,428,422,49,60,68,29,422,391,8578,8656,234,198,714,688,89,95,76,36,302,287,204,211,9,8,34,28,2,7,1,1,52,32,254,239,28,25,66,45,6,10,2,1
Kansas,Cheyenne County,2646,1348,1298,1292,1225,16,15,18,11,10,25,0,0,12,22,1303,1243,22,26,21,19,14,33,1,0,1206,1173,1165,1114,14,8,11,5,10,24,0,0,6,22,1171,1132,16,19,13,13,12,32,1,0,142,125,127,111,2,7,7,6,0,1,0,0,6,0,132,111,6,7,8,6,2,1,0,0
Kansas,Clark County,1873,936,937,864,880,9,2,17,13,19,11,3,0,24,31,888,906,22,18,25,22,23,22,3,2,791,826,728,776,8,2,10,7,19,11,2,0,24,30,752,801,21,17,18,16,23,22,2,2,145,111,136,104,1,0,7,6,0,0,1,0,0,1,136,105,1,1,7,6,0,0,1,0
Kansas,Clay County,7969,4061,3908,3786,3708,116,56,31,32,25,29,3,3,100,80,3879,3780,152,91,73,65,48,48,11,7,3890,3758,3649,3595,102,39,20,22,25,29,2,1,92,72,3735,3660,133,69,58,51,48,48,10,5,171,150,137,113,14,17,11,10,0,0,1,2,8,8,144,120,19,22,15,14,0,0,1,2
Kansas,Cloud County,8723,4428,4295,4107,4074,107,54,39,39,56,29,29,5,90,94,4193,4159,151,101,70,78,74,45,31,9,4220,4121,3951,3936,94,41,23,31,52,29,27,4,73,80,4022,4007,130,82,46,63,67,44,29,7,208,174,156,138,13,13,16,8,4,0,2,1,17,14,171,152,21,19,24,15,7,1,2,2
Kansas,Coffey County,8301,4129,4172,3886,3943,51,32,58,72,32,35,1,0,101,90,3980,4030,90,70,104,106,51,55,5,3,3965,3930,3754,3741,46,30,52,52,29,32,0,0,84,75,3833,3814,76,64,88,78,48,49,4,2,164,242,132,202,5,2,6,20,3,3,1,0,17,15,147,216,14,6,16,28,3,6,1,1
Kansas,Comanche County,1694,834,860,795,815,10,8,8,12,3,4,0,3,18,18,812,833,15,15,15,20,7,7,3,3,772,786,741,760,8,5,3,4,2,3,0,0,18,14,758,774,13,11,10,10,6,5,3,0,62,74,54,55,2,3,5,8,1,1,0,3,0,4,54,59,2,4,5,10,1,2,0,3
Kansas,Cowley County,34186,17213,16973,15035,15062,664,427,414,389,319,343,134,141,647,611,15657,15642,949,698,700,672,399,429,158,155,14932,14877,13133,13303,571,350,292,287,288,324,114,118,534,495,13648,13774,812,575,516,501,359,398,134,130,2281,2096,1902,1759,93,77,122,102,31,19,20,23,113,116,2009,1868,137,123,184,171,40,31,24,25
Kansas,Crawford County,38904,19532,19372,17594,17637,522,362,229,245,351,339,173,139,663,650,18226,18246,831,677,479,498,470,456,195,154,17751,17870,16056,16309,446,315,170,215,337,323,144,112,598,596,16627,16867,723,606,392,441,449,435,162,125,1781,1502,1538,1328,76,47,59,30,14,16,29,27,65,54,1599,1379,108,71,87,57,21,21,33,29
Kansas,Decatur County,2716,1381,1335,1310,1262,25,11,14,19,1,6,1,0,30,37,1339,1297,39,27,22,33,9,13,2,2,1307,1231,1244,1176,22,11,11,13,1,5,0,0,29,26,1272,1200,35,24,19,23,9,10,1,0,74,104,66,86,3,0,3,6,0,1,1,0,1,11,67,97,4,3,3,10,0,3,1,2
Kansas,Dickinson County,18621,9414,9207,8766,8683,168,106,120,83,57,63,18,5,285,267,9039,8931,313,250,221,180,99,107,28,13,8825,8643,8277,8195,151,84,76,59,56,63,18,5,247,237,8514,8416,278,214,157,141,96,103,28,10,589,564,489,488,17,22,44,24,1,0,0,0,38,30,525,515,35,36,64,39,3,4,0,3
Kansas,Doniphan County,7575,3870,3705,3486,3410,180,78,58,64,17,27,1,5,128,121,3606,3525,244,147,102,105,41,45,6,8,3684,3569,3344,3302,164,72,49,54,11,27,1,5,115,109,3451,3405,222,136,88,90,34,42,5,7,186,136,142,108,16,6,9,10,6,0,0,0,13,12,155,120,22,11,14,15,7,3,1,1
Kansas,Douglas County,121989,60598,61391,49494,50797,3184,2592,1647,1732,3379,3285,70,57,2824,2928,52114,53508,4465,3928,2621,2775,4243,4151,188,191,56059,56882,45977,47280,2942,2390,1285,1322,3338,3251,53,48,2464,2591,48274,49687,4069,3588,2076,2188,4133,4048,150,157,4539,4509,3517,3517,242,202,362,410,41,34,17,9,360,337,3840,3821,396,340,545,587,110,103,38,34
Kansas,Edwards County,2731,1394,1337,1272,1225,34,25,36,35,3,6,0,0,49,46,1317,1266,58,49,51,51,14,13,3,5,1040,1001,966,937,18,13,16,13,2,6,0,0,38,32,1001,965,36,29,27,24,12,12,2,3,354,336,306,288,16,12,20,22,1,0,0,0,11,14,316,301,22,20,24,27,2,1,1,2
Kansas,Elk County,2436,1220,1216,1122,1112,6,6,28,28,7,10,1,0,56,60,1173,1167,28,30,50,53,27,24,3,2,1149,1173,1062,1074,4,6,24,24,7,10,1,0,51,59,1108,1128,25,30,42,48,27,24,3,2,71,43,60,38,2,0,4,4,0,0,0,0,5,1,65,39,3,0,8,5,0,0,0,0
Kansas,Ellis County,29007,14664,14343,13770,13375,346,305,68,77,178,311,16,7,286,268,14036,13613,498,449,162,154,230,373,30,29,13557,13256,12786,12504,309,153,43,58,170,302,14,3,235,236,13004,12712,439,286,107,123,219,355,27,22,1107,1087,984,871,37,152,25,19,8,9,2,4,51,32,1032,901,59,163,55,31,11,18,3,7
Kansas,Ellsworth County,6316,3639,2677,3148,2559,370,17,44,19,21,21,0,0,56,61,3196,2617,393,43,74,45,31,32,2,2,3385,2543,2914,2440,369,17,38,16,21,21,0,0,43,49,2949,2486,390,39,58,37,31,30,1,0,254,134,234,119,1,0,6,3,0,0,0,0,13,12,247,131,3,4,16,8,0,2,1,2
Kansas,Finney County,38354,19610,18744,16891,16599,1230,755,270,305,808,686,24,66,387,333,17242,16904,1431,933,441,438,860,733,34,86,8850,8467,6681,6961,1082,590,79,73,748,623,8,10,252,210,6911,7151,1222,711,175,145,787,656,14,21,10760,10277,10210,9638,148,165,191,232,60,63,16,56,135,123,10331,9753,209,222,266,293,73,77,20,65
Kansas,Ford County,34072,17855,16217,15899,14908,841,367,577,377,215,251,57,41,266,273,16132,15157,944,484,715,504,269,311,70,55,6786,6490,5787,5713,577,273,68,88,184,229,26,21,144,166,5910,5865,639,348,130,155,222,267,35,30,11069,9727,10112,9195,264,94,509,289,31,22,31,20,122,107,10222,9292,305,136,585,349,47,44,35,25
Kansas,Franklin County,26273,13236,13037,12356,12254,222,185,120,142,87,72,3,3,448,381,12779,12616,412,366,340,315,147,123,16,15,12510,12402,11787,11734,200,166,72,98,81,67,3,3,367,334,12136,12050,365,324,238,248,133,114,13,13,726,635,569,520,22,19,48,44,6,5,0,0,81,47,643,566,47,42,102,67,14,9,3,2
Kansas,Geary County,35459,18569,16890,12991,11746,3305,2852,331,277,517,719,196,197,1229,1099,14097,12729,4011,3519,625,529,936,1086,271,264,15092,13764,10351,9392,2953,2511,173,160,461,655,149,166,1005,880,11264,10180,3533,3038,373,335,821,965,211,218,3477,3126,2640,2354,352,341,158,117,56,64,47,31,224,219,2833,2549,478,481,252,194,115,121,60,46
Kansas,Gove County,2658,1327,1331,1279,1295,16,12,1,3,14,12,1,0,16,9,1293,1304,23,15,9,7,16,14,3,0,1277,1261,1233,1231,12,7,1,3,14,11,1,0,16,9,1247,1240,19,10,9,7,16,13,3,0,50,70,46,64,4,5,0,0,0,1,0,0,0,0,46,64,4,5,0,0,0,1,0,0
Kansas,Graham County,2370,1222,1148,1108,1035,49,37,11,13,18,20,2,1,34,42,1140,1075,59,59,29,32,25,25,4,2,1170,1096,1073,994,44,36,7,7,17,20,1,0,28,39,1099,1031,52,55,21,25,23,25,3,1,52,52,35,41,5,1,4,6,1,0,1,1,6,3,41,44,7,4,8,7,2,0,1,1
Kansas,Grant County,7097,3574,3523,3273,3309,60,42,131,73,25,39,0,0,85,60,3350,3367,89,64,182,107,38,46,3,2,1595,1639,1475,1534,31,18,17,14,21,34,0,0,51,39,1520,1571,51,32,42,34,32,40,3,2,1979,1884,1798,1775,29,24,114,59,4,5,0,0,34,21,1830,1796,38,32,140,73,6,6,0,0
Kansas,Gray County,5730,2924,2806,2743,2673,72,58,23,22,24,18,1,2,61,33,2800,2703,98,71,49,35,37,27,3,3,2392,2307,2287,2229,27,20,7,13,22,17,0,0,49,28,2332,2254,50,32,25,23,33,25,2,1,532,499,456,444,45,38,16,9,2,1,1,2,12,5,468,449,48,39,24,12,4,2,1,2
Kansas,Greeley County,1152,580,572,559,552,4,6,9,4,1,4,0,0,7,6,565,558,5,7,14,8,3,4,0,1,461,469,443,455,3,3,7,2,1,4,0,0,7,5,449,460,4,4,12,5,3,4,0,1,119,103,116,97,1,3,2,2,0,0,0,0,0,1,116,98,1,3,2,3,0,0,0,0
Kansas,Greenwood County,5871,2993,2878,2813,2687,36,19,53,58,7,12,0,0,84,102,2893,2782,64,52,101,111,20,31,1,5,2857,2767,2708,2605,34,17,37,46,7,12,0,0,71,87,2775,2685,59,44,74,92,20,29,1,5,136,111,105,82,2,2,16,12,0,0,0,0,13,15,118,97,5,8,27,19,0,2,0,0
Kansas,Hamilton County,2488,1282,1206,1163,1113,48,27,40,33,6,3,5,0,20,30,1181,1141,57,41,51,44,9,9,6,1,697,646,643,607,12,6,18,8,6,3,3,0,15,22,656,627,19,15,25,17,9,9,4,0,585,560,520,506,36,21,22,25,0,0,2,0,5,8,525,514,38,26,26,27,0,0,2,1
Kansas,Harper County,5413,2773,2640,2599,2466,29,29,50,53,14,18,10,3,71,71,2665,2531,51,58,89,88,28,27,12,8,2499,2446,2376,2298,24,24,28,45,9,15,1,1,61,63,2432,2355,45,49,59,76,22,24,3,6,274,194,223,168,5,5,22,8,5,3,9,2,10,8,233,176,6,9,30,12,6,3,9,2
Kansas,Harvey County,33642,16793,16849,15501,15749,373,241,191,166,183,183,28,6,517,504,15990,16220,614,481,407,377,266,263,49,23,14496,14972,13456,14050,318,211,116,114,178,173,16,2,412,422,13845,14447,518,415,269,281,247,240,35,16,2297,1877,2045,1699,55,30,75,52,5,10,12,4,105,82,2145,1773,96,66,138,96,19,23,14,7
Kansas,Haskell County,3591,1803,1788,1695,1680,23,11,37,32,12,21,5,9,31,35,1726,1712,35,28,52,46,19,23,5,14,1161,1249,1116,1183,8,7,7,11,6,18,1,0,23,30,1139,1211,17,20,18,23,11,20,1,5,642,539,579,497,15,4,30,21,6,3,4,9,8,5,587,501,18,8,34,23,8,3,4,9
Kansas,Hodgeman County,1673,876,797,793,733,18,22,7,4,41,21,0,0,17,17,810,750,25,28,12,10,44,24,2,2,793,747,715,684,18,22,5,4,38,21,0,0,17,16,732,700,25,28,10,10,41,23,2,2,83,50,78,49,0,0,2,0,3,0,0,0,0,1,78,50,0,0,2,0,3,1,0,0
Kansas,Jackson County,13525,6907,6618,5839,5695,189,73,556,568,69,49,6,3,248,230,6078,5916,267,156,701,705,98,65,14,7,6399,6190,5601,5465,96,42,425,442,67,48,1,3,209,190,5801,5648,166,113,544,555,92,59,8,6,508,428,238,230,93,31,131,126,2,1,5,0,39,40,277,268,101,43,157,150,6,6,6,1
Kansas,Jefferson County,18332,9351,8981,8867,8549,118,64,127,97,35,41,11,3,193,227,9049,8762,179,133,241,236,60,67,18,11,8995,8637,8578,8261,107,56,101,74,34,41,6,3,169,202,8736,8450,163,119,198,195,56,66,13,10,356,344,289,288,11,8,26,23,1,0,5,0,24,25,313,312,16,14,43,41,4,1,5,1
Kansas,Jewell County,2899,1497,1402,1447,1355,10,10,12,13,8,8,0,0,20,16,1465,1370,20,18,20,20,12,10,1,0,1449,1346,1402,1307,10,7,12,9,8,7,0,0,17,16,1417,1322,17,15,19,16,12,9,1,0,48,56,45,48,0,3,0,4,0,1,0,0,3,0,48,48,3,3,1,4,0,1,0,0
Kansas,Johnson County,632276,312419,319857,266373,273253,17363,16822,1791,1397,17658,18948,120,101,9114,9336,275033,282132,21625,21235,4057,3749,21078,22406,432,432,280690,289403,237826,245249,16421,16127,751,840,17524,18830,83,87,8085,8270,245531,253128,20186,20013,2586,2787,20665,21988,344,366,31729,30454,28547,28004,942,695,1040,557,134,118,37,14,1029,1066,29502,29004,1439,1222,1471,962,413,418,88,66
Kansas,Kearny County,3808,1927,1881,1780,1739,32,32,45,48,20,17,1,3,49,42,1829,1780,55,54,64,63,26,23,2,4,1205,1215,1113,1121,23,17,26,29,8,14,1,1,34,33,1147,1153,40,36,38,39,13,19,1,2,722,666,667,618,9,15,19,19,12,3,0,2,15,9,682,627,15,18,26,24,13,4,1,2
Kansas,Kingman County,6946,3548,3398,3361,3270,31,16,46,30,21,27,1,1,88,54,3441,3319,59,43,99,59,38,35,2,1,3389,3262,3227,3142,31,16,37,27,18,25,1,1,75,51,3295,3188,57,41,81,55,32,32,2,1,159,136,134,128,0,0,9,3,3,2,0,0,13,3,146,131,2,2,18,4,6,3,0,0
Kansas,Kiowa County,2436,1184,1252,1076,1117,25,19,18,13,38,72,0,1,27,30,1102,1146,36,35,31,25,42,74,0,2,1119,1181,1013,1049,24,17,17,12,38,72,0,1,27,30,1039,1078,35,33,30,24,42,74,0,2,65,71,63,68,1,2,1,1,0,0,0,0,0,0,63,68,1,2,1,1,0,0,0,0
Kansas,Labette County,19692,9934,9758,8662,8672,477,331,254,232,40,41,10,13,491,469,9123,9123,691,539,497,466,98,88,28,26,9420,9227,8273,8260,451,313,202,190,39,39,9,7,446,418,8693,8660,654,502,415,397,90,81,23,18,514,531,389,412,26,18,52,42,1,2,1,6,45,51,430,463,37,37,82,69,8,7,5,8
Kansas,Lane County,1482,744,738,691,692,10,7,9,17,1,5,1,1,32,16,722,708,20,14,26,24,6,7,2,1,652,652,614,614,9,6,4,13,1,5,1,1,23,13,637,627,19,11,14,20,4,6,1,1,92,86,77,78,1,1,5,4,0,0,0,0,9,3,85,81,1,3,12,4,2,1,1,0
Kansas,Leavenworth County,84670,45186,39484,37703,34329,4635,2547,497,355,599,686,105,84,1647,1483,39212,35713,5428,3255,1027,844,1115,1129,203,168,41228,36560,34425,31932,4350,2386,344,249,561,647,91,64,1457,1282,35764,33134,5069,3008,785,645,1023,1039,176,135,3958,2924,3278,2397,285,161,153,106,38,39,14,20,190,201,3448,2579,359,247,242,199,92,90,27,33
Kansas,Lincoln County,2928,1498,1430,1422,1374,25,10,20,6,7,10,0,0,24,30,1445,1404,34,21,32,22,10,12,1,1,1401,1369,1335,1317,22,9,13,4,7,10,0,0,24,29,1358,1346,31,20,25,19,10,12,1,1,97,61,87,57,3,1,7,2,0,0,0,0,0,1,87,58,3,1,7,3,0,0,0,0
Kansas,Linn County,9841,5030,4811,4751,4565,81,49,50,41,17,38,2,3,129,115,4865,4679,123,81,128,109,41,51,5,7,4820,4669,4581,4441,80,43,45,39,16,37,2,3,96,106,4665,4546,111,71,103,104,34,48,5,7,210,142,170,124,1,6,5,2,1,1,0,0,33,9,200,133,12,10,25,5,7,3,0,0
Kansas,Logan County,2694,1381,1313,1298,1236,26,16,16,9,16,12,0,0,25,40,1321,1274,43,35,24,28,17,17,1,0,1251,1198,1182,1134,18,7,11,8,16,12,0,0,24,37,1204,1169,34,26,19,25,17,16,1,0,130,115,116,102,8,9,5,1,0,0,0,0,1,3,117,105,9,9,5,3,0,1,0,0
Kansas,Lyon County,32520,15904,16616,14359,15076,420,391,221,215,405,411,15,26,484,497,14802,15542,635,622,425,410,511,502,38,56,11588,12475,10395,11321,341,301,104,88,368,375,6,13,374,377,10740,11677,516,482,248,224,449,446,23,34,4316,4141,3964,3755,79,90,117,127,37,36,9,13,110,120,4062,3865,119,140,177,186,62,56,15,22
Kansas,McPherson County,30334,15110,15224,14047,14405,467,214,122,88,110,160,17,9,347,348,14360,14732,630,388,274,216,187,226,43,24,14205,14353,13274,13660,428,186,88,57,106,146,14,7,295,297,13540,13939,568,337,206,164,167,201,36,18,905,871,773,745,39,28,34,31,4,14,3,2,52,51,820,793,62,51,68,52,20,25,7,6
Kansas,Marion County,11670,5848,5822,5534,5523,87,53,58,66,27,50,7,4,135,126,5659,5645,132,90,139,139,48,71,13,9,5581,5546,5308,5300,80,45,51,39,25,49,6,4,111,109,5411,5406,115,78,118,101,43,67,10,9,267,276,226,223,7,8,7,27,2,1,1,0,24,17,248,239,17,12,21,38,5,4,3,0
Kansas,Marshall County,9950,5077,4873,4867,4668,39,34,43,38,16,26,1,1,111,106,4967,4771,98,75,89,87,36,45,5,3,4897,4729,4724,4552,37,30,25,32,15,22,1,1,95,92,4811,4641,90,69,63,75,31,36,4,2,180,144,143,116,2,4,18,6,1,4,0,0,16,14,156,130,8,6,26,12,5,9,1,1
Kansas,Meade County,3892,2033,1859,1893,1718,56,66,40,27,15,21,0,0,29,27,1919,1742,65,72,55,43,23,24,0,5,1589,1483,1479,1368,48,56,26,16,14,21,0,0,22,22,1499,1389,55,61,36,29,21,23,0,3,444,376,414,350,8,10,14,11,1,0,0,0,7,5,420,353,10,11,19,14,2,1,0,2
Kansas,Miami County,35737,17979,17758,16939,16827,321,179,127,150,153,198,16,5,423,399,17336,17205,487,339,328,326,237,271,33,27,17155,16976,16234,16150,261,160,109,120,148,189,13,5,390,352,16601,16482,419,301,287,269,227,257,28,27,824,782,705,677,60,19,18,30,5,9,3,0,33,47,735,723,68,38,41,57,10,14,5,0
Kansas,Mitchell County,5803,3001,2802,2875,2713,22,8,23,15,19,18,4,6,58,42,2927,2751,50,21,47,36,32,24,11,12,2879,2705,2769,2625,19,7,18,14,19,18,3,6,51,35,2814,2657,43,18,38,30,31,23,10,12,122,97,106,88,3,1,5,1,0,0,1,0,7,7,113,94,7,3,9,6,1,1,1,0
Kansas,Montgomery County,30459,15186,15273,12762,13032,829,662,563,555,166,148,34,20,832,856,13546,13846,1116,958,1084,1047,251,241,56,63,13783,14048,11637,12063,781,615,460,450,155,144,23,15,727,761,12321,12787,1036,878,907,880,230,231,41,54,1403,1225,1125,969,48,47,103,105,11,4,11,5,105,95,1225,1059,80,80,177,167,21,10,15,9
Kansas,Morris County,5279,2656,2623,2524,2469,21,20,27,22,9,51,3,0,72,61,2591,2527,53,41,61,54,22,62,6,0,2523,2521,2413,2382,21,16,15,19,8,51,3,0,63,53,2471,2432,50,34,44,47,20,61,5,0,133,102,111,87,0,4,12,3,1,0,0,0,9,8,120,95,3,7,17,7,2,1,1,0
Kansas,Morton County,2485,1256,1229,1134,1121,25,17,33,38,24,18,2,3,38,32,1170,1151,44,28,50,57,28,22,4,5,893,931,802,866,19,10,18,23,21,14,1,0,32,18,832,884,35,14,31,35,25,15,3,1,363,298,332,255,6,7,15,15,3,4,1,3,6,14,338,267,9,14,19,22,3,7,1,4
Kansas,Nemaha County,10062,5168,4894,4961,4702,60,42,50,48,16,11,3,10,78,81,5037,4780,96,74,82,81,32,25,5,16,5023,4755,4842,4606,51,36,38,30,15,10,3,4,74,69,4914,4672,84,63,67,57,31,24,5,9,145,139,119,96,9,6,12,18,1,1,0,6,4,12,123,108,12,11,15,24,1,1,0,7
Kansas,Neosho County,15552,7867,7685,7336,7201,162,97,110,133,65,62,4,8,190,184,7515,7375,244,163,198,222,98,94,13,19,7337,7236,6893,6839,150,89,65,90,60,53,2,6,167,159,7049,6989,223,142,137,165,89,83,11,17,530,449,443,362,12,8,45,43,5,9,2,2,23,25,466,386,21,21,61,57,9,11,2,2
Kansas,Ness County,2617,1284,1333,1225,1252,16,11,16,36,1,5,0,3,26,26,1250,1276,27,23,28,51,5,7,1,4,1122,1134,1083,1091,14,9,6,10,0,3,0,3,19,18,1102,1107,23,17,12,20,3,5,1,4,162,199,142,161,2,2,10,26,1,2,0,0,7,8,148,169,4,6,16,31,2,2,0,0
Kansas,Norton County,5335,3049,2286,2730,2154,204,14,21,7,31,42,0,3,63,66,2787,2214,234,43,48,31,44,59,2,9,2817,2187,2514,2067,200,8,15,6,30,42,0,2,58,62,2566,2123,229,35,38,29,43,57,2,8,232,99,216,87,4,6,6,1,1,0,0,1,5,4,221,91,5,8,10,2,1,2,0,1
Kansas,Osage County,15737,7951,7786,7605,7409,88,60,50,84,18,45,7,5,183,183,7781,7577,173,139,126,170,43,76,18,9,7648,7508,7358,7197,81,52,40,63,15,42,5,5,149,149,7500,7335,150,114,104,130,34,71,13,8,303,278,247,212,7,8,10,21,3,3,2,0,34,34,281,242,23,25,22,40,9,5,5,1
Kansas,Osborne County,3353,1695,1658,1601,1556,15,9,25,19,7,28,0,0,47,46,1646,1600,40,31,46,36,11,35,1,2,1630,1600,1548,1522,15,9,21,11,7,28,0,0,39,30,1585,1551,37,22,36,20,10,35,1,2,65,58,53,34,0,0,4,8,0,0,0,0,8,16,61,49,3,9,10,16,1,0,0,0
Kansas,Ottawa County,5853,3058,2795,2909,2694,52,37,20,17,14,11,0,0,63,36,2965,2727,80,49,46,36,30,18,1,2,2940,2695,2811,2609,52,31,16,13,12,11,0,0,49,31,2853,2638,76,43,35,30,25,15,1,1,118,100,98,85,0,6,4,4,2,0,0,0,14,5,112,89,4,6,11,6,5,3,0,1
Kansas,Pawnee County,6012,3316,2696,2846,2468,304,90,50,24,23,16,2,2,91,96,2931,2559,348,132,79,67,46,31,6,4,2989,2431,2565,2250,295,85,37,14,22,16,0,0,70,66,2631,2313,330,114,57,42,39,27,3,2,327,265,281,218,9,5,13,10,1,0,2,2,21,30,300,246,18,18,22,25,7,4,3,2
Kansas,Phillips County,4733,2395,2338,2268,2219,19,9,28,23,24,33,0,0,56,54,2318,2269,50,29,50,52,34,44,1,0,2297,2263,2191,2161,18,8,15,16,24,33,0,0,49,45,2235,2204,46,25,32,38,34,43,1,0,98,75,77,58,1,1,13,7,0,0,0,0,7,9,83,65,4,4,18,14,0,1,0,0
Kansas,Pottawatomie County,26876,13615,13261,12670,12417,260,165,147,132,141,144,21,25,376,378,13015,12772,437,326,275,276,234,233,39,44,12746,12415,11976,11722,230,132,76,84,131,137,20,25,313,315,12267,12019,387,272,170,196,209,215,34,39,869,846,694,695,30,33,71,48,10,7,1,0,63,63,748,753,50,54,105,80,25,18,5,5
Kansas,Pratt County,9137,4618,4519,4295,4212,117,65,55,70,37,46,4,4,110,122,4395,4330,172,114,102,128,52,64,10,10,4195,4090,3943,3861,105,56,27,27,35,46,3,4,82,96,4017,3954,145,94,60,74,47,60,9,8,423,429,352,351,12,9,28,43,2,0,1,0,28,26,378,376,27,20,42,54,5,4,1,2
Kansas,Rawlins County,2432,1246,1186,1173,1126,11,12,14,18,7,14,0,1,41,15,1213,1141,34,17,28,26,11,17,1,1,1147,1084,1089,1038,9,9,4,9,7,14,0,0,38,14,1126,1052,31,13,17,17,10,17,1,0,99,102,84,88,2,3,10,9,0,0,0,1,3,1,87,89,3,4,11,9,1,0,0,1
Kansas,Reno County,61417,31125,30292,28097,28203,1429,628,334,226,181,190,141,114,943,931,28980,29091,1952,1103,648,551,342,350,165,157,27701,27001,25142,25287,1298,531,218,158,169,176,125,105,749,744,25854,26002,1726,910,437,400,303,314,144,140,3424,3291,2955,2916,131,97,116,68,12,14,16,9,194,187,3126,3089,226,193,211,151,39,36,21,17
Kansas,Republic County,4613,2301,2312,2205,2215,31,22,12,11,17,13,0,1,36,50,2238,2263,56,50,21,27,22,22,0,2,2227,2227,2146,2152,22,18,12,9,17,13,0,0,30,35,2174,2187,44,39,19,16,20,20,0,1,74,85,59,63,9,4,0,2,0,0,0,1,6,15,64,76,12,11,2,11,2,2,0,1
Kansas,Rice County,9284,4703,4581,4284,4281,122,65,89,55,49,55,5,4,154,121,4423,4398,189,105,162,115,78,79,13,10,3972,3969,3657,3733,102,52,39,26,47,53,4,3,123,102,3770,3832,152,87,97,73,68,76,11,8,731,612,627,548,20,13,50,29,2,2,1,1,31,19,653,566,37,18,65,42,10,3,2,2
Kansas,Riley County,72557,38522,34035,31704,28070,2946,2184,509,307,1841,1945,118,115,1404,1414,32977,29384,3639,2858,853,657,2354,2459,183,180,34479,30798,28501,25390,2701,1984,194,171,1790,1881,90,103,1203,1269,29609,26581,3300,2585,447,463,2248,2361,142,159,4043,3237,3203,2680,245,200,315,136,51,64,28,12,201,145,3368,2803,339,273,406,194,106,98,41,21
Kansas,Rooks County,4748,2396,2352,2228,2241,70,20,16,22,22,21,2,1,58,47,2283,2286,107,48,35,37,29,26,2,2,2291,2285,2141,2187,67,18,8,17,22,20,2,1,51,42,2190,2228,98,43,24,29,29,25,2,2,105,67,87,54,3,2,8,5,0,1,0,0,7,5,93,58,9,5,11,8,0,1,0,0
Kansas,Rush County,2810,1423,1387,1371,1321,14,10,13,17,3,11,0,0,22,28,1392,1349,23,21,25,32,5,14,0,0,1346,1304,1298,1257,13,10,12,10,3,9,0,0,20,18,1317,1275,22,17,22,19,5,11,0,0,77,83,73,64,1,0,1,7,0,2,0,0,2,10,75,74,1,4,3,13,0,3,0,0
Kansas,Russell County,6620,3355,3265,3129,3065,63,42,53,46,19,28,3,4,88,80,3211,3141,114,85,81,77,33,37,5,6,3196,3124,2997,2944,59,42,44,31,16,27,2,2,78,78,3071,3018,105,85,67,60,29,36,3,4,159,141,132,121,4,0,9,15,3,1,1,2,10,2,140,123,9,0,14,17,4,1,2,2
Kansas,Saline County,53459,26647,26812,23612,24076,1202,947,225,203,620,678,30,17,958,891,24503,24904,1792,1475,442,426,841,880,70,56,22963,23356,20336,20972,1067,846,134,122,582,642,18,10,826,764,21111,21692,1577,1301,300,292,784,822,52,44,3684,3456,3276,3104,135,101,91,81,38,36,12,7,132,127,3392,3212,215,174,142,134,57,58,18,12
Kansas,Scott County,4914,2516,2398,2362,2284,28,21,40,32,34,17,4,4,48,40,2408,2322,58,35,55,54,40,24,5,4,1942,1897,1838,1822,21,13,10,19,32,14,1,1,40,28,1877,1848,46,22,23,34,37,21,1,1,574,501,524,462,7,8,30,13,2,3,3,3,8,12,531,474,12,13,32,20,3,3,4,3
Kansas,Sedgwick County,536081,266134,269947,214549,216006,24783,25035,3581,3668,11620,13406,332,353,11269,11479,224986,226617,31069,31360,7342,7669,14423,16212,685,702,219044,224597,172980,176106,23180,23394,1915,2112,11243,13024,256,292,9470,9669,181811,185084,28504,28774,4757,5212,13700,15489,525,565,47090,45350,41569,39900,1603,1641,1666,1556,377,382,76,61,1799,1810,43175,41533,2565,2586,2585,2457,723,723,160,137
Kansas,Seward County,21276,10997,10279,9794,9258,413,361,169,174,314,256,27,20,280,210,10057,9448,547,460,295,272,359,294,40,27,3377,3249,2559,2597,299,238,29,40,294,236,18,8,178,130,2728,2716,386,304,102,93,322,259,24,13,7620,7030,7235,6661,114,123,140,134,20,20,9,12,102,80,7329,6732,161,156,193,179,37,35,16,14
Kansas,Shawnee County,177942,86665,91277,72299,76125,7497,7579,1260,1400,1270,1617,135,150,4204,4406,76164,80170,10203,10337,2759,3061,1986,2356,290,310,73911,78515,61752,65814,6803,6763,711,864,1189,1523,106,119,3350,3432,64849,68977,8986,8948,1780,2035,1770,2123,211,225,12754,12762,10547,10311,694,816,549,536,81,94,29,31,854,974,11315,11193,1217,1389,979,1026,216,233,79,85
Kansas,Sheridan County,2397,1211,1186,1145,1134,12,12,13,12,3,3,1,0,37,25,1181,1156,35,25,27,20,7,9,1,1,1137,1117,1084,1079,9,9,6,7,3,3,1,0,34,19,1117,1097,31,19,17,11,7,8,1,1,74,69,61,55,3,3,7,5,0,0,0,0,3,6,64,59,4,6,10,9,0,1,0,0
Kansas,Sherman County,5796,2973,2823,2811,2657,42,42,27,21,27,15,4,5,62,83,2868,2734,83,90,49,49,33,31,5,5,2582,2440,2452,2315,36,30,12,13,23,15,3,5,56,62,2504,2373,74,67,31,31,27,26,4,5,391,383,359,342,6,12,15,8,4,0,1,0,6,21,364,361,9,23,18,18,6,5,1,0
Kansas,Smith County,3541,1787,1754,1698,1669,16,6,18,14,10,11,1,2,44,52,1736,1716,36,36,41,32,17,19,2,3,1731,1699,1658,1623,16,6,14,9,7,9,1,1,35,51,1689,1669,32,35,32,27,11,17,2,2,56,55,40,46,0,0,4,5,3,2,0,1,9,1,47,47,4,1,9,5,6,2,0,1
Kansas,Stafford County,3901,1978,1923,1834,1802,24,13,56,40,14,15,1,1,49,52,1883,1851,50,35,74,64,20,25,1,3,1682,1680,1596,1604,19,8,19,17,7,9,1,1,40,41,1636,1643,41,25,33,36,12,17,1,3,296,243,238,198,5,5,37,23,7,6,0,0,9,11,247,208,9,10,41,28,8,8,0,0
Kansas,Stanton County,2071,998,1073,849,891,14,14,92,113,5,6,2,2,36,47,882,936,29,35,107,134,13,16,3,2,486,535,435,464,9,11,10,15,2,2,0,0,30,43,463,505,21,31,23,34,9,11,0,0,512,538,414,427,5,3,82,98,3,4,2,2,6,4,419,431,8,4,84,100,4,5,3,2
Kansas,Stevens County,5035,2475,2560,2315,2393,32,27,43,62,32,23,6,8,47,47,2359,2437,57,51,65,84,39,29,6,10,1465,1564,1358,1472,25,18,21,27,30,19,0,0,31,28,1388,1498,40,30,35,39,35,24,0,1,1010,996,957,921,7,9,22,35,2,4,6,8,16,19,971,939,17,21,30,45,4,5,6,9
Kansas,Sumner County,22336,11301,11035,10525,10303,184,161,152,159,50,106,3,3,387,303,10889,10591,336,273,349,332,112,142,14,14,10545,10346,9895,9727,160,131,116,122,48,100,3,2,323,264,10201,9979,290,230,280,267,97,131,10,11,756,689,630,576,24,30,36,37,2,6,0,1,64,39,688,612,46,43,69,65,15,11,4,3
Kansas,Thomas County,7802,3872,3930,3656,3731,62,43,50,46,25,40,5,5,74,65,3724,3794,103,77,75,77,40,50,7,6,3519,3564,3355,3418,56,32,26,18,21,40,5,4,56,52,3406,3468,87,60,44,40,32,50,7,5,353,366,301,313,6,11,24,28,4,0,0,1,18,13,318,326,16,17,31,37,8,0,0,1
Kansas,Trego County,2774,1397,1377,1341,1309,16,7,9,8,6,27,1,0,24,26,1364,1334,25,18,20,20,10,31,2,0,1342,1333,1294,1274,11,5,7,7,6,27,1,0,23,20,1316,1293,19,12,18,17,10,31,2,0,55,44,47,35,5,2,2,1,0,0,0,0,1,6,48,41,6,6,2,3,0,0,0,0
Kansas,Wabaunsee County,7112,3623,3489,3420,3282,46,23,45,40,13,42,0,0,99,102,3514,3376,86,69,91,85,30,58,3,6,3418,3322,3238,3139,43,19,37,32,12,41,0,0,88,91,3321,3222,79,62,77,71,27,55,3,5,205,167,182,143,3,4,8,8,1,1,0,0,11,11,193,154,7,7,14,14,3,3,0,1
Kansas,Wallace County,1472,729,743,690,701,17,15,5,5,3,2,0,0,14,20,704,720,22,27,12,13,5,3,3,0,662,692,634,663,13,7,4,5,1,2,0,0,10,15,644,677,18,16,8,11,1,3,2,0,67,51,56,38,4,8,1,0,2,0,0,0,4,5,60,43,4,11,4,2,4,0,1,0
Kansas,Washington County,5572,2856,2716,2724,2613,18,15,13,12,20,31,3,0,78,45,2797,2657,52,39,47,28,33,37,5,0,2699,2600,2590,2509,17,15,4,5,15,30,3,0,70,41,2656,2549,47,36,34,20,28,36,4,0,157,116,134,104,1,0,9,7,5,1,0,0,8,4,141,108,5,3,13,8,5,1,1,0
Kansas,Wichita County,2072,1170,902,1111,854,18,13,18,15,8,3,0,1,15,16,1125,870,26,23,25,19,10,5,1,1,762,650,726,619,15,11,3,5,7,3,0,1,11,11,736,630,21,19,8,7,8,4,0,1,408,252,385,235,3,2,15,10,1,0,0,0,4,5,389,240,5,4,17,12,2,1,1,0
Kansas,Wilson County,8398,4181,4217,3927,3929,48,28,68,83,15,32,2,4,121,141,4043,4061,98,72,133,167,26,54,4,6,3997,4030,3782,3784,41,25,44,58,15,31,2,4,113,128,3890,3903,88,65,104,134,26,51,4,6,184,187,145,145,7,3,24,25,0,1,0,0,8,13,153,158,10,7,29,33,0,3,0,0
Kansas,Woodson County,3111,1578,1533,1490,1461,13,10,27,20,2,4,0,0,46,38,1534,1495,38,22,44,42,6,11,2,1,1529,1485,1451,1422,13,8,20,15,2,4,0,0,43,36,1492,1454,37,20,36,35,5,11,2,1,49,48,39,39,0,2,7,5,0,0,0,0,3,2,42,41,1,2,8,7,1,0,0,0
Kansas,Wyandotte County,169418,85298,84120,58524,56136,16432,18414,1812,1427,5286,4809,362,380,2882,2954,61082,58717,18262,20302,3000,2660,5727,5260,487,513,53614,55621,30421,30799,15453,17420,323,341,5092,4619,251,283,2074,2159,32273,32697,16795,18829,1069,1157,5409,4964,330,365,31684,28499,28103,25337,979,994,1489,1086,194,190,111,97,808,795,28809,26020,1467,1473,1931,1503,318,296,157,148
Kentucky,Adair County,19239,9595,9644,8951,9137,320,185,42,45,71,71,5,8,206,198,9153,9328,443,315,115,109,86,84,7,14,9170,9334,8598,8873,301,178,32,37,65,65,1,2,173,179,8770,9046,406,298,89,90,77,77,3,5,425,310,353,264,19,7,10,8,6,6,4,6,33,19,383,282,37,17,26,19,9,7,4,9
Kentucky,Allen County,22037,10925,11112,10413,10705,227,135,38,38,38,48,5,3,204,183,10612,10882,335,234,119,108,56,69,9,9,10540,10803,10101,10428,186,124,29,30,36,45,3,3,185,173,10281,10595,288,216,99,96,52,66,7,9,385,309,312,277,41,11,9,8,2,3,2,0,19,10,331,287,47,18,20,12,4,3,2,0
Kentucky,Anderson County,24883,12366,12517,11659,11833,326,268,53,36,89,100,9,5,230,275,11882,12097,455,417,124,125,123,145,15,15,11901,12213,11269,11574,305,257,27,25,81,96,3,3,216,258,11478,11823,428,400,91,103,114,139,9,12,465,304,390,259,21,11,26,11,8,4,6,2,14,17,404,274,27,17,33,22,9,6,6,3
Kentucky,Ballard County,7626,3808,3818,3498,3548,168,131,9,16,20,23,2,2,111,98,3606,3646,233,190,44,47,34,31,3,5,3734,3757,3442,3512,159,122,7,10,20,20,2,2,104,91,3544,3603,222,178,38,39,33,26,2,5,74,61,56,36,9,9,2,6,0,3,0,0,7,7,62,43,11,12,6,8,1,5,1,0
Kentucky,Barren County,45609,22104,23505,20226,21653,947,918,120,86,260,277,83,59,468,512,20677,22152,1239,1257,265,215,303,339,97,67,20985,22448,19359,20809,912,853,54,48,235,246,36,30,389,462,19735,21260,1166,1166,161,159,271,299,46,38,1119,1057,867,844,35,65,66,38,25,31,47,29,79,50,942,892,73,91,104,56,32,40,51,29
Kentucky,Bath County,12951,6519,6432,6289,6176,101,83,18,17,15,53,6,7,90,96,6376,6270,157,139,44,52,25,59,8,9,6386,6311,6180,6078,98,79,8,12,15,53,3,1,82,88,6260,6164,150,132,31,43,24,58,4,3,133,121,109,98,3,4,10,5,0,0,3,6,8,8,116,106,7,7,13,9,1,1,4,6
Kentucky,Bell County,23051,11378,11673,10555,11052,436,257,44,37,60,57,16,16,267,254,10816,11300,558,371,169,159,83,82,21,21,11226,11536,10448,10951,427,244,35,32,56,54,3,7,257,248,10699,11193,543,356,158,151,77,78,8,12,152,137,107,101,9,13,9,5,4,3,13,9,10,6,117,107,15,15,11,8,6,4,13,9
Kentucky,Boone County,144135,72076,72059,62843,63384,4554,4007,324,314,2181,2218,393,277,1781,1859,64553,65145,5443,4958,723,737,2762,2818,451,345,67408,67703,58733,59602,4406,3844,151,199,2130,2167,372,246,1616,1645,60296,61162,5219,4701,478,530,2670,2713,417,303,4668,4356,4110,3782,148,163,173,115,51,51,21,31,165,214,4257,3983,224,257,245,207,92,105,34,42
Kentucky,Bourbon County,20333,10058,10275,8981,9363,581,571,122,45,48,56,10,8,316,232,9294,9589,823,729,176,107,73,75,15,14,9084,9572,8190,8758,540,534,23,21,36,50,1,5,294,204,8481,8956,767,675,72,75,59,65,5,9,974,703,791,605,41,37,99,24,12,6,9,3,22,28,813,633,56,54,104,32,14,10,10,5
Kentucky,Boyd County,47777,24047,23730,22118,22748,1151,314,167,92,156,159,8,12,447,405,22542,23130,1396,552,314,215,234,227,27,26,23416,23329,21664,22426,1098,287,93,72,150,154,5,11,406,379,22051,22782,1324,513,222,182,218,218,21,24,631,401,454,322,53,27,74,20,6,5,3,1,41,26,491,348,72,39,92,33,16,9,6,2
Kentucky,Boyle County,31394,15806,15588,13612,13806,1508,1038,69,52,170,280,5,9,442,403,14043,14189,1799,1315,160,138,237,341,24,25,15032,14882,12956,13232,1463,978,45,34,166,271,3,8,399,359,13345,13571,1729,1229,121,108,228,326,19,23,774,706,656,574,45,60,24,18,4,9,2,1,43,44,698,618,70,86,39,30,9,15,5,2
Kentucky,Bracken County,8497,4322,4175,4176,4044,50,36,17,18,7,8,2,2,70,67,4245,4106,87,75,35,37,21,22,5,7,4240,4118,4110,4000,45,34,13,16,6,8,1,2,65,58,4174,4053,79,67,31,34,19,20,3,7,82,57,66,44,5,2,4,2,1,0,1,0,5,9,71,53,8,8,4,3,2,2,2,0
Kentucky,Breathitt County,12804,6467,6337,6273,6172,65,38,14,11,44,35,8,11,63,70,6335,6240,95,67,40,40,53,48,8,14,6359,6274,6178,6120,62,34,12,9,40,35,8,9,59,67,6237,6185,90,62,36,37,48,47,8,12,108,63,95,52,3,4,2,2,4,0,0,2,4,3,98,55,5,5,4,3,5,1,0,2
Kentucky,Breckinridge County,21221,10728,10493,10130,9913,283,241,59,59,38,47,5,7,213,226,10339,10133,411,389,125,121,62,69,8,11,10514,10299,9963,9759,272,234,39,44,38,43,5,7,197,212,10156,9966,393,374,96,100,61,63,8,11,214,194,167,154,11,7,20,15,0,4,0,0,16,14,183,167,18,15,29,21,1,6,0,0
Kentucky,Bullitt County,85802,42781,43021,40192,40588,1103,971,188,164,415,463,51,26,832,809,41005,41360,1447,1331,491,462,618,650,71,52,40952,41258,38625,39063,995,892,137,109,396,439,34,22,765,733,39376,39764,1313,1222,399,369,589,613,51,44,1829,1763,1567,1525,108,79,51,55,19,24,17,4,67,76,1629,1596,134,109,92,93,29,37,20,8
Kentucky,Butler County,12551,6386,6165,6097,5912,61,69,112,31,26,46,2,0,88,107,6182,6015,103,119,146,73,42,63,3,3,5942,5849,5789,5642,47,60,13,12,16,40,0,0,77,95,5864,5733,86,105,39,50,31,55,1,2,444,316,308,270,14,9,99,19,10,6,2,0,11,12,318,282,17,14,107,23,11,8,2,1
Kentucky,Caldwell County,12611,6176,6435,5632,5885,342,332,22,20,34,32,3,1,143,165,5770,6045,431,441,61,57,53,55,6,6,6032,6334,5514,5799,335,330,15,16,34,32,3,1,131,156,5640,5950,419,435,46,49,53,53,6,5,144,101,118,86,7,2,7,4,0,0,0,0,12,9,130,95,12,6,15,8,0,2,0,1
Kentucky,Calloway County,38975,19120,19855,17150,18238,1019,738,79,92,414,371,14,18,444,398,17572,18613,1255,978,208,193,503,449,33,34,18337,19041,16492,17502,982,721,54,75,405,359,9,14,395,370,16869,17851,1193,948,157,162,491,433,27,25,783,814,658,736,37,17,25,17,9,12,5,4,49,28,703,762,62,30,51,31,12,16,6,9
Kentucky,Campbell County,94008,46573,47435,43438,44200,1493,1393,118,94,549,760,24,34,951,954,44355,45117,2047,1967,372,332,717,944,46,58,45165,46242,42300,43205,1395,1336,65,71,519,718,16,21,870,891,43142,44062,1909,1879,281,281,680,889,34,43,1408,1193,1138,995,98,57,53,23,30,42,8,13,81,63,1213,1055,138,88,91,51,37,55,12,15
Kentucky,Carlisle County,4777,2413,2364,2268,2228,46,43,13,17,11,11,0,0,75,65,2342,2292,88,87,32,28,26,21,1,1,2300,2279,2164,2158,44,39,11,12,10,11,0,0,71,59,2234,2216,83,80,29,22,25,19,1,1,113,85,104,70,2,4,2,5,1,0,0,0,4,6,108,76,5,7,3,6,1,2,0,0
Kentucky,Carroll County,11111,5554,5557,5173,5220,156,105,29,43,41,43,6,11,149,135,5316,5350,244,186,74,76,61,64,10,16,5095,5119,4791,4860,132,76,15,20,25,37,4,6,128,120,4915,4976,212,149,49,49,43,55,6,10,459,438,382,360,24,29,14,23,16,6,2,5,21,15,401,374,32,37,25,27,18,9,4,6
Kentucky,Carter County,26098,12871,13227,12511,12919,125,83,43,38,38,49,4,4,150,134,12657,13049,190,135,110,103,60,69,7,9,12684,13077,12358,12801,119,74,39,34,29,46,1,3,138,119,12493,12916,178,119,100,92,50,63,4,8,187,150,153,118,6,9,4,4,9,3,3,1,12,15,164,133,12,16,10,11,10,6,3,1
Kentucky,Casey County,15948,7882,8066,7569,7744,108,117,43,39,26,35,4,4,132,127,7697,7863,186,190,77,82,47,52,7,8,7590,7766,7321,7494,93,97,23,24,24,28,2,2,127,121,7444,7607,169,166,55,64,44,45,5,6,292,300,248,250,15,20,20,15,2,7,2,2,5,6,253,256,17,24,22,18,3,7,2,2
Kentucky,Christian County,71006,36561,34445,26401,23989,7601,7893,303,240,622,653,201,227,1433,1443,27720,25295,8509,8837,608,546,1005,1017,279,322,32829,31548,23466,21759,7259,7635,162,131,568,602,147,185,1227,1236,24605,22886,8063,8456,381,369,899,911,207,258,3732,2897,2935,2230,342,258,141,109,54,51,54,42,206,207,3115,2409,446,381,227,177,106,106,72,64
Kentucky,Clark County,37673,18524,19149,17004,17508,905,926,74,78,131,206,15,14,395,417,17380,17900,1144,1193,177,172,198,282,26,33,17660,18389,16283,16886,850,887,46,45,119,190,7,10,355,371,16623,17235,1076,1132,124,122,181,254,16,25,864,760,721,622,55,39,28,33,12,16,8,4,40,46,757,665,68,61,53,50,17,28,10,8
Kentucky,Clay County,19592,10272,9320,9431,9054,670,121,33,18,23,19,4,4,111,104,9532,9153,717,165,82,66,46,37,8,6,9898,9220,9115,8974,635,116,31,10,21,17,3,2,93,101,9201,9070,673,157,70,57,43,35,6,4,374,100,316,80,35,5,2,8,2,2,1,2,18,3,331,83,44,8,12,9,3,2,2,2
Kentucky,Clinton County,9183,4549,4634,4309,4473,62,26,20,18,38,22,23,18,97,77,4401,4543,98,68,69,47,55,35,25,22,4358,4444,4175,4319,54,25,12,13,31,18,6,3,80,66,4252,4378,87,61,48,35,46,31,6,6,191,190,134,154,8,1,8,5,7,4,17,15,17,11,149,165,11,7,21,12,9,4,19,16
Kentucky,Crittenden County,8982,4593,4389,4380,4211,107,26,13,32,14,36,4,3,75,81,4453,4287,138,72,45,60,28,49,6,5,4507,4307,4301,4152,102,24,13,23,14,36,4,3,73,69,4372,4217,131,64,45,47,28,47,6,3,86,82,79,59,5,2,0,9,0,0,0,0,2,12,81,70,7,8,0,13,0,2,0,2
Kentucky,Cumberland County,6047,2983,3064,2789,2892,104,101,5,12,9,6,0,0,76,53,2862,2944,145,132,26,27,25,14,2,0,2912,2986,2731,2828,100,94,2,6,9,6,0,0,70,52,2798,2879,139,124,20,21,25,14,1,0,71,78,58,64,4,7,3,6,0,0,0,0,6,1,64,65,6,8,6,6,0,0,1,0
Kentucky,Daviess County,104457,51384,53073,45270,47692,2921,2567,104,131,1521,1305,80,77,1488,1301,46717,48951,4046,3578,313,301,1717,1468,102,105,48842,50730,43100,45661,2797,2468,63,62,1494,1279,45,48,1343,1212,44404,46838,3840,3415,220,210,1669,1429,65,71,2542,2343,2170,2031,124,99,41,69,27,26,35,29,145,89,2313,2113,206,163,93,91,48,39,37,34
Kentucky,Edmonson County,12635,6357,6278,6053,6054,153,62,26,38,23,39,0,2,102,83,6145,6133,204,100,67,67,42,56,2,5,6212,6166,5925,5962,145,50,25,37,23,39,0,0,94,78,6010,6036,193,87,60,65,42,53,1,3,145,112,128,92,8,12,1,1,0,0,0,2,8,5,135,97,11,13,7,2,0,3,1,2
Kentucky,Elliott County,7263,4239,3024,3821,2953,324,9,26,5,11,5,11,3,46,49,3864,2997,338,34,50,24,20,15,13,5,4162,2974,3767,2918,318,6,17,2,9,4,10,3,41,41,3805,2955,332,26,36,18,18,12,12,5,77,50,54,35,6,3,9,3,2,1,1,0,5,8,59,42,6,8,14,6,2,3,1,0
Kentucky,Estill County,14002,6902,7100,6730,6928,50,43,22,32,10,11,2,1,88,85,6813,7010,91,79,57,63,27,28,4,7,6781,6946,6625,6799,46,34,19,24,8,11,2,1,81,77,6701,6873,82,67,52,52,25,27,4,6,121,154,105,129,4,9,3,8,2,0,0,0,7,8,112,137,9,12,5,11,2,1,0,1
Kentucky,Fayette County,329437,162472,166965,120956,123777,26897,28264,680,627,8510,8570,141,157,5288,5570,125945,129004,30215,31796,1680,1780,10035,10149,327,364,144356,151791,104983,110890,25779,26971,231,227,8397,8450,62,82,4904,5171,109619,115764,28880,30267,1086,1219,9837,9918,220,256,18116,15174,15973,12887,1118,1293,449,400,113,120,79,75,384,399,16326,13240,1335,1529,594,561,198,231,107,108
Kentucky,Fleming County,15591,7620,7971,7342,7668,137,145,14,13,22,29,0,1,105,115,7443,7774,191,216,51,42,36,47,6,7,7448,7829,7205,7556,120,129,9,13,19,25,0,1,95,105,7296,7654,172,195,40,39,32,42,5,4,172,142,137,112,17,16,5,0,3,4,0,0,10,10,147,120,19,21,11,3,4,5,1,3
Kentucky,Floyd County,34532,16809,17723,16416,17334,165,113,27,32,52,83,7,1,142,160,16550,17483,228,190,83,110,78,102,15,6,16630,17570,16270,17198,154,109,24,26,49,81,3,1,130,155,16393,17342,209,183,76,101,74,100,11,6,179,153,146,136,11,4,3,6,3,2,4,0,12,5,157,141,19,7,7,9,4,2,4,0
Kentucky,Franklin County,52442,25525,26917,21595,22766,2525,2611,119,116,522,567,9,9,755,848,22317,23568,3037,3199,308,338,601,663,33,37,24070,25698,20396,21781,2439,2532,67,78,504,549,9,7,655,751,21022,22499,2898,3069,214,249,572,625,28,27,1455,1219,1199,985,86,79,52,38,18,18,0,2,100,97,1295,1069,139,130,94,89,29,38,5,10
Kentucky,Fulton County,6282,3222,3060,2292,2145,774,767,8,17,32,25,4,5,112,101,2400,2241,851,836,36,47,45,34,4,5,3119,2980,2218,2083,760,761,6,16,32,25,3,1,100,94,2315,2172,829,827,30,40,43,34,3,1,103,80,74,62,14,6,2,1,0,0,1,4,12,7,85,69,22,9,6,7,2,0,1,4
Kentucky,Gallatin County,8805,4405,4400,4141,4152,98,83,17,23,29,21,12,5,108,116,4246,4265,158,152,57,57,40,38,13,8,4123,4190,3903,3973,85,78,8,19,21,15,11,3,95,102,3996,4073,141,141,41,45,30,29,11,5,282,210,238,179,13,5,9,4,8,6,1,2,13,14,250,192,17,11,16,12,10,9,2,3
Kentucky,Garrard County,18040,8939,9101,8442,8634,244,190,40,39,32,42,6,6,175,190,8611,8814,341,311,91,100,60,65,12,9,8590,8811,8144,8395,230,170,28,27,30,40,2,1,156,178,8295,8564,318,282,73,84,54,61,7,4,349,290,298,239,14,20,12,12,2,2,4,5,19,12,316,250,23,29,18,16,6,4,5,5
Kentucky,Grant County,25722,13000,12722,12461,12306,206,123,47,38,68,68,31,22,187,165,12645,12463,295,218,114,93,96,89,40,26,12513,12328,12034,11959,186,108,35,24,61,61,27,17,170,159,12201,12110,267,200,95,77,87,81,35,21,487,394,427,347,20,15,12,14,7,7,4,5,17,6,444,353,28,18,19,16,9,8,5,5
Kentucky,Graves County,36821,18223,18598,16575,17016,788,753,108,101,115,131,25,31,612,566,17166,17560,1191,1159,263,229,189,182,43,46,16493,17065,15059,15675,736,694,42,49,88,114,9,12,559,521,15600,16176,1106,1074,182,160,154,162,24,25,1730,1533,1516,1341,52,59,66,52,27,17,16,19,53,45,1566,1384,85,85,81,69,35,20,19,21
Kentucky,Grayson County,27070,13785,13285,13214,12864,290,90,42,37,52,51,5,3,182,240,13388,13095,363,200,128,141,85,86,10,13,13536,13050,13010,12676,276,85,37,23,45,47,3,3,165,216,13169,12884,343,189,112,115,74,77,8,11,249,235,204,188,14,5,5,14,7,4,2,0,17,24,219,211,20,11,16,26,11,9,2,2
Kentucky,Green County,11552,5748,5804,5463,5520,117,103,30,25,14,26,0,3,124,127,5586,5642,175,169,81,71,32,43,2,8,5618,5684,5359,5431,111,100,24,20,13,25,0,1,111,107,5469,5534,166,159,67,56,28,38,2,5,130,120,104,89,6,3,6,5,1,1,0,2,13,20,117,108,9,10,14,15,4,5,0,3
Kentucky,Greenup County,35273,17311,17962,16694,17365,199,143,67,71,91,141,5,2,255,240,16938,17595,308,252,180,185,128,168,15,7,17002,17774,16437,17212,181,138,54,62,86,136,0,1,244,225,16671,17428,289,239,162,170,119,161,8,6,309,188,257,153,18,5,13,9,5,5,5,1,11,15,267,167,19,13,18,15,9,7,7,1
Kentucky,Hancock County,9013,4573,4440,4389,4307,80,45,19,18,17,17,0,0,68,53,4454,4360,124,76,34,33,28,23,2,2,4471,4367,4307,4243,70,40,12,14,15,17,0,0,67,53,4371,4296,114,71,27,29,25,23,2,2,102,73,82,64,10,5,7,4,2,0,0,0,1,0,83,64,10,5,7,4,3,0,0,0
Kentucky,Hardin County,112826,56265,56561,44914,45078,7111,6833,396,244,1081,1691,249,211,2514,2504,47252,47406,8545,8269,920,825,1927,2502,411,368,51976,53019,41626,42267,6662,6458,214,186,1023,1637,204,185,2247,2286,43728,44405,7968,7783,626,671,1779,2381,339,324,4289,3542,3288,2811,449,375,182,58,58,54,45,26,267,218,3524,3001,577,486,294,154,148,121,72,44
Kentucky,Harlan County,25052,12073,12979,11547,12468,264,234,36,31,68,56,9,16,149,174,11687,12637,346,329,90,98,92,70,12,20,11922,12817,11427,12336,256,226,30,27,65,51,5,12,139,165,11558,12496,335,315,79,92,86,64,8,16,151,162,120,132,8,8,6,4,3,5,4,4,10,9,129,141,11,14,11,6,6,6,4,4
Kentucky,Harrison County,19525,9621,9904,9089,9479,275,172,34,30,31,38,8,6,184,179,9266,9652,389,291,90,81,51,53,13,10,9334,9677,8873,9288,226,157,30,28,28,34,8,5,169,165,9036,9447,331,270,78,74,47,46,13,8,287,227,216,191,49,15,4,2,3,4,0,1,15,14,230,205,58,21,12,7,4,7,0,2
Kentucky,Hart County,19923,9937,9986,9249,9357,437,344,30,31,49,54,9,4,163,196,9401,9547,531,466,82,95,74,69,12,8,9682,9783,9023,9183,434,335,24,27,46,52,1,3,154,183,9167,9362,526,449,71,86,68,65,4,7,255,203,226,174,3,9,6,4,3,2,8,1,9,13,234,185,5,17,11,9,6,4,8,1
Kentucky,Henderson County,44175,21720,22455,18897,19732,1949,1915,109,80,119,146,40,31,606,551,19472,20266,2407,2327,215,180,185,204,59,44,20848,21715,18209,19132,1880,1870,59,38,91,127,37,25,572,523,18752,19641,2316,2266,152,127,153,182,56,37,872,740,688,600,69,45,50,42,28,19,3,6,34,28,720,625,91,61,63,53,32,22,3,7
Kentucky,Henry County,16198,8097,8101,7530,7636,268,195,37,37,29,45,8,8,225,180,7744,7812,413,306,98,100,61,57,12,12,7655,7791,7136,7345,251,186,26,31,24,45,7,8,211,176,7338,7518,390,295,80,92,52,57,11,11,442,310,394,291,17,9,11,6,5,0,1,0,14,4,406,294,23,11,18,8,9,0,1,1
Kentucky,Hickman County,4393,2065,2328,1815,2049,167,206,5,6,16,14,1,0,61,53,1871,2102,204,237,21,24,26,19,4,0,1994,2271,1752,2003,165,203,5,5,14,12,1,0,57,48,1805,2051,201,232,18,21,23,16,4,0,71,57,63,46,2,3,0,1,2,2,0,0,4,5,66,51,3,5,3,3,3,3,0,0
Kentucky,Hopkins County,45218,22150,23068,19614,20475,1597,1499,170,120,126,265,22,18,621,691,20221,21153,2037,1999,295,264,202,338,35,28,21326,22417,19003,20000,1537,1432,50,47,122,261,18,13,596,664,19585,20653,1966,1917,163,181,192,330,31,22,824,651,611,475,60,67,120,73,4,4,4,5,25,27,636,500,71,82,132,83,10,8,4,6
Kentucky,Jackson County,13358,6718,6640,6559,6514,68,28,21,11,3,22,0,7,67,58,6622,6571,87,53,61,39,15,30,0,8,6615,6554,6475,6443,61,19,14,10,3,22,0,6,62,54,6533,6496,78,43,52,35,14,30,0,7,103,86,84,71,7,9,7,1,0,0,0,1,5,4,89,75,9,10,9,4,1,0,0,1
Kentucky,Jefferson County,793881,386312,407569,270373,280374,87416,97965,978,889,15618,15586,335,385,11592,12370,281123,291825,95195,106249,3309,3607,18632,18710,785,869,345256,368220,234263,245594,84350,95256,383,367,15478,15479,167,170,10615,11354,244133,256126,91517,102894,2344,2681,18239,18363,551,581,41056,39349,36110,34780,3066,2709,595,522,140,107,168,215,977,1016,36990,35699,3678,3355,965,926,393,347,234,288
Kentucky,Jessamine County,56495,27618,28877,24897,26023,1455,1431,102,85,400,595,17,33,747,710,25609,26709,1861,1851,326,260,565,745,45,59,25730,27478,23228,24756,1414,1382,71,74,391,590,15,23,611,653,23813,25390,1769,1774,218,219,526,729,37,42,1888,1399,1669,1267,41,49,31,11,9,5,2,10,136,57,1796,1319,92,77,108,41,39,16,8,17
Kentucky,Johnson County,22098,10926,11172,10647,10851,74,54,26,21,68,112,0,7,111,127,10754,10977,116,97,84,95,84,125,4,9,10793,11067,10532,10771,70,49,19,18,68,112,0,7,104,110,10632,10880,110,86,72,82,83,123,4,9,133,105,115,80,4,5,7,3,0,0,0,0,7,17,122,97,6,11,12,13,1,2,0,0
Kentucky,Kenton County,174862,86822,88040,77694,79366,5012,4451,385,315,1345,1519,194,164,2192,2225,79810,81518,6480,5914,809,793,1797,1958,282,243,81994,83349,73674,75450,4817,4210,65,98,1285,1468,130,118,2023,2005,75636,77399,6184,5541,428,480,1695,1862,202,185,4828,4691,4020,3916,195,241,320,217,60,51,64,46,169,220,4174,4119,296,373,381,313,102,96,80,58
Kentucky,Knott County,13438,6697,6741,6504,6577,94,49,15,29,14,15,4,1,66,70,6567,6646,122,77,44,69,26,22,7,1,6617,6660,6444,6525,88,45,9,12,14,15,1,1,61,62,6502,6586,113,70,36,46,25,20,4,1,80,81,60,52,6,4,6,17,0,0,3,0,5,8,65,60,9,7,8,23,1,2,3,0
Kentucky,Knox County,29657,14680,14977,14116,14430,229,175,43,53,88,74,6,6,198,239,14307,14664,319,280,144,158,118,108,9,18,14425,14797,13902,14289,220,172,37,43,80,72,5,6,181,215,14077,14501,301,270,126,135,108,98,8,14,255,180,214,141,9,3,6,10,8,2,1,0,17,24,230,163,18,10,18,23,10,10,1,4
Kentucky,Larue County,15128,7556,7572,7045,7163,270,173,41,33,27,35,11,8,162,160,7200,7317,368,263,100,88,47,54,17,12,7279,7317,6809,6937,256,164,36,23,23,35,7,8,148,150,6950,7082,346,252,86,70,42,53,13,12,277,255,236,226,14,9,5,10,4,0,4,0,14,10,250,235,22,11,14,18,5,1,4,0
Kentucky,Laurel County,63353,31314,32039,30144,30950,389,249,122,126,234,246,10,6,415,462,30541,31399,576,451,327,342,291,306,20,23,30713,31516,29653,30518,354,231,92,100,229,233,7,5,378,429,30014,30937,526,426,274,294,283,285,15,21,601,523,491,432,35,18,30,26,5,13,3,1,37,33,527,462,50,25,53,48,8,21,5,2
Kentucky,Lawrence County,15798,7860,7938,7630,7711,55,42,11,17,31,20,2,6,131,142,7754,7846,103,101,82,90,54,44,10,12,7759,7853,7554,7664,53,40,5,15,31,20,1,4,115,110,7663,7768,93,88,70,70,50,35,8,7,101,85,76,47,2,2,6,2,0,0,1,2,16,32,91,78,10,13,12,20,4,9,2,5
Kentucky,Lee County,7313,4188,3125,3894,3033,222,29,21,14,10,14,0,0,41,35,3934,3066,233,41,43,37,18,17,3,0,4118,3090,3832,3004,222,29,19,13,9,12,0,0,36,32,3867,3034,232,40,38,34,16,14,3,0,70,35,62,29,0,0,2,1,1,2,0,0,5,3,67,32,1,1,5,3,2,3,0,0
Kentucky,Leslie County,9729,4894,4835,4766,4716,39,23,9,10,13,20,2,4,65,62,4828,4776,70,54,32,38,26,25,5,5,4842,4792,4720,4678,39,22,6,9,13,18,2,4,62,61,4779,4737,70,53,27,37,25,23,5,4,52,43,46,38,0,1,3,1,0,2,0,0,3,1,49,39,0,1,5,1,1,2,0,1
Kentucky,Letcher County,20139,9943,10196,9710,9954,87,77,29,20,31,37,0,0,86,108,9793,10059,121,126,72,64,44,53,2,5,9851,10123,9631,9886,83,77,21,16,31,37,0,0,85,107,9713,9990,116,125,64,60,44,53,2,5,92,73,79,68,4,0,8,4,0,0,0,0,1,1,80,69,5,1,8,4,0,0,0,0
Kentucky,Lewis County,12875,6468,6407,6308,6250,49,39,23,29,5,7,0,0,83,82,6388,6330,103,76,46,69,15,13,1,2,6416,6331,6260,6190,47,36,21,26,5,7,0,0,83,72,6340,6261,101,71,44,58,15,12,1,2,52,76,48,60,2,3,2,3,0,0,0,0,0,10,48,69,2,5,2,11,0,1,0,0
Kentucky,Lincoln County,24910,12364,12546,11739,11925,313,297,46,36,37,50,1,5,228,233,11959,12150,445,407,128,135,63,79,8,14,12044,12273,11468,11693,296,282,36,32,32,48,1,5,211,213,11674,11898,421,385,109,122,55,73,6,13,320,273,271,232,17,15,10,4,5,2,0,0,17,20,285,252,24,22,19,13,8,6,2,1
Kentucky,Livingston County,8815,4327,4488,4135,4298,51,44,24,27,18,18,4,6,95,95,4225,4389,94,88,68,64,37,35,5,11,4214,4362,4052,4197,45,40,17,22,14,16,3,6,83,81,4132,4274,82,79,57,52,29,31,4,10,113,126,83,101,6,4,7,5,4,2,1,0,12,14,93,115,12,9,11,12,8,4,1,1
Kentucky,Logan County,28467,14135,14332,12769,12981,864,867,76,79,65,71,10,5,351,329,13106,13294,1098,1092,184,163,100,103,19,21,13522,13829,12289,12578,818,840,39,33,56,67,9,4,311,307,12587,12871,1034,1052,124,106,87,98,17,18,613,503,480,403,46,27,37,46,9,4,1,1,40,22,519,423,64,40,60,57,13,5,2,3
Kentucky,Lyon County,9078,5296,3782,4594,3589,592,92,17,20,15,32,0,0,78,49,4668,3637,621,107,54,49,32,36,4,2,5143,3711,4453,3525,590,90,14,17,15,32,0,0,71,47,4520,3571,616,104,48,46,30,36,4,1,153,71,141,64,2,2,3,3,0,0,0,0,7,2,148,66,5,3,6,3,2,0,0,1
Kentucky,McCracken County,67550,32812,34738,27724,29232,3608,4044,151,144,365,371,33,40,931,907,28624,30097,4197,4612,398,382,520,512,60,81,31531,33512,26692,28217,3509,3954,85,111,353,356,25,36,867,838,27532,29024,4066,4482,305,322,493,484,45,69,1281,1226,1032,1015,99,90,66,33,12,15,8,4,64,69,1092,1073,131,130,93,60,27,28,15,12
Kentucky,McCreary County,16824,9214,7610,7946,7392,944,48,85,40,80,14,8,3,151,113,8081,7500,1009,96,167,100,108,28,19,10,8878,7530,7696,7322,898,46,73,38,76,13,3,2,132,109,7812,7426,950,93,149,95,99,27,13,9,336,80,250,70,46,2,12,2,4,1,5,1,19,4,269,74,59,3,18,5,9,1,6,1
Kentucky,McLean County,9126,4607,4519,4424,4361,70,46,21,20,18,17,1,2,73,73,4496,4429,107,76,45,56,33,26,2,6,4466,4424,4311,4275,64,44,10,15,17,17,1,1,63,72,4373,4342,97,74,30,50,30,26,1,5,141,95,113,86,6,2,11,5,1,0,0,1,10,1,123,87,10,2,15,6,3,0,1,1
Kentucky,Madison County,99582,48669,50913,44273,46395,2343,2292,180,183,528,677,31,28,1314,1338,45531,47678,3076,3038,559,587,825,962,89,85,46582,49177,42468,44931,2244,2211,119,124,514,662,26,23,1211,1226,43632,46114,2931,2896,445,468,785,928,72,72,2087,1736,1805,1464,99,81,61,59,14,15,5,5,103,112,1899,1564,145,142,114,119,40,34,17,13
Kentucky,Magoffin County,11118,5564,5554,5451,5438,29,18,18,29,13,13,0,0,53,56,5503,5493,49,37,47,58,21,23,0,0,5520,5522,5416,5416,27,18,15,24,12,13,0,0,50,51,5465,5466,45,33,41,52,20,22,0,0,44,32,35,22,2,0,3,5,1,0,0,0,3,5,38,27,4,4,6,6,1,1,0,0
Kentucky,Marion County,19851,9872,9979,8792,8959,735,614,32,38,86,132,8,5,219,231,9004,9184,899,772,74,91,106,160,13,13,9486,9590,8457,8643,720,600,17,10,82,127,4,4,206,206,8658,8845,873,745,55,52,100,147,9,10,386,389,335,316,15,14,15,28,4,5,4,1,13,25,346,339,26,27,19,39,6,13,4,3
Kentucky,Marshall County,31734,15777,15957,15320,15545,133,77,47,54,58,83,3,6,216,192,15527,15727,220,144,145,150,102,125,14,16,15428,15621,15020,15254,125,71,31,40,55,76,1,3,196,177,15209,15422,204,132,115,128,95,115,10,12,349,336,300,291,8,6,16,14,3,7,2,3,20,15,318,305,16,12,30,22,7,10,4,4
Kentucky,Martin County,10696,5966,4730,5039,4621,804,16,31,18,20,11,1,1,71,63,5108,4683,841,50,59,42,30,20,5,4,5682,4680,4780,4579,785,16,30,14,20,11,0,0,67,60,4845,4638,819,49,57,35,29,20,4,3,284,50,259,42,19,0,1,4,0,0,1,1,4,3,263,45,22,1,2,7,1,0,1,1
Kentucky,Mason County,16956,8261,8695,7286,7796,542,487,41,49,135,112,2,5,255,246,7532,8037,726,663,95,106,161,134,11,10,8001,8506,7085,7652,524,479,24,34,130,108,2,5,236,228,7313,7875,697,646,70,82,154,127,10,10,260,189,201,144,18,8,17,15,5,4,0,0,19,18,219,162,29,17,25,24,7,7,1,0
Kentucky,Meade County,30442,15455,14987,14085,13802,731,529,93,95,89,145,33,36,424,380,14473,14163,927,705,244,228,198,242,62,58,14718,14294,13514,13239,648,478,73,73,85,139,31,33,367,332,13856,13560,818,634,199,177,176,226,53,52,737,693,571,563,83,51,20,22,4,6,2,3,57,48,617,603,109,71,45,51,22,16,9,6
Kentucky,Menifee County,6341,3201,3140,3082,3042,50,23,12,6,7,11,3,4,47,54,3128,3095,73,46,32,37,11,14,4,7,3149,3094,3048,3005,42,23,12,5,7,10,2,4,38,47,3086,3052,59,45,29,31,10,12,3,6,52,46,34,37,8,0,0,1,0,1,1,0,9,7,42,43,14,1,3,6,1,2,1,1
Kentucky,Mercer County,23515,11611,11904,10745,11139,472,404,47,41,67,99,16,7,264,214,10999,11348,645,513,118,132,93,124,28,15,11083,11529,10308,10820,434,381,20,29,60,95,14,5,247,199,10547,11014,601,485,85,112,81,117,22,11,528,375,437,319,38,23,27,12,7,4,2,2,17,15,452,334,44,28,33,20,12,7,6,4
Kentucky,Metcalfe County,10558,5310,5248,5019,5002,110,82,15,24,88,71,0,1,78,68,5091,5070,148,116,48,56,102,76,2,3,5087,5060,4893,4888,99,80,10,15,12,17,0,0,73,60,4961,4948,134,109,39,43,26,22,2,1,223,188,126,114,11,2,5,9,76,54,0,1,5,8,130,122,14,7,9,13,76,54,0,2
Kentucky,Monroe County,11163,5645,5518,5384,5264,137,128,19,12,11,24,6,3,88,87,5467,5350,188,170,42,50,31,35,10,5,5302,5288,5085,5060,115,118,9,7,11,23,0,0,82,80,5163,5139,163,157,30,41,27,32,3,2,343,230,299,204,22,10,10,5,0,1,6,3,6,7,304,211,25,13,12,9,4,3,7,3
Kentucky,Montgomery County,28771,14105,14666,13307,13986,403,343,55,44,81,74,11,5,248,214,13546,14193,553,474,134,105,108,106,20,13,13517,14190,12837,13577,357,317,31,33,73,66,2,3,217,194,13046,13765,494,437,95,86,97,95,6,9,588,476,470,409,46,26,24,11,8,8,9,2,31,20,500,428,59,37,39,19,11,11,14,4
Kentucky,Morgan County,14300,8228,6072,7301,5900,661,33,25,22,93,52,2,7,146,58,7440,5957,738,52,90,53,107,61,3,10,7821,5849,6941,5703,641,24,21,18,85,52,0,1,133,51,7067,5753,714,43,77,45,99,59,1,2,407,223,360,197,20,9,4,4,8,0,2,6,13,7,373,204,24,9,13,8,8,2,2,8
Kentucky,Muhlenberg County,30512,15548,14964,14454,14195,739,423,47,43,44,66,3,4,261,233,14708,14423,905,562,124,119,71,94,8,9,15184,14641,14154,13915,707,399,35,38,42,66,1,4,245,219,14394,14130,864,532,108,109,66,91,4,6,364,323,300,280,32,24,12,5,2,0,2,0,16,14,314,293,41,30,16,10,5,3,4,3
Kentucky,Nelson County,48706,24086,24620,21949,22562,1304,1341,80,51,204,138,14,15,535,513,22468,23057,1663,1669,202,181,274,211,29,35,23245,23812,21217,21846,1273,1301,44,35,202,134,9,8,500,488,21703,22319,1613,1618,151,151,267,204,22,25,841,808,732,716,31,40,36,16,2,4,5,7,35,25,765,738,50,51,51,30,7,7,7,10
Kentucky,Nicholas County,7816,3944,3872,3841,3780,43,31,8,5,14,14,0,1,38,41,3877,3820,63,50,21,21,20,22,3,2,3828,3780,3733,3695,42,27,6,4,10,14,0,1,37,39,3769,3733,61,45,19,18,16,22,2,2,116,92,108,85,1,4,2,1,4,0,0,0,1,2,108,87,2,5,2,3,4,0,1,0
Kentucky,Ohio County,23933,11893,12040,11396,11464,246,308,52,55,48,50,12,17,139,146,11531,11608,321,378,106,113,62,72,15,20,11209,11320,10892,10997,142,110,22,27,27,41,6,8,120,137,11011,11132,206,175,69,81,37,63,8,11,684,720,504,467,104,198,30,28,21,9,6,9,19,9,520,476,115,203,37,32,25,9,7,9
Kentucky,Oldham County,70525,36692,33833,32889,31268,2061,949,205,117,685,796,34,32,818,671,33647,31892,2445,1260,452,313,935,1017,91,74,34681,32025,31289,29732,1913,864,109,70,634,759,22,16,714,584,31957,30283,2250,1131,310,227,851,960,67,45,2011,1808,1600,1536,148,85,96,47,51,37,12,16,104,87,1690,1609,195,129,142,86,84,57,24,29
Kentucky,Owen County,11435,5692,5743,5498,5584,88,65,23,16,12,18,1,0,70,60,5564,5643,125,85,45,50,24,28,5,0,5515,5589,5338,5444,86,64,16,11,10,17,1,0,64,53,5398,5496,120,80,35,42,21,27,5,0,177,154,160,140,2,1,7,5,2,1,0,0,6,7,166,147,5,5,10,8,3,1,0,0
Kentucky,Owsley County,3928,1929,1999,1877,1938,24,18,5,10,0,4,1,1,22,28,1899,1966,35,29,14,24,2,8,2,1,1886,1965,1835,1908,24,18,5,10,0,3,1,0,21,26,1856,1934,34,27,14,24,2,7,2,0,43,34,42,30,0,0,0,0,0,1,0,1,1,2,43,32,1,2,0,0,0,1,0,1
Kentucky,Pendleton County,14844,7606,7238,7320,7008,103,74,26,37,12,25,11,3,134,91,7450,7096,177,111,62,71,38,50,17,5,7457,7133,7195,6928,94,65,15,28,12,23,9,3,132,86,7323,7011,167,100,50,60,38,48,15,4,149,105,125,80,9,9,11,9,0,2,2,0,2,5,127,85,10,11,12,11,0,2,2,1
Kentucky,Perry County,26739,13236,13503,12643,12986,256,194,34,31,107,125,7,4,189,163,12828,13144,369,284,95,92,125,147,14,6,13093,13367,12529,12874,249,189,29,24,104,123,7,3,175,154,12700,13025,354,273,86,79,122,144,11,5,143,136,114,112,7,5,5,7,3,2,0,1,14,9,128,119,15,11,9,13,3,3,3,1
Kentucky,Pike County,55430,27397,28033,26609,27334,290,182,60,41,181,178,16,11,241,287,26839,27612,402,318,171,164,214,223,23,16,27058,27655,26316,26999,278,177,53,32,178,169,10,7,223,271,26530,27262,382,307,155,146,209,212,16,12,339,378,293,335,12,5,7,9,3,9,6,4,18,16,309,350,20,11,16,18,5,11,7,4
Kentucky,Powell County,12928,6457,6471,6213,6263,109,68,27,13,11,31,2,3,95,93,6303,6356,157,106,66,58,28,45,4,5,6313,6389,6094,6187,101,66,14,11,11,31,2,3,91,91,6181,6278,146,102,51,56,28,45,4,5,144,82,119,76,8,2,13,2,0,0,0,0,4,2,122,78,11,4,15,2,0,0,0,0
Kentucky,Pulaski County,66842,32869,33973,31413,32534,522,390,136,126,262,387,16,22,520,514,31912,33030,764,618,346,344,351,480,33,37,31668,32936,30373,31649,469,329,98,104,244,381,13,13,471,460,30828,32097,690,533,282,296,324,461,27,23,1201,1037,1040,885,53,61,38,22,18,6,3,9,49,54,1084,933,74,85,64,48,27,19,6,14
Kentucky,Robertson County,2382,1182,1200,1129,1145,23,20,5,3,1,2,0,0,24,30,1151,1175,36,32,15,18,5,5,1,1,1159,1157,1110,1106,23,20,1,1,1,2,0,0,24,28,1132,1134,36,30,11,16,5,5,1,1,23,43,19,39,0,0,4,2,0,0,0,0,0,2,19,41,0,2,4,2,0,0,0,0
Kentucky,Rockcastle County,16226,7991,8235,7766,8024,63,39,35,37,11,17,2,5,114,113,7877,8135,108,77,90,104,26,33,8,7,7878,8102,7671,7912,53,33,35,32,10,17,1,3,108,105,7776,8016,96,67,87,95,24,32,7,4,113,133,95,112,10,6,0,5,1,0,1,2,6,8,101,119,12,10,3,9,2,1,1,3
Kentucky,Rowan County,24675,12020,12655,11463,12048,237,290,39,36,72,112,4,5,205,164,11657,12203,367,387,102,90,97,136,15,12,11682,12334,11178,11777,214,267,27,24,71,110,4,5,188,151,11356,11919,332,359,83,71,94,133,13,12,338,321,285,271,23,23,12,12,1,2,0,0,17,13,301,284,35,28,19,19,3,3,2,0
Kentucky,Russell County,18458,9158,9300,8792,8970,135,75,62,44,39,69,7,5,123,137,8910,9101,201,153,112,95,51,87,11,8,8666,8834,8380,8556,118,66,26,22,29,64,0,0,113,126,8488,8677,177,138,73,67,41,81,4,3,492,466,412,414,17,9,36,22,10,5,7,5,10,11,422,424,24,15,39,28,10,6,7,5
Kentucky,Scott County,61700,30687,31013,27224,27719,1982,1882,140,139,438,457,18,19,885,797,28062,28482,2541,2387,334,308,626,623,54,48,28518,29211,25386,26194,1889,1794,78,77,412,436,16,10,737,700,26085,26868,2354,2247,224,209,568,584,44,30,2169,1802,1838,1525,93,88,62,62,26,21,2,9,148,97,1977,1614,187,140,110,99,58,39,10,18
Kentucky,Shelby County,50124,24543,25581,21655,22587,1784,1869,156,137,260,233,54,57,634,698,22260,23255,2177,2303,304,307,385,366,82,89,21398,22989,18931,20339,1584,1746,70,71,238,208,16,20,559,605,19467,20919,1936,2131,187,201,350,319,37,47,3145,2592,2724,2248,200,123,86,66,22,25,38,37,75,93,2793,2336,241,172,117,106,35,47,45,42
Kentucky,Simpson County,20350,10206,10144,8817,8864,1000,852,41,48,77,121,17,6,254,253,9057,9108,1178,1031,101,107,100,146,29,10,9760,9765,8448,8563,963,817,31,34,68,105,15,6,235,240,8673,8794,1129,988,86,89,87,129,24,10,446,379,369,301,37,35,10,14,9,16,2,0,19,13,384,314,49,43,15,18,13,17,5,0
Kentucky,Spencer County,20823,10548,10275,10023,9812,256,169,38,37,50,83,9,8,172,166,10186,9969,358,266,101,85,71,110,12,14,10227,9980,9768,9549,233,154,16,33,49,82,9,8,152,154,9912,9696,324,246,71,77,68,105,12,13,321,295,255,263,23,15,22,4,1,1,0,0,20,12,274,273,34,20,30,8,3,5,0,1
Kentucky,Taylor County,26809,13286,13523,11893,12414,862,604,22,42,153,129,13,7,343,327,12226,12730,1124,844,87,106,183,163,19,14,12753,13130,11410,12090,836,579,17,30,152,128,13,7,325,296,11725,12376,1085,802,79,85,180,157,18,12,533,393,483,324,26,25,5,12,1,1,0,0,18,31,501,354,39,42,8,21,3,6,1,2
Kentucky,Todd County,12757,6434,6323,5723,5645,519,461,28,17,19,30,12,5,133,165,5845,5803,603,557,66,66,37,53,18,13,6023,5979,5367,5381,486,423,25,15,13,18,9,1,123,141,5479,5517,565,507,59,53,31,38,14,6,411,344,356,264,33,38,3,2,6,12,3,4,10,24,366,286,38,50,7,13,6,15,4,7
Kentucky,Trigg County,14559,7237,7322,6444,6524,513,512,30,45,25,38,5,11,220,192,6651,6708,648,621,104,98,54,78,12,21,7007,7105,6268,6352,506,506,20,25,24,37,2,7,187,178,6444,6524,625,609,78,73,46,73,9,14,230,217,176,172,7,6,10,20,1,1,3,4,33,14,207,184,23,12,26,25,8,5,3,7
Kentucky,Trimble County,8591,4274,4317,4070,4138,49,41,42,32,19,26,6,7,88,73,4158,4210,96,80,70,49,29,40,11,13,4093,4199,3936,4047,36,29,15,19,19,26,5,7,82,71,4018,4117,79,67,40,35,29,40,10,13,181,118,134,91,13,12,27,13,0,0,1,0,6,2,140,93,17,13,30,14,0,0,1,0
Kentucky,Union County,13178,6657,6521,5801,5875,623,458,18,22,49,27,9,2,157,137,5955,6009,739,553,48,53,62,38,12,5,6496,6415,5680,5789,609,452,9,17,46,24,9,2,143,131,5820,5917,715,544,34,45,59,35,12,5,161,106,121,86,14,6,9,5,3,3,0,0,14,6,135,92,24,9,14,8,3,3,0,0
Kentucky,Warren County,147936,73478,74458,57468,59129,7877,7772,284,248,5034,4644,817,681,1998,1984,59363,60995,9154,9045,707,676,5461,5086,913,773,67678,69349,52474,54688,7622,7548,107,136,4926,4580,755,600,1794,1797,54183,56387,8786,8710,447,488,5313,4986,833,681,5800,5109,4994,4441,255,224,177,112,108,64,62,81,204,187,5180,4608,368,335,260,188,148,100,80,92
Kentucky,Washington County,12269,6053,6216,5514,5691,329,303,16,15,52,59,3,3,139,145,5651,5835,431,409,48,39,61,78,8,6,5710,5960,5192,5455,317,296,15,11,50,57,3,2,133,139,5323,5593,414,399,45,33,59,75,8,5,343,256,322,236,12,7,1,4,2,2,0,1,6,6,328,242,17,10,3,6,2,3,0,1
Kentucky,Wayne County,19629,9894,9735,9358,9337,277,151,43,64,40,43,13,5,163,135,9520,9460,362,219,106,122,57,64,19,12,9397,9311,8967,9007,226,122,24,22,27,38,3,1,150,121,9116,9120,305,183,83,72,41,56,9,6,497,424,391,330,51,29,19,42,13,5,10,4,13,14,404,340,57,36,23,50,16,8,10,6
Kentucky,Webster County,12854,6431,6423,5804,5871,306,217,41,83,55,45,39,25,186,182,5987,6048,421,323,102,150,71,62,44,30,5911,5858,5443,5496,281,200,19,18,36,22,19,11,113,111,5555,5605,352,266,52,52,44,34,22,15,520,565,361,375,25,17,22,65,19,23,20,14,73,71,432,443,69,57,50,98,27,28,22,15
Kentucky,Whitley County,37233,18389,18844,17669,18195,267,160,54,69,94,125,11,12,294,283,17951,18468,394,282,187,193,141,175,18,25,17952,18398,17296,17826,246,139,45,49,88,121,5,12,272,251,17559,18068,362,249,169,156,128,166,11,22,437,446,373,369,21,21,9,20,6,4,6,0,22,32,392,400,32,33,18,37,13,9,7,3
Kentucky,Wolfe County,6364,3119,3245,3044,3175,19,14,16,16,8,6,0,0,32,34,3075,3209,35,26,28,30,12,14,1,1,3037,3104,2965,3038,19,11,14,15,8,6,0,0,31,34,2995,3072,35,23,26,29,11,14,1,1,82,141,79,137,0,3,2,1,0,0,0,0,1,0,80,137,0,3,2,1,1,0,0,0
Kentucky,Woodford County,27728,13434,14294,12253,12973,693,689,131,209,90,126,23,28,244,269,12492,13230,847,862,192,277,120,162,30,39,12079,13186,11091,12180,646,602,31,21,87,122,3,7,221,254,11308,12422,787,767,84,82,113,157,10,18,1355,1108,1162,793,47,87,100,188,3,4,20,21,23,15,1184,808,60,95,108,195,7,5,20,21
Louisiana,Acadia Parish,56604,27396,29208,21843,23091,4742,5359,153,114,87,124,14,12,557,508,22363,23557,5171,5747,262,218,149,180,26,30,26208,28330,20888,22375,4639,5281,110,93,76,118,7,7,488,456,21345,22794,5027,5638,189,174,130,165,17,21,1188,878,955,716,103,78,43,21,11,6,7,5,69,52,1018,763,144,109,73,44,19,15,9,9
Louisiana,Allen Parish,22501,12772,9729,8730,7360,3262,1666,374,320,91,75,8,13,307,295,8995,7606,3454,1836,488,440,149,128,22,33,11524,9020,7940,6861,3054,1599,211,246,64,75,4,3,251,236,8156,7053,3216,1740,295,334,112,121,14,19,1248,709,790,499,208,67,163,74,27,0,4,10,56,59,839,553,238,96,193,106,37,7,8,14
Louisiana,Ascension Parish,133534,65954,67580,47222,46854,16194,17939,380,357,1025,1056,65,59,1068,1315,48183,48027,16848,18732,664,758,1306,1393,115,121,59721,62043,41838,42301,15800,17575,217,198,946,990,38,26,882,953,42632,43147,16341,18167,426,446,1184,1250,81,70,6233,5537,5384,4553,394,364,163,159,79,66,27,33,186,362,5551,4880,507,565,238,312,122,143,34,51
Louisiana,Assumption Parish,20050,9806,10244,6823,6866,2660,3084,107,100,65,53,11,5,140,136,6955,6984,2748,3179,145,143,87,69,16,10,9305,9837,6431,6544,2613,3046,80,75,53,42,7,4,121,126,6545,6653,2693,3135,107,114,72,57,11,8,501,407,392,322,47,38,27,25,12,11,4,1,19,10,410,331,55,44,38,29,15,12,5,2
Louisiana,Avoyelles Parish,38373,19339,19034,12518,12809,5996,5361,281,244,113,98,5,30,426,492,12870,13182,6291,5713,413,429,181,174,24,56,18541,18183,11914,12227,5886,5212,236,201,108,88,5,28,392,427,12236,12550,6164,5522,358,357,165,153,23,47,798,851,604,582,110,149,45,43,5,10,0,2,34,65,634,632,127,191,55,72,16,21,1,9
Louisiana,Beauregard Parish,36695,18672,18023,15488,15209,2284,1878,237,237,98,137,26,26,539,536,15972,15672,2579,2199,416,416,216,245,57,52,17872,17280,14907,14693,2203,1798,188,177,93,124,22,19,459,469,15323,15099,2455,2081,336,324,192,226,46,41,800,743,581,516,81,80,49,60,5,13,4,7,80,67,649,573,124,118,80,92,24,19,11,11
Louisiana,Bienville Parish,12412,6035,6377,3429,3548,2409,2638,46,22,23,33,3,3,125,133,3540,3664,2487,2722,86,60,43,57,7,11,5823,6211,3265,3423,2379,2611,38,20,23,30,3,3,115,124,3368,3531,2447,2689,75,56,43,52,7,11,212,166,164,125,30,27,8,2,0,3,0,0,10,9,172,133,40,33,11,4,0,5,0,0
Louisiana,Bossier Parish,131102,64891,66211,45765,44879,15491,17497,541,507,1176,1387,104,96,1814,1845,47358,46479,16488,18550,990,968,1832,2036,187,187,58578,60842,40381,40634,15165,16953,327,308,1068,1275,67,61,1570,1611,41765,42033,16025,17883,686,674,1654,1871,140,130,6313,5369,5384,4245,326,544,214,199,108,112,37,35,244,234,5593,4446,463,667,304,294,178,165,47,57
Louisiana,Caddo Parish,224893,106179,118714,49634,52128,51996,61744,566,665,1906,1916,92,83,1985,2178,51312,53955,53158,63054,1256,1465,2444,2477,203,188,101454,114201,45932,48718,51477,61115,425,510,1819,1869,56,58,1745,1931,47406,50330,52505,62287,1012,1185,2298,2373,151,149,4725,4513,3702,3410,519,629,141,155,87,47,36,25,240,247,3906,3625,653,767,244,280,146,104,52,39
Louisiana,Calcasieu Parish,206861,101044,105817,71136,73634,24959,27008,713,735,1834,1990,89,78,2313,2372,73193,75737,26470,28608,1423,1476,2335,2492,192,181,95034,100021,66346,68964,24433,26516,494,494,1734,1914,42,52,1985,2081,68120,70812,25756,27942,1056,1096,2169,2353,121,137,6010,5796,4790,4670,526,492,219,241,100,76,47,26,328,291,5073,4925,714,666,367,380,166,139,71,44
Louisiana,Caldwell Parish,9393,4912,4481,3819,3747,955,610,20,25,22,18,1,2,95,79,3905,3814,1010,665,54,54,37,27,2,4,4774,4341,3705,3629,947,600,17,22,20,16,1,0,84,74,3781,3691,997,653,46,48,34,25,1,2,138,140,114,118,8,10,3,3,2,2,0,2,11,5,124,123,13,12,8,6,3,2,1,2
Louisiana,Cameron Parish,4678,2379,2299,2157,2124,118,84,21,26,10,15,3,2,70,48,2218,2168,157,112,47,41,23,24,6,4,2270,2204,2060,2044,117,79,20,25,9,14,3,0,61,42,2113,2082,150,104,42,37,22,22,6,2,109,95,97,80,1,5,1,1,1,1,0,2,9,6,105,86,7,8,5,4,1,2,0,2
Louisiana,Catahoula Parish,8280,4366,3914,2904,2769,1342,1038,28,39,3,4,2,1,87,63,2985,2826,1391,1081,52,57,21,13,7,2,4059,3699,2672,2590,1281,1021,27,29,3,4,2,1,74,54,2741,2638,1325,1059,44,43,19,12,4,2,307,215,232,179,61,17,1,10,0,0,0,0,13,9,244,188,66,22,8,14,2,1,3,0
Louisiana,Claiborne Parish,13537,7275,6262,3282,3049,3750,2975,52,40,39,48,6,0,146,150,3411,3176,3832,3072,102,95,66,71,11,9,7051,6002,3147,2894,3703,2920,42,39,35,45,4,0,120,104,3252,2983,3773,2990,79,72,60,62,8,3,224,260,135,155,47,55,10,1,4,3,2,0,26,46,159,193,59,82,23,23,6,9,3,6
Louisiana,Concordia Parish,17797,9064,8733,5264,4945,3473,3596,39,49,120,46,2,0,166,97,5417,5033,3572,3660,85,79,146,59,10,0,8624,8536,4905,4789,3409,3573,35,38,119,42,2,0,154,94,5046,4874,3505,3635,74,67,144,55,9,0,440,197,359,156,64,23,4,11,1,4,0,0,12,3,371,159,67,25,11,12,2,4,1,0
Louisiana,De Soto Parish,27274,13219,14055,8391,8560,4271,4951,200,182,76,83,5,11,276,268,8642,8800,4434,5119,296,282,112,111,15,17,12764,13583,8073,8221,4213,4893,156,144,73,77,4,10,245,238,8295,8434,4356,5041,241,232,107,104,14,14,455,472,318,339,58,58,44,38,3,6,1,1,31,30,347,366,78,78,55,50,5,7,1,3
Louisiana,East Baton Rouge Parish,453022,215838,237184,105350,109391,96901,113990,1218,984,8551,8607,124,159,3694,4053,108502,112836,99054,116427,2302,2186,9807,9954,267,292,198741,221198,91653,96881,95176,111836,416,476,8374,8435,26,67,3096,3503,94311,99862,96978,113952,1255,1428,9472,9612,135,165,17097,15986,13697,12510,1725,2154,802,508,177,172,98,92,598,550,14191,12974,2076,2475,1047,758,335,342,132,127
Louisiana,East Carroll Parish,6892,4038,2854,1113,866,2841,1910,17,14,14,19,0,0,53,45,1161,908,2868,1939,40,27,21,25,1,1,3939,2779,1057,817,2814,1895,12,14,14,18,0,0,42,35,1094,849,2836,1917,30,24,20,23,1,1,99,75,56,49,27,15,5,0,0,1,0,0,11,10,67,59,32,22,10,3,1,2,0,0
Louisiana,East Feliciana Parish,19112,10591,8521,5771,5013,4593,3298,38,57,22,38,2,2,165,113,5900,5117,4700,3362,109,98,44,55,7,6,10355,8348,5620,4889,4524,3267,32,47,21,37,0,2,158,106,5743,4986,4629,3327,100,86,40,53,5,6,236,173,151,124,69,31,6,10,1,1,2,0,7,7,157,131,71,35,9,12,4,2,2,0
Louisiana,Evangeline Parish,31745,16271,15474,11150,10843,4602,4139,79,130,144,101,2,5,294,256,11416,11077,4809,4325,151,192,182,128,15,12,15035,14785,10279,10329,4294,4050,61,82,130,93,2,3,269,228,10521,10537,4487,4221,122,132,167,116,13,10,1236,689,871,514,308,89,18,48,14,8,0,2,25,28,895,540,322,104,29,60,15,12,2,2
Louisiana,Franklin Parish,19107,9172,9935,6162,6452,2800,3252,34,38,47,62,3,4,126,127,6281,6572,2867,3332,73,79,67,77,10,5,9004,9773,6051,6372,2769,3208,27,29,46,57,3,3,108,104,6153,6469,2828,3275,58,61,64,69,9,4,168,162,111,80,31,44,7,9,1,5,0,1,18,23,128,103,39,57,15,18,3,8,1,1
Louisiana,Grant Parish,22109,12546,9563,9533,8105,2484,1040,197,130,92,53,8,3,232,232,9740,8318,2609,1154,287,234,129,82,16,12,11340,9274,8468,7896,2428,1032,149,102,90,51,8,2,197,191,8642,8068,2533,1126,228,187,123,75,14,11,1206,289,1065,209,56,8,48,28,2,2,0,1,35,41,1098,250,76,28,59,47,6,7,2,1
Louisiana,Iberia Parish,67540,33100,34440,20599,20900,10527,11654,282,212,921,870,31,27,740,777,21270,21611,11039,12207,435,361,1058,1007,60,59,30877,32734,18963,19576,10195,11442,150,174,885,826,25,16,659,700,19560,20217,10662,11946,269,297,1011,952,54,46,2223,1706,1636,1324,332,212,132,38,36,44,6,11,81,77,1710,1394,377,261,166,64,47,55,6,13
Louisiana,Iberville Parish,29766,15081,14685,7870,7266,6829,7043,89,55,76,83,4,3,213,235,8053,7480,6950,7187,176,132,102,117,15,13,13970,14065,6988,6793,6674,6963,51,41,66,77,3,2,188,189,7147,6966,6783,7083,128,98,89,100,13,11,1111,620,882,473,155,80,38,14,10,6,1,1,25,46,906,514,167,104,48,34,13,17,2,2
Louisiana,Jackson Parish,14797,7604,7193,5367,5086,2008,1883,56,39,17,47,4,4,152,134,5491,5206,2106,1960,107,83,41,67,12,13,7250,6954,5103,4899,1956,1862,28,26,17,47,0,2,146,118,5221,5003,2049,1929,78,66,41,66,8,10,354,239,264,187,52,21,28,13,0,0,4,2,6,16,270,203,57,31,29,17,0,1,4,3
Louisiana,Jefferson Parish,427253,208201,219052,135009,137650,56024,63949,3135,2526,9735,10431,196,146,4102,4350,138690,141538,57988,66050,4364,3988,11265,11967,363,303,163033,177557,97680,103259,51820,59919,734,851,9487,10146,40,38,3272,3344,100625,106251,53376,61534,1625,1848,10758,11387,164,156,45168,41495,37329,34391,4204,4030,2401,1675,248,285,156,108,830,1006,38065,35287,4612,4516,2739,2140,507,580,199,147
Louisiana,Jefferson Davis Parish,31436,15591,15845,12343,12660,2599,2552,164,120,66,127,5,7,414,379,12724,13017,2894,2828,255,203,114,160,20,19,15082,15464,11954,12368,2549,2514,130,104,65,123,3,6,381,349,12304,12697,2828,2774,211,174,105,152,17,18,509,381,389,292,50,38,34,16,1,4,2,1,33,30,420,320,66,54,44,29,9,8,3,1
Louisiana,Lafayette Parish,254241,123857,130384,84754,87508,33233,36839,628,701,2833,2815,68,74,2341,2447,86878,89727,34664,38352,1237,1364,3452,3419,163,163,114468,121527,76790,80102,32464,36058,395,417,2728,2734,24,39,2067,2177,78672,82090,33742,37416,893,957,3289,3288,105,113,9389,8857,7964,7406,769,781,233,284,105,81,44,35,274,270,8206,7637,922,936,344,407,163,131,58,50
Louisiana,Lafourche Parish,95342,47004,48338,37435,38067,6444,7244,1523,1437,453,443,45,39,1104,1108,38445,39085,7048,7883,1952,1871,615,572,95,73,43810,45678,34874,35891,6229,7059,1319,1289,416,409,17,19,955,1011,35751,36819,6768,7665,1675,1663,546,528,59,50,3194,2660,2561,2176,215,185,204,148,37,34,28,20,149,97,2694,2266,280,218,277,208,69,44,36,23
Louisiana,LaSalle Parish,14702,8066,6636,6474,5816,1323,587,111,98,42,28,8,0,108,107,6571,5913,1375,643,155,147,62,39,15,4,7042,6285,5594,5514,1241,574,86,90,36,26,1,0,84,81,5673,5591,1280,619,121,120,47,34,7,4,1024,351,880,302,82,13,25,8,6,2,7,0,24,26,898,322,95,24,34,27,15,5,8,0
Louisiana,Lincoln Parish,48243,23447,24796,13607,13461,8866,10480,119,111,419,290,29,17,407,437,13945,13842,9098,10728,255,242,523,404,58,40,22470,23936,12910,12849,8709,10343,84,68,400,276,11,10,356,390,13207,13187,8911,10569,197,182,494,376,40,31,977,860,697,612,157,137,35,43,19,14,18,7,51,47,738,655,187,159,58,60,29,28,18,9
Louisiana,Livingston Parish,152886,75308,77578,64770,65872,8048,9109,688,597,570,734,48,39,1184,1227,65877,67034,8572,9649,1139,1072,851,1000,85,74,69335,72350,59750,61407,7771,8867,273,322,508,673,21,27,1012,1054,60701,62410,8225,9348,631,696,761,912,49,55,5973,5228,5020,4465,277,242,415,275,62,61,27,12,172,173,5176,4624,347,301,508,376,90,88,36,19
Louisiana,Madison Parish,9093,4439,4654,1604,1575,2742,2967,13,16,19,11,1,2,60,83,1658,1654,2777,3017,36,47,25,17,5,3,4320,4510,1514,1476,2723,2939,10,12,18,10,1,2,54,71,1562,1544,2754,2980,30,38,24,16,5,3,119,144,90,99,19,28,3,4,1,1,0,0,6,12,96,110,23,37,6,9,1,1,0,0
Louisiana,Morehouse Parish,23787,11662,12125,5706,5876,5662,5898,43,30,52,103,5,14,194,204,5873,6055,5767,6000,120,111,91,140,14,25,11420,11916,5543,5733,5621,5851,34,25,41,103,4,14,177,190,5695,5899,5716,5951,105,98,75,135,12,25,242,209,163,143,41,47,9,5,11,0,1,0,17,14,178,156,51,49,15,13,16,5,2,0
Louisiana,Natchitoches Parish,35982,17432,18550,9572,9933,6996,7740,229,244,166,131,9,12,460,490,9965,10355,7228,8004,437,467,254,210,39,31,16725,17838,9110,9441,6919,7636,163,206,154,115,5,7,374,433,9430,9813,7116,7876,325,397,221,183,27,25,707,712,462,492,77,104,66,38,12,16,4,5,86,57,535,542,112,128,112,70,33,27,12,6
Louisiana,Orleans Parish,362701,170121,192580,67034,67604,93244,113977,898,830,5590,6325,128,105,3227,3739,69559,70476,95188,116263,2206,2358,6645,7557,309,274,154107,177381,55270,56605,90483,111032,387,417,5414,6208,48,46,2505,3073,57246,58976,91985,112922,1302,1568,6274,7239,169,173,16014,15199,11764,10999,2761,2945,511,413,176,117,80,59,722,666,12313,11500,3203,3341,904,790,371,318,140,101
Louisiana,Ouachita Parish,157874,76043,81831,44870,47069,28583,32283,402,356,954,911,61,50,1173,1162,45853,48028,29312,33006,791,748,1259,1196,126,113,72670,79042,42593,44965,28012,31908,179,266,888,847,30,22,968,1034,43412,45823,28630,32557,454,589,1140,1103,74,76,3373,2789,2277,2104,571,375,223,90,66,64,31,28,205,128,2441,2205,682,449,337,159,119,93,52,37
Louisiana,Plaquemines Parish,22289,11391,10898,7711,7426,2606,2263,194,211,531,550,25,23,324,425,7982,7787,2789,2491,325,381,606,644,44,46,10232,9735,6770,6541,2510,2181,165,168,509,513,14,14,264,318,6992,6813,2661,2356,264,274,571,586,24,33,1159,1163,941,885,96,82,29,43,22,37,11,9,60,107,990,974,128,135,61,107,35,58,20,13
Louisiana,Pointe Coupee Parish,19845,9583,10262,6245,6361,3128,3656,37,38,37,54,1,1,135,152,6370,6499,3207,3746,84,97,56,69,5,6,9170,9887,5915,6075,3080,3606,18,22,35,47,0,1,122,136,6028,6200,3156,3686,57,74,50,59,3,6,413,375,330,286,48,50,19,16,2,7,1,0,13,16,342,299,51,60,27,23,6,10,2,0
Louisiana,Rapides Parish,125899,60927,64972,39183,40485,18918,21438,638,626,878,977,33,45,1277,1401,40305,41705,19590,22167,1117,1184,1181,1292,92,108,57796,62311,36617,38367,18663,21178,479,513,847,933,24,35,1166,1285,37641,39491,19286,21843,898,1007,1127,1228,77,91,3131,2661,2566,2118,255,260,159,113,31,44,9,10,111,116,2664,2214,304,324,219,177,54,64,15,17
Louisiana,Red River Parish,7238,3527,3711,2051,2131,1366,1487,30,29,12,14,1,1,67,49,2112,2176,1407,1519,52,47,22,17,3,1,3396,3619,1950,2053,1347,1479,28,26,11,14,1,1,59,46,2003,2095,1385,1509,45,43,21,17,1,1,131,92,101,78,19,8,2,3,1,0,0,0,8,3,109,81,22,10,7,4,1,0,2,0
Louisiana,Richland Parish,19643,9678,9965,6105,6118,3364,3623,43,41,30,50,3,3,133,130,6218,6236,3450,3699,86,85,51,70,8,8,9413,9732,5906,5944,3323,3581,32,35,30,46,1,1,121,125,6010,6058,3402,3654,67,75,49,66,6,6,265,233,199,174,41,42,11,6,0,4,2,2,12,5,208,178,48,45,19,10,2,4,2,2
Louisiana,Sabine Parish,21746,10689,11057,7482,7570,1670,1880,1019,1041,40,60,6,5,472,501,7918,8030,1849,2076,1286,1322,91,118,26,27,10309,10637,7279,7351,1645,1864,940,927,36,55,2,1,407,439,7656,7759,1802,2025,1167,1180,80,99,16,18,380,420,203,219,25,16,79,114,4,5,4,4,65,62,262,271,47,51,119,142,11,19,10,9
Louisiana,St. Bernard Parish,44783,21954,22829,15028,14759,5493,6582,259,272,485,562,27,19,662,635,15602,15327,5814,6888,510,522,653,720,82,51,18623,19739,12297,12263,5199,6307,139,137,467,524,10,3,511,505,12745,12717,5458,6552,308,309,602,655,43,29,3331,3090,2731,2496,294,275,120,135,18,38,17,16,151,130,2857,2610,356,336,202,213,51,65,39,22
Louisiana,St. Charles Parish,50400,24814,25586,17747,18039,6108,6657,173,134,305,316,25,22,456,418,18156,18411,6360,6880,320,273,407,420,52,44,22605,23378,15952,16144,5878,6483,99,77,282,298,15,14,379,362,16291,16467,6096,6678,207,187,370,389,34,31,2209,2208,1795,1895,230,174,74,57,23,18,10,8,77,56,1865,1944,264,202,113,86,37,31,18,13
Louisiana,St. Helena Parish,10857,5202,5655,2624,2614,2433,2905,23,40,19,18,5,1,98,77,2711,2684,2493,2946,56,67,35,34,9,2,4993,5479,2457,2481,2412,2885,17,27,19,18,1,1,87,67,2533,2542,2467,2923,47,49,32,32,3,1,209,176,167,133,21,20,6,13,0,0,4,0,11,10,178,142,26,23,9,18,3,2,6,1
Louisiana,St. James Parish,19110,9250,9860,4870,4914,4211,4782,29,31,36,45,3,3,101,85,4958,4990,4276,4833,57,57,51,64,10,5,9026,9677,4704,4784,4180,4742,24,31,19,37,3,3,96,80,4787,4856,4244,4789,50,55,32,56,9,5,224,183,166,130,31,40,5,0,17,8,0,0,5,5,171,134,32,44,7,2,19,8,1,0
Louisiana,St. John the Baptist Parish,39694,19305,20389,7338,7294,11234,12387,109,160,275,181,36,45,313,322,7598,7573,11439,12585,204,258,336,249,57,63,17177,18443,5626,5802,10971,12112,53,69,256,165,31,36,240,259,5830,6028,11132,12275,115,137,301,222,46,48,2128,1946,1712,1492,263,275,56,91,19,16,5,9,73,63,1768,1545,307,310,89,121,35,27,11,15
Louisiana,St. Landry Parish,80869,39257,41612,21955,22830,16223,17663,204,198,227,234,14,14,634,673,22509,23418,16675,18129,362,371,334,353,44,50,37840,40136,20855,21704,16054,17463,131,146,211,212,6,6,583,605,21366,22234,16478,17892,267,285,304,321,31,38,1417,1476,1100,1126,169,200,73,52,16,22,8,8,51,68,1143,1184,197,237,95,86,30,32,13,12
Louisiana,St. Martin Parish,51218,25126,26092,17015,17224,7199,7941,213,180,252,258,11,16,436,473,17393,17640,7485,8245,324,301,343,366,31,40,23974,25088,16149,16443,7073,7829,115,119,232,245,9,14,396,438,16496,16829,7336,8113,213,223,316,348,23,37,1152,1004,866,781,126,112,98,61,20,13,2,2,40,35,897,811,149,132,111,78,27,18,8,3
Louisiana,St. Mary Parish,46799,22967,23832,14482,14562,6852,7723,583,675,412,308,40,26,598,538,15028,15045,7224,8047,752,835,525,412,65,53,20169,21581,12250,12864,6600,7529,443,425,340,280,10,10,526,473,12734,13293,6937,7816,575,554,441,374,28,35,2798,2251,2232,1698,252,194,140,250,72,28,30,16,72,65,2294,1752,287,231,177,281,84,38,37,18
Louisiana,St. Tammany Parish,277615,135527,142088,109491,113057,19757,22234,1092,1001,2122,2525,62,103,3003,3168,112185,115893,21322,23874,2097,2138,3039,3494,198,232,123065,130280,98687,103078,19138,21489,634,631,2018,2383,29,50,2559,2649,100995,105465,20473,22874,1425,1499,2828,3202,129,143,12462,11808,10804,9979,619,745,458,370,104,142,33,53,444,519,11190,10428,849,1000,672,639,211,292,69,89
Louisiana,Tangipahoa Parish,139823,67918,71905,45591,46641,20088,23033,365,327,539,621,41,54,1294,1229,46720,47724,20784,23699,869,797,859,923,113,125,63125,67985,41549,43332,19735,22759,269,241,494,574,21,29,1057,1050,42475,44269,20317,23328,640,622,759,838,75,87,4793,3920,4042,3309,353,274,96,86,45,47,20,25,237,179,4245,3455,467,371,229,175,100,85,38,38
Louisiana,Tensas Parish,3844,1868,1976,852,823,975,1105,7,3,5,7,0,0,29,38,877,856,993,1126,16,21,11,13,0,0,1807,1935,802,792,969,1097,3,2,5,6,0,0,28,38,826,825,987,1118,11,20,11,12,0,0,61,41,50,31,6,8,4,1,0,1,0,0,1,0,51,31,6,8,5,1,0,1,0,0
Louisiana,Terrebonne Parish,103864,51869,51995,36663,36288,9129,10060,3595,3345,738,620,48,46,1696,1636,38123,37706,10199,11082,4241,3980,1034,928,160,139,46713,48801,32583,33793,8929,9885,2922,3007,681,567,18,24,1580,1525,33945,35116,9943,10854,3502,3584,954,849,121,111,5156,3194,4080,2495,200,175,673,338,57,53,30,22,116,111,4178,2590,256,228,739,396,80,79,39,28
Louisiana,Union Parish,20617,10075,10542,7558,7612,2253,2653,78,83,50,37,18,13,118,144,7655,7735,2326,2733,126,152,68,68,21,17,9425,9886,7064,7136,2179,2568,48,46,35,27,2,11,97,98,7145,7220,2239,2624,86,86,51,49,4,13,650,656,494,476,74,85,30,37,15,10,16,2,21,46,510,515,87,109,40,66,17,19,17,4
Louisiana,Vermilion Parish,57641,27980,29661,22590,23840,4086,4465,145,158,612,620,10,12,537,566,23067,24355,4431,4842,307,302,702,726,33,38,26460,28142,21304,22595,3984,4356,120,98,593,598,6,6,453,489,21712,23041,4277,4692,245,210,665,690,25,25,1520,1519,1286,1245,102,109,25,60,19,22,4,6,84,77,1355,1314,154,150,62,92,37,36,8,13
Louisiana,Vernon Parish,45819,23805,22014,18561,17213,3370,2898,441,406,387,513,100,91,946,893,19393,18006,3881,3384,699,655,723,832,172,142,21374,19849,16667,15518,3189,2739,319,299,345,476,80,74,774,743,17349,16185,3614,3149,511,482,624,749,135,111,2431,2165,1894,1695,181,159,122,107,42,37,20,17,172,150,2044,1821,267,235,188,173,99,83,37,31
Louisiana,Washington Parish,45090,22478,22612,14906,15025,6874,6911,115,130,146,135,9,7,428,404,15283,15388,7143,7159,259,258,215,204,36,26,21570,21866,14249,14500,6757,6810,86,103,72,82,7,4,399,367,14602,14828,7008,7038,218,215,139,145,31,22,908,746,657,525,117,101,29,27,74,53,2,3,29,37,681,560,135,121,41,43,76,59,5,4
Louisiana,Webster Parish,35184,17034,18150,10972,11136,5504,6467,110,105,84,141,6,7,358,294,11296,11394,5728,6653,223,203,153,196,29,20,16492,17715,10551,10824,5442,6404,89,89,79,129,5,5,326,264,10848,11057,5650,6572,191,175,138,176,26,17,542,435,421,312,62,63,21,16,5,12,1,2,32,30,448,337,78,81,32,28,15,20,3,3
Louisiana,West Baton Rouge Parish,28425,13978,14447,7953,7784,5654,6294,47,44,108,94,15,6,201,225,8127,7976,5788,6438,106,118,151,138,27,21,13133,13913,7264,7366,5564,6222,34,33,89,85,1,0,181,207,7422,7543,5687,6353,81,97,128,127,12,15,845,534,689,418,90,72,13,11,19,9,14,6,20,18,705,433,101,85,25,21,23,11,15,6
Louisiana,West Carroll Parish,9254,4587,4667,3743,3840,685,683,52,41,17,21,3,0,87,82,3821,3914,743,733,76,71,30,29,7,3,4379,4510,3604,3711,671,670,30,36,14,19,0,0,60,74,3657,3778,715,716,45,61,22,27,2,3,208,157,139,129,14,13,22,5,3,2,3,0,27,8,164,136,28,17,31,10,8,2,5,0
Louisiana,West Feliciana Parish,15155,10011,5144,4596,3558,5266,1343,24,19,19,112,1,9,105,103,4671,3649,5344,1410,73,46,30,133,4,11,9679,4869,4363,3345,5192,1304,22,15,17,109,1,3,84,93,4420,3428,5256,1365,62,39,24,127,3,5,332,275,233,213,74,39,2,4,2,3,0,6,21,10,251,221,88,45,11,7,6,6,1,6
Louisiana,Winn Parish,13405,7555,5850,4867,4031,2349,1568,134,86,51,21,1,2,153,142,5000,4162,2436,1647,181,138,81,47,12,7,6723,5475,4254,3759,2230,1527,57,45,51,20,0,2,131,122,4369,3871,2304,1599,97,85,78,42,7,7,832,375,613,272,119,41,77,41,0,1,1,0,22,20,631,291,132,48,84,53,3,5,5,0
Maine,Androscoggin County,115272,56702,58570,50254,52341,4069,3714,272,258,578,715,26,22,1503,1520,51681,53783,4889,4490,675,682,1029,1188,118,113,55237,57294,49115,51335,3953,3602,235,230,535,702,19,15,1380,1410,50432,52677,4701,4315,593,610,957,1149,95,95,1465,1276,1139,1006,116,112,37,28,43,13,7,7,123,110,1249,1106,188,175,82,72,72,39,23,18
Maine,Aroostook County,66776,33530,33246,31629,31381,460,330,618,681,170,215,34,10,619,629,32235,31983,655,536,949,1028,285,324,50,28,32822,32636,31084,30948,410,285,570,621,166,205,28,8,564,569,31637,31498,577,465,874,936,275,303,40,20,708,610,545,433,50,45,48,60,4,10,6,2,55,60,598,485,78,71,75,92,10,21,10,8
Maine,Cumberland County,313809,152735,161074,137649,145350,7743,6998,461,525,3429,4649,70,63,3383,3489,140972,148773,8987,8281,1472,1578,4760,6023,169,180,147998,156350,133584,141391,7528,6796,358,394,3329,4530,48,49,3151,3190,136685,144533,8637,7924,1286,1336,4612,5822,140,133,4737,4724,4065,3959,215,202,103,131,100,119,22,14,232,299,4287,4240,350,357,186,242,148,201,29,47
Maine,Franklin County,30902,15184,15718,14565,15093,176,93,72,94,80,114,8,8,283,316,14839,15400,264,190,225,255,142,193,17,17,14856,15443,14288,14854,164,82,64,85,78,114,8,8,254,300,14533,15146,236,171,207,240,136,187,16,15,328,275,277,239,12,11,8,9,2,0,0,0,29,16,306,254,28,19,18,15,6,6,1,2
Maine,Hancock County,56946,27789,29157,26313,27580,415,526,159,148,421,408,13,9,468,486,26767,28057,541,669,395,384,551,546,28,24,27229,28600,25862,27118,374,494,139,130,416,399,9,5,429,454,26278,27566,484,621,355,350,537,530,24,19,560,557,451,462,41,32,20,18,5,9,4,4,39,32,489,491,57,48,40,34,14,16,4,5
Maine,Kennebec County,128461,62808,65653,59528,62425,792,518,372,356,629,920,43,25,1444,1409,60941,63808,1298,999,989,972,1028,1299,92,68,61177,64166,58167,61162,708,467,324,313,611,909,37,17,1330,1298,59471,62439,1149,888,893,885,987,1266,81,52,1631,1487,1361,1263,84,51,48,43,18,11,6,8,114,111,1470,1369,149,111,96,87,41,33,11,16
Maine,Knox County,40981,20498,20483,19639,19719,262,131,109,99,120,157,6,10,362,367,19992,20077,365,233,305,318,198,218,23,24,20078,20087,19264,19358,248,121,96,90,119,155,6,10,345,353,19600,19703,348,219,283,299,192,214,21,23,420,396,375,361,14,10,13,9,1,2,0,0,17,14,392,374,17,14,22,19,6,4,2,1
Maine,Lincoln County,36491,17956,18535,17241,17833,206,139,104,74,140,189,6,2,259,298,17490,18124,287,220,241,241,199,242,19,20,17647,18254,17007,17605,186,123,83,64,131,188,6,1,234,273,17231,17872,257,194,206,216,185,238,17,16,309,281,234,228,20,16,21,10,9,1,0,1,25,25,259,252,30,26,35,25,14,4,2,4
Maine,Oxford County,60039,30011,30028,28713,28902,285,179,177,159,179,213,19,13,638,562,29336,29443,453,312,526,482,331,331,36,45,29432,29513,28236,28464,258,167,147,134,177,212,17,13,597,523,28819,28969,411,285,477,439,317,322,30,41,579,515,477,438,27,12,30,25,2,1,2,0,41,39,517,474,42,27,49,43,14,9,6,4
Maine,Penobscot County,156840,78072,78768,73119,74117,1214,954,1068,1025,1135,1096,32,36,1504,1540,74576,75620,1716,1443,1782,1769,1524,1473,82,98,76124,76903,71643,72633,1116,801,966,949,994,1082,25,28,1380,1410,72978,74015,1564,1227,1613,1628,1360,1431,67,78,1948,1865,1476,1484,98,153,102,76,141,14,7,8,124,130,1598,1605,152,216,169,141,164,42,15,20
Maine,Piscataquis County,17432,8827,8605,8368,8214,82,52,69,55,115,100,2,5,191,179,8554,8388,147,116,171,146,146,133,12,16,8644,8447,8218,8104,75,35,59,50,114,98,2,5,176,155,8390,8256,132,85,155,125,141,130,9,15,183,158,150,110,7,17,10,5,1,2,0,0,15,24,164,132,15,31,16,21,5,3,3,1
Maine,Sagadahoc County,37582,18389,19193,17511,18310,304,207,81,102,181,207,7,6,305,361,17807,18661,432,339,195,254,256,302,19,17,17954,18818,17170,18007,271,186,58,84,165,203,7,5,283,333,17444,18330,388,306,162,222,235,295,19,16,435,375,341,303,33,21,23,18,16,4,0,1,22,28,363,331,44,33,33,32,21,7,0,1
Maine,Somerset County,51338,25573,25765,24594,24792,248,140,155,178,118,180,12,6,446,469,25031,25248,407,290,381,429,192,266,33,22,25089,25350,24205,24462,213,123,138,150,114,173,12,6,407,436,24604,24886,349,260,349,381,183,255,31,22,484,415,389,330,35,17,17,28,4,7,0,0,39,33,427,362,58,30,32,48,9,11,2,0
Maine,Waldo County,40617,20007,20610,19237,19894,157,116,145,100,108,184,6,4,354,312,19577,20197,280,209,351,276,162,242,16,14,19616,20258,18932,19602,134,95,126,92,105,174,6,3,313,292,19232,19886,237,179,309,259,151,228,14,12,391,352,305,292,23,21,19,8,3,10,0,1,41,20,345,311,43,30,42,17,11,14,2,2
Maine,Washington County,31383,15467,15916,13993,14452,179,107,780,814,77,129,5,14,433,400,14410,14842,306,228,1039,1044,142,189,18,26,14977,15459,13614,14103,153,95,737,794,66,116,0,11,407,340,14007,14436,266,185,985,995,126,170,12,21,490,457,379,349,26,12,43,20,11,13,5,3,26,60,403,406,40,43,54,49,16,19,6,5
Maine,York County,220143,108389,111754,102008,105376,2189,1885,346,337,1677,1993,34,37,2135,2126,104091,107458,2935,2588,1213,1251,2278,2597,98,102,105677,109244,99756,103274,2040,1751,257,280,1650,1951,24,30,1950,1958,101662,105197,2681,2371,1052,1117,2211,2523,78,80,2712,2510,2252,2102,149,134,89,57,27,42,10,7,185,168,2429,2261,254,217,161,134,67,74,20,22
Maryland,Allegany County,67097,35209,31888,29528,29340,4269,1049,89,91,353,489,28,27,942,892,30420,30163,4969,1736,217,205,501,622,62,65,34254,31365,28750,28953,4201,998,66,65,350,485,20,24,867,840,29571,29729,4853,1648,172,164,490,613,51,62,955,523,778,387,68,51,23,26,3,4,8,3,75,52,849,434,116,88,45,41,11,9,11,3
Maryland,Anne Arundel County,602350,299042,303308,211601,210531,59771,63208,2265,2031,14003,15675,421,429,10981,11434,221524,220759,65735,69719,4390,4346,18409,20099,931,955,264067,270383,183973,184677,56673,59904,681,729,13302,15139,214,210,9224,9724,192285,193337,61625,65412,2171,2433,17313,19173,657,656,34975,32925,27628,25854,3098,3304,1584,1302,701,536,207,219,1757,1710,29239,27422,4110,4307,2219,1913,1096,926,274,299
Maryland,Baltimore County,852425,404006,448419,234818,248391,124812,152774,2646,3119,28259,29743,423,473,13048,13919,246233,260400,132975,161865,5409,6256,32818,34425,896,1001,367565,413285,207319,222920,120131,147817,1009,1152,27801,29284,124,184,11181,11928,217039,233126,127081,155576,3100,3558,31983,33542,539,632,36441,35134,27499,25471,4681,4957,1637,1967,458,459,299,289,1867,1991,29194,27274,5894,6289,2309,2698,835,883,357,369
Maryland,Calvert County,94913,47302,47611,37297,37304,6880,7025,273,223,921,1173,70,78,1861,1808,38970,38894,7862,8033,637,580,1624,1844,180,192,44618,45018,35199,35282,6613,6774,189,148,889,1135,56,60,1672,1619,36705,36708,7491,7676,474,436,1564,1762,159,163,2684,2593,2098,2022,267,251,84,75,32,38,14,18,189,189,2265,2186,371,357,163,144,60,82,21,29
Maryland,Caroline County,34248,16792,17456,13449,13927,2172,2559,314,185,246,236,79,41,532,508,13938,14388,2546,2931,411,265,328,316,108,69,14900,15821,12111,12702,2070,2422,64,61,197,204,9,6,449,426,12520,13087,2387,2736,136,124,275,273,38,31,1892,1635,1338,1225,102,137,250,124,49,32,70,35,83,82,1418,1301,159,195,275,141,53,43,70,38
Maryland,Carroll County,177108,87927,89181,78330,79700,4644,3940,351,367,2379,2840,48,74,2175,2260,80352,81791,5724,5106,745,781,3220,3680,126,167,82783,84255,74047,75582,4314,3704,192,162,2307,2793,32,51,1891,1963,75806,77393,5243,4709,477,470,3101,3581,103,130,5144,4926,4283,4118,330,236,159,205,72,47,16,23,284,297,4546,4398,481,397,268,311,119,99,23,37
Maryland,Cecil County,106305,52723,53582,45257,45697,4894,4994,245,249,730,1007,56,51,1541,1584,46682,47136,5818,6011,562,549,1127,1390,114,118,49371,50577,42697,43370,4408,4652,152,150,697,976,45,31,1372,1398,43969,44646,5234,5547,404,392,1071,1329,100,93,3352,3005,2560,2327,486,342,93,99,33,31,11,20,169,186,2713,2490,584,464,158,157,56,61,14,25
Maryland,Charles County,174478,83863,90615,31647,31796,45225,50568,681,710,2802,3643,129,135,3379,3763,34356,34754,47543,53260,1522,1737,3920,4791,278,320,76181,83103,26158,26554,43860,49165,423,480,2673,3536,75,84,2992,3284,28547,29112,45922,51520,1125,1335,3705,4587,202,227,7682,7512,5489,5242,1365,1403,258,230,129,107,54,51,387,479,5809,5642,1621,1740,397,402,215,204,76,93
Maryland,Dorchester County,33138,15767,17371,10538,11276,4442,5283,115,95,179,222,19,12,474,483,10957,11706,4764,5621,213,197,262,295,51,44,14696,16245,9807,10432,4250,5106,62,61,164,215,9,9,404,422,10161,10810,4530,5401,137,150,237,275,39,39,1071,1126,731,844,192,177,53,34,15,7,10,3,70,61,796,896,234,220,76,47,25,20,12,5
Maryland,Frederick County,299317,147890,151427,111699,114604,19247,19076,914,913,10512,11216,161,153,5357,5465,116648,119639,22197,22246,1825,1875,12575,13168,337,342,127106,131111,94217,97427,17664,17762,321,302,10255,10951,83,88,4566,4581,98445,101647,20144,20386,984,988,12144,12727,228,243,20784,20316,17482,17177,1583,1314,593,611,257,265,78,65,791,884,18203,17992,2053,1860,841,887,431,441,109,99
Maryland,Garrett County,28393,14123,14270,13644,13813,192,153,35,49,60,91,1,0,191,164,13807,13961,292,244,92,89,111,126,15,15,13890,14060,13450,13632,181,150,27,36,57,88,1,0,174,154,13597,13771,274,234,77,74,104,121,15,15,233,210,194,181,11,3,8,13,3,3,0,0,17,10,210,190,18,10,15,15,7,5,0,0
Maryland,Harford County,265514,130528,134986,99821,102608,21325,22674,658,565,4246,4792,121,157,4357,4190,103739,106336,23915,25252,1458,1361,5773,6169,303,336,121907,127060,93257,96640,20321,21623,276,286,4147,4711,73,115,3833,3685,96706,99918,22593,23896,912,922,5572,5982,224,272,8621,7926,6564,5968,1004,1051,382,279,99,81,48,42,524,505,7033,6418,1322,1356,546,439,201,187,79,64
Maryland,Howard County,339668,167559,172109,89867,88642,35075,39188,1002,952,34507,36117,153,137,6955,7073,96062,94821,38626,43010,2207,2256,37840,39351,402,438,151863,156965,77663,77053,33544,37586,311,281,34258,35866,80,95,6007,6084,83004,82357,36546,40815,1211,1274,37325,38821,283,346,15696,15144,12204,11589,1531,1602,691,671,249,251,73,42,948,989,13058,12464,2080,2195,996,982,515,530,119,92
Maryland,Kent County,19557,9369,10188,7652,8287,1299,1449,54,41,132,165,7,5,225,241,7855,8511,1447,1606,110,90,162,209,24,22,8721,9639,7158,7855,1223,1402,25,17,124,155,3,2,188,208,7326,8048,1353,1541,69,53,149,195,16,17,648,549,494,432,76,47,29,24,8,10,4,3,37,33,529,463,94,65,41,37,13,14,8,5
Maryland,Montgomery County,1082273,527131,555142,308326,313709,107545,119607,6328,6082,83705,93924,544,541,20683,21279,326535,332202,117329,130326,10585,10708,94039,104117,1470,1547,409308,438075,210839,217978,99516,110671,794,898,81883,91855,169,194,16107,16479,224955,232176,106785,118647,3397,3813,90782,100515,881,1009,117823,117067,97487,95731,8029,8936,5534,5184,1822,2069,375,347,4576,4800,101580,100026,10544,11679,7188,6895,3257,3602,589,538
Maryland,Prince George's County,966629,467660,498969,143265,131432,278813,320511,9518,8454,21019,22141,1098,1156,13947,15275,153956,142743,289212,332312,14712,14461,24851,26191,1687,1806,344837,390444,51973,51522,262593,305624,1001,1159,19670,20921,130,201,9470,11017,58930,59344,269679,314173,4061,5112,22629,24141,546,672,122823,108525,91292,79910,16220,14887,8517,7295,1349,1220,968,955,4477,4258,95026,83399,19533,18139,10651,9349,2222,2050,1141,1134
Maryland,Queen Anne's County,53688,26610,27078,23680,24197,1699,1695,203,154,335,452,31,34,662,546,24278,24699,2055,1983,341,272,538,614,65,66,24869,25276,22274,22706,1595,1590,76,63,306,408,12,12,606,497,22825,23163,1923,1851,188,164,500,561,42,42,1741,1802,1406,1491,104,105,127,91,29,44,19,22,56,49,1453,1536,132,132,153,108,38,53,23,24
Maryland,St. Mary's County,116469,58716,57753,44996,43538,9324,9542,313,308,1598,1995,89,57,2396,2313,47159,45621,10732,10931,690,676,2474,2813,201,165,54701,54079,41811,40577,8936,9232,206,199,1558,1947,69,52,2121,2072,43738,42440,10178,10473,489,498,2363,2717,168,146,4015,3674,3185,2961,388,310,107,109,40,48,20,5,275,241,3421,3181,554,458,201,178,111,96,33,19
Maryland,Somerset County,25241,13881,11360,7089,6552,6190,4225,77,50,138,136,18,15,369,382,7414,6883,6443,4495,160,130,204,212,42,40,13261,10726,6653,6098,6083,4113,52,36,135,130,7,5,331,344,6942,6397,6308,4363,126,98,196,200,30,28,620,634,436,454,107,112,25,14,3,6,11,10,38,38,472,486,135,132,34,32,8,12,12,12
Maryland,Talbot County,38244,18290,19954,15003,16179,2266,2569,234,346,300,375,46,40,441,445,15401,16580,2555,2857,317,437,400,470,68,64,16338,17851,13507,14673,2122,2443,45,38,274,336,14,8,376,353,13845,14991,2364,2671,110,102,365,416,34,29,1952,2103,1496,1506,144,126,189,308,26,39,32,32,65,92,1556,1589,191,186,207,335,35,54,34,35
Maryland,Washington County,157228,79949,77279,61255,62531,13414,9445,487,405,1816,1845,82,71,2895,2982,63980,65326,15485,11639,885,819,2383,2392,177,174,72515,70294,55422,57158,12660,8634,163,141,1733,1768,52,54,2485,2539,57754,59541,14440,10513,460,444,2265,2269,136,142,7434,6985,5833,5373,754,811,324,264,83,77,30,17,410,443,6226,5785,1045,1126,425,375,118,123,41,32
Maryland,Wicomico County,106329,50716,55613,32245,35514,14419,15937,301,287,1708,1822,112,69,1931,1984,34037,37329,15749,17330,571,555,2152,2303,202,165,46769,51663,29361,32473,13938,15474,128,134,1644,1774,21,18,1677,1790,30915,34110,15098,16729,342,359,2054,2228,98,105,3947,3950,2884,3041,481,463,173,153,64,48,91,51,254,194,3122,3219,651,601,229,196,98,75,104,60
Maryland,Worcester County,54337,26569,27768,22114,23073,3234,3520,117,113,501,423,20,11,583,628,22636,23623,3604,3929,238,242,635,568,60,55,25356,26697,21140,22235,3129,3414,78,74,475,413,14,6,520,555,21606,22722,3457,3777,182,178,598,547,48,48,1213,1071,974,838,105,106,39,39,26,10,6,5,63,73,1030,901,147,152,56,64,37,21,12,7
Maryland,Baltimore city,568271,263390,304881,91511,94028,153665,190951,2092,2074,8343,9017,448,376,7331,8435,97424,100601,158427,196718,4296,4744,10541,11504,778,745,238125,280278,73666,76805,149662,186708,730,786,8034,8732,99,138,5934,7109,78385,82275,153540,191594,2309,2878,10001,10979,355,439,25265,24603,17845,17223,4003,4243,1362,1288,309,285,349,238,1397,1326,19039,18326,4887,5124,1987,1866,540,525,423,306
Massachusetts,Barnstable County,232570,111817,120753,101164,110447,5255,4640,920,805,1992,2303,81,82,2405,2476,103345,112657,6446,5852,1523,1483,2818,3166,245,253,106943,116393,97529,107007,4765,4258,701,659,1751,2152,52,60,2145,2257,99477,109021,5773,5306,1236,1295,2544,2989,192,211,4874,4360,3635,3440,490,382,219,146,241,151,29,22,260,219,3868,3636,673,546,287,188,274,177,53,42
Massachusetts,Berkshire County,128726,62823,65903,56666,59778,2764,2541,308,260,1261,1467,57,46,1767,1811,58305,61454,3818,3641,634,593,1753,1967,145,131,58633,61935,53328,56622,2393,2190,128,112,1238,1433,23,32,1523,1546,54742,58060,3258,3086,402,394,1717,1902,97,102,4190,3968,3338,3156,371,351,180,148,23,34,34,14,244,265,3563,3394,560,555,232,199,36,65,48,29
Massachusetts,Bristol County,588593,288225,300368,242898,254678,26224,26226,2760,2250,7847,8641,465,434,8031,8139,250329,262185,31236,31300,4485,4055,9865,10659,912,917,255816,268456,219453,231514,21491,21149,714,702,7604,8392,224,208,6330,6491,225307,237490,25215,24971,2010,2108,9452,10236,587,597,32409,31912,23445,23164,4733,5077,2046,1548,243,249,241,226,1701,1648,25022,24695,6021,6329,2475,1947,413,423,325,320
Massachusetts,Dukes County,21061,10337,10724,9136,9378,609,762,137,113,131,161,7,9,317,301,9401,9630,768,922,244,209,201,232,46,41,9963,10327,8860,9128,557,709,130,100,125,153,6,2,285,235,9095,9322,699,828,224,183,192,209,44,28,374,397,276,250,52,53,7,13,6,8,1,7,32,66,306,308,69,94,20,26,9,23,2,13
Massachusetts,Essex County,823938,400089,423849,330120,351340,34529,35186,4901,4643,16879,18446,661,822,12999,13412,342385,363978,44078,45151,7851,7636,18872,20480,1198,1381,296388,316151,257361,276236,16267,15473,516,491,16030,17586,107,122,6107,6243,263106,282095,20255,19578,1756,1767,17496,19059,372,400,103701,107698,72759,75104,18262,19713,4385,4152,849,860,554,700,6892,7169,79279,81883,23823,25573,6095,5869,1376,1421,826,981
Massachusetts,Franklin County,70871,34928,35943,32312,33475,813,632,166,212,710,718,70,69,857,837,33082,34230,1171,982,436,490,989,969,129,125,32679,34087,30541,32018,592,468,92,143,698,704,55,57,701,697,31176,32648,859,741,304,374,954,931,106,104,2249,1856,1771,1457,221,164,74,69,12,14,15,12,156,140,1906,1582,312,241,132,116,35,38,23,21
Massachusetts,Hampden County,464151,225946,238205,182641,192380,27099,28325,1821,1960,6298,7473,444,457,7643,7610,189558,199223,32740,33954,4000,4164,7417,8577,789,782,162774,171446,133167,139891,18809,19561,348,354,5956,6988,103,109,4391,4543,137103,143937,21802,22676,1513,1610,6862,7881,317,327,63172,66759,49474,52489,8290,8764,1473,1606,342,485,341,348,3252,3067,52455,55286,10938,11278,2487,2554,555,696,472,455
Massachusetts,Hampshire County,165399,76966,88433,67097,76131,3030,3453,328,314,4229,5937,67,76,2215,2522,69089,78388,4018,4557,778,799,5195,7116,210,249,70891,81761,62401,70886,2404,2789,135,144,4157,5850,42,49,1752,2043,63981,72724,3104,3577,467,508,5025,6925,144,184,6075,6672,4696,5245,626,664,193,170,72,87,25,27,463,479,5108,5664,914,980,311,291,170,191,66,65
Massachusetts,Middlesex County,1668956,824812,844144,615164,631188,54820,54984,3026,2895,125578,130129,598,610,25626,24338,639080,653816,65954,65666,6815,6544,138632,142490,1706,1671,742120,763060,548111,565904,47341,46997,1047,1071,124415,128879,280,283,20926,19926,567661,584443,55302,54639,3726,3703,136388,140241,1151,1145,82692,81084,67053,65284,7479,7987,1979,1824,1163,1250,318,327,4700,4412,71419,69373,10652,11027,3089,2841,2244,2249,555,526
Massachusetts,Nantucket County,14670,7648,7022,6248,5972,977,732,52,28,145,144,1,21,225,125,6460,6084,1115,811,102,57,183,169,14,27,6150,5826,5037,4947,788,605,13,8,128,141,1,19,183,106,5208,5040,900,672,52,31,161,164,13,25,1498,1196,1211,1025,189,127,39,20,17,3,0,2,42,19,1252,1044,215,139,50,26,22,5,1,2
Massachusetts,Norfolk County,740754,358721,382033,265003,279876,33630,36167,928,1063,49649,54975,219,247,9292,9705,273458,288688,37601,40321,2315,2490,54461,60043,622,673,335580,358421,248011,262812,29894,32047,480,477,49024,54542,136,152,8035,8391,255350,270458,33028,35309,1567,1597,53568,59318,458,509,23141,23612,16992,17064,3736,4120,448,586,625,433,83,95,1257,1314,18108,18230,4573,5012,748,893,893,725,164,164
Massachusetts,Plymouth County,542090,264799,277291,217149,227229,35294,37055,1092,963,4580,5564,414,308,6270,6172,222707,232625,39031,40730,2478,2391,6431,7375,755,673,250176,263243,206802,217156,32661,34461,609,627,4481,5455,241,232,5382,5312,211572,221787,35747,37503,1761,1831,6227,7168,523,548,14623,14048,10347,10073,2633,2594,483,336,99,109,173,76,888,860,11135,10838,3284,3227,717,560,204,207,232,125
Massachusetts,Suffolk County,793144,382304,410840,237048,246803,87086,99291,3193,3169,38385,44080,609,621,15983,16876,250646,261113,98531,111349,7451,7594,42174,48262,1570,1615,287696,314111,170325,180382,70361,79927,634,731,37655,43211,223,240,8498,9620,177455,188448,75670,85990,2606,2938,40520,46495,777,859,94608,96729,66723,66421,16725,19364,2559,2438,730,869,386,381,7485,7256,73191,72665,22861,25359,4845,4656,1654,1767,793,756
Massachusetts,Worcester County,881248,438093,443155,363004,368199,33779,33048,2666,2331,26234,27209,307,410,12103,11958,374466,379483,40834,40055,5274,4909,29785,30786,731,805,374379,379437,312517,317452,26063,25132,755,716,25829,26850,112,151,9103,9136,321139,326075,30901,30001,2553,2572,29035,30124,419,447,63714,63718,50487,50747,7716,7916,1911,1615,405,359,195,259,3000,2822,53327,53408,9933,10054,2721,2337,750,662,312,358
Michigan,Alcona County,10624,5390,5234,5177,5013,46,48,40,50,16,38,7,2,104,83,5275,5088,99,92,86,84,28,48,8,5,5265,5135,5065,4926,42,47,40,47,16,36,3,1,99,78,5158,4996,93,89,83,78,28,46,4,4,125,99,112,87,4,1,0,3,0,2,4,1,5,5,117,92,6,3,3,6,0,2,4,1
Michigan,Alger County,8695,4881,3814,3874,3399,648,16,185,227,24,22,2,1,148,149,4019,3543,700,71,267,306,41,40,4,8,4790,3741,3807,3347,644,13,170,221,24,20,2,1,143,139,3948,3481,695,63,250,296,39,37,3,8,91,73,67,52,4,3,15,6,0,2,0,0,5,10,71,62,5,8,17,10,2,3,1,0
Michigan,Allegan County,122429,61796,60633,58403,57166,1073,930,441,479,549,732,31,33,1299,1293,59646,58399,1714,1579,909,959,795,969,72,75,56594,55624,53770,52706,900,777,308,322,494,678,16,21,1106,1120,54834,53773,1463,1357,669,707,712,898,52,56,5202,5009,4633,4460,173,153,133,157,55,54,15,12,193,173,4812,4626,251,222,240,252,83,71,20,19
Michigan,Alpena County,28903,14384,14519,13815,13995,120,97,120,109,81,80,8,5,240,233,14045,14214,239,209,205,191,128,126,15,18,14131,14247,13588,13754,120,97,110,99,76,79,7,4,230,214,13808,13957,234,199,191,174,122,119,14,16,253,272,227,241,0,0,10,10,5,1,1,1,10,19,237,257,5,10,14,17,6,7,1,2
Michigan,Antrim County,24536,12285,12251,11780,11665,76,107,175,166,33,76,9,9,212,228,11986,11881,162,204,277,277,67,107,13,17,11973,11972,11515,11440,66,98,153,142,31,76,9,8,199,208,11708,11637,145,186,250,243,64,105,13,16,312,279,265,225,10,9,22,24,2,0,0,1,13,20,278,244,17,18,27,34,3,2,0,1
Michigan,Arenac County,15087,7706,7381,7336,7046,69,47,102,99,19,31,6,6,174,152,7503,7189,144,118,173,159,51,58,14,12,7504,7213,7165,6897,62,45,92,94,18,31,6,5,161,141,7319,7030,132,108,155,152,50,56,14,11,202,168,171,149,7,2,10,5,1,0,0,1,13,11,184,159,12,10,18,7,1,2,0,1
Michigan,Baraga County,8169,4461,3708,3141,2902,539,25,566,556,17,26,1,0,197,199,3333,3089,604,83,678,674,45,54,3,10,4376,3640,3102,2870,536,20,529,530,17,25,0,0,192,195,3289,3053,597,77,639,645,45,53,2,10,85,68,39,32,3,5,37,26,0,1,1,0,5,4,44,36,7,6,39,29,0,1,1,0
Michigan,Barry County,64025,32373,31652,30968,30268,346,289,199,229,205,222,9,7,646,637,31596,30865,611,570,456,496,337,349,26,21,31116,30457,29880,29255,324,245,153,165,188,210,3,4,568,578,30433,29797,554,501,369,402,312,330,19,16,1257,1195,1088,1013,22,44,46,64,17,12,6,3,78,59,1163,1068,57,69,87,94,25,19,7,5
Michigan,Bay County,102651,50709,51942,47549,48815,1195,962,365,373,307,428,12,13,1281,1351,48786,50107,1912,1745,790,812,477,608,38,49,47527,48814,44816,46121,1070,844,273,286,291,418,9,11,1068,1134,45845,47206,1673,1522,606,629,448,578,31,39,3182,3128,2733,2694,125,118,92,87,16,10,3,2,213,217,2941,2901,239,223,184,183,29,30,7,10
Michigan,Benzie County,18520,9291,9229,8847,8788,101,77,118,129,58,62,4,4,163,169,9007,8942,169,156,187,202,83,93,11,8,9025,8987,8630,8571,92,73,106,122,47,57,1,3,149,161,8776,8717,152,146,169,193,72,87,8,7,266,242,217,217,9,4,12,7,11,5,3,1,14,8,231,225,17,10,18,9,11,6,3,1
Michigan,Berrien County,152703,74833,77870,60066,61802,10144,11187,550,566,1654,1968,118,81,2301,2266,62195,63899,11472,12525,1175,1194,2224,2512,201,182,69670,72765,55725,57453,9815,10904,417,400,1596,1921,85,70,2032,2017,57608,59324,10991,12104,928,922,2131,2428,157,155,5163,5105,4341,4349,329,283,133,166,58,47,33,11,269,249,4587,4575,481,421,247,272,93,84,44,27
Michigan,Branch County,46187,23923,22264,22069,21213,1041,243,152,134,159,213,16,11,486,450,22527,21630,1209,417,327,298,320,356,32,26,21981,20514,20331,19656,976,204,99,80,143,193,11,8,421,373,20733,20008,1112,350,239,196,298,326,25,17,1942,1750,1738,1557,65,39,53,54,16,20,5,3,65,77,1794,1622,97,67,88,102,22,30,7,9
Michigan,Calhoun County,133785,66005,67780,52785,54818,7674,7481,605,504,1945,2087,36,38,2960,2852,55582,57511,9709,9466,1277,1183,2414,2516,131,137,61748,63561,49393,51446,7371,7192,403,340,1905,2049,25,28,2651,2506,51900,53815,9205,8965,974,891,2346,2443,110,108,4257,4219,3392,3372,303,289,202,164,40,38,11,10,309,346,3682,3696,504,501,303,292,68,73,21,29
Michigan,Cass County,51550,26028,25522,23227,22866,1342,1201,296,329,185,310,36,11,942,805,24126,23616,1884,1674,596,596,319,421,67,47,24635,24363,22097,21896,1260,1143,235,273,182,300,11,8,850,743,22906,22587,1749,1582,498,515,311,405,41,40,1393,1159,1130,970,82,58,61,56,3,10,25,3,92,62,1220,1029,135,92,98,81,8,16,26,7
Michigan,Charlevoix County,26105,13027,13078,12326,12406,119,79,225,217,68,105,11,10,278,261,12586,12650,209,167,378,356,117,146,20,24,12701,12803,12095,12189,97,78,192,184,67,102,11,10,239,240,12319,12414,172,155,320,316,114,139,20,22,326,275,231,217,22,1,33,33,1,3,0,0,39,21,267,236,37,12,58,40,3,7,0,2
Michigan,Cheboygan County,25964,13140,12824,12091,11779,200,105,419,445,52,89,6,9,372,397,12446,12156,311,228,652,694,90,131,21,19,12882,12579,11914,11614,188,100,390,400,50,88,5,6,335,371,12234,11966,285,209,601,639,86,126,17,16,258,245,177,165,12,5,29,45,2,1,1,3,37,26,212,190,26,19,51,55,4,5,4,3
Michigan,Chippewa County,36253,19902,16351,13608,11965,2086,163,3030,3036,116,140,9,16,1053,1031,14615,12935,2293,372,3747,3777,291,277,40,48,19446,15932,13307,11679,2063,159,2941,2955,109,139,8,11,1018,989,14279,12610,2255,354,3638,3668,283,270,39,42,456,419,301,286,23,4,89,81,7,1,1,5,35,42,336,325,38,18,109,109,8,7,1,6
Michigan,Clare County,31405,15792,15613,15117,15039,168,107,173,126,53,58,6,7,275,276,15380,15300,260,207,323,281,91,89,16,15,15374,15261,14769,14740,155,101,146,101,49,56,6,7,249,256,15006,14981,240,192,278,246,86,86,16,15,418,352,348,299,13,6,27,25,4,2,0,0,26,20,374,319,20,15,45,35,5,3,0,0
Michigan,Clinton County,80050,39720,40330,36732,37384,924,836,241,228,813,843,24,29,986,1010,37668,38333,1403,1333,519,559,1087,1089,54,63,37490,38200,34806,35560,826,754,180,167,785,828,20,21,873,870,35635,36377,1252,1189,405,427,1044,1051,47,46,2230,2130,1926,1824,98,82,61,61,28,15,4,8,113,140,2033,1956,151,144,114,132,43,38,7,17
Michigan,Crawford County,13599,6943,6656,6625,6333,78,53,65,53,41,87,5,4,129,126,6748,6448,134,121,124,104,64,103,6,9,6773,6468,6480,6166,66,48,62,45,39,87,5,4,121,118,6595,6274,119,114,116,91,62,101,6,9,170,188,145,167,12,5,3,8,2,0,0,0,8,8,153,174,15,7,8,13,2,2,0,0
Michigan,Delta County,36687,18405,18282,17068,17012,123,72,539,519,91,116,4,8,580,555,17625,17541,313,276,852,807,190,200,15,21,18104,18009,16852,16807,112,63,512,490,91,116,2,8,535,525,17364,17307,287,253,796,763,190,197,12,20,301,273,216,205,11,9,27,29,0,0,2,0,45,30,261,234,26,23,56,44,0,3,3,1
Michigan,Dickinson County,25995,13211,12784,12488,12239,103,55,156,130,162,123,17,7,285,230,12753,12454,210,149,303,236,220,164,24,14,12879,12530,12238,12038,102,52,140,114,161,119,8,3,230,204,12452,12227,188,135,251,206,212,158,13,10,332,254,250,201,1,3,16,16,1,4,9,4,55,26,301,227,22,14,52,30,8,6,11,4
Michigan,Eaton County,109494,54097,55397,46344,47666,4136,4249,324,308,1588,1399,33,31,1672,1744,47915,49301,5044,5226,851,844,1930,1740,89,88,50424,51790,43258,44640,3896,4011,226,226,1563,1368,24,22,1457,1523,44631,46070,4699,4883,643,661,1886,1673,75,69,3673,3607,3086,3026,240,238,98,82,25,31,9,9,215,221,3284,3231,345,343,208,183,44,67,14,19
Michigan,Emmet County,33949,16915,17034,15599,15760,180,116,616,620,85,143,16,35,419,360,15993,16093,307,234,852,839,152,190,35,45,16519,16671,15304,15487,163,107,565,568,83,143,16,33,388,333,15669,15796,280,210,780,776,149,186,34,42,396,363,295,273,17,9,51,52,2,0,0,2,31,27,324,297,27,24,72,63,3,4,1,3
Michigan,Genesee County,402279,194876,207403,147265,152818,37616,43500,1106,1274,2384,2893,64,76,6441,6842,153180,159071,41774,47992,3020,3463,3593,4073,218,242,185785,198246,139762,145536,36954,42686,878,976,2297,2826,43,56,5851,6166,145144,151175,40754,46772,2541,2862,3441,3920,177,186,9091,9157,7503,7282,662,814,228,298,87,67,21,20,590,676,8036,7896,1020,1220,479,601,152,153,41,56
Michigan,Gladwin County,25995,13214,12781,12804,12375,95,54,88,93,48,76,6,3,173,180,12965,12539,155,133,173,182,81,100,17,12,12876,12478,12510,12104,93,54,73,77,44,68,5,2,151,173,12649,12262,142,130,148,162,76,91,15,10,338,303,294,271,2,0,15,16,4,8,1,1,22,7,316,277,13,3,25,20,5,9,2,2
Michigan,Gogebic County,14217,7305,6912,6799,6390,81,40,247,253,21,42,7,4,150,183,6939,6564,124,106,325,356,56,65,15,7,7103,6781,6641,6292,79,39,221,233,20,42,2,3,140,172,6772,6455,120,99,292,331,53,65,10,5,202,131,158,98,2,1,26,20,1,0,5,1,10,11,167,109,4,7,33,25,3,0,5,2
Michigan,Grand Traverse County,96625,47948,48677,45235,46127,548,347,601,598,433,571,50,53,1081,981,46247,47051,969,739,1037,1019,705,795,93,82,46132,47080,43735,44796,487,313,486,504,422,553,37,43,965,871,44638,45613,867,659,848,867,686,766,77,69,1816,1597,1500,1331,61,34,115,94,11,18,13,10,116,110,1609,1438,102,80,189,152,19,29,16,13
Michigan,Gratiot County,41372,22447,18925,19256,18115,2541,154,198,157,93,135,12,11,347,353,19577,18449,2687,301,344,320,164,192,31,22,20707,17462,17728,16839,2495,126,120,93,82,125,9,3,273,276,17981,17100,2610,244,225,214,145,174,25,10,1740,1463,1528,1276,46,28,78,64,11,10,3,8,74,77,1596,1349,77,57,119,106,19,18,6,12
Michigan,Hillsdale County,45590,22791,22799,21994,21903,211,172,128,152,90,141,6,9,362,422,22333,22311,354,353,292,338,157,208,22,18,22097,22151,21384,21349,184,147,105,123,85,138,6,8,333,386,21694,21721,315,306,254,296,150,204,22,16,694,648,610,554,27,25,23,29,5,3,0,1,29,36,639,590,39,47,38,42,7,4,0,2
Michigan,Houghton County,38041,20903,17138,19369,16084,264,192,160,142,784,431,6,8,320,281,19651,16341,359,291,314,268,884,505,28,22,20481,16831,19023,15828,254,186,140,118,776,428,6,6,282,265,19269,16069,335,277,271,237,873,501,27,20,422,307,346,256,10,6,20,24,8,3,0,2,38,16,382,272,24,14,43,31,11,4,1,2
Michigan,Huron County,30780,15416,15364,14927,14878,128,98,89,82,97,138,2,8,173,160,15088,15022,201,166,160,163,131,162,11,14,14898,14900,14466,14439,121,88,67,78,95,138,2,8,147,149,14602,14572,183,149,127,154,124,162,11,14,518,464,461,439,7,10,22,4,2,0,0,0,26,11,486,450,18,17,33,9,7,0,0,0
Michigan,Ingham County,290427,141601,148826,104423,110695,17959,18924,913,951,11370,11116,131,131,6805,7009,110822,117271,22379,23547,2420,2641,12996,12659,291,294,128870,135867,94246,100479,16854,17655,562,622,11267,10953,83,85,5858,6073,99768,106184,20652,21658,1729,1958,12761,12382,211,212,12731,12959,10177,10216,1105,1269,351,329,103,163,48,46,947,936,11054,11087,1727,1889,691,683,235,277,80,82
Michigan,Ionia County,66250,36184,30066,31540,28762,3522,277,262,218,171,165,17,14,672,630,32165,29358,3842,572,505,455,311,276,43,40,34034,28525,29708,27443,3424,232,174,139,156,155,12,6,560,550,30230,27965,3696,493,358,330,281,262,36,29,2150,1541,1832,1319,98,45,88,79,15,10,5,8,112,80,1935,1393,146,79,147,125,30,14,7,11
Michigan,Iosco County,25361,12696,12665,11984,12023,152,105,131,113,121,144,12,8,296,272,12263,12282,245,206,285,258,170,181,32,15,12263,12305,11633,11752,129,89,100,80,120,142,10,7,271,235,11888,11974,214,173,241,205,164,177,30,14,433,360,351,271,23,16,31,33,1,2,2,1,25,37,375,308,31,33,44,53,6,4,2,1
Michigan,Iron County,11709,5854,5855,5569,5540,53,26,92,106,13,51,2,2,125,130,5685,5666,100,84,156,168,31,69,9,4,5717,5670,5464,5399,51,24,76,86,13,50,2,2,111,109,5566,5504,93,74,132,138,30,63,9,4,137,185,105,141,2,2,16,20,0,1,0,0,14,21,119,162,7,10,24,30,1,6,0,0
Michigan,Isabella County,65072,31797,33275,27742,29114,1013,972,1350,1311,552,657,19,25,1121,1196,28791,30244,1527,1535,1783,1773,793,893,66,67,30033,31476,26548,27844,940,879,1046,1040,540,639,18,23,941,1051,27429,28836,1383,1386,1377,1418,759,863,60,62,1764,1799,1194,1270,73,93,304,271,12,18,1,2,180,145,1362,1408,144,149,406,355,34,30,6,5
Michigan,Jackson County,160233,82172,78061,70474,69015,7779,5006,425,325,769,863,44,50,2681,2802,73034,71709,9661,7007,985,943,1139,1212,123,113,78598,74688,67487,66269,7566,4796,333,231,747,834,31,31,2434,2527,69813,68702,9299,6626,809,750,1090,1156,101,88,3574,3373,2987,2746,213,210,92,94,22,29,13,19,247,275,3221,3007,362,381,176,193,49,56,22,25
Michigan,Kalamazoo County,264780,129534,135246,103969,108015,15181,16364,759,686,4199,4626,134,76,5292,5479,108938,113155,18689,20076,1994,2082,5382,5741,281,201,121487,127074,97609,101365,14484,15747,516,451,4109,4547,97,54,4672,4910,102005,105983,17598,19088,1529,1614,5195,5581,216,160,8047,8172,6360,6650,697,617,243,235,90,79,37,22,620,569,6933,7172,1091,988,465,468,187,160,65,41
Michigan,Kalkaska County,18618,9488,9130,8977,8686,104,68,104,100,61,75,5,5,237,196,9199,8872,187,144,231,206,94,98,15,11,9238,8929,8792,8526,102,66,76,93,58,73,4,5,206,166,8985,8682,176,133,182,183,88,90,14,11,250,201,185,160,2,2,28,7,3,2,1,0,31,30,214,190,11,11,49,23,6,8,1,0
Michigan,Kent County,673002,333691,339311,269652,274010,37615,38087,2375,2477,12235,13332,305,293,11509,11112,280559,284511,45211,45541,5335,5529,14772,15558,658,590,293129,299676,236296,241335,34407,34904,1003,1097,11961,13082,92,85,9370,9173,245215,250017,40597,41072,3083,3321,14184,15041,355,289,40562,39635,33356,32675,3208,3183,1372,1380,274,250,213,208,2139,1939,35344,34494,4614,4469,2252,2208,588,517,303,301
Michigan,Keweenaw County,2161,1088,1073,1065,1030,2,5,4,2,1,4,0,0,16,32,1081,1062,6,16,14,18,2,9,1,0,1074,1048,1057,1011,2,5,4,2,1,4,0,0,10,26,1067,1037,4,12,10,16,2,9,1,0,14,25,8,19,0,0,0,0,0,0,0,0,6,6,14,25,2,4,4,2,0,0,0,0
Michigan,Lake County,13005,7159,5846,5869,5072,928,407,85,88,15,23,2,2,260,254,6112,5307,1065,539,195,189,47,53,12,18,6506,5365,5374,4719,862,348,54,67,15,20,2,2,199,209,5559,4915,976,458,129,147,40,43,11,14,653,481,495,353,66,59,31,21,0,3,0,0,61,45,553,392,89,81,66,42,7,10,1,4
Michigan,Lapeer County,89168,45782,43386,43390,41743,1075,277,275,243,299,342,8,7,735,774,44087,42490,1346,564,603,591,459,492,34,32,43268,41226,41096,39776,1026,242,190,170,286,331,6,4,664,703,41725,40455,1274,503,474,474,438,476,30,27,2514,2160,2294,1967,49,35,85,73,13,11,2,3,71,71,2362,2035,72,61,129,117,21,16,4,5
Michigan,Leelanau County,22871,11370,11501,10652,10695,86,78,334,377,72,102,8,9,218,240,10855,10920,155,151,457,522,109,133,20,19,10829,11010,10239,10353,73,70,251,301,69,102,6,6,191,178,10416,10518,136,124,355,404,102,128,16,16,541,491,413,342,13,8,83,76,3,0,2,3,27,62,439,402,19,27,102,118,7,5,4,3
Michigan,Lenawee County,97746,49216,48530,45580,45966,1850,851,333,242,230,277,45,12,1178,1182,46686,47082,2463,1474,755,676,434,451,85,61,44576,44090,41500,42019,1668,638,200,174,211,252,23,7,974,1000,42414,42964,2187,1170,526,517,388,407,56,51,4640,4440,4080,3947,182,213,133,68,19,25,22,5,204,182,4272,4118,276,304,229,159,46,44,29,10
Michigan,Livingston County,196976,99224,97752,95293,93825,861,704,504,438,881,1269,61,59,1624,1457,96822,95197,1287,1108,1167,1035,1520,1801,117,114,96145,94760,92631,91209,788,627,360,317,843,1235,52,47,1471,1325,94022,92460,1173,993,913,822,1452,1753,101,96,3079,2992,2662,2616,73,77,144,121,38,34,9,12,153,132,2800,2737,114,115,254,213,68,48,16,18
Michigan,Luce County,6328,3884,2444,2708,2150,839,11,197,171,10,6,1,5,129,101,2828,2251,883,44,274,226,29,17,4,9,3808,2377,2651,2102,837,11,189,161,10,6,1,1,120,96,2762,2198,878,42,258,213,29,16,4,5,76,67,57,48,2,0,8,10,0,0,0,4,9,5,66,53,5,2,16,13,0,1,0,4
Michigan,Mackinac County,11144,5595,5549,4125,3984,312,353,860,852,41,60,3,0,254,300,4371,4278,362,411,1049,1074,66,81,6,7,5424,5424,3993,3894,305,352,839,828,40,59,2,0,245,291,4230,4179,354,404,1022,1045,63,80,5,7,171,125,132,90,7,1,21,24,1,1,1,0,9,9,141,99,8,7,27,29,3,1,1,0
Michigan,Macomb County,886175,433390,452785,336274,342363,57494,69091,1526,1550,25066,26472,209,180,12821,13129,348428,354743,63479,75482,4655,5047,29778,30943,799,740,418040,438292,323474,330523,56515,67970,1080,1289,24821,26213,166,139,11984,12158,334854,342015,62062,73859,3849,4343,29343,30485,712,638,15350,14493,12800,11840,979,1121,446,261,245,259,43,41,837,971,13574,12728,1417,1623,806,704,435,458,87,102
Michigan,Manistee County,25519,13196,12323,11737,11583,806,66,324,280,53,81,3,7,273,306,11998,11872,915,181,475,449,84,110,9,17,12718,11842,11354,11173,797,63,277,247,50,77,3,7,237,275,11579,11431,889,166,405,399,79,105,9,16,478,481,383,410,9,3,47,33,3,4,0,0,36,31,419,441,26,15,70,50,5,5,0,1
Michigan,Marquette County,67979,34407,33572,31825,31481,856,243,730,693,181,382,21,13,794,760,32579,32186,1115,501,1137,1077,353,543,48,47,33617,32873,31187,30914,834,222,692,650,177,379,15,11,712,697,31866,31562,1068,457,1049,994,336,529,39,45,790,699,638,567,22,21,38,43,4,3,6,2,82,63,713,624,47,44,88,83,17,14,9,2
Michigan,Mason County,29093,14457,14636,13653,13851,181,116,160,163,135,160,5,3,323,343,13958,14172,345,283,289,299,183,216,18,17,13696,13898,12984,13221,161,94,136,126,135,156,5,3,275,298,13246,13500,298,239,241,237,175,208,17,17,761,738,669,630,20,22,24,37,0,4,0,0,48,45,712,672,47,44,48,62,8,8,1,0
Michigan,Mecosta County,41947,21226,20721,19687,19200,546,568,164,198,177,212,16,5,636,538,20280,19690,875,845,406,410,278,302,49,31,20496,20072,19133,18680,498,528,132,156,171,210,6,4,556,494,19654,19131,792,784,332,343,260,295,35,29,730,649,554,520,48,40,32,42,6,2,10,1,80,44,626,559,83,61,74,67,18,7,14,2
Michigan,Menominee County,23050,11882,11168,11098,10404,136,124,385,352,48,76,7,3,208,209,11294,10604,220,202,481,447,79,118,20,10,11558,10856,10870,10170,112,112,338,309,48,75,7,3,183,187,11042,10350,188,183,419,390,76,114,18,10,324,312,228,234,24,12,47,43,0,1,0,0,25,22,252,254,32,19,62,57,3,4,2,0
Michigan,Midland County,84022,41746,42276,38982,39564,704,545,259,240,893,1082,44,36,864,809,39804,40327,1092,898,534,526,1132,1290,75,66,40156,40808,37630,38289,647,500,201,189,879,1067,42,36,757,727,38354,38981,986,812,421,429,1100,1266,70,64,1590,1468,1352,1275,57,45,58,51,14,15,2,0,107,82,1450,1346,106,86,113,97,32,24,5,2
Michigan,Missaukee County,15239,7715,7524,7421,7175,57,49,61,72,42,50,0,2,134,176,7545,7341,113,116,125,164,60,73,7,11,7403,7275,7168,6986,50,42,44,52,33,45,0,2,108,148,7268,7131,95,97,91,123,51,65,6,11,312,249,253,189,7,7,17,20,9,5,0,0,26,28,277,210,18,19,34,41,9,8,1,0
Michigan,Monroe County,156045,77860,78185,72553,73133,2598,2408,391,410,502,619,29,26,1787,1589,74252,74651,3550,3234,975,961,834,890,80,72,74072,74560,69257,69994,2449,2261,239,250,483,599,19,20,1625,1436,70815,71371,3323,3016,736,721,793,854,63,60,3788,3625,3296,3139,149,147,152,160,19,20,10,6,162,153,3437,3280,227,218,239,240,41,36,17,12
Michigan,Montcalm County,69314,37339,31975,33242,30680,3003,198,278,221,135,205,18,26,663,645,33865,31292,3289,462,588,521,242,316,40,51,35466,30390,31556,29279,2952,166,224,170,128,197,13,15,593,563,32115,29820,3207,399,488,417,229,300,34,37,1873,1585,1686,1401,51,32,54,51,7,8,5,11,70,82,1750,1472,82,63,100,104,13,16,6,14
Michigan,Montmorency County,9828,5085,4743,4885,4557,48,13,46,48,9,40,1,0,96,85,4975,4638,88,41,89,89,26,60,4,3,4970,4659,4780,4486,42,12,44,40,9,39,1,0,94,82,4869,4565,81,38,85,79,26,58,4,3,115,84,105,71,6,1,2,8,0,1,0,0,2,3,106,73,7,3,4,10,0,2,0,0
Michigan,Muskegon County,177428,88644,88784,71787,71989,12176,11906,821,829,493,754,37,35,3330,3271,74931,75079,14276,13960,1810,1848,992,1217,129,127,82716,82876,67006,67175,11782,11581,612,613,454,712,12,18,2850,2777,69715,69811,13606,13360,1380,1410,904,1126,88,87,5928,5908,4781,4814,394,325,209,216,39,42,25,17,480,494,5216,5268,670,600,430,438,88,91,41,40
Michigan,Newaygo County,51504,26164,25340,24713,24128,403,305,278,235,128,148,13,8,629,516,25305,24620,705,545,533,449,226,232,45,25,24362,23747,23161,22716,355,248,181,180,114,144,9,5,542,454,23675,23152,618,468,388,358,202,216,34,20,1802,1593,1552,1412,48,57,97,55,14,4,4,3,87,62,1630,1468,87,77,145,91,24,16,11,5
Michigan,Oakland County,1296888,640434,656454,475123,476635,80391,98192,2134,2340,66510,62478,218,239,16058,16570,489969,491819,88047,106369,6118,7001,73091,68765,834,864,605756,622103,444548,447182,78690,96136,1515,1599,66227,62040,133,155,14643,14991,458117,460933,85563,103456,4887,5512,72430,67947,669,683,34678,34351,30575,29453,1701,2056,619,741,283,438,85,84,1415,1579,31852,30886,2484,2913,1231,1489,661,818,165,181
Michigan,Oceana County,27014,13756,13258,13038,12615,198,142,220,169,39,61,4,8,257,263,13283,12872,298,237,352,308,72,98,13,18,11416,11337,10900,10872,158,107,133,102,27,51,0,4,198,201,11090,11069,239,186,229,197,51,83,8,13,2340,1921,2138,1743,40,35,87,67,12,10,4,4,59,62,2193,1803,59,51,123,111,21,15,5,5
Michigan,Ogemaw County,20985,10552,10433,10037,9950,89,67,105,111,123,98,7,3,191,204,10217,10142,162,135,213,231,144,130,14,5,10310,10157,9837,9728,88,60,95,94,121,98,6,2,163,175,9992,9894,152,116,183,196,140,127,12,3,242,276,200,222,1,7,10,17,2,0,1,1,28,29,225,248,10,19,30,35,4,3,2,2
Michigan,Ontonagon County,5824,3007,2817,2862,2632,27,16,57,68,22,28,1,0,38,73,2899,2702,47,37,68,111,28,40,3,2,2945,2758,2806,2591,27,16,52,55,22,28,1,0,37,68,2842,2656,46,37,63,93,28,40,3,2,62,59,56,41,0,0,5,13,0,0,0,0,1,5,57,46,1,0,5,18,0,0,0,0
Michigan,Osceola County,23484,12072,11412,11484,10868,165,101,94,115,46,68,9,8,274,252,11745,11109,289,210,215,233,87,107,18,12,11802,11114,11265,10618,151,87,82,96,46,67,8,7,250,239,11504,10846,263,193,193,205,85,105,13,11,270,298,219,250,14,14,12,19,0,1,1,1,24,13,241,263,26,17,22,28,2,2,5,1
Michigan,Oscoda County,8596,4370,4226,4169,4048,47,31,58,43,16,23,0,4,80,77,4242,4120,84,62,98,84,29,34,1,6,4267,4143,4081,3978,47,29,51,37,14,23,0,3,74,73,4149,4046,81,58,87,75,26,34,1,5,103,83,88,70,0,2,7,6,2,0,0,1,6,4,93,74,3,4,11,9,3,0,0,1
Michigan,Otsego County,26083,13215,12868,12536,12229,124,82,145,117,72,167,7,6,331,267,12847,12478,275,189,280,250,134,216,20,11,12939,12556,12309,11961,120,76,124,106,72,164,7,6,307,243,12599,12187,258,173,252,229,127,207,19,10,276,312,227,268,4,6,21,11,0,3,0,0,24,24,248,291,17,16,28,21,7,9,1,1
Michigan,Ottawa County,306235,151837,154398,139296,141522,3781,3178,835,875,4349,5267,110,95,3466,3461,142617,144822,5473,4898,1691,1786,5514,6374,208,202,134848,138801,124457,127813,2975,2646,412,432,4063,4999,57,58,2884,2853,127239,130549,4362,4061,1022,1070,5122,5999,131,138,16989,15597,14839,13709,806,532,423,443,286,268,53,37,582,608,15378,14273,1111,837,669,716,392,375,77,64
Michigan,Presque Isle County,13230,6670,6560,6406,6294,44,44,76,63,36,47,0,6,108,106,6501,6394,98,81,128,118,52,67,5,6,6540,6442,6311,6210,43,41,68,53,32,44,0,2,86,92,6386,6296,85,73,106,99,46,64,5,2,130,118,95,84,1,3,8,10,4,3,0,4,22,14,115,98,13,8,22,19,6,3,0,4
Michigan,Roscommon County,23932,12137,11795,11639,11289,107,68,122,108,80,86,5,3,184,241,11811,11518,179,154,222,234,106,129,8,8,11870,11547,11429,11096,93,57,105,85,80,85,4,3,159,221,11577,11307,157,132,189,201,103,126,7,8,267,248,210,193,14,11,17,23,0,1,1,0,25,20,234,211,22,22,33,33,3,3,1,0
Michigan,Saginaw County,187714,91505,96209,69828,72546,17056,18879,583,564,1240,1291,58,66,2740,2863,72412,75232,18954,20872,1248,1281,1650,1709,152,161,82793,87207,62815,65403,16208,17911,342,320,1195,1230,40,42,2193,2301,64889,67560,17739,19532,820,829,1553,1597,106,118,8712,9002,7013,7143,848,968,241,244,45,61,18,24,547,562,7523,7672,1215,1340,428,452,97,112,46,43
Michigan,St. Clair County,160308,80130,80178,74793,75047,2292,1935,451,468,450,583,28,34,2116,2111,76821,77073,3477,3124,1140,1171,803,912,75,84,76924,77104,72126,72485,2162,1791,337,334,428,566,20,30,1851,1898,73906,74307,3211,2873,888,928,760,879,58,77,3206,3074,2667,2562,130,144,114,134,22,17,8,4,265,213,2915,2766,266,251,252,243,43,33,17,7
Michigan,St. Joseph County,61171,30723,30448,28599,28358,847,706,210,206,190,323,9,11,868,844,29431,29170,1365,1225,444,434,342,455,28,31,27528,27506,25655,25659,780,649,119,122,180,312,3,5,791,759,26414,26391,1255,1119,320,313,324,439,20,24,3195,2942,2944,2699,67,57,91,84,10,11,6,6,77,85,3017,2779,110,106,124,121,18,16,8,7
Michigan,Sanilac County,40293,20288,20005,19544,19410,188,104,154,111,90,99,6,7,306,274,19835,19667,324,228,283,226,147,150,13,17,19293,19239,18681,18730,163,91,98,88,76,88,6,7,269,235,18936,18951,282,196,208,180,128,137,13,17,995,766,863,680,25,13,56,23,14,11,0,0,37,39,899,716,42,32,75,46,19,13,0,0
Michigan,Schoolcraft County,8178,4102,4076,3506,3478,34,23,378,395,24,18,2,1,158,161,3655,3634,91,77,470,486,41,37,5,7,4020,4000,3449,3422,30,19,365,385,24,18,0,0,152,156,3592,3573,84,70,454,474,41,36,3,6,82,76,57,56,4,4,13,10,0,0,2,1,6,5,63,61,7,7,16,12,0,1,2,1
Michigan,Shiawassee County,67982,33970,34012,32611,32761,346,216,207,167,154,244,24,33,628,591,33216,33320,633,478,454,416,276,354,35,48,32836,32798,31648,31721,312,189,159,127,144,233,15,18,558,510,32186,32203,566,417,369,327,259,338,25,32,1134,1214,963,1040,34,27,48,40,10,11,9,15,70,81,1030,1117,67,61,85,89,17,16,10,16
Michigan,Tuscola County,52757,26785,25972,25686,24962,427,278,211,206,81,107,7,14,373,405,26042,25345,573,426,395,421,141,171,15,26,25662,24921,24670,24066,412,248,172,152,72,98,5,9,331,348,24984,24395,539,377,334,330,130,156,13,20,1123,1051,1016,896,15,30,39,54,9,9,2,5,42,57,1058,950,34,49,61,91,11,15,2,6
Michigan,Van Buren County,76129,38065,38064,34743,34712,1426,1404,469,418,316,354,28,30,1083,1146,35771,35780,2009,2025,838,833,513,562,66,69,32798,33377,30009,30525,1260,1255,280,254,272,316,9,11,968,1016,30927,31471,1786,1818,592,601,456,506,44,47,5267,4687,4734,4187,166,149,189,164,44,38,19,19,115,130,4844,4309,223,207,246,232,57,56,22,22
Michigan,Washtenaw County,373875,186579,187296,135263,136061,22740,22647,866,773,20322,20390,122,133,7266,7292,142080,142805,26465,26509,2372,2494,23309,23218,337,351,175007,176163,125685,126987,22025,21899,501,488,20108,20195,72,75,6616,6519,131901,133037,25374,25309,1755,1880,22930,22848,243,246,11572,11133,9578,9074,715,748,365,285,214,195,50,58,650,773,10179,9768,1091,1200,617,614,379,370,94,105
Michigan,Wayne County,1771063,856253,914810,482714,486490,306064,358087,4489,4649,35797,37595,175,163,27014,27826,506359,510529,321435,374630,12270,13435,45079,46357,1114,1106,791726,852492,427635,434041,301250,352804,2701,3131,35586,37371,50,67,24504,25078,449088,455692,315004,367575,9367,10587,44285,45586,871,856,64527,62318,55079,52449,4814,5283,1788,1518,211,224,125,96,2510,2748,57271,54837,6431,7055,2903,2848,794,771,243,250
Michigan,Wexford County,34460,17280,17180,16420,16391,200,108,157,122,120,114,9,11,374,434,16780,16806,365,293,305,320,192,183,17,24,16749,16648,15982,15983,176,98,121,103,118,113,8,11,344,340,16312,16306,328,241,252,250,189,177,16,22,531,532,438,408,24,10,36,19,2,1,1,0,30,94,468,500,37,52,53,70,3,6,1,2
Minnesota,Aitkin County,16335,8311,8024,7897,7576,55,53,185,195,24,36,1,8,149,156,8033,7726,133,125,239,257,52,63,6,12,8172,7895,7795,7481,48,44,173,185,24,36,1,8,131,141,7917,7617,120,111,216,238,47,62,5,11,139,129,102,95,7,9,12,10,0,0,0,0,18,15,116,109,13,14,23,19,5,1,1,1
Minnesota,Anoka County,376840,189248,187592,149494,146881,19182,19305,1770,1781,12400,13314,133,113,6269,6198,155503,152781,22382,22425,3454,3543,14412,15274,293,272,176981,176203,139347,137579,18702,18807,1047,1073,12212,13145,98,76,5575,5523,144697,142847,21563,21600,2406,2502,14110,14980,228,213,12267,11389,10147,9302,480,498,723,708,188,169,35,37,694,675,10806,9934,819,825,1048,1041,302,294,65,59
Minnesota,Becker County,35444,17917,17527,15747,15239,169,115,1225,1386,115,138,8,11,653,638,16381,15854,301,255,1655,1811,219,233,20,23,17499,17132,15488,15023,149,92,1144,1277,113,133,8,9,597,598,16067,15599,265,221,1535,1678,214,224,20,19,418,395,259,216,20,23,81,109,2,5,0,2,56,40,314,255,36,34,120,133,5,9,0,4
Minnesota,Beltrami County,46762,23534,23228,17060,16903,268,168,5076,5082,181,224,15,17,934,834,17957,17692,581,422,5576,5563,357,378,37,37,22871,22646,16777,16636,242,137,4802,4863,176,219,14,16,860,775,17603,17368,528,375,5254,5307,349,366,35,34,663,582,283,267,26,31,274,219,5,5,1,1,74,59,354,324,53,47,322,256,8,12,2,3
Minnesota,Benton County,41881,21201,20680,18879,18499,1357,1128,145,175,267,299,16,13,537,566,19396,19032,1648,1428,260,316,412,453,35,28,20353,19871,18209,17875,1315,1077,89,111,260,291,14,10,466,507,18658,18357,1571,1351,174,224,399,433,29,22,848,809,670,624,42,51,56,64,7,8,2,3,71,59,738,675,77,77,86,92,13,20,6,6
Minnesota,Big Stone County,5067,2579,2488,2457,2408,32,13,21,25,13,14,8,2,48,26,2502,2433,61,26,36,33,22,20,9,2,2489,2420,2384,2347,28,12,14,22,13,13,5,2,45,24,2426,2370,55,24,28,30,22,18,6,2,90,68,73,61,4,1,7,3,0,1,3,0,3,2,76,63,6,2,8,3,0,2,3,0
Minnesota,Blue Earth County,70700,35721,34979,31145,31191,2248,1923,220,158,1180,829,32,31,896,847,31994,31982,2725,2368,368,324,1486,1121,65,56,33771,33306,29480,29738,2168,1856,127,113,1153,796,27,29,816,774,30258,30463,2600,2260,249,254,1444,1071,56,51,1950,1673,1665,1453,80,67,93,45,27,33,5,2,80,73,1736,1519,125,108,119,70,42,50,9,5
Minnesota,Brown County,25710,12968,12742,12526,12374,131,94,57,48,97,101,6,3,151,122,12672,12485,215,163,98,81,126,131,15,7,12206,12019,11841,11705,115,80,26,29,94,94,3,1,127,110,11964,11805,187,144,57,57,122,122,8,4,762,723,685,669,16,14,31,19,3,7,3,2,24,12,708,680,28,19,41,24,4,9,7,3
Minnesota,Carlton County,36745,19574,17171,17068,15446,654,77,1112,986,165,116,7,2,568,544,17616,15955,812,243,1433,1295,269,222,24,15,19089,16852,16738,15263,646,73,1034,910,162,104,3,2,506,500,17227,15734,783,224,1312,1191,264,202,19,14,485,319,330,183,8,4,78,76,3,12,4,0,62,44,389,221,29,19,121,104,5,20,5,1
Minnesota,Carver County,112628,56548,56080,51375,50796,1475,1441,232,190,2219,2449,26,35,1221,1169,52540,51889,1996,1935,486,439,2752,2969,63,66,53323,53252,48514,48301,1369,1351,149,110,2174,2410,15,21,1102,1059,49569,49296,1828,1798,345,310,2691,2903,48,46,3225,2828,2861,2495,106,90,83,80,45,39,11,14,119,110,2971,2593,168,137,141,129,61,66,15,20
Minnesota,Cass County,31442,16207,15235,13804,12877,82,78,1767,1778,73,82,11,7,470,413,14254,13263,228,213,2005,1994,187,172,25,21,15882,14896,13645,12701,75,67,1643,1655,70,77,10,6,439,390,14066,13067,209,194,1864,1858,181,163,23,19,325,339,159,176,7,11,124,123,3,5,1,1,31,23,188,196,19,19,141,136,6,9,2,2
Minnesota,Chippewa County,12299,6221,6078,5596,5542,94,55,121,121,127,76,126,143,157,141,5746,5673,163,121,184,169,163,113,131,146,5451,5370,4928,4932,82,42,72,73,118,63,123,139,128,121,5050,5045,139,97,121,114,152,96,126,141,770,708,668,610,12,13,49,48,9,13,3,4,29,20,696,628,24,24,63,55,11,17,5,5
Minnesota,Chisago County,59105,30719,28386,28288,26675,785,204,351,183,737,776,14,14,544,534,28797,27165,1004,424,541,373,908,942,36,38,29684,27626,27457,26056,748,191,283,146,720,758,7,8,469,467,27897,26486,939,388,429,300,883,909,25,29,1035,760,831,619,37,13,68,37,17,18,7,6,75,67,900,679,65,36,112,73,25,33,11,9
Minnesota,Clay County,66848,33165,33683,28790,29467,2149,1976,769,686,461,532,39,36,957,986,29702,30388,2571,2425,1062,998,751,827,68,70,31349,31990,27419,28138,2064,1898,546,529,448,513,26,20,846,892,28227,28977,2437,2304,787,785,723,790,49,50,1816,1693,1371,1329,85,78,223,157,13,19,13,16,111,94,1475,1411,134,121,275,213,28,37,19,20
Minnesota,Clearwater County,8630,4450,4180,3766,3581,42,22,422,397,18,23,2,0,200,157,3955,3727,94,64,535,490,65,56,10,2,4394,4140,3725,3553,39,21,413,388,18,23,2,0,197,155,3911,3697,89,63,525,479,65,56,10,2,56,40,41,28,3,1,9,9,0,0,0,0,3,2,44,30,5,1,10,11,0,0,0,0
Minnesota,Cook County,5571,2788,2783,2373,2346,61,47,224,267,27,33,2,1,101,89,2471,2425,90,82,271,311,52,52,6,5,2686,2671,2303,2299,50,45,207,214,27,32,2,1,97,80,2397,2370,77,74,252,253,52,51,6,5,102,112,70,47,11,2,17,53,0,1,0,0,4,9,74,55,13,8,19,58,0,1,0,0
Minnesota,Cottonwood County,11338,5743,5595,5047,4992,173,91,57,70,259,268,72,44,135,130,5171,5110,227,147,107,119,297,308,80,49,4979,4901,4476,4442,94,68,23,24,223,232,67,41,96,94,4564,4528,129,107,54,56,257,264,73,44,764,694,571,550,79,23,34,46,36,36,5,3,39,36,607,582,98,40,53,63,40,44,7,5
Minnesota,Crow Wing County,68642,34356,34286,32744,32648,370,278,390,390,162,252,16,12,674,706,33389,33313,655,582,647,669,325,407,34,36,33720,33710,32304,32206,333,259,294,324,154,248,14,11,621,662,32900,32829,598,546,521,581,311,398,31,32,636,576,440,442,37,19,96,66,8,4,2,1,53,44,489,484,57,36,126,88,14,9,3,4
Minnesota,Dakota County,453156,224375,228781,179257,182706,22932,22087,1636,1835,12659,14007,261,248,7630,7898,186488,190159,27252,26539,3361,3761,15136,16497,549,538,203345,208428,161611,165677,21989,21314,745,847,12353,13781,173,166,6474,6643,167756,171942,25645,25031,2013,2241,14607,16022,391,400,21030,20353,17646,17029,943,773,891,988,306,226,88,82,1156,1255,18732,18217,1607,1508,1348,1520,529,475,158,138
Minnesota,Dodge County,21242,10837,10405,10324,9891,172,77,49,74,70,117,1,8,221,238,10521,10094,272,186,108,141,153,208,16,25,10179,9845,9726,9399,148,67,31,40,70,111,0,8,204,220,9908,9585,241,169,80,99,150,196,15,24,658,560,598,492,24,10,18,34,0,6,1,0,17,18,613,509,31,17,28,42,3,12,1,1
Minnesota,Douglas County,39933,20097,19836,19397,19159,190,133,112,98,142,148,13,7,243,291,19621,19423,296,259,202,215,204,218,26,26,19549,19376,18962,18788,157,118,79,80,136,145,8,5,207,240,19155,19008,248,224,143,169,196,205,20,19,548,460,435,371,33,15,33,18,6,3,5,2,36,51,466,415,48,35,59,46,8,13,6,7
Minnesota,Faribault County,13886,7053,6833,6735,6535,101,73,61,59,29,42,2,2,125,122,6847,6641,161,139,106,108,61,66,9,7,6456,6268,6225,6036,82,52,20,30,25,41,1,0,103,109,6316,6129,134,112,53,74,55,63,7,4,597,565,510,499,19,21,41,29,4,1,1,2,22,13,531,512,27,27,53,34,6,3,2,3
Minnesota,Fillmore County,21502,10845,10657,10551,10295,87,69,27,27,45,116,3,4,132,146,10670,10425,146,136,73,88,84,149,7,11,10582,10452,10328,10130,83,60,14,21,43,115,2,2,112,124,10428,10238,136,118,50,68,77,147,5,8,263,205,223,165,4,9,13,6,2,1,1,2,20,22,242,187,10,18,23,20,7,2,2,3
Minnesota,Freeborn County,30314,15306,15008,13924,13764,311,227,96,105,650,598,44,34,281,280,14171,14014,432,357,189,202,751,680,57,48,13556,13367,12356,12298,257,191,61,52,620,579,19,12,243,235,12569,12507,362,299,133,127,715,655,31,22,1750,1641,1568,1466,54,36,35,53,30,19,25,22,38,45,1602,1507,70,58,56,75,36,25,26,26
Minnesota,Goodhue County,47982,24069,23913,22608,22474,444,338,342,348,172,246,24,23,479,484,23046,22921,673,570,506,518,296,359,49,50,22995,22843,21732,21622,411,295,261,250,158,232,17,18,416,426,22111,22016,616,501,388,390,274,337,39,42,1074,1070,876,852,33,43,81,98,14,14,7,5,63,58,935,905,57,69,118,128,22,22,10,8
Minnesota,Grant County,6109,3101,3008,2985,2858,41,23,17,28,10,17,5,3,43,79,3026,2926,59,65,33,49,20,39,7,9,3008,2916,2908,2785,36,20,13,21,10,17,1,1,40,72,2946,2847,52,58,28,40,20,37,3,7,93,92,77,73,5,3,4,7,0,0,4,2,3,7,80,79,7,7,5,9,0,2,4,2
Minnesota,Hennepin County,1273334,631163,642171,455686,462412,95471,97196,7367,7724,49137,51194,349,303,23153,23342,476969,483759,109536,111299,13330,14010,56134,58142,1207,1151,578140,592863,412385,422111,93105,94933,3781,4332,48650,50603,211,200,20008,20684,430802,441027,105186,107322,8346,9395,55085,57052,888,913,53023,49308,43301,40301,2366,2263,3586,3392,487,591,138,103,3145,2658,46167,42732,4350,3977,4984,4615,1049,1090,319,238
Minnesota,Houston County,18352,9309,9043,8933,8687,104,59,33,38,83,104,4,1,152,154,9069,8825,182,148,79,84,124,139,14,11,9159,8897,8815,8584,89,48,29,34,82,102,3,1,141,128,8940,8700,163,121,69,68,120,132,13,10,150,146,118,103,15,11,4,4,1,2,1,0,11,26,129,125,19,27,10,16,4,7,1,1
Minnesota,Hubbard County,22050,11117,10933,10411,10232,81,60,319,294,46,72,14,8,246,267,10640,10481,174,164,441,430,90,114,29,18,10777,10640,10188,10039,55,45,272,252,39,67,9,4,214,233,10385,10257,138,135,374,368,80,104,23,14,340,293,223,193,26,15,47,42,7,5,5,4,32,34,255,224,36,29,67,62,10,10,6,4
Minnesota,Isanti County,43687,22213,21474,20685,19954,322,288,180,204,435,518,18,13,573,497,21220,20417,529,483,390,394,626,670,43,31,21569,20814,20198,19441,275,234,144,164,430,511,15,8,507,456,20671,19865,459,410,319,333,608,656,36,24,644,660,487,513,47,54,36,40,5,7,3,5,66,41,549,552,70,73,71,61,18,14,7,7
Minnesota,Itasca County,45442,23131,22311,21409,20634,175,101,847,802,50,120,24,43,626,611,22004,21213,364,291,1194,1153,167,221,48,63,22781,21907,21170,20387,164,93,797,740,48,116,15,10,587,561,21726,20918,342,264,1119,1061,162,214,38,27,350,404,239,247,11,8,50,62,2,4,9,33,39,50,278,295,22,27,75,92,5,7,10,36
Minnesota,Jackson County,9861,5044,4817,4728,4540,59,68,37,35,95,99,13,4,112,71,4831,4602,100,104,85,61,123,115,24,7,4752,4554,4485,4311,53,59,24,19,87,96,2,2,101,67,4578,4369,87,93,67,43,114,112,13,5,292,263,243,229,6,9,13,16,8,3,11,2,11,4,253,233,13,11,18,18,9,3,11,2
Minnesota,Kanabec County,16608,8358,8250,7926,7823,83,39,77,98,66,89,5,4,201,197,8118,8004,155,114,162,186,115,138,14,15,8196,8085,7804,7695,77,38,66,83,65,89,3,3,181,177,7976,7858,144,107,139,160,111,132,12,13,162,165,122,128,6,1,11,15,1,0,2,1,20,20,142,146,11,7,23,26,4,6,2,2
Minnesota,Kandiyohi County,44674,22621,22053,20253,19822,1503,1407,145,104,367,364,26,26,327,330,20546,20124,1639,1554,282,234,464,453,47,47,18780,18612,16685,16684,1427,1253,84,69,348,349,15,18,221,239,16885,16904,1514,1359,160,152,423,418,28,34,3841,3441,3568,3138,76,154,61,35,19,15,11,8,106,91,3661,3220,125,195,122,82,41,35,19,13
Minnesota,Kittson County,3992,2035,1957,1928,1868,12,29,19,10,11,21,0,0,65,29,1988,1897,28,44,52,20,28,26,8,1,1961,1905,1867,1828,12,29,8,4,10,18,0,0,64,26,1926,1854,28,42,40,13,27,23,8,1,74,52,61,40,0,0,11,6,1,3,0,0,1,3,62,43,0,2,12,7,1,3,0,0
Minnesota,Koochiching County,11594,5891,5703,5513,5301,65,39,154,174,22,59,3,0,134,130,5637,5423,106,80,226,247,49,82,11,8,5791,5604,5440,5223,58,37,141,167,21,59,1,0,130,118,5560,5334,98,73,211,233,47,81,9,7,100,99,73,78,7,2,13,7,1,0,2,0,4,12,77,89,8,7,15,14,2,1,2,1
Minnesota,Lac qui Parle County,6636,3384,3252,3217,3125,41,9,19,25,28,38,15,5,64,50,3275,3174,70,30,43,47,43,47,20,5,3220,3139,3091,3031,29,8,6,10,25,38,6,3,63,49,3148,3079,58,28,29,32,40,47,11,3,164,113,126,94,12,1,13,15,3,0,9,2,1,1,127,95,12,2,14,15,3,0,9,2
Minnesota,Lake County,10698,5484,5214,5262,4993,41,23,50,49,32,27,1,1,98,121,5350,5110,73,62,104,118,50,46,7,4,5389,5132,5193,4923,40,22,48,45,29,27,1,1,78,114,5262,5033,68,59,88,110,45,46,6,3,95,82,69,70,1,1,2,4,3,0,0,0,20,7,88,77,5,3,16,8,5,0,1,1
Minnesota,Lake of the Woods County,3797,1995,1802,1867,1673,22,12,26,26,27,37,0,0,53,54,1914,1726,43,33,53,51,37,48,3,1,1959,1762,1835,1636,22,12,24,25,27,37,0,0,51,52,1880,1687,42,31,50,50,37,48,3,1,36,40,32,37,0,0,2,1,0,0,0,0,2,2,34,39,1,2,3,1,0,0,0,0
Minnesota,Le Sueur County,29458,15102,14356,14465,13758,198,135,72,99,106,143,7,12,254,209,14701,13953,283,218,164,177,191,207,24,18,14015,13273,13476,12775,176,111,55,65,91,137,7,11,210,174,13670,12938,248,179,125,122,167,197,20,16,1087,1083,989,983,22,24,17,34,15,6,0,1,44,35,1031,1015,35,39,39,55,24,10,4,2
Minnesota,Lincoln County,5564,2871,2693,2764,2609,13,8,15,19,25,19,3,3,51,35,2812,2644,38,27,32,33,35,21,7,5,2779,2613,2689,2536,13,7,10,17,24,19,2,1,41,33,2729,2569,36,26,22,30,30,21,4,2,92,80,75,73,0,1,5,2,1,0,1,2,10,2,83,75,2,1,10,3,5,0,3,3
Minnesota,Lyon County,25577,12814,12763,11181,11397,502,359,136,139,721,674,16,8,258,186,11413,11570,627,457,213,201,791,713,38,17,11717,11560,10261,10350,456,318,71,74,691,650,11,5,227,163,10464,10501,571,408,135,125,752,685,29,12,1097,1203,920,1047,46,41,65,65,30,24,5,3,31,23,949,1069,56,49,78,76,39,28,9,5
Minnesota,McLeod County,36780,18427,18353,17658,17621,225,178,115,125,168,149,19,26,242,254,17885,17865,333,285,193,210,232,214,35,36,16831,16938,16214,16349,189,133,73,73,148,131,13,20,194,232,16395,16571,278,236,130,143,201,193,26,30,1596,1415,1444,1272,36,45,42,52,20,18,6,6,48,22,1490,1294,55,49,63,67,31,21,9,6
Minnesota,Mahnomen County,5296,2707,2589,1263,1203,20,14,1139,1103,1,2,3,0,281,267,1529,1466,82,73,1334,1298,32,15,13,6,2583,2472,1231,1161,18,8,1073,1060,1,2,3,0,257,241,1475,1398,69,60,1257,1238,29,14,11,5,124,117,32,42,2,6,66,43,0,0,0,0,24,26,54,68,13,13,77,60,3,1,2,1
Minnesota,Marshall County,8771,4509,4262,4350,4081,31,27,40,48,24,28,4,2,60,76,4402,4152,58,62,67,83,37,37,7,4,4265,4060,4140,3913,31,26,22,29,16,23,1,0,55,69,4187,3977,56,59,47,59,28,32,4,2,244,202,210,168,0,1,18,19,8,5,3,2,5,7,215,175,2,3,20,24,9,5,3,2
Minnesota,Martin County,19561,9831,9730,9359,9310,143,74,71,71,70,105,44,27,144,143,9484,9449,214,130,130,123,102,135,52,36,9023,8975,8682,8652,104,45,43,54,54,83,40,23,100,118,8765,8766,155,93,82,93,79,109,46,32,808,755,677,658,39,29,28,17,16,22,4,4,44,25,719,683,59,37,48,30,23,26,6,4
Minnesota,Meeker County,23491,12207,11284,11778,10934,115,69,90,36,49,91,9,11,166,143,11931,11065,191,135,157,90,83,121,15,18,11590,10734,11288,10445,80,59,42,27,46,88,3,7,131,108,11406,10544,143,113,91,65,74,111,9,11,617,550,490,489,35,10,48,9,3,3,6,4,35,35,525,521,48,22,66,25,9,10,6,7
Minnesota,Mille Lacs County,27577,14052,13525,12730,12194,130,104,710,769,102,131,8,7,372,320,13084,12499,271,223,874,909,182,197,18,18,13681,13158,12475,11937,126,91,635,702,99,126,4,4,342,298,12799,12221,257,203,780,830,177,189,13,14,371,367,255,257,4,13,75,67,3,5,4,3,30,22,285,278,14,20,94,79,5,8,5,4
Minnesota,Morrison County,34520,17576,16944,17011,16395,152,139,80,73,79,84,12,12,242,241,17231,16624,244,228,193,172,131,138,22,30,17223,16556,16739,16091,123,109,70,59,74,77,11,11,206,209,16927,16290,204,186,163,142,118,126,18,27,353,388,272,304,29,30,10,14,5,7,1,1,36,32,304,334,40,42,30,30,13,12,4,3
Minnesota,Mower County,40900,20567,20333,17222,17044,978,782,238,388,1439,1473,204,195,486,451,17671,17461,1224,1021,367,484,1586,1606,223,224,17446,17393,14477,14611,925,732,48,53,1404,1436,186,169,406,392,14853,14975,1131,941,143,129,1533,1556,202,192,3121,2940,2745,2433,53,50,190,335,35,37,18,26,80,59,2818,2486,93,80,224,355,53,50,21,32
Minnesota,Murray County,8044,4076,3968,3833,3781,41,19,43,17,74,75,22,5,63,71,3892,3846,66,51,75,50,83,85,24,9,3832,3750,3650,3599,29,15,13,11,73,75,19,4,48,46,3695,3641,49,37,33,30,82,82,21,7,244,218,183,182,12,4,30,6,1,0,3,1,15,25,197,205,17,14,42,20,1,3,3,2
Minnesota,Nicollet County,34493,17422,17071,15725,15589,969,710,162,94,264,315,9,15,293,348,15992,15915,1105,859,238,175,365,433,26,41,16425,16136,14842,14764,948,693,111,52,261,304,9,13,254,310,15073,15054,1065,831,167,117,355,412,24,36,997,935,883,825,21,17,51,42,3,11,0,2,39,38,919,861,40,28,71,58,10,21,2,5
Minnesota,Nobles County,21969,11496,10473,9458,8975,569,403,371,210,829,688,69,53,200,144,9640,9107,649,456,446,265,894,724,76,65,7078,6758,5640,5606,520,368,39,42,695,609,37,29,147,104,5773,5704,579,406,81,75,753,638,43,39,4418,3715,3818,3369,49,35,332,168,134,79,32,24,53,40,3867,3403,70,50,365,190,141,86,33,26
Minnesota,Norman County,6284,3215,3069,2952,2803,33,25,85,101,22,30,1,1,122,109,3063,2907,79,62,142,158,51,45,8,8,3003,2877,2786,2655,26,22,65,72,13,26,0,1,113,101,2888,2751,67,57,116,123,41,41,7,8,212,192,166,148,7,3,20,29,9,4,1,0,9,8,175,156,12,5,26,35,10,4,1,0
Minnesota,Olmsted County,166424,81628,84796,65706,68800,7231,7038,445,396,5774,6056,62,77,2410,2429,67948,71064,8407,8203,848,803,6815,7077,153,185,75988,79871,60873,64566,6975,6862,270,243,5671,5980,42,52,2157,2168,62884,66597,8013,7892,580,560,6654,6930,119,144,5640,4925,4833,4234,256,176,175,153,103,76,20,25,253,261,5064,4467,394,311,268,243,161,147,34,41
Minnesota,Otter Tail County,60884,30764,30120,29156,28675,612,459,298,255,156,205,33,24,509,502,29637,29150,782,630,510,481,299,327,58,45,29324,28882,27982,27644,516,406,202,183,141,193,18,17,465,439,28421,28061,674,549,388,374,277,308,39,35,1440,1238,1174,1031,96,53,96,72,15,12,15,7,44,63,1216,1089,108,81,122,107,22,19,19,10
Minnesota,Pennington County,13652,6853,6799,6322,6307,121,57,151,158,68,108,3,1,188,168,6500,6463,198,117,229,238,103,143,14,9,6459,6475,6010,6041,110,49,120,132,67,108,1,0,151,145,6153,6175,174,100,176,198,98,142,10,7,394,324,312,266,11,8,31,26,1,0,2,1,37,23,347,288,24,17,53,40,5,1,4,2
Minnesota,Pine County,30319,16304,14015,14473,12868,653,117,554,454,199,172,7,1,418,403,14854,13240,817,274,746,633,289,260,35,18,15699,13657,14023,12615,603,102,502,405,189,166,7,0,375,369,14365,12955,751,244,668,565,272,251,33,16,605,358,450,253,50,15,52,49,10,6,0,1,43,34,489,285,66,30,78,68,17,9,2,2
Minnesota,Pipestone County,9100,4565,4535,4189,4155,99,62,98,148,60,64,1,0,118,106,4295,4255,151,98,146,205,86,80,7,4,4147,4117,3862,3855,70,46,74,75,40,60,1,0,100,81,3951,3930,115,74,112,117,64,74,7,4,418,418,327,300,29,16,24,73,20,4,0,0,18,25,344,325,36,24,34,88,22,6,0,0
Minnesota,Polk County,30413,15383,15030,13950,13702,497,425,351,312,167,147,10,9,408,435,14328,14112,648,579,556,531,245,229,26,21,14238,13944,13019,12815,453,383,260,244,145,125,7,6,354,371,13345,13163,590,516,429,417,217,204,22,18,1145,1086,931,887,44,42,91,68,22,22,3,3,54,64,983,949,58,63,127,114,28,25,4,3
Minnesota,Pope County,11495,5884,5611,5684,5390,44,36,37,35,25,62,0,4,94,84,5774,5471,95,71,64,72,43,76,4,6,5750,5478,5566,5296,43,26,31,22,24,60,0,2,86,72,5648,5365,91,58,56,50,40,74,3,4,134,133,118,94,1,10,6,13,1,2,0,2,8,12,126,106,4,13,8,22,3,2,1,2
Minnesota,Ramsey County,542015,265915,276100,169784,179837,38075,38325,2972,3036,44234,43716,263,262,10587,10924,179402,189675,44535,44888,5946,6305,47170,46687,660,688,242119,252839,150970,161439,36805,36908,1341,1616,43838,43305,145,141,9020,9430,159172,169934,42299,42550,3599,4172,46527,46013,465,496,23796,23261,18814,18398,1270,1417,1631,1420,396,411,118,121,1567,1494,20230,19741,2236,2338,2347,2133,643,674,195,192
Minnesota,Red Lake County,3882,2032,1850,1920,1721,27,15,42,47,4,14,3,1,36,52,1954,1771,48,39,54,67,8,25,4,2,1956,1769,1862,1666,23,12,34,34,4,12,0,0,33,45,1893,1709,43,33,45,50,7,23,1,1,76,81,58,55,4,3,8,13,0,2,3,1,3,7,61,62,5,6,9,17,1,2,3,1
Minnesota,Redwood County,15254,7664,7590,6713,6687,120,67,379,412,238,215,3,6,211,203,6905,6874,192,132,479,508,291,270,13,15,7296,7247,6487,6451,96,56,312,361,232,210,3,6,166,163,6637,6599,158,108,381,433,277,261,12,15,368,343,226,236,24,11,67,51,6,5,0,0,45,40,268,275,34,24,98,75,14,9,1,0
Minnesota,Renville County,14453,7496,6957,7034,6573,87,74,165,112,66,69,1,4,143,125,7170,6689,159,122,207,160,99,106,9,9,6633,6219,6284,5924,69,61,98,71,58,63,0,3,124,97,6402,6016,134,97,131,104,86,96,6,7,863,738,750,649,18,13,67,41,8,6,1,1,19,28,768,673,25,25,76,56,13,10,3,2
Minnesota,Rice County,69025,35869,33156,30482,29310,3477,2077,372,189,793,825,53,51,692,704,31128,29971,3771,2347,506,340,1098,1146,87,77,31810,29760,26807,26187,3391,2015,234,99,750,794,33,32,595,633,27367,26782,3639,2254,328,217,1029,1101,56,55,4059,3396,3675,3123,86,62,138,90,43,31,20,19,97,71,3761,3189,132,93,178,123,69,45,31,22
Minnesota,Rock County,9525,4802,4723,4516,4495,74,42,75,30,45,37,11,12,81,107,4595,4597,109,85,108,65,60,72,13,16,4589,4498,4363,4296,65,41,53,20,36,35,11,12,61,94,4422,4386,94,78,73,48,49,69,13,16,213,225,153,199,9,1,22,10,9,2,0,0,20,13,173,211,15,7,35,17,11,3,0,0
Minnesota,Roseau County,15265,7963,7302,7307,6704,101,67,179,158,201,194,1,3,174,176,7471,6869,174,126,242,224,248,256,6,7,7735,7139,7125,6578,89,62,171,145,190,187,1,3,159,164,7275,6732,156,118,226,203,236,247,5,7,228,163,182,126,12,5,8,13,11,7,0,0,15,12,196,137,18,8,16,21,12,9,1,0
Minnesota,St. Louis County,200794,100873,99921,92452,91913,1884,1374,2461,2414,1127,1321,53,57,2896,2842,95176,94609,3136,2525,3683,3700,1785,1942,142,121,98720,97860,90881,90381,1810,1295,2192,2190,1103,1305,38,54,2696,2635,93423,92888,2982,2375,3287,3342,1741,1903,121,115,2153,2061,1571,1532,74,79,269,224,24,16,15,3,200,207,1753,1721,154,150,396,358,44,39,21,6
Minnesota,Scott County,157206,78841,78365,63985,63314,6255,6214,982,964,5323,5714,79,94,2217,2065,66055,65263,7228,7112,1538,1487,6220,6547,169,163,73248,73146,59542,58981,5990,6030,530,592,5195,5619,65,71,1926,1853,61353,60734,6832,6845,951,1013,6023,6400,136,132,5593,5219,4443,4333,265,184,452,372,128,95,14,23,291,212,4702,4529,396,267,587,474,197,147,33,31
Minnesota,Sherburne County,103059,53276,49783,47408,44758,3265,2451,443,266,920,1033,26,26,1214,1249,48563,45955,3839,3031,747,613,1328,1432,59,56,51093,48104,45537,43350,3167,2376,358,207,902,1020,20,20,1109,1131,46595,44435,3693,2901,614,491,1290,1401,50,47,2183,1679,1871,1408,98,75,85,59,18,13,6,6,105,118,1968,1520,146,130,133,122,38,31,9,9
Minnesota,Sibley County,15194,7801,7393,7415,7051,110,76,51,41,68,77,3,5,154,143,7558,7187,192,154,93,83,107,115,10,6,7001,6679,6697,6410,89,58,27,31,61,71,2,4,125,105,6813,6511,160,117,59,56,95,99,4,5,800,714,718,641,21,18,24,10,7,6,1,1,29,38,745,676,32,37,34,27,12,16,6,1
Minnesota,Stearns County,163997,82878,81119,68738,67803,9624,8834,659,565,1922,2052,106,139,1829,1726,70467,69434,10631,9748,1038,961,2525,2616,171,203,78296,76990,65057,64527,9398,8619,264,228,1852,1977,71,71,1654,1568,66627,66012,10310,9447,574,557,2420,2512,118,126,4582,4129,3681,3276,226,215,395,337,70,75,35,68,175,158,3840,3422,321,301,464,404,105,104,53,77
Minnesota,Steele County,37434,18743,18691,17335,17281,836,660,112,172,159,211,11,23,290,344,17612,17609,997,848,184,269,230,294,17,31,16980,16986,15742,15791,780,633,57,61,139,197,11,17,251,287,15983,16067,920,798,111,125,207,271,14,23,1763,1705,1593,1490,56,27,55,111,20,14,0,6,39,57,1629,1542,77,50,73,144,23,23,3,8
Minnesota,Stevens County,9819,5033,4786,4649,4323,82,93,97,126,94,88,4,5,107,151,4747,4466,130,148,142,203,120,120,10,11,4194,4301,3898,3929,68,80,47,71,87,85,0,1,94,135,3983,4057,109,131,87,137,111,116,5,6,839,485,751,394,14,13,50,55,7,3,4,4,13,16,764,409,21,17,55,66,9,4,5,5
Minnesota,Swift County,9666,4954,4712,4555,4428,84,52,39,34,48,38,76,59,152,101,4698,4523,177,107,84,69,70,55,79,61,4546,4381,4197,4139,67,48,31,26,48,37,75,53,128,78,4318,4213,147,95,65,49,68,50,77,54,408,331,358,289,17,4,8,8,0,1,1,6,24,23,380,310,30,12,19,20,2,5,2,7
Minnesota,Todd County,25955,13509,12446,12784,11823,212,176,142,126,48,84,35,34,288,203,13049,12015,328,258,275,215,114,129,45,41,11997,11128,11577,10738,93,80,58,58,40,67,24,28,205,157,11764,10885,179,147,140,122,92,107,32,31,1512,1318,1207,1085,119,96,84,68,8,17,11,6,83,46,1285,1130,149,111,135,93,22,22,13,10
Minnesota,Traverse County,3134,1627,1507,1458,1342,13,16,93,110,16,7,1,1,46,31,1498,1372,36,26,109,123,26,16,4,3,1484,1431,1351,1288,13,15,62,92,16,6,1,1,41,29,1386,1316,35,24,76,103,24,15,4,3,143,76,107,54,0,1,31,18,0,1,0,0,5,2,112,56,1,2,33,20,2,1,0,0
Minnesota,Wabasha County,21574,10813,10761,10432,10388,90,76,45,40,75,89,9,6,162,162,10577,10536,168,141,98,109,119,128,17,15,10356,10414,10056,10099,77,61,27,25,63,83,4,1,129,145,10171,10234,140,120,64,82,103,119,9,9,457,347,376,289,13,15,18,15,12,6,5,5,33,17,406,302,28,21,34,27,16,9,8,6
Minnesota,Wadena County,14437,7222,7215,6859,6843,99,80,62,72,31,48,4,1,167,171,7014,7004,174,145,123,147,70,85,11,12,6999,7034,6689,6712,83,59,49,60,31,48,1,1,146,154,6824,6858,148,116,101,125,67,84,7,11,223,181,170,131,16,21,13,12,0,0,3,0,21,17,190,146,26,29,22,22,3,1,4,1
Minnesota,Waseca County,18684,9094,9590,8652,8904,141,285,44,104,88,91,8,10,161,196,8802,9083,234,398,88,156,120,131,16,24,8437,8743,8061,8143,123,268,29,80,79,85,8,9,137,158,8188,8285,201,360,64,120,108,120,15,21,657,847,591,761,18,17,15,24,9,6,0,1,24,38,614,798,33,38,24,36,12,11,1,3
Minnesota,Washington County,283960,140950,143010,114259,116300,9543,8795,892,750,12020,12806,103,123,4133,4236,118199,120317,11637,10917,1788,1739,13558,14346,244,278,132741,135174,107175,109688,9222,8488,625,455,11935,12702,83,83,3701,3758,110714,113262,11097,10363,1348,1237,13378,14145,198,213,8209,7836,7084,6612,321,307,267,295,85,104,20,40,432,478,7485,7055,540,554,440,502,180,201,46,65
Minnesota,Watonwan County,11204,5677,5527,5263,5069,77,73,185,220,76,79,12,16,64,70,5324,5132,107,104,211,250,88,94,15,19,3852,3713,3686,3536,46,36,15,18,56,70,8,10,41,43,3725,3575,66,53,30,34,64,82,9,12,1825,1814,1577,1533,31,37,170,202,20,9,4,6,23,27,1599,1557,41,51,181,216,24,12,6,7
Minnesota,Wilkin County,6268,3321,2947,3088,2773,41,27,77,59,17,20,1,0,97,68,3181,2838,97,66,107,79,31,31,4,2,3148,2820,2952,2669,32,25,59,39,17,19,1,0,87,68,3035,2734,83,64,84,59,30,30,4,2,173,127,136,104,9,2,18,20,0,1,0,0,10,0,146,104,14,2,23,20,1,1,0,0
Minnesota,Winona County,49973,24894,25079,22990,23300,654,530,139,109,692,729,4,5,415,406,23391,23686,857,720,250,228,802,842,15,17,23803,24167,22026,22479,621,515,96,74,682,721,3,4,375,374,22389,22833,804,694,189,176,786,830,13,16,1091,912,964,821,33,15,43,35,10,8,1,1,40,32,1002,853,53,26,61,52,16,12,2,1
Minnesota,Wright County,154593,78716,75877,72191,69476,2755,2552,385,381,1563,1802,35,43,1787,1623,73917,71028,3646,3341,761,752,2163,2339,87,90,75562,72997,69457,67008,2672,2469,270,269,1537,1768,24,29,1602,1454,71004,68397,3466,3181,573,570,2108,2276,70,69,3154,2880,2734,2468,83,83,115,112,26,34,11,14,185,169,2913,2631,180,160,188,182,55,63,17,21
Minnesota,Yellow Medicine County,9373,4772,4601,4336,4215,94,49,192,200,27,37,3,3,120,97,4450,4306,153,92,236,243,50,56,5,6,4441,4366,4118,4048,46,43,149,172,25,35,1,2,102,66,4215,4108,97,75,187,195,44,51,2,5,331,235,218,167,48,6,43,28,2,2,2,1,18,31,235,198,56,17,49,48,6,5,3,1
Mississippi,Adams County,28674,14821,13853,6070,5225,8217,8318,201,57,72,87,2,0,259,166,6285,5367,8379,8415,301,127,124,120,24,4,13910,13774,5392,5174,8129,8299,156,53,72,86,1,0,160,162,5534,5313,8233,8395,200,121,103,117,8,4,911,79,678,51,88,19,45,4,0,1,1,0,99,4,751,54,146,20,101,6,21,3,16,0
Mississippi,Alcorn County,34228,16885,17343,14284,14650,2151,2186,90,76,100,123,8,11,252,297,14522,14906,2311,2397,165,153,137,180,10,19,16112,16752,13652,14181,2079,2130,56,49,96,123,5,3,224,266,13864,14412,2220,2318,122,118,131,173,7,11,773,591,632,469,72,56,34,27,4,0,3,8,28,31,658,494,91,79,43,35,6,7,3,8
Mississippi,Amite County,12451,6010,6441,3660,3772,2239,2541,33,26,17,22,0,3,61,77,3715,3839,2275,2587,54,57,29,35,2,7,5909,6361,3602,3727,2214,2522,23,20,16,21,0,3,54,68,3652,3788,2244,2561,43,46,27,33,1,6,101,80,58,45,25,19,10,6,1,1,0,0,7,9,63,51,31,26,11,11,2,2,1,1
Mississippi,Attala County,17222,8204,9018,4554,4629,3490,4194,23,49,32,48,1,2,104,96,4653,4708,3553,4259,48,86,58,65,4,3,8007,8821,4397,4491,3464,4163,17,36,29,43,1,2,99,86,4491,4560,3523,4223,40,70,55,57,4,3,197,197,157,138,26,31,6,13,3,5,0,0,5,10,162,148,30,36,8,16,3,8,0,0
Mississippi,Benton County,7566,3741,3825,2356,2397,1283,1334,22,24,9,12,3,0,68,58,2418,2442,1326,1374,47,43,19,24,3,3,3624,3725,2266,2320,1268,1320,20,19,9,11,1,0,60,55,2322,2363,1305,1357,43,37,17,23,1,3,117,100,90,77,15,14,2,5,0,1,2,0,8,3,96,79,21,17,4,6,2,1,2,0
Mississippi,Bolivar County,28395,13163,15232,4572,4964,8271,9953,24,35,142,127,15,8,139,145,4700,5080,8353,10048,60,87,176,157,20,14,12732,14868,4264,4734,8180,9864,18,24,139,117,11,2,120,127,4375,4835,8249,9948,46,70,170,143,15,8,431,364,308,230,91,89,6,11,3,10,4,6,19,18,325,245,104,100,14,17,6,14,5,6
Mississippi,Calhoun County,12754,6211,6543,4333,4498,1739,1885,24,26,13,12,4,1,98,121,4431,4608,1810,1970,41,57,25,27,7,5,5728,6135,3918,4160,1690,1823,18,21,9,12,2,0,91,119,4009,4269,1754,1907,34,50,20,27,4,4,483,408,415,338,49,62,6,5,4,0,2,1,7,2,422,339,56,63,7,7,5,0,3,1
Mississippi,Carroll County,9378,4915,4463,3139,2903,1690,1464,8,15,14,18,2,0,62,63,3195,2952,1724,1508,28,38,28,28,3,2,4803,4385,3060,2850,1672,1449,4,12,14,16,2,0,51,58,3109,2894,1699,1489,20,34,25,26,2,2,112,78,79,53,18,15,4,3,0,2,0,0,11,5,86,58,25,19,8,4,3,2,1,0
Mississippi,Chickasaw County,16774,8175,8599,4371,4445,3550,3932,37,32,40,42,8,2,169,146,4531,4570,3670,4048,77,63,61,62,10,6,7780,8283,4091,4231,3496,3860,22,25,37,36,1,0,133,131,4217,4343,3591,3966,49,52,55,54,3,3,395,316,280,214,54,72,15,7,3,6,7,2,36,15,314,227,79,82,28,11,6,8,7,3
Mississippi,Choctaw County,8091,3975,4116,2714,2858,1148,1176,13,10,27,12,0,0,73,60,2784,2907,1190,1217,30,25,43,24,3,3,3877,4042,2646,2805,1133,1170,7,6,27,12,0,0,64,49,2707,2845,1171,1202,22,18,41,23,2,3,98,74,68,53,15,6,6,4,0,0,0,0,9,11,77,62,19,15,8,7,2,1,1,0
Mississippi,Claiborne County,8122,3862,4260,517,490,3257,3675,12,12,22,41,1,3,53,39,562,523,3288,3700,28,22,35,49,5,6,3782,4208,486,464,3214,3658,8,12,22,36,1,3,51,35,530,495,3243,3679,23,22,35,43,5,5,80,52,31,26,43,17,4,0,0,5,0,0,2,4,32,28,45,21,5,0,0,6,0,1
Mississippi,Clarke County,15155,7118,8037,4656,4957,2335,2932,35,45,13,25,1,0,78,78,4731,5023,2388,2995,50,60,25,37,2,3,7033,7933,4595,4879,2321,2925,34,37,10,22,1,0,72,70,4665,4940,2371,2983,46,47,21,32,2,2,85,104,61,78,14,7,1,8,3,3,0,0,6,8,66,83,17,12,4,13,4,5,0,1
Mississippi,Clay County,18213,8559,9654,3380,3516,5008,5987,23,32,43,38,4,0,101,81,3476,3584,5062,6036,53,62,66,54,6,2,8429,9546,3307,3457,4970,5954,16,29,42,36,4,0,90,70,3393,3517,5019,5997,39,55,64,48,6,2,130,108,73,59,38,33,7,3,1,2,0,0,11,11,83,67,43,39,14,7,2,6,0,0
Mississippi,Coahoma County,20105,9718,10387,2511,1969,7001,8249,40,18,77,51,4,9,85,91,2592,2050,7053,8307,61,46,93,64,5,16,8898,10194,1799,1854,6934,8202,20,15,73,47,1,7,71,69,1866,1918,6976,8248,37,35,88,55,2,9,820,193,712,115,67,47,20,3,4,4,3,2,14,22,726,132,77,59,24,11,5,9,3,7
Mississippi,Copiah County,27536,13318,14218,6384,6504,6502,7298,45,44,59,62,1,9,327,301,6676,6756,6699,7495,142,140,121,124,13,21,12450,13529,5820,6108,6371,7179,41,29,53,60,0,6,165,147,5972,6236,6465,7270,80,73,90,88,9,11,868,689,564,396,131,119,4,15,6,2,1,3,162,154,704,520,234,225,62,67,31,36,4,10
Mississippi,Covington County,18015,8818,9197,5509,5518,3069,3463,25,18,47,50,4,5,164,143,5657,5648,3176,3549,67,63,74,74,12,10,8539,8989,5335,5384,2997,3411,18,15,47,46,2,4,140,129,5463,5500,3085,3491,52,56,71,67,8,8,279,208,174,134,72,52,7,3,0,4,2,1,24,14,194,148,91,58,15,7,3,7,4,2
Mississippi,DeSoto County,195871,93958,101913,57539,59031,32525,38358,347,465,1680,2085,128,112,1739,1862,59108,60692,33538,39444,724,878,2181,2653,202,180,87883,96007,52214,53991,32235,37970,145,211,1631,2035,54,81,1604,1719,53664,55533,33172,38983,474,566,2106,2562,119,139,6075,5906,5325,5040,290,388,202,254,49,50,74,31,135,143,5444,5159,366,461,250,312,75,91,83,41
Mississippi,Forrest County,78435,36609,41826,22494,24164,12861,16093,179,167,398,525,37,78,640,799,23049,24835,13259,16620,354,400,546,714,71,112,34673,40124,20969,22879,12652,15842,98,100,386,503,17,72,551,728,21449,23494,12996,16325,234,300,523,680,46,101,1936,1702,1525,1285,209,251,81,67,12,22,20,6,89,71,1600,1341,263,295,120,100,23,34,25,11
Mississippi,Franklin County,7516,3718,3798,2389,2388,1260,1324,13,12,5,6,0,1,51,67,2435,2449,1288,1363,31,33,14,17,1,3,3649,3752,2343,2354,1242,1317,12,12,5,6,0,1,47,62,2385,2410,1268,1356,28,29,14,16,1,3,69,46,46,34,18,7,1,0,0,0,0,0,4,5,50,39,20,7,3,4,0,1,0,0
Mississippi,George County,25880,13088,12792,11697,11433,1064,932,61,70,69,121,7,4,190,232,11870,11636,1180,1084,118,138,98,164,13,9,12544,12457,11201,11142,1039,906,52,62,64,121,6,4,182,222,11367,11336,1150,1052,105,127,93,160,12,8,544,335,496,291,25,26,9,8,5,0,1,0,8,10,503,300,30,32,13,11,5,4,1,1
Mississippi,Greene County,13675,8036,5639,5315,4557,2603,962,21,41,13,17,0,1,84,61,5388,4612,2661,1002,42,62,27,24,2,1,7857,5580,5164,4523,2584,945,17,34,13,17,0,1,79,60,5233,4577,2639,984,36,55,26,24,2,1,179,59,151,34,19,17,4,7,0,0,0,0,5,1,155,35,22,18,6,7,1,0,0,0
Mississippi,Grenada County,20931,9978,10953,5520,5690,4237,5028,39,37,55,44,4,1,123,153,5628,5829,4318,5121,78,87,71,66,6,5,9811,10797,5416,5604,4195,4978,27,32,55,44,2,1,116,138,5517,5730,4272,5064,63,76,71,64,4,3,167,156,104,86,42,50,12,5,0,0,2,0,7,15,111,99,46,57,15,11,0,2,2,2
Mississippi,Hancock County,46492,22611,23881,19820,20741,1869,2110,173,175,221,264,21,13,507,578,20260,21239,2133,2398,367,415,328,389,42,37,21619,22893,19025,19943,1774,2046,138,145,214,252,12,10,456,497,19426,20379,2007,2288,309,350,311,357,28,25,992,988,795,798,95,64,35,30,7,12,9,3,51,81,834,860,126,110,58,65,17,32,14,12
Mississippi,Harrison County,213730,103773,109957,70996,72277,26056,30087,528,546,2817,3691,119,138,3257,3218,73870,75076,27812,31860,1373,1389,3920,4828,313,302,95814,102151,64365,65757,25498,29407,303,380,2757,3619,67,95,2824,2893,66874,68290,27019,31001,980,1088,3743,4651,223,229,7959,7806,6631,6520,558,680,225,166,60,72,52,43,433,325,6996,6786,793,859,393,301,177,177,90,73
Mississippi,Hinds County,211975,98543,113432,25164,26948,71489,84020,97,127,839,1146,18,23,936,1168,25875,27828,72189,84913,346,459,1071,1442,78,89,96038,110876,23074,24908,71178,83679,55,78,830,1131,9,8,892,1072,23746,25716,71856,84506,283,376,1052,1389,65,63,2505,2556,2090,2040,311,341,42,49,9,15,9,15,44,96,2129,2112,333,407,63,83,19,53,13,26
Mississippi,Holmes County,15560,7424,8136,1300,1169,6015,6861,17,12,24,22,1,0,67,72,1359,1230,6054,6909,43,35,35,33,1,1,7332,8051,1263,1143,5969,6806,14,9,24,22,1,0,61,71,1317,1204,6004,6853,38,31,34,33,1,1,92,85,37,26,46,55,3,3,0,0,0,0,6,1,42,26,50,56,5,4,1,0,0,0
Mississippi,Humphreys County,7121,3299,3822,721,763,2516,2988,5,3,21,32,2,0,34,36,751,792,2535,3010,19,17,26,38,3,2,3235,3787,678,736,2502,2984,4,3,19,32,0,0,32,32,706,761,2521,3004,17,14,23,38,1,2,64,35,43,27,14,4,1,0,2,0,2,0,2,4,45,31,14,6,2,3,3,0,2,0
Mississippi,Issaquena County,1295,902,393,294,171,601,214,2,2,5,3,0,1,0,2,294,172,601,215,2,3,5,4,0,1,809,376,201,164,601,205,2,2,5,3,0,0,0,2,201,165,601,206,2,3,5,4,0,0,93,17,93,7,0,9,0,0,0,0,0,1,0,0,93,7,0,9,0,0,0,0,0,1
Mississippi,Itawamba County,24198,11909,12289,10643,11056,1006,920,47,41,58,72,3,21,152,179,10785,11223,1100,1047,101,86,75,88,3,25,11643,12101,10431,10910,988,903,36,35,55,65,2,21,131,167,10553,11065,1070,1026,80,73,70,80,2,25,266,188,212,146,18,17,11,6,3,7,1,0,21,12,232,158,30,21,21,13,5,8,1,0
Mississippi,Jackson County,147002,72043,74959,53293,54162,14971,16644,385,416,1603,1849,73,78,1718,1810,54803,55733,15895,17642,874,951,2171,2451,156,169,65795,69124,48017,49252,14386,16107,278,307,1568,1800,55,57,1491,1601,49341,50660,15186,16983,674,745,2071,2344,119,122,6248,5835,5276,4910,585,537,107,109,35,49,18,21,227,209,5462,5073,709,659,200,206,100,107,37,47
Mississippi,Jasper County,15799,7746,8053,3634,3602,3957,4303,53,35,11,20,6,6,85,87,3710,3677,4006,4359,90,66,20,31,6,7,7596,7934,3544,3523,3928,4276,31,30,10,19,1,4,82,82,3617,3593,3976,4330,66,58,19,30,1,5,150,119,90,79,29,27,22,5,1,1,5,2,3,5,93,84,30,29,24,8,1,1,5,2
Mississippi,Jefferson County,6900,3390,3510,533,439,2809,2994,8,15,13,8,1,1,26,53,557,483,2826,3034,16,30,16,14,1,2,3344,3477,507,421,2795,2982,6,15,13,7,0,1,23,51,528,463,2810,3021,13,29,16,13,0,2,46,33,26,18,14,12,2,0,0,1,1,0,3,2,29,20,16,13,3,1,0,1,1,0
Mississippi,Jefferson Davis County,11059,5244,5815,2100,2206,3036,3501,21,20,20,20,3,5,64,63,2155,2263,3073,3537,48,48,31,24,6,7,5169,5744,2057,2162,3022,3484,15,18,19,20,1,3,55,57,2105,2215,3053,3518,37,43,28,22,3,4,75,71,43,44,14,17,6,2,1,0,2,2,9,6,50,48,20,19,11,5,3,2,3,3
Mississippi,Jones County,65837,32137,33700,22274,22573,9057,10215,253,277,154,178,21,13,378,444,22609,22954,9279,10485,375,437,236,264,35,30,29733,31801,20337,21049,8816,10002,136,198,124,158,5,5,315,389,20620,21385,9003,10236,227,333,189,234,16,20,2404,1899,1937,1524,241,213,117,79,30,20,16,8,63,55,1989,1569,276,249,148,104,47,30,19,10
Mississippi,Kemper County,8562,4290,4272,1467,1399,2599,2610,159,192,7,19,4,0,54,52,1518,1450,2624,2644,179,209,18,23,5,2,4245,4223,1445,1374,2584,2592,157,189,7,19,0,0,52,49,1494,1422,2609,2623,175,205,18,23,1,2,45,49,22,25,15,18,2,3,0,0,4,0,2,3,24,28,15,21,4,4,0,0,4,0
Mississippi,Lafayette County,59843,28618,31225,20908,22198,6296,7728,130,107,843,761,34,26,407,405,21266,22533,6491,7920,255,245,986,910,57,57,27548,30050,20104,21288,6180,7599,77,59,833,744,10,11,344,349,20406,21577,6339,7765,173,168,962,872,26,35,1070,1175,804,910,116,129,53,48,10,17,24,15,63,56,860,956,152,155,82,77,24,38,31,22
Mississippi,Lamar County,66734,32021,34713,23831,25044,7022,8486,144,102,487,550,31,39,506,492,24279,25487,7319,8785,310,261,593,655,51,49,30758,33497,22828,24051,6895,8364,93,72,481,546,26,33,435,431,23220,24439,7152,8630,227,200,570,636,41,42,1263,1216,1003,993,127,122,51,30,6,4,5,6,71,61,1059,1048,167,155,83,61,23,19,10,7
Mississippi,Lauderdale County,70588,34447,36141,18535,18366,15016,16740,148,178,310,343,27,18,411,496,18891,18789,15275,17075,261,324,403,454,50,39,33461,35191,17819,17745,14883,16550,83,114,302,332,12,7,362,443,18133,18124,15124,16855,176,232,378,435,30,26,986,950,716,621,133,190,65,64,8,11,15,11,49,53,758,665,151,220,85,92,25,19,20,13
Mississippi,Lawrence County,11672,5654,6018,3785,3843,1727,2051,23,20,32,25,0,2,87,77,3863,3912,1779,2095,59,53,42,35,5,4,5489,5914,3678,3769,1697,2036,13,15,31,23,0,0,70,71,3742,3833,1741,2077,39,44,37,31,1,1,165,104,107,74,30,15,10,5,1,2,0,2,17,6,121,79,38,18,20,9,5,4,4,3
Mississippi,Leake County,21462,10550,10912,5465,5531,4052,4370,785,789,80,68,8,5,160,149,5598,5668,4147,4453,844,844,113,94,16,8,9670,10115,4908,4973,3951,4286,614,668,62,58,2,2,133,128,5021,5089,4035,4361,660,713,85,79,8,5,880,797,557,558,101,84,171,121,18,10,6,3,27,21,577,579,112,92,184,131,28,15,8,3
Mississippi,Lee County,83012,39678,43334,26262,27806,12102,14215,208,116,392,536,15,17,699,644,26881,28393,12583,14648,374,275,529,653,46,41,37950,42009,24899,26730,11909,14052,97,92,386,528,12,12,647,595,25476,27274,12365,14458,245,234,503,631,34,33,1728,1325,1363,1076,193,163,111,24,6,8,3,5,52,49,1405,1119,218,190,129,41,26,22,12,8
Mississippi,Leflore County,26157,12456,13701,2917,3060,9285,10380,75,50,104,92,1,3,74,116,2979,3161,9327,10440,110,102,116,109,6,6,12034,13189,2685,2709,9173,10269,18,19,98,89,1,3,59,100,2735,2800,9209,10320,43,63,106,102,2,5,422,512,232,351,112,111,57,31,6,3,0,0,15,16,244,361,118,120,67,39,10,7,4,1
Mississippi,Lincoln County,34956,16805,18151,11655,12085,4814,5595,46,58,90,184,5,12,195,217,11818,12273,4939,5730,116,135,125,219,15,18,16549,17908,11471,11909,4773,5559,40,51,89,183,2,6,174,200,11618,12082,4887,5682,103,122,115,214,6,12,256,243,184,176,41,36,6,7,1,1,3,6,21,17,200,191,52,48,13,13,10,5,9,6
Mississippi,Lowndes County,57210,27453,29757,14701,14612,11909,14310,99,117,270,287,19,23,455,408,15082,14945,12183,14557,240,249,401,391,55,47,26689,29122,14121,14157,11808,14216,69,78,262,280,14,17,415,374,14469,14467,12065,14445,194,193,375,377,44,37,764,635,580,455,101,94,30,39,8,7,5,6,40,34,613,478,118,112,46,56,26,14,11,10
Mississippi,Madison County,114247,54588,59659,31706,33123,20046,23678,180,169,1981,1979,55,41,620,669,32225,33674,20386,24062,382,361,2191,2229,106,91,52235,57353,29837,31349,19778,23398,86,82,1947,1955,18,12,569,557,30315,31817,20090,23715,263,226,2134,2158,57,45,2353,2306,1869,1774,268,280,94,87,34,24,37,29,51,112,1910,1857,296,347,119,135,57,71,49,46
Mississippi,Marion County,24008,11733,12275,7805,8111,3634,3874,35,38,58,65,4,7,197,180,7975,8264,3749,3982,110,102,98,99,14,14,11446,12059,7570,7948,3613,3852,28,27,57,63,2,7,176,162,7722,8086,3718,3949,90,84,92,93,9,12,287,216,235,163,21,22,7,11,1,2,2,0,21,18,253,178,31,33,20,18,6,6,5,2
Mississippi,Marshall County,34374,17166,17208,9205,8975,7512,7766,106,102,69,81,14,19,260,265,9427,9201,7686,7937,195,186,121,136,21,29,16076,16286,8319,8228,7397,7676,59,55,67,75,5,6,229,246,8518,8438,7554,7836,135,130,109,124,7,14,1090,922,886,747,115,90,47,47,2,6,9,13,31,19,909,763,132,101,60,56,12,12,14,15
Mississippi,Monroe County,33483,16140,17343,11030,11585,4820,5421,53,55,53,68,1,5,183,209,11195,11758,4931,5558,125,120,85,113,8,10,15842,17074,10822,11376,4768,5377,41,51,52,68,1,5,158,197,10965,11540,4867,5506,101,110,75,110,6,10,298,269,208,209,52,44,12,4,1,0,0,0,25,12,230,218,64,52,24,10,10,3,2,0
Mississippi,Montgomery County,9411,4550,4861,2446,2538,1980,2236,20,14,41,29,0,2,63,42,2502,2575,2019,2264,44,30,49,33,0,6,4478,4777,2408,2475,1956,2220,18,13,40,28,0,1,56,40,2458,2510,1990,2246,40,28,46,32,0,5,72,84,38,63,24,16,2,1,1,1,0,1,7,2,44,65,29,18,4,2,3,1,0,1
Mississippi,Neshoba County,28973,13793,15180,8106,8705,2881,3454,2343,2610,101,89,5,7,357,315,8407,8960,3125,3672,2457,2698,176,164,22,25,13513,14845,7974,8555,2846,3422,2254,2478,99,89,0,5,340,296,8262,8796,3078,3628,2362,2556,169,157,15,21,280,335,132,150,35,32,89,132,2,0,5,2,17,19,145,164,47,44,95,142,7,7,7,4
Mississippi,Newton County,21063,10118,10945,6336,6453,2999,3645,577,604,43,81,4,4,159,158,6471,6581,3101,3754,628,650,75,108,10,16,9858,10773,6181,6361,2967,3608,518,581,42,79,3,3,147,141,6306,6478,3062,3705,564,620,71,102,7,14,260,172,155,92,32,37,59,23,1,2,1,1,12,17,165,103,39,49,64,30,4,6,3,2
Mississippi,Noxubee County,9825,4687,5138,1275,1402,3332,3660,21,15,15,19,0,2,44,40,1312,1436,3360,3681,41,32,21,29,1,4,4591,5038,1221,1330,3310,3641,13,12,12,18,0,2,35,35,1251,1361,3332,3658,28,28,17,26,0,3,96,100,54,72,22,19,8,3,3,1,0,0,9,5,61,75,28,23,13,4,4,3,1,1
Mississippi,Oktibbeha County,51965,25978,25987,15326,13974,8945,10793,72,91,1233,783,37,13,365,333,15636,14249,9166,10988,177,189,1344,888,64,34,25316,25362,14814,13522,8855,10692,58,59,1228,776,33,8,328,305,15098,13776,9053,10869,145,144,1331,874,53,26,662,625,512,452,90,101,14,32,5,7,4,5,37,28,538,473,113,119,32,45,13,14,11,8
Mississippi,Panola County,32764,15752,17012,7780,7997,7681,8658,56,59,40,41,1,5,194,252,7945,8197,7804,8822,121,142,79,96,13,27,15386,16649,7524,7748,7605,8582,46,50,35,38,1,3,175,228,7675,7931,7714,8728,104,126,70,88,11,21,366,363,256,249,76,76,10,9,5,3,0,2,19,24,270,266,90,94,17,16,9,8,2,6
Mississippi,Pearl River County,59030,29229,29801,24638,25154,3454,3630,317,239,120,148,26,31,674,599,25231,25666,3805,3965,621,477,248,281,70,77,27703,28539,23426,24082,3396,3565,154,189,111,139,25,28,591,536,23953,24550,3706,3859,412,399,217,254,56,65,1526,1262,1212,1072,58,65,163,50,9,9,1,3,83,63,1278,1116,99,106,209,78,31,27,14,12
Mississippi,Perry County,11406,5594,5812,4401,4604,1061,1070,35,30,9,11,4,5,84,92,4472,4683,1110,1130,64,61,23,31,11,7,5465,5692,4304,4506,1047,1060,29,25,6,11,2,3,77,87,4371,4580,1092,1117,52,55,20,29,7,5,129,120,97,98,14,10,6,5,3,0,2,2,7,5,101,103,18,13,12,6,3,2,4,2
Mississippi,Pike County,38980,18473,20507,8015,8447,10006,11653,88,82,150,104,7,12,207,209,8189,8623,10145,11796,156,150,187,146,22,18,18099,20174,7773,8240,9913,11569,75,76,144,100,4,6,190,183,7935,8397,10040,11691,137,137,175,133,16,11,374,333,242,207,93,84,13,6,6,4,3,6,17,26,254,226,105,105,19,13,12,13,6,7
Mississippi,Pontotoc County,32014,15772,16242,12615,13030,2599,2733,211,80,64,76,13,3,270,320,12845,13310,2782,2963,302,166,109,140,30,20,14356,15164,11594,12160,2436,2620,31,32,59,68,5,1,231,283,11792,12412,2595,2826,102,103,92,120,17,13,1416,1078,1021,870,163,113,180,48,5,8,8,2,39,37,1053,898,187,137,200,63,17,20,13,7
Mississippi,Prentiss County,25489,12532,12957,10123,10575,2077,1950,43,32,95,209,2,0,192,191,10289,10739,2215,2096,98,75,125,243,14,11,12341,12739,9974,10404,2064,1934,32,18,94,209,1,0,176,174,10129,10558,2191,2068,80,51,119,238,8,10,191,218,149,171,13,16,11,14,1,0,1,0,16,17,160,181,24,28,18,24,6,5,6,1
Mississippi,Quitman County,5542,2626,2916,662,693,1897,2155,10,7,10,6,1,2,46,53,700,736,1921,2186,30,27,22,22,3,6,2609,2897,647,677,1895,2152,10,7,10,6,1,2,46,53,685,720,1919,2183,30,27,22,22,3,6,17,19,15,16,2,3,0,0,0,0,0,0,0,0,15,16,2,3,0,0,0,0,0,0
Mississippi,Rankin County,160573,77374,83199,57170,60728,17714,19581,151,196,1170,1490,82,58,1087,1146,58138,61751,18390,20291,457,535,1469,1834,176,153,74316,80552,54507,58471,17543,19391,93,144,1160,1459,44,44,969,1043,55383,59413,18140,20036,345,434,1420,1769,109,123,3058,2647,2663,2257,171,190,58,52,10,31,38,14,118,103,2755,2338,250,255,112,101,49,65,67,30
Mississippi,Scott County,27666,13679,13987,8343,8010,4812,5490,156,130,86,86,59,45,223,226,8541,8207,4974,5662,213,190,131,128,78,57,11028,12067,6199,6513,4540,5220,49,64,64,68,16,13,160,189,6345,6680,4664,5369,82,108,88,99,22,23,2651,1920,2144,1497,272,270,107,66,22,18,43,32,63,37,2196,1527,310,293,131,82,43,29,56,34
Mississippi,Sharkey County,3234,1547,1687,409,380,1091,1273,5,2,23,11,0,0,19,21,422,398,1104,1288,13,12,29,14,1,0,1494,1653,379,360,1073,1264,2,1,23,11,0,0,17,17,392,374,1084,1276,9,9,27,13,0,0,53,34,30,20,18,9,3,1,0,0,0,0,2,4,30,24,20,12,4,3,2,1,1,0
Mississippi,Simpson County,25597,12375,13222,7863,8063,4209,4823,49,44,61,74,17,11,176,207,8021,8247,4332,4961,103,115,89,116,22,21,12124,13007,7708,7935,4153,4769,25,31,61,73,16,10,161,189,7854,8105,4267,4895,73,90,83,111,19,19,251,215,155,128,56,54,24,13,0,1,1,1,15,18,167,142,65,66,30,25,6,5,3,2
Mississippi,Smith County,14051,6726,7325,5017,5391,1603,1820,25,16,15,18,3,4,63,76,5074,5460,1646,1868,45,38,26,34,7,7,6611,7181,4942,5281,1579,1793,20,15,13,16,1,3,56,73,4993,5348,1616,1840,38,36,21,31,3,5,115,144,75,110,24,27,5,1,2,2,2,1,7,3,81,112,30,28,7,2,5,3,4,2
Mississippi,Stone County,19569,9879,9690,7767,7574,1844,1800,57,55,41,55,6,9,164,197,7900,7740,1948,1916,105,115,90,125,16,24,9556,9430,7493,7376,1828,1767,48,46,37,54,2,8,148,179,7613,7530,1922,1870,89,98,81,117,10,20,323,260,274,198,16,33,9,9,4,1,4,1,16,18,287,210,26,46,16,17,9,8,6,4
Mississippi,Sunflower County,23029,11899,11130,3179,2503,8520,8419,55,43,51,72,4,7,90,86,3244,2570,8587,8469,87,75,68,93,8,12,11387,10878,2818,2364,8403,8327,28,35,47,66,3,6,88,80,2881,2427,8468,8374,60,64,64,86,7,10,512,252,361,139,117,92,27,8,4,6,1,1,2,6,363,143,119,95,27,11,4,7,1,2
Mississippi,Tallahatchie County,10921,5536,5385,2325,2029,3057,3259,25,10,56,23,0,0,73,64,2384,2084,3098,3293,59,37,75,41,7,0,5248,5370,2087,2017,3031,3258,11,8,53,23,0,0,66,64,2141,2072,3067,3292,40,35,69,41,5,0,288,15,238,12,26,1,14,2,3,0,0,0,7,0,243,12,31,1,19,2,6,0,2,0
Mississippi,Tate County,28551,13874,14677,9557,9667,4015,4707,46,39,39,46,9,6,208,212,9735,9851,4161,4847,103,110,87,92,22,19,13314,14212,9109,9280,3944,4666,36,34,35,45,5,3,185,184,9265,9441,4076,4790,86,91,77,83,17,14,560,465,448,387,71,41,10,5,4,1,4,3,23,28,470,410,85,57,17,19,10,9,5,5
Mississippi,Tippah County,21423,10508,10915,8498,8766,1742,1847,59,59,32,44,5,5,172,194,8652,8942,1877,1992,97,107,54,72,13,12,9844,10336,7949,8288,1676,1806,32,26,30,43,4,4,153,169,8087,8443,1798,1937,63,60,49,65,6,7,664,579,549,478,66,41,27,33,2,1,1,1,19,25,565,499,79,55,34,47,5,7,7,5
Mississippi,Tishomingo County,18553,9156,9397,8630,8946,307,281,60,34,25,29,4,2,130,105,8745,9037,395,346,103,71,48,49,9,6,8818,9056,8350,8653,294,263,32,17,23,26,2,2,117,95,8454,8737,372,322,70,48,41,45,4,5,338,341,280,293,13,18,28,17,2,3,2,0,13,10,291,300,23,24,33,23,7,4,5,1
Mississippi,Tunica County,9157,4265,4892,883,880,3262,3906,19,10,43,26,7,5,51,65,925,938,3297,3939,41,41,51,38,9,8,4143,4776,803,817,3235,3873,14,7,43,26,4,3,44,50,840,861,3263,3899,34,29,50,34,5,4,122,116,80,63,27,33,5,3,0,0,3,2,7,15,85,77,34,40,7,12,1,4,4,4
Mississippi,Union County,28363,13984,14379,11310,11534,2193,2355,56,57,134,141,11,4,280,288,11554,11779,2385,2546,142,140,185,203,30,26,13187,13747,10650,11028,2127,2301,30,25,130,140,4,1,246,252,10864,11245,2299,2471,105,91,172,193,18,19,797,632,660,506,66,54,26,32,4,1,7,3,34,36,690,534,86,75,37,49,13,10,12,7
Mississippi,Walthall County,13839,6690,7149,3712,3828,2746,3087,41,46,69,50,8,6,114,132,3806,3942,2827,3175,83,87,87,75,12,14,6534,6996,3602,3722,2718,3060,36,43,67,49,8,6,103,116,3687,3823,2793,3140,72,76,81,70,12,11,156,153,110,106,28,27,5,3,2,1,0,0,11,16,119,119,34,35,11,11,6,5,0,3
Mississippi,Warren County,42105,20115,21990,9921,10145,9674,11323,79,88,176,195,7,5,258,234,10140,10345,9844,11479,161,161,235,253,29,18,19583,21549,9512,9832,9603,11250,57,58,175,192,7,5,229,212,9709,10015,9757,11390,124,118,225,248,28,18,532,441,409,313,71,73,22,30,1,3,0,0,29,22,431,330,87,89,37,43,10,5,1,0
Mississippi,Washington County,41181,19158,22023,5031,5095,13763,16542,51,60,135,148,13,10,165,168,5170,5234,13863,16647,110,121,168,184,21,25,18762,21713,4794,4912,13665,16461,24,36,134,145,5,7,140,152,4908,5042,13754,16559,72,87,161,176,11,19,396,310,237,183,98,81,27,24,1,3,8,3,25,16,262,192,109,88,38,34,7,8,10,6
Mississippi,Wayne County,19749,9557,10192,5652,5717,3713,4295,32,25,26,37,3,3,131,115,5777,5820,3804,4368,63,64,46,59,7,9,9314,10047,5473,5625,3664,4254,23,22,25,36,1,1,128,109,5596,5724,3753,4324,54,57,43,57,4,7,243,145,179,92,49,41,9,3,1,1,2,2,3,6,181,96,51,44,9,7,3,2,3,2
Mississippi,Webster County,10039,4813,5226,3859,4127,833,974,27,24,10,13,3,3,81,85,3930,4207,892,1035,52,45,20,21,8,5,4702,5121,3774,4043,819,959,20,22,10,13,0,0,79,84,3843,4122,876,1019,44,43,19,21,4,2,111,105,85,84,14,15,7,2,0,0,3,3,2,1,87,85,16,16,8,2,1,0,4,3
Mississippi,Wilkinson County,7820,4223,3597,1287,1035,2865,2516,11,10,6,3,0,0,54,33,1332,1064,2899,2536,31,23,13,7,3,0,4150,3556,1244,1012,2843,2500,9,10,5,3,0,0,49,31,1285,1039,2873,2519,28,22,12,7,2,0,73,41,43,23,22,16,2,0,1,0,0,0,5,2,47,25,26,17,3,1,1,0,1,0
Mississippi,Winston County,17418,8623,8795,4433,4351,3877,4192,116,109,33,33,3,5,161,105,4588,4449,3998,4264,140,139,55,44,8,7,8441,8648,4307,4262,3846,4163,105,93,30,33,1,3,152,94,4453,4350,3961,4230,127,118,51,41,6,5,182,147,126,89,31,29,11,16,3,0,2,2,9,11,135,99,37,34,13,21,4,3,2,2
Mississippi,Yalobusha County,12458,6005,6453,3548,3818,2320,2478,23,18,12,25,0,2,102,112,3647,3919,2392,2555,41,49,25,40,4,4,5861,6358,3429,3744,2301,2468,20,17,12,24,0,1,99,104,3525,3839,2372,2540,37,43,24,39,3,3,144,95,119,74,19,10,3,1,0,1,0,1,3,8,122,80,20,15,4,6,1,1,1,1
Mississippi,Yazoo County,23024,12078,10946,4885,4109,6923,6633,45,26,68,63,2,3,155,112,5023,4202,7006,6702,98,71,102,85,17,11,11445,10905,4369,4082,6842,6620,27,26,66,63,1,3,140,111,4494,4174,6920,6689,72,70,98,85,13,11,633,41,516,27,81,13,18,0,2,0,1,0,15,1,529,28,86,13,26,1,4,0,4,0
Missouri,Adair County,25660,12337,13323,11023,11877,607,671,77,53,333,377,10,21,287,324,11298,12188,749,842,151,133,407,465,22,28,11932,12891,10688,11503,588,647,60,40,327,375,8,21,261,305,10938,11795,719,809,123,110,396,463,20,28,405,432,335,374,19,24,17,13,6,2,2,0,26,19,360,393,30,33,28,23,11,2,2,0
Missouri,Andrew County,18091,9019,9072,8592,8695,150,100,40,37,59,68,6,9,172,163,8755,8845,243,188,106,93,80,91,9,22,8743,8826,8362,8480,137,91,33,32,58,67,4,8,149,148,8504,8615,217,173,89,80,77,90,6,20,276,246,230,215,13,9,7,5,1,1,2,1,23,15,251,230,26,15,17,13,3,1,3,2
Missouri,Atchison County,5139,2583,2556,2503,2482,23,15,12,8,14,8,1,2,30,41,2531,2521,41,31,21,27,18,15,2,3,2511,2490,2437,2428,23,11,8,7,14,8,1,2,28,34,2463,2461,40,24,16,22,18,14,2,3,72,66,66,54,0,4,4,1,0,0,0,0,2,7,68,60,1,7,5,5,0,1,0,0
Missouri,Audrain County,24304,11676,12628,10510,11404,660,738,81,105,102,58,18,15,305,308,10803,11694,859,942,148,166,144,105,31,35,11206,12263,10132,11139,635,716,61,70,96,53,13,11,269,274,10390,11396,810,901,119,120,134,96,25,30,470,365,378,265,25,22,20,35,6,5,5,4,36,34,413,298,49,41,29,46,10,9,6,5
Missouri,Barry County,35618,17934,17684,16467,16279,185,133,279,252,505,489,83,100,415,431,16868,16692,314,272,522,499,555,542,95,118,15935,15886,14724,14722,147,89,203,168,450,453,72,89,339,365,15055,15070,249,203,400,380,494,499,80,106,1999,1798,1743,1557,38,44,76,84,55,36,11,11,76,66,1813,1622,65,69,122,119,61,43,15,12
Missouri,Barton County,11717,5876,5841,5509,5476,70,37,99,97,21,59,8,6,169,166,5670,5634,134,105,179,183,50,71,13,14,5659,5643,5354,5336,61,29,74,82,21,55,3,4,146,137,5493,5465,113,84,147,153,45,66,8,12,217,198,155,140,9,8,25,15,0,4,5,2,23,29,177,169,21,21,32,30,5,5,5,2
Missouri,Bates County,16394,8294,8100,7781,7714,198,71,90,80,28,35,7,9,190,191,7962,7897,280,149,177,175,57,58,13,16,8031,7878,7578,7537,188,63,69,59,27,32,7,9,162,178,7733,7707,257,139,141,145,52,53,13,15,263,222,203,177,10,8,21,21,1,3,0,0,28,13,229,190,23,10,36,30,5,5,0,1
Missouri,Benton County,20614,10434,10180,9943,9742,113,61,107,87,38,70,9,9,224,211,10161,9941,181,119,230,216,76,97,14,20,10199,9922,9767,9521,103,57,91,73,34,66,6,9,198,196,9959,9705,164,112,197,192,69,92,11,19,235,258,176,221,10,4,16,14,4,4,3,0,26,15,202,236,17,7,33,24,7,5,3,1
Missouri,Bollinger County,10610,5310,5300,5100,5089,47,40,49,46,13,17,1,2,100,106,5194,5188,87,82,87,94,39,34,6,10,5210,5203,5029,5014,41,33,39,40,12,17,1,2,88,97,5113,5104,74,70,73,84,35,34,6,10,100,97,71,75,6,7,10,6,1,0,0,0,12,9,81,84,13,12,14,10,4,0,0,0
Missouri,Boone County,192154,92837,99317,73612,79215,9469,10244,448,469,5754,5557,108,190,3446,3642,76885,82635,11451,12369,1181,1261,6732,6592,241,336,88401,94717,69902,75519,9231,9945,312,283,5682,5464,88,174,3186,3332,72942,78657,11066,11919,949,960,6611,6432,202,293,4436,4600,3710,3696,238,299,136,186,72,93,20,16,260,310,3943,3978,385,450,232,301,121,160,39,43
Missouri,Buchanan County,83574,42276,41298,36197,36517,3159,2007,447,340,652,677,368,357,1453,1400,37583,37846,4101,2936,805,669,867,883,421,401,38278,37984,32868,33836,2978,1842,220,173,599,628,330,272,1283,1233,34092,35010,3822,2670,510,452,797,814,372,305,3998,3314,3329,2681,181,165,227,167,53,49,38,85,170,167,3491,2836,279,266,295,217,70,69,49,96
Missouri,Butler County,41814,20314,21500,18032,19075,1275,1318,151,182,199,224,8,7,649,694,18666,19739,1637,1697,362,435,283,314,24,24,19730,20964,17601,18681,1211,1264,110,142,191,217,8,7,609,653,18198,19311,1549,1625,307,370,270,303,22,21,584,536,431,394,64,54,41,40,8,7,0,0,40,41,468,428,88,72,55,65,13,11,2,3
Missouri,Caldwell County,9000,4575,4425,4304,4224,68,27,50,29,15,41,10,1,128,103,4430,4323,123,73,98,66,42,61,13,8,4432,4340,4182,4147,67,27,35,25,15,41,10,1,123,99,4303,4242,121,72,81,60,39,60,13,8,143,85,122,77,1,0,15,4,0,0,0,0,5,4,127,81,2,1,17,6,3,1,0,0
Missouri,Callaway County,45126,23199,21927,20808,19995,1356,932,182,127,170,250,23,21,660,602,21450,20565,1672,1241,429,353,273,344,46,43,22504,21382,20265,19585,1324,913,137,100,160,215,18,16,600,553,20852,20109,1608,1202,360,304,257,301,35,35,695,545,543,410,32,19,45,27,10,35,5,5,60,49,598,456,64,39,69,49,16,43,11,8
Missouri,Camden County,44135,22062,22073,21052,21121,266,221,176,167,131,180,21,16,416,368,21453,21466,412,350,367,341,226,266,35,31,21221,21270,20392,20437,222,203,132,137,110,168,18,12,347,313,20729,20732,338,314,288,280,197,243,25,25,841,803,660,684,44,18,44,30,21,12,3,4,69,55,724,734,74,36,79,61,29,23,10,6
Missouri,Cape Girardeau County,83658,40791,42867,35155,37022,3428,3520,187,185,814,974,24,23,1183,1143,36294,38110,4186,4270,426,417,1031,1184,65,65,39446,41545,34120,35957,3332,3461,103,110,795,948,22,21,1074,1048,35157,36956,4025,4156,303,306,1002,1148,55,57,1345,1322,1035,1065,96,59,84,75,19,26,2,2,109,95,1137,1154,161,114,123,111,29,36,10,8
Missouri,Carroll County,8414,4168,4246,3967,4051,108,84,14,18,5,13,7,6,67,74,4033,4122,150,128,27,40,16,23,9,8,4040,4154,3854,3978,105,75,14,15,2,12,7,6,58,68,3912,4044,141,117,25,36,11,19,9,7,128,92,113,73,3,9,0,3,3,1,0,0,9,6,121,78,9,11,2,4,5,4,0,1
Missouri,Carter County,5359,2587,2772,2451,2626,23,19,39,43,2,8,1,0,71,76,2519,2699,52,56,64,70,19,20,4,5,2517,2685,2392,2556,23,18,35,36,2,6,1,0,64,69,2454,2622,50,50,55,61,18,18,4,4,70,87,59,70,0,1,4,7,0,2,0,0,7,7,65,77,2,6,9,9,1,2,0,1
Missouri,Cass County,113873,55974,57899,49892,51624,3319,3464,479,404,500,613,91,70,1693,1724,51518,53275,4080,4250,1028,943,940,1086,152,135,52585,54679,47058,48867,3170,3335,299,285,464,582,76,56,1518,1554,48523,50357,3856,4056,757,746,883,1023,124,105,3389,3220,2834,2757,149,129,180,119,36,31,15,14,175,170,2995,2918,224,194,271,197,57,63,28,30
Missouri,Cedar County,15023,7514,7509,7123,7134,90,48,85,89,32,49,4,8,180,181,7300,7308,148,117,179,171,57,84,13,12,7309,7324,6958,6992,87,46,65,71,31,48,4,8,164,159,7119,7145,140,104,148,141,56,82,13,12,205,185,165,142,3,2,20,18,1,1,0,0,16,22,181,163,8,13,31,30,1,2,0,0
Missouri,Chariton County,7397,3729,3668,3505,3477,135,90,22,27,7,14,0,0,60,60,3563,3537,169,123,35,45,22,24,0,0,3679,3598,3464,3428,132,88,19,15,7,9,0,0,57,58,3519,3486,165,119,31,33,21,19,0,0,50,70,41,49,3,2,3,12,0,5,0,0,3,2,44,51,4,4,4,12,1,5,0,0
Missouri,Christian County,96045,47143,48902,44307,46057,711,563,399,507,387,536,46,70,1293,1169,45547,47160,1215,1023,888,964,729,838,93,114,45212,46793,42747,44426,646,445,280,295,357,517,38,40,1144,1070,43846,45444,1103,866,682,701,677,803,80,75,1931,2109,1560,1631,65,118,119,212,30,19,8,30,149,99,1701,1716,112,157,206,263,52,35,13,39
Missouri,Clark County,6623,3435,3188,3341,3096,24,12,9,6,12,16,3,0,46,58,3386,3152,45,42,27,25,20,28,3,1,3391,3155,3301,3066,24,12,7,5,11,16,2,0,46,56,3346,3120,45,41,25,24,19,28,2,0,44,33,40,30,0,0,2,1,1,0,1,0,0,2,40,32,0,1,2,1,1,0,1,1
Missouri,Clay County,263370,130271,133099,109155,111809,11532,11192,937,871,3459,3869,685,787,4503,4571,113431,116156,13770,13495,2238,2209,4771,5188,916,1035,118732,121998,99416,102376,10886,10657,576,582,3340,3774,566,627,3948,3982,103181,106176,12857,12703,1627,1635,4542,4953,756,821,11539,11101,9739,9433,646,535,361,289,119,95,119,160,555,589,10250,9980,913,792,611,574,229,235,160,214
Missouri,Clinton County,21721,11011,10710,10446,10126,195,158,81,106,44,75,9,11,236,234,10669,10347,302,279,172,189,83,114,22,24,10673,10409,10182,9893,172,136,56,81,41,73,6,8,216,218,10386,10098,272,251,136,159,77,108,18,20,338,301,264,233,23,22,25,25,3,2,3,3,20,16,283,249,30,28,36,30,6,6,4,4
Missouri,Cole County,77625,39440,38185,32378,32342,5153,3984,209,166,624,670,43,39,1033,984,33343,33259,5818,4612,440,401,833,866,91,92,37887,36780,31159,31208,5036,3878,139,117,589,645,37,37,927,895,32025,32044,5646,4459,328,317,782,824,79,79,1553,1405,1219,1134,117,106,70,49,35,25,6,2,106,89,1318,1215,172,153,112,84,51,42,12,13
Missouri,Cooper County,17122,8659,8463,7643,7756,658,298,64,59,62,73,7,9,225,268,7861,8006,777,451,137,155,96,109,18,19,8475,8241,7508,7615,646,291,50,43,62,72,5,6,204,214,7707,7815,753,419,115,110,93,102,14,13,184,222,135,141,12,7,14,16,0,1,2,3,21,54,154,191,24,32,22,45,3,7,4,6
Missouri,Crawford County,22808,11439,11369,11011,10966,106,74,81,88,45,51,11,10,185,180,11188,11138,174,147,171,179,75,75,18,17,11140,11076,10758,10723,97,68,65,70,44,46,8,6,168,163,10920,10878,156,134,147,155,73,68,14,10,299,293,253,243,9,6,16,18,1,5,3,4,17,17,268,260,18,13,24,24,2,7,4,7
Missouri,Dade County,7622,3877,3745,3637,3540,35,19,44,37,22,25,1,1,138,123,3768,3657,81,64,115,108,43,40,8,2,3776,3661,3562,3463,30,18,40,36,17,24,1,1,126,119,3682,3576,75,60,101,106,37,39,7,2,101,84,75,77,5,1,4,1,5,1,0,0,12,4,86,81,6,4,14,2,6,1,1,0
Missouri,Dallas County,17877,8878,8999,8487,8538,79,59,82,87,24,64,7,15,199,236,8679,8760,151,145,178,221,59,96,13,23,8642,8786,8293,8368,69,54,72,75,24,63,4,11,180,215,8467,8570,134,135,156,194,57,92,10,18,236,213,194,170,10,5,10,12,0,1,3,4,19,21,212,190,17,10,22,27,2,4,3,5
Missouri,Daviess County,8541,4296,4245,4151,4110,32,27,21,28,16,16,2,1,74,63,4221,4168,57,57,51,52,34,28,7,6,4214,4165,4081,4044,30,22,18,23,14,16,2,1,69,59,4146,4099,53,49,46,45,32,28,6,5,82,80,70,66,2,5,3,5,2,0,0,0,5,4,75,69,4,8,5,7,2,0,1,1
Missouri,DeKalb County,9884,5193,4691,4682,4479,319,48,39,40,25,34,7,5,121,85,4798,4557,365,89,87,75,51,47,17,9,5060,4575,4583,4394,309,44,30,27,24,34,5,4,109,72,4687,4460,355,80,68,56,49,45,14,7,133,116,99,85,10,4,9,13,1,0,2,1,12,13,111,97,10,9,19,19,2,2,3,2
Missouri,Dent County,14721,7344,7377,6953,7018,73,50,104,76,28,95,4,5,182,133,7126,7140,127,107,201,141,62,117,15,12,7169,7198,6800,6871,71,39,96,69,28,95,4,4,170,120,6962,6980,122,88,185,127,61,115,14,11,175,179,153,147,2,11,8,7,0,0,0,1,12,13,164,160,5,19,16,14,1,2,1,1
Missouri,Douglas County,12290,6237,6053,5900,5706,58,52,67,81,23,34,1,0,188,180,6078,5875,114,112,178,185,49,64,9,4,6082,5875,5779,5563,54,48,59,62,23,34,1,0,166,168,5936,5720,104,104,153,161,48,61,9,4,155,178,121,143,4,4,8,19,0,0,0,0,22,12,142,155,10,8,25,24,1,3,0,0
Missouri,Dunklin County,27002,13011,13991,11034,11849,1413,1568,109,70,98,145,1,10,356,349,11377,12180,1639,1793,209,175,135,183,14,21,11908,12869,10061,10846,1376,1525,56,39,90,137,1,5,324,317,10372,11147,1587,1735,140,130,125,168,13,14,1103,1122,973,1003,37,43,53,31,8,8,0,5,32,32,1005,1033,52,58,69,45,10,15,1,7
Missouri,Franklin County,107256,53872,53384,51560,51352,702,470,282,249,347,339,43,40,938,934,52455,52248,1112,912,637,581,543,531,81,73,52394,52127,50323,50290,645,445,187,169,332,330,33,32,874,861,51156,51117,1035,858,506,465,519,512,69,59,1478,1257,1237,1062,57,25,95,80,15,9,10,8,64,73,1299,1131,77,54,131,116,24,19,12,14
Missouri,Gasconade County,14655,7438,7217,7162,6985,75,40,44,39,30,43,2,4,125,106,7273,7083,128,83,102,91,56,62,11,8,7299,7099,7050,6885,74,39,32,32,28,43,2,4,113,96,7150,6973,120,76,85,81,52,61,11,7,139,118,112,100,1,1,12,7,2,0,0,0,12,10,123,110,8,7,17,10,4,1,0,1
Missouri,Gentry County,6298,3072,3226,2943,3103,39,32,14,18,23,15,0,1,53,57,2994,3156,61,58,36,45,32,22,2,3,2992,3149,2889,3044,32,30,6,11,21,15,0,1,44,48,2932,3088,51,52,23,32,28,22,2,3,80,77,54,59,7,2,8,7,2,0,0,0,9,9,62,68,10,6,13,13,4,0,0,0
Missouri,Greene County,307942,150961,156981,134231,140749,6336,5189,1193,1320,3517,4114,265,250,5419,5359,139415,145871,9129,7938,2940,3113,4771,5337,476,460,142306,148846,126998,134009,6017,4919,846,920,3418,4037,209,193,4818,4768,131624,138583,8541,7415,2294,2404,4573,5154,390,368,8655,8135,7233,6740,319,270,347,400,99,77,56,57,601,591,7791,7288,588,523,646,709,198,183,86,92
Missouri,Grundy County,9766,4833,4933,4558,4657,75,44,32,21,43,84,23,19,102,108,4656,4754,118,87,83,79,54,97,26,24,4684,4780,4441,4524,71,40,24,18,39,81,21,17,88,100,4525,4613,111,80,66,72,48,93,24,22,149,153,117,133,4,4,8,3,4,3,2,2,14,8,131,141,7,7,17,7,6,4,2,2
Missouri,Harrison County,8186,4144,4042,3998,3889,26,19,24,24,24,19,0,10,72,81,4060,3967,64,56,54,59,37,28,3,13,4000,3921,3873,3792,24,18,18,11,22,17,0,10,63,73,3926,3862,59,52,43,41,33,26,3,13,144,121,125,97,2,1,6,13,2,2,0,0,9,8,134,105,5,4,11,18,4,2,0,0
Missouri,Henry County,22575,11132,11443,10555,10851,173,140,92,110,43,82,9,7,260,253,10800,11091,273,238,225,236,78,116,20,18,10790,11066,10274,10558,153,122,82,80,42,76,8,7,231,223,10491,10769,246,210,195,193,73,106,19,14,342,377,281,293,20,18,10,30,1,6,1,0,29,30,309,322,27,28,30,43,5,10,1,4
Missouri,Hickory County,8766,4339,4427,4145,4206,35,40,46,49,8,20,5,6,100,106,4235,4309,67,69,103,116,27,29,11,13,4225,4346,4040,4140,34,38,45,44,8,19,5,5,93,100,4124,4237,63,65,99,106,24,28,11,12,114,81,105,66,1,2,1,5,0,1,0,1,7,6,111,72,4,4,4,10,3,1,0,1
Missouri,Holt County,4241,2129,2112,2014,2023,49,12,27,33,4,10,1,0,34,34,2048,2056,64,30,40,45,8,14,3,1,2063,2079,1982,1997,18,10,25,32,4,9,1,0,33,31,2015,2027,33,26,38,43,8,13,2,1,66,33,32,26,31,2,2,1,0,1,0,0,1,3,33,29,31,4,2,2,0,1,1,0
Missouri,Howard County,10150,5134,5016,4647,4568,305,226,46,48,15,25,3,6,118,143,4760,4702,368,306,88,100,31,42,7,10,5008,4891,4560,4477,289,215,34,32,14,25,2,3,109,139,4664,4607,348,293,72,83,29,42,6,6,126,125,87,91,16,11,12,16,1,0,1,3,9,4,96,95,20,13,16,17,2,0,1,4
Missouri,Howell County,40762,20002,20760,19062,19792,179,124,177,204,124,198,23,11,437,431,19477,20209,276,224,448,477,203,263,40,23,19400,20182,18591,19324,175,114,142,168,118,194,8,10,366,372,18937,19682,256,201,364,398,188,256,24,21,602,578,471,468,4,10,35,36,6,4,15,1,71,59,540,527,20,23,84,79,15,7,16,2
Missouri,Iron County,9420,4772,4648,4489,4441,93,68,62,29,10,11,22,1,96,98,4578,4535,129,113,111,79,27,21,25,2,4646,4534,4382,4343,88,62,55,27,10,11,20,1,91,90,4466,4429,122,101,101,74,26,21,23,2,126,114,107,98,5,6,7,2,0,0,2,0,5,8,112,106,7,12,10,5,1,0,2,0
Missouri,Jackson County,727362,352936,374426,250125,259056,78273,89319,2720,2735,7171,8276,1226,1114,13421,13926,262160,271416,86785,98140,6792,7201,10128,11266,2042,1963,309021,330566,212848,221816,75437,86327,1273,1381,6922,8009,967,895,11574,12138,223298,232654,82791,94088,4506,4959,9554,10656,1617,1579,43915,43860,37277,37240,2836,2992,1447,1354,249,267,259,219,1847,1788,38862,38762,3994,4052,2286,2242,574,610,425,384
Missouri,Jasper County,126479,62055,64424,55340,57941,1757,1396,1228,1321,859,884,520,545,2351,2337,57593,60198,2761,2395,2338,2430,1237,1229,604,627,55280,57943,49624,52481,1519,1181,948,1013,792,836,339,355,2058,2077,51610,54493,2405,2092,1885,1958,1132,1149,412,431,6775,6481,5716,5460,238,215,280,308,67,48,181,190,293,260,5983,5705,356,303,453,472,105,80,192,196
Missouri,Jefferson County,231888,115951,115937,110235,110179,1898,1610,396,407,1049,1318,52,50,2321,2373,112473,112475,2911,2671,1182,1192,1689,1953,119,121,112522,112838,107213,107549,1811,1483,298,302,1018,1291,44,42,2138,2171,109284,109657,2740,2464,987,978,1630,1889,105,102,3429,3099,3022,2630,87,127,98,105,31,27,8,8,183,202,3189,2818,171,207,195,214,59,64,14,19
Missouri,Johnson County,55880,28512,27368,25233,24176,1436,1399,199,197,560,522,144,163,940,911,26123,25039,1862,1816,480,488,874,800,187,214,26953,25938,23931,23004,1358,1340,156,138,528,502,133,147,847,807,24739,23774,1747,1707,388,371,813,760,169,189,1559,1430,1302,1172,78,59,43,59,32,20,11,16,93,104,1384,1265,115,109,92,117,61,40,18,25
Missouri,Knox County,3740,1912,1828,1830,1750,17,18,17,9,12,13,0,0,36,38,1865,1786,29,34,38,25,18,20,0,2,1885,1813,1813,1745,17,15,9,6,10,13,0,0,36,34,1848,1778,29,30,30,22,16,17,0,1,27,15,17,5,0,3,8,3,2,0,0,0,0,4,17,8,0,4,8,3,2,3,0,1
Missouri,Laclede County,36738,18308,18430,17230,17531,247,170,186,114,128,163,12,23,505,429,17718,17943,436,342,401,301,251,252,36,41,17718,17812,16745,16997,233,157,163,96,114,155,11,21,452,386,17184,17370,402,314,347,255,224,238,32,37,590,618,485,534,14,13,23,18,14,8,1,2,53,43,534,573,34,28,54,46,27,14,4,4
Missouri,Lafayette County,33511,16722,16789,15588,15774,430,326,133,107,88,106,30,23,453,453,16020,16213,657,570,298,272,173,169,47,37,16040,16192,15047,15289,381,301,99,78,80,98,29,21,404,405,15435,15682,591,524,244,216,148,155,43,34,682,597,541,485,49,25,34,29,8,8,1,2,49,48,585,531,66,46,54,56,25,14,4,3
Missouri,Lawrence County,39151,19687,19464,18550,18432,196,129,252,264,145,151,37,25,507,463,19040,18872,364,289,524,530,227,217,61,41,17859,17827,16966,17052,156,83,161,186,121,128,20,13,435,365,17387,17404,302,216,389,382,190,183,39,23,1828,1637,1584,1380,40,46,91,78,24,23,17,12,72,98,1653,1468,62,73,135,148,37,34,22,18
Missouri,Lewis County,9852,4977,4875,4639,4535,184,177,29,32,38,34,5,7,82,90,4719,4620,231,229,55,64,46,44,10,9,4873,4782,4550,4454,178,173,23,27,36,32,4,7,82,89,4630,4538,225,225,49,59,44,41,9,9,104,93,89,81,6,4,6,5,2,2,1,0,0,1,89,82,6,4,6,5,2,3,1,0
Missouri,Lincoln County,65888,33317,32571,31533,30817,782,608,150,162,141,274,24,23,687,687,32199,31486,1114,950,397,399,276,397,53,48,32288,31561,30666,30030,742,571,95,113,137,199,18,18,630,630,31278,30644,1052,891,314,316,255,313,44,40,1029,1010,867,787,40,37,55,49,4,75,6,5,57,57,921,842,62,59,83,83,21,84,9,8
Missouri,Linn County,11910,5852,6058,5603,5848,87,56,23,30,15,21,9,9,115,94,5713,5938,149,106,65,68,33,31,13,11,5649,5862,5428,5684,84,54,14,14,12,21,9,9,102,80,5527,5761,141,98,48,46,27,28,13,10,203,196,175,164,3,2,9,16,3,0,0,0,13,14,186,177,8,8,17,22,6,3,0,1
Missouri,Livingston County,14658,6680,7978,6316,7362,103,369,32,51,79,60,4,6,146,130,6458,7487,181,441,87,96,98,79,14,9,6516,7788,6191,7211,88,362,25,43,75,52,4,6,133,114,6320,7320,162,426,72,82,93,67,13,9,164,190,125,151,15,7,7,8,4,8,0,0,13,16,138,167,19,15,15,14,5,12,1,0
Missouri,McDonald County,24054,12396,11658,10246,10052,212,128,410,368,195,195,833,441,500,474,10727,10506,343,253,733,678,263,253,851,462,10745,10225,8844,8827,173,97,291,294,173,169,810,430,454,408,9283,9220,288,206,582,554,236,218,826,448,1651,1433,1402,1225,39,31,119,74,22,26,23,11,46,66,1444,1286,55,47,151,124,27,35,25,14
Missouri,Macon County,15177,7650,7527,7167,7141,210,152,25,24,77,40,4,7,167,163,7329,7296,296,239,90,88,99,59,13,14,7494,7377,7041,7015,206,145,21,20,76,39,4,7,146,151,7182,7160,284,228,73,78,95,54,12,12,156,150,126,126,4,7,4,4,1,1,0,0,21,12,147,136,12,11,17,10,4,5,1,2
Missouri,Madison County,12852,6542,6310,6204,6066,135,24,40,37,62,63,1,5,100,115,6298,6178,175,69,84,95,80,76,7,11,6328,6125,6024,5928,127,20,32,29,49,41,0,2,96,105,6114,6030,165,59,74,83,66,54,6,8,214,185,180,138,8,4,8,8,13,22,1,3,4,10,184,148,10,10,10,12,14,22,1,3
Missouri,Maries County,8506,4294,4212,4093,4009,44,41,40,33,11,28,3,4,103,97,4194,4102,80,77,92,85,26,42,9,6,4181,4111,3995,3919,38,38,35,31,10,28,1,2,102,93,4095,4008,74,74,86,79,25,42,7,4,113,101,98,90,6,3,5,2,1,0,2,2,1,4,99,94,6,3,6,6,1,0,2,2
Missouri,Marion County,28425,13900,14525,12645,13262,683,633,42,55,114,127,16,12,400,436,13017,13680,948,918,138,160,170,184,39,30,13543,14236,12360,13040,649,599,37,49,104,124,16,11,377,413,12711,13436,905,875,123,143,153,178,37,27,357,289,285,222,34,34,5,6,10,3,0,1,23,23,306,244,43,43,15,17,17,6,2,3
Missouri,Mercer County,3452,1680,1772,1602,1680,12,19,15,22,11,22,1,0,39,29,1639,1708,29,31,36,38,16,25,1,0,1596,1682,1536,1609,7,11,8,14,11,22,0,0,34,26,1568,1634,22,21,25,29,16,25,0,0,84,90,66,71,5,8,7,8,0,0,1,0,5,3,71,74,7,10,11,9,0,0,1,0
Missouri,Miller County,25668,12834,12834,12194,12313,176,95,104,82,66,80,24,34,270,230,12449,12536,280,176,248,211,101,103,35,44,12494,12547,11920,12089,163,77,90,65,56,76,24,32,241,208,12149,12292,256,150,214,181,87,97,34,40,340,287,274,224,13,18,14,17,10,4,0,2,29,22,300,244,24,26,34,30,14,6,1,4
Missouri,Mississippi County,11750,6086,5664,4374,4279,1520,1197,36,20,21,23,1,1,134,144,4502,4416,1606,1282,71,62,36,41,8,9,5924,5536,4252,4181,1498,1184,29,15,15,15,1,1,129,140,4376,4314,1583,1268,61,54,29,33,7,9,162,128,122,98,22,13,7,5,6,8,0,0,5,4,126,102,23,14,10,8,7,8,1,0
Missouri,Moniteau County,15294,7912,7382,7370,7081,316,77,38,35,36,39,6,7,146,143,7503,7217,370,133,114,94,61,68,15,15,7367,6995,6864,6733,310,65,35,27,21,33,5,7,132,130,6985,6856,359,114,103,80,45,61,12,15,545,387,506,348,6,12,3,8,15,6,1,0,14,13,518,361,11,19,11,14,16,7,3,0
Missouri,Monroe County,8890,4548,4342,4227,4060,176,105,25,20,14,24,1,2,105,131,4326,4187,241,195,58,55,29,32,3,7,4454,4258,4147,3984,165,102,22,16,14,24,1,2,105,130,4246,4110,230,191,55,50,29,32,3,7,94,84,80,76,11,3,3,4,0,0,0,0,0,1,80,77,11,4,3,5,0,0,0,0
Missouri,Montgomery County,11511,5829,5682,5525,5424,120,60,20,29,26,48,4,2,134,119,5652,5531,182,113,80,86,44,62,12,10,5654,5564,5383,5319,106,58,15,27,26,48,4,2,120,110,5497,5418,162,106,66,78,42,62,11,10,175,118,142,105,14,2,5,2,0,0,0,0,14,9,155,113,20,7,14,8,2,0,1,0
Missouri,Morgan County,22399,11281,11118,10732,10589,140,84,98,100,37,66,8,7,266,272,10989,10848,224,173,251,243,79,104,19,23,10942,10819,10455,10344,129,76,73,88,37,62,7,7,241,242,10688,10577,204,153,210,212,75,97,15,23,339,299,277,245,11,8,25,12,0,4,1,0,25,30,301,271,20,20,41,31,4,7,4,0
Missouri,New Madrid County,15212,7169,8043,5810,6294,1128,1489,26,39,34,35,4,5,167,181,5972,6466,1230,1599,78,99,51,51,11,11,6980,7911,5673,6202,1104,1471,18,28,28,31,4,5,153,174,5821,6368,1200,1577,63,85,44,46,10,11,189,132,137,92,24,18,8,11,6,4,0,0,14,7,151,98,30,22,15,14,7,5,1,0
Missouri,Newton County,61519,30729,30790,27185,27429,459,336,854,795,505,551,514,565,1212,1114,28349,28491,830,673,1548,1417,688,716,566,626,28264,28672,25143,25614,386,277,751,696,473,531,479,534,1032,1020,26137,26593,706,586,1323,1257,630,679,524,590,2465,2118,2042,1815,73,59,103,99,32,20,35,31,180,94,2212,1898,124,87,225,160,58,37,42,36
Missouri,Nodaway County,20503,10303,10200,9582,9637,366,135,54,36,196,231,3,4,102,157,9680,9781,411,203,87,88,224,275,8,15,10053,9939,9373,9421,358,125,38,26,192,226,2,3,90,138,9459,9548,397,186,65,65,218,268,7,12,250,261,209,216,8,10,16,10,4,5,1,1,12,19,221,233,14,17,22,23,6,7,1,3
Missouri,Oregon County,8699,4327,4372,4069,4136,23,28,75,67,34,28,4,5,122,108,4186,4240,58,63,146,126,52,44,10,8,4238,4289,4000,4068,23,27,65,58,29,27,3,4,118,105,4114,4170,56,61,133,115,47,42,9,7,89,83,69,68,0,1,10,9,5,1,1,1,4,3,72,70,2,2,13,11,5,2,1,1
Missouri,Osage County,13478,6918,6560,6752,6419,49,32,37,30,13,12,6,5,61,62,6812,6477,80,61,55,60,23,18,9,7,6836,6476,6685,6350,47,29,30,27,13,11,4,3,57,56,6741,6403,77,55,46,53,22,17,7,5,82,84,67,69,2,3,7,3,0,1,2,2,4,6,71,74,3,6,9,7,1,1,2,2
Missouri,Ozark County,9090,4578,4512,4358,4301,33,16,64,65,9,29,0,0,114,101,4468,4399,66,53,129,115,28,41,4,5,4447,4400,4266,4220,28,14,47,53,5,26,0,0,101,87,4364,4305,57,43,107,97,20,37,3,5,131,112,92,81,5,2,17,12,4,3,0,0,13,14,104,94,9,10,22,18,8,4,1,0
Missouri,Pemiscot County,14407,6832,7575,4861,5155,1640,2067,38,57,36,39,7,5,250,252,5102,5399,1817,2241,94,109,62,68,11,11,6553,7333,4661,4980,1596,2040,23,41,29,28,0,5,244,239,4897,5211,1769,2208,77,87,55,56,3,11,279,242,200,175,44,27,15,16,7,11,7,0,6,13,205,188,48,33,17,22,7,12,8,0
Missouri,Perry County,19100,9576,9524,9109,9165,91,64,53,59,173,123,19,10,131,103,9232,9262,149,101,107,105,196,143,24,17,9291,9290,8896,8975,84,57,28,42,161,115,1,0,121,101,9009,9070,140,93,76,87,182,135,6,7,285,234,213,190,7,7,25,17,12,8,18,10,10,2,223,192,9,8,31,18,14,8,18,10
Missouri,Pettis County,43791,21942,21849,19843,19916,834,676,250,202,197,266,90,108,728,681,20533,20560,1289,1098,429,369,312,371,126,145,19516,19639,17792,18055,762,606,73,74,178,240,73,82,638,582,18400,18608,1166,972,217,198,280,335,101,113,2426,2210,2051,1861,72,70,177,128,19,26,17,26,90,99,2133,1952,123,126,212,171,32,36,25,32
Missouri,Phelps County,45672,23840,21832,21077,19708,768,540,223,219,1059,790,30,29,683,546,21727,20230,1029,740,494,449,1226,915,64,61,23071,21066,20480,19134,728,510,169,154,1040,766,22,20,632,482,21082,19595,970,687,415,339,1198,886,54,51,769,766,597,574,40,30,54,65,19,24,8,9,51,64,645,635,59,53,79,110,28,29,10,10
Missouri,Pike County,17961,9718,8243,8567,7744,853,261,32,21,45,32,4,1,217,184,8769,7921,981,365,102,73,71,56,19,17,9446,8053,8329,7591,841,249,22,15,45,32,3,1,206,165,8521,7749,963,344,88,59,69,55,17,15,272,190,238,153,12,12,10,6,0,0,1,0,11,19,248,172,18,21,14,14,2,1,2,2
Missouri,Platte County,113207,56100,57107,46727,47953,5247,5078,369,334,1742,1720,349,306,1666,1716,48267,49540,5988,5817,845,842,2330,2315,456,430,51863,52748,43118,44234,5026,4849,228,198,1686,1650,333,286,1472,1531,44498,45659,5682,5514,609,607,2222,2199,420,396,4237,4359,3609,3719,221,229,141,136,56,70,16,20,194,185,3769,3881,306,303,236,235,108,116,36,34
Missouri,Polk County,33070,16427,16643,15465,15870,235,90,142,134,156,188,9,9,420,352,15862,16204,383,217,347,299,234,258,33,34,15875,16077,14992,15389,218,78,127,111,153,171,9,9,376,319,15349,15691,351,193,307,255,220,238,31,33,552,566,473,481,17,12,15,23,3,17,0,0,44,33,513,513,32,24,40,44,14,20,2,1
Missouri,Pulaski County,53964,30516,23448,24073,18570,3637,2289,347,266,822,866,203,250,1434,1207,25352,19663,4356,2900,751,591,1303,1295,347,362,26863,20918,21136,16536,3350,2109,232,187,746,813,174,225,1225,1048,22241,17492,3963,2645,553,437,1171,1196,281,314,3653,2530,2937,2034,287,180,115,79,76,53,29,25,209,159,3111,2171,393,255,198,154,132,99,66,48
Missouri,Putnam County,4539,2303,2236,2235,2148,9,6,8,3,8,18,3,2,40,59,2273,2205,26,22,24,27,15,37,6,6,2234,2163,2174,2084,7,5,8,1,8,17,2,2,35,54,2207,2136,21,20,22,21,15,36,5,6,69,73,61,64,2,1,0,2,0,1,1,0,5,5,66,69,5,2,2,6,0,1,1,0
Missouri,Ralls County,10499,5290,5209,5034,5022,105,61,17,12,25,21,5,9,104,84,5131,5104,162,97,57,51,41,33,12,11,5222,5139,4979,4964,104,58,17,12,18,18,5,9,99,78,5072,5041,159,92,54,46,32,30,10,10,68,70,55,58,1,3,0,0,7,3,0,0,5,6,59,63,3,5,3,5,9,3,2,1
Missouri,Randolph County,24077,12412,11665,11042,10748,839,384,98,73,73,102,6,1,354,357,11384,11096,1065,599,194,160,118,158,17,17,12060,11336,10760,10493,825,368,71,54,70,97,6,1,328,323,11078,10810,1037,563,156,129,112,150,14,13,352,329,282,255,14,16,27,19,3,5,0,0,26,34,306,286,28,36,38,31,6,8,3,4
Missouri,Ray County,23199,11616,11583,11006,11026,203,136,81,90,55,61,13,12,258,258,11256,11272,339,262,171,181,98,113,22,22,11257,11225,10729,10758,180,110,70,71,45,51,9,11,224,224,10947,10974,301,218,148,144,80,97,15,21,359,358,277,268,23,26,11,19,10,10,4,1,34,34,309,298,38,44,23,37,18,16,7,1
Missouri,Reynolds County,5927,3090,2837,2896,2657,60,30,46,54,3,13,0,1,85,82,2979,2735,90,55,93,100,13,27,4,4,3036,2783,2850,2619,60,29,43,45,3,13,0,1,80,76,2928,2691,87,52,88,88,13,26,4,4,54,54,46,38,0,1,3,9,0,0,0,0,5,6,51,44,3,3,5,12,0,1,0,0
Missouri,Ripley County,10715,5346,5369,5025,5119,73,44,73,63,20,24,2,2,153,117,5175,5230,128,86,158,123,36,46,5,5,5224,5281,4928,5050,73,44,59,55,19,23,1,1,144,108,5069,5153,124,83,141,109,34,44,3,4,122,88,97,69,0,0,14,8,1,1,1,1,9,9,106,77,4,3,17,14,2,2,2,1
Missouri,St. Charles County,423726,209932,213794,182113,185661,13753,14237,527,458,8210,8116,150,138,5179,5184,187070,190622,16450,16957,1652,1637,9904,9788,348,330,199785,204831,173422,177837,13077,13851,324,294,8114,8013,107,93,4741,4743,177976,182391,15551,16346,1285,1295,9704,9577,274,255,10147,8963,8691,7824,676,386,203,164,96,103,43,45,438,441,9094,8231,899,611,367,342,200,211,74,75
Missouri,St. Clair County,9848,5084,4764,4855,4586,67,24,43,40,10,28,0,2,109,84,4958,4666,101,43,108,89,23,46,6,5,4967,4638,4762,4475,57,19,41,36,10,28,0,2,97,78,4854,4549,86,34,101,84,21,46,5,4,117,126,93,111,10,5,2,4,0,0,0,0,12,6,104,117,15,9,7,5,2,0,1,1
Missouri,Ste. Genevieve County,18546,9628,8918,9085,8642,279,61,32,28,25,34,67,48,140,105,9218,8745,346,110,92,70,41,51,73,53,9471,8771,8940,8510,278,58,31,28,23,32,66,47,133,96,9067,8604,343,102,86,66,38,48,72,51,157,147,145,132,1,3,1,0,2,2,1,1,7,9,151,141,3,8,6,4,3,3,1,2
Missouri,St. Francois County,67503,35482,32021,32117,30750,2451,403,176,136,141,168,21,21,576,543,32667,31270,2709,643,420,355,238,275,38,38,34678,31383,31473,30246,2378,374,149,102,127,159,21,21,530,481,31980,30712,2614,589,370,288,217,255,37,34,804,638,644,504,73,29,27,34,14,9,0,0,46,62,687,558,95,54,50,67,21,20,1,4
Missouri,St. Louis County,992929,474555,518374,322346,337141,111900,139212,1246,1243,26235,27689,95,116,12733,12973,334028,348914,118976,146433,3936,4204,31088,32523,576,609,454065,498255,304596,319847,110674,137840,718,777,26133,27632,70,78,11874,12081,315503,330818,117236,144554,3088,3402,30735,32194,494,495,20490,20119,17750,17294,1226,1372,528,466,102,57,25,38,859,892,18525,18096,1740,1879,848,802,353,329,82,114
Missouri,Saline County,23325,11795,11530,10020,10012,868,616,107,114,158,138,277,290,365,360,10364,10350,1089,828,220,218,215,205,289,306,10160,10036,8627,8748,770,523,45,47,138,122,260,274,320,322,8927,9052,966,719,137,133,189,179,271,289,1635,1494,1393,1264,98,93,62,67,20,16,17,16,45,38,1437,1298,123,109,83,85,26,26,18,17
Missouri,Schuyler County,4069,2059,2010,2003,1947,14,12,8,6,5,20,0,0,29,25,2030,1971,29,23,21,17,7,24,1,0,2026,1976,1975,1916,12,12,6,4,5,20,0,0,28,24,2001,1939,27,22,18,15,7,24,1,0,33,34,28,31,2,0,2,2,0,0,0,0,1,1,29,32,2,1,3,2,0,0,0,0
Missouri,Scotland County,4698,2316,2382,2263,2308,3,5,9,15,5,9,0,0,36,45,2299,2353,26,31,19,28,8,16,1,0,2296,2351,2243,2281,3,5,9,13,5,9,0,0,36,43,2279,2324,26,30,19,25,8,16,1,0,20,31,20,27,0,0,0,2,0,0,0,0,0,2,20,29,0,1,0,3,0,0,0,0
Missouri,Scott County,37957,18527,19430,15634,16244,2270,2551,97,92,105,85,26,34,395,424,16009,16651,2518,2785,216,240,149,146,39,52,17978,18933,15189,15860,2227,2508,74,71,98,78,22,34,368,382,15539,16226,2455,2721,184,200,139,132,34,51,549,497,445,384,43,43,23,21,7,7,4,0,27,42,470,425,63,64,32,40,10,14,5,1
Missouri,Shannon County,7275,3636,3639,3430,3448,41,24,51,49,10,13,0,1,104,104,3529,3547,76,60,109,106,23,31,4,3,3530,3529,3343,3345,32,24,47,47,10,13,0,1,98,99,3436,3440,64,57,102,101,22,30,4,3,106,110,87,103,9,0,4,2,0,0,0,0,6,5,93,107,12,3,7,5,1,1,0,0
Missouri,Shelby County,5926,3002,2924,2870,2800,55,42,14,13,4,13,1,0,58,56,2926,2855,95,75,25,29,12,19,2,2,2930,2859,2807,2744,54,41,9,7,4,13,1,0,55,54,2860,2797,94,74,19,22,10,18,2,2,72,65,63,56,1,1,5,6,0,0,0,0,3,2,66,58,1,1,6,7,2,1,0,0
Missouri,Stoddard County,28438,14176,14262,13526,13736,273,161,87,81,46,71,5,8,239,205,13748,13938,378,256,192,159,89,105,12,14,13769,13957,13208,13477,243,151,54,58,44,69,2,6,218,196,13410,13671,334,239,152,134,84,103,9,11,407,305,318,259,30,10,33,23,2,2,3,2,21,9,338,267,44,17,40,25,5,2,3,3
Missouri,Stone County,32630,16192,16438,15396,15762,177,73,160,161,82,117,30,8,347,317,15723,16071,307,164,351,351,130,157,39,18,15630,15932,14955,15330,159,64,131,132,74,116,5,7,306,283,15243,15605,274,145,297,303,117,153,14,15,562,506,441,432,18,9,29,29,8,1,25,1,41,34,480,466,33,19,54,48,13,4,25,3
Missouri,Sullivan County,5750,2931,2819,2692,2594,123,73,49,61,24,37,6,19,37,35,2726,2628,145,91,64,74,27,42,7,19,2358,2313,2177,2196,103,58,26,16,15,10,0,2,37,31,2211,2226,125,74,41,27,18,15,1,2,573,506,515,398,20,15,23,45,9,27,6,17,0,4,515,402,20,17,23,47,9,27,6,17
Missouri,Taney County,56744,27599,29145,25526,27064,618,487,318,390,282,410,44,41,811,753,26291,27783,919,755,702,742,444,575,80,71,25381,26952,23650,25211,503,417,223,260,255,376,31,28,719,660,24328,25844,762,654,560,554,407,527,62,56,2218,2193,1876,1853,115,70,95,130,27,34,13,13,92,93,1963,1939,157,101,142,188,37,48,18,15
Missouri,Texas County,25715,13670,12045,12251,11489,951,79,149,101,40,73,12,9,267,294,12506,11773,1032,165,312,277,71,109,21,18,13294,11736,11921,11219,940,75,135,92,38,67,8,6,252,277,12161,11487,1013,155,292,259,68,100,16,15,376,309,330,270,11,4,14,9,2,6,4,3,15,17,345,286,19,10,20,18,3,9,5,3
Missouri,Vernon County,19787,9705,10082,9161,9561,89,139,91,68,96,88,3,8,265,218,9413,9766,199,228,226,179,131,120,9,13,9395,9781,8905,9302,88,132,71,57,92,86,1,6,238,198,9131,9488,185,214,195,157,122,113,7,11,310,301,256,259,1,7,20,11,4,2,2,2,27,20,282,278,14,14,31,22,9,7,2,2
Missouri,Warren County,38478,19369,19109,18210,18043,547,407,114,102,79,122,8,16,411,419,18608,18442,782,651,235,225,141,194,25,29,18535,18306,17508,17353,512,392,69,61,70,105,8,10,368,385,17863,17720,722,619,174,168,129,171,23,23,834,803,702,690,35,15,45,41,9,17,0,6,43,34,745,722,60,32,61,57,12,23,2,6
Missouri,Washington County,23583,12223,11360,11352,10924,556,92,55,73,38,51,6,4,216,216,11557,11129,652,183,169,190,57,72,11,8,12030,11227,11208,10838,553,91,46,65,36,51,5,4,182,178,11382,11006,632,167,141,161,52,69,10,7,193,133,144,86,3,1,9,8,2,0,1,0,34,38,175,123,20,16,28,29,5,3,1,1
Missouri,Wayne County,10820,5455,5365,5192,5108,80,44,38,40,16,26,3,2,126,145,5314,5243,121,95,116,123,25,45,6,5,5365,5285,5120,5040,76,43,36,37,16,26,2,2,115,137,5233,5167,112,91,109,116,22,44,5,5,90,80,72,68,4,1,2,3,0,0,1,0,11,8,81,76,9,4,7,7,3,1,1,0
Missouri,Webster County,42041,21396,20645,20268,19662,367,155,206,192,73,124,3,11,479,501,20730,20140,544,350,453,443,137,200,19,25,20825,20095,19828,19227,353,142,171,142,60,113,1,7,412,464,20226,19669,505,322,380,369,118,186,14,21,571,550,440,435,14,13,35,50,13,11,2,4,67,37,504,471,39,28,73,74,19,14,5,4
Missouri,Worth County,1872,945,927,910,901,12,9,4,6,2,4,0,0,17,7,926,908,20,10,12,10,4,6,0,0,923,914,893,890,12,9,4,4,2,4,0,0,12,7,905,897,17,10,9,8,4,6,0,0,22,13,17,11,0,0,0,2,0,0,0,0,5,0,21,11,3,0,3,2,0,0,0,0
Missouri,Wright County,19505,9791,9714,9347,9292,122,60,91,77,37,65,7,12,187,208,9529,9490,188,137,198,200,54,83,11,19,9481,9457,9087,9065,111,54,73,71,34,62,6,12,170,193,9252,9248,169,125,172,186,50,79,10,19,310,257,260,227,11,6,18,6,3,3,1,0,17,15,277,242,19,12,26,14,4,4,1,0
Missouri,St. Louis city,279695,134988,144707,70915,69502,54149,64607,507,479,5460,5961,74,75,3883,4083,74175,72888,56454,67083,1720,1827,6683,7213,280,280,126573,137296,63923,63460,53460,63971,254,260,5338,5826,55,52,3543,3727,66905,66556,55577,66253,1311,1436,6471,6998,224,213,8415,7411,6992,6042,689,636,253,219,122,135,19,23,340,356,7270,6332,877,830,409,391,212,215,56,67
Montana,Beaverhead County,10006,5076,4930,4736,4663,30,20,105,104,30,33,30,26,145,84,4871,4740,69,45,177,146,68,55,36,32,4760,4657,4468,4426,22,17,82,84,29,30,30,25,129,75,4588,4494,60,41,143,119,62,50,36,31,316,273,268,237,8,3,23,20,1,3,0,1,16,9,283,246,9,4,34,27,6,5,0,1
Montana,Big Horn County,12796,6329,6467,1893,1816,36,36,4143,4318,19,75,7,0,231,222,2118,2032,80,74,4307,4478,50,100,10,10,5968,6165,1734,1701,33,35,3978,4184,19,74,7,0,197,171,1926,1867,63,64,4121,4307,48,94,10,9,361,302,159,115,3,1,165,134,0,1,0,0,34,51,192,165,17,10,186,171,2,6,0,1
Montana,Blaine County,6903,3507,3396,1612,1548,22,16,1751,1709,11,8,0,1,111,114,1721,1662,44,37,1821,1787,33,20,1,10,3386,3315,1544,1512,22,16,1704,1669,11,8,0,1,105,109,1647,1621,41,36,1770,1743,33,19,1,8,121,81,68,36,0,0,47,40,0,0,0,0,6,5,74,41,3,1,51,44,0,1,0,2
Montana,Broadwater County,8302,4299,4003,4096,3832,39,17,58,64,16,22,9,4,81,64,4175,3894,59,37,109,96,29,32,14,9,4124,3831,3947,3682,30,14,53,52,16,22,9,4,69,57,4014,3738,46,30,96,80,28,32,13,9,175,172,149,150,9,3,5,12,0,0,0,0,12,7,161,156,13,7,13,16,1,0,1,0
Montana,Carbon County,11498,5877,5621,5548,5327,74,29,109,74,19,65,5,3,122,123,5666,5440,107,69,182,140,41,88,8,12,5680,5434,5397,5186,68,27,94,51,19,63,3,3,99,104,5494,5281,91,60,153,109,39,81,6,12,197,187,151,141,6,2,15,23,0,2,2,0,23,19,172,159,16,9,29,31,2,7,2,0
Montana,Carter County,1399,711,688,676,657,4,1,9,7,1,2,0,0,21,21,697,675,13,10,16,15,7,7,0,2,702,678,668,649,3,1,9,5,1,2,0,0,21,21,689,667,12,10,16,13,7,7,0,2,9,10,8,8,1,0,0,2,0,0,0,0,0,0,8,8,1,0,0,2,0,0,0,0
Montana,Cascade County,84523,42926,41597,37627,36508,873,542,2073,2165,465,544,65,62,1823,1776,39350,38178,1387,1015,3049,3150,968,1012,172,164,40398,39293,35799,34864,774,431,1767,1881,424,519,47,40,1587,1558,37311,36332,1214,848,2594,2731,867,932,139,123,2528,2304,1828,1644,99,111,306,284,41,25,18,22,236,218,2039,1846,173,167,455,419,101,80,33,41
Montana,Chouteau County,5880,2946,2934,2348,2301,8,6,517,526,10,20,3,1,60,80,2407,2378,24,31,545,564,27,39,5,4,2846,2844,2273,2244,7,6,494,502,10,17,3,1,59,74,2331,2315,23,28,521,538,27,35,5,4,100,90,75,57,1,0,23,24,0,3,0,0,1,6,76,63,1,3,24,26,0,4,0,0
Montana,Custer County,11964,6040,5924,5572,5524,67,36,204,157,34,47,2,3,161,157,5725,5675,102,76,294,250,73,79,9,8,5805,5716,5396,5364,65,34,177,129,34,47,1,0,132,142,5521,5500,91,70,248,214,71,78,8,3,235,208,176,160,2,2,27,28,0,0,1,3,29,15,204,175,11,6,46,36,2,1,1,5
Montana,Daniels County,1625,861,764,804,703,7,1,27,35,1,5,0,0,22,20,826,722,12,11,36,43,9,8,0,0,826,742,780,685,4,1,19,33,1,5,0,0,22,18,802,702,9,10,28,40,9,8,0,0,35,22,24,18,3,0,8,2,0,0,0,0,0,2,24,20,3,1,8,3,0,0,0,0
Montana,Dawson County,8731,4573,4158,4267,3920,36,13,129,85,27,31,2,2,112,107,4374,4023,68,48,194,147,44,47,9,3,4383,4000,4121,3810,33,13,110,66,26,31,2,2,91,78,4208,3886,58,39,162,109,41,42,6,3,190,158,146,110,3,0,19,19,1,0,0,0,21,29,166,137,10,9,32,38,3,5,3,0
Montana,Deer Lodge County,9811,5217,4594,4827,4285,36,23,179,127,24,25,7,4,144,130,4964,4413,66,44,274,214,52,50,12,7,4996,4443,4675,4181,33,19,147,101,21,24,2,4,118,114,4789,4293,57,37,224,176,43,46,7,7,221,151,152,104,3,4,32,26,3,1,5,0,26,16,175,120,9,7,50,38,9,4,5,0
Montana,Fallon County,2946,1515,1431,1440,1367,7,9,27,16,13,10,3,1,25,28,1464,1395,11,20,42,28,20,15,3,1,1482,1397,1411,1333,7,9,25,16,13,10,3,1,23,28,1433,1361,11,20,38,28,20,15,3,1,33,34,29,34,0,0,2,0,0,0,0,0,2,0,31,34,0,0,4,0,0,0,0,0
Montana,Fergus County,11862,6052,5810,5769,5487,21,26,124,81,13,79,0,2,125,135,5883,5618,54,54,205,169,36,103,5,4,5886,5647,5621,5356,20,22,116,67,13,79,0,2,116,121,5726,5475,49,47,191,143,36,102,4,4,166,163,148,131,1,4,8,14,0,0,0,0,9,14,157,143,5,7,14,26,0,1,1,0
Montana,Flathead County,114527,57489,57038,54389,53753,224,225,784,713,475,741,62,62,1555,1544,55876,55231,482,452,1739,1692,890,1157,138,124,55130,54737,52456,51863,197,188,657,598,436,714,44,44,1340,1330,53748,53136,413,385,1460,1418,805,1083,105,92,2359,2301,1933,1890,27,37,127,115,39,27,18,18,215,214,2128,2095,69,67,279,274,85,74,33,32
Montana,Gallatin County,126984,66356,60628,62550,56853,432,399,753,745,992,1148,59,55,1570,1428,64060,58228,753,657,1432,1391,1630,1732,159,129,62392,57262,59142,53962,382,346,465,565,958,1100,39,38,1406,1251,60505,55171,664,573,1043,1109,1547,1619,124,98,3964,3366,3408,2891,50,53,288,180,34,48,20,17,164,177,3555,3057,89,84,389,282,83,113,35,31
Montana,Garfield County,1181,597,584,579,572,4,1,3,6,0,1,2,0,9,4,588,576,7,2,8,7,1,3,2,0,593,575,575,563,4,1,3,6,0,1,2,0,9,4,584,567,7,2,8,7,1,3,2,0,4,9,4,9,0,0,0,0,0,0,0,0,0,0,4,9,0,0,0,0,0,0,0,0
Montana,Glacier County,13503,6592,6911,2082,2079,37,16,4214,4555,31,27,4,0,224,234,2299,2306,67,46,4393,4731,59,60,7,7,6396,6678,1999,2002,32,12,4125,4426,29,20,3,0,208,218,2200,2213,60,40,4292,4594,54,46,6,7,196,233,83,77,5,4,89,129,2,7,1,0,16,16,99,93,7,6,101,137,5,14,1,0
Montana,Golden Valley County,863,423,440,383,411,6,6,12,13,5,1,1,1,16,8,399,418,10,7,21,16,10,5,1,2,402,424,364,402,5,5,12,8,5,1,1,1,15,7,379,409,9,6,20,10,10,4,1,2,21,16,19,9,1,1,0,5,0,0,0,0,1,1,20,9,1,1,1,6,0,1,0,0
Montana,Granite County,3602,1861,1741,1779,1650,9,12,18,17,12,11,0,1,43,50,1819,1699,17,26,46,46,24,16,2,4,1802,1692,1729,1602,9,12,18,17,12,11,0,1,34,49,1760,1650,16,26,39,45,22,16,0,4,59,49,50,48,0,0,0,0,0,0,0,0,9,1,59,49,1,0,7,1,2,0,2,0
Montana,Hill County,16065,8125,7940,5790,5451,61,42,1920,2105,49,74,5,6,300,262,6081,5704,103,83,2128,2279,111,122,17,24,7801,7627,5620,5308,54,39,1818,1978,38,71,4,6,267,225,5879,5525,90,73,2003,2127,93,112,15,23,324,313,170,143,7,3,102,127,11,3,1,0,33,37,202,179,13,10,125,152,18,10,2,1
Montana,Jefferson County,13304,6774,6530,6372,6089,54,26,105,141,23,61,7,7,213,206,6581,6292,92,62,261,290,55,84,12,15,6548,6304,6187,5898,53,23,91,131,23,60,7,6,187,186,6371,6082,86,52,227,269,52,79,10,13,226,226,185,191,1,3,14,10,0,1,0,1,26,20,210,210,6,10,34,21,3,5,2,2
Montana,Judith Basin County,2111,1104,1007,1075,979,0,2,13,9,4,6,0,2,12,9,1087,988,3,4,18,16,8,6,0,2,1056,973,1029,946,0,2,13,9,4,6,0,2,10,8,1039,954,3,4,16,15,8,6,0,2,48,34,46,33,0,0,0,0,0,0,0,0,2,1,48,34,0,0,2,1,0,0,0,0
Montana,Lake County,33403,16577,16826,11467,11518,98,67,3750,3809,77,191,25,23,1160,1218,12600,12710,164,137,4787,4895,158,277,56,51,15779,16096,11020,11177,90,58,3509,3516,75,187,18,20,1067,1138,12064,12295,147,116,4467,4538,146,261,46,45,798,730,447,341,8,9,241,293,2,4,7,3,93,80,536,415,17,21,320,357,12,16,10,6
Montana,Lewis and Clark County,75129,37423,37706,35008,35293,227,172,850,776,253,415,36,31,1049,1019,36022,36277,410,346,1525,1437,493,653,96,73,35850,36058,33756,33956,209,149,701,616,244,404,30,22,910,911,34638,34840,370,303,1274,1203,451,615,81,62,1573,1648,1252,1337,18,23,149,160,9,11,6,9,139,108,1384,1437,40,43,251,234,42,38,15,11
Montana,Liberty County,1934,944,990,897,930,8,5,11,18,4,4,0,1,24,32,920,962,18,17,21,30,9,13,1,1,930,981,884,922,8,5,10,17,4,4,0,1,24,32,907,954,18,17,20,29,9,13,1,1,14,9,13,8,0,0,1,1,0,0,0,0,0,0,13,8,0,0,1,1,0,0,0,0
Montana,Lincoln County,22184,11188,10996,10625,10284,62,52,160,176,34,77,20,10,287,397,10893,10662,109,119,365,477,84,144,39,25,10853,10584,10361,10014,54,43,136,152,24,73,18,8,260,294,10608,10297,94,89,322,373,68,121,35,20,335,412,264,270,8,9,24,24,10,4,2,2,27,103,285,365,15,30,43,104,16,23,4,5
Montana,McCone County,1717,889,828,854,790,7,5,12,6,1,5,0,0,15,22,868,812,11,14,20,15,4,11,2,1,875,810,844,775,6,4,10,5,1,4,0,0,14,22,857,797,10,13,17,14,4,10,2,1,14,18,10,15,1,1,2,1,0,1,0,0,1,0,11,15,1,1,3,1,0,1,0,0
Montana,Madison County,9753,5087,4666,4865,4396,68,35,41,49,20,34,4,5,89,147,4945,4538,84,65,108,153,36,55,6,8,4884,4468,4691,4227,66,33,31,43,20,31,3,5,73,129,4757,4355,79,58,86,136,32,45,5,6,203,198,174,169,2,2,10,6,0,3,1,0,16,18,188,183,5,7,22,17,4,10,1,2
Montana,Meagher County,2065,1050,1015,998,970,8,7,17,8,6,11,0,0,21,19,1017,989,13,10,31,22,10,14,1,1,1024,994,976,953,7,7,15,7,6,11,0,0,20,16,994,969,12,10,28,19,10,13,1,1,26,21,22,17,1,0,2,1,0,0,0,0,1,3,23,20,1,0,3,3,0,1,0,0
Montana,Mineral County,5195,2704,2491,2521,2271,16,19,55,76,15,27,2,6,95,92,2610,2363,40,34,117,139,34,37,4,14,2591,2387,2428,2191,15,14,50,72,15,26,2,6,81,78,2507,2269,34,28,102,123,29,35,4,13,113,104,93,80,1,5,5,4,0,1,0,0,14,14,103,94,6,6,15,16,5,2,0,1
Montana,Missoula County,122546,61495,61051,56236,55582,431,281,1665,1682,905,1293,72,60,2186,2153,58326,57642,924,710,2827,2850,1615,2013,218,206,58398,57838,53806,53042,375,238,1395,1388,888,1216,56,49,1878,1905,55610,54879,783,609,2356,2391,1512,1858,168,167,3097,3213,2430,2540,56,43,270,294,17,77,16,11,308,248,2716,2763,141,101,471,459,103,155,50,39
Montana,Musselshell County,5452,2777,2675,2579,2475,30,28,51,58,26,45,2,3,89,66,2664,2538,47,41,112,101,41,53,7,10,2656,2548,2480,2371,30,28,43,49,25,44,2,3,76,53,2552,2423,45,38,93,83,39,50,7,9,121,127,99,104,0,0,8,9,1,1,0,0,13,13,112,115,2,3,19,18,2,3,0,1
Montana,Park County,18074,9135,8939,8697,8509,62,47,121,134,41,57,6,9,208,183,8885,8679,108,78,261,249,78,101,23,26,8751,8581,8374,8214,55,43,100,107,39,53,6,7,177,157,8535,8363,87,67,223,203,69,91,20,23,384,358,323,295,7,4,21,27,2,4,0,2,31,26,350,316,21,11,38,46,9,10,3,3
Montana,Petroleum County,525,292,233,283,222,0,1,7,4,0,0,0,0,2,6,285,228,1,3,7,7,1,1,0,1,287,227,278,216,0,1,7,4,0,0,0,0,2,6,280,222,1,3,7,7,1,1,0,1,5,6,5,6,0,0,0,0,0,0,0,0,0,0,5,6,0,0,0,0,0,0,0,0
Montana,Phillips County,4214,2148,2066,1799,1752,9,4,235,210,9,8,0,0,96,92,1894,1840,28,29,298,272,21,15,4,5,2058,2001,1738,1701,6,3,218,201,9,8,0,0,87,88,1824,1785,22,26,277,261,19,15,4,4,90,65,61,51,3,1,17,9,0,0,0,0,9,4,70,55,6,3,21,11,2,0,0,1
Montana,Pondera County,6078,3053,3025,2468,2477,27,9,460,426,5,25,2,4,91,84,2554,2558,52,29,511,471,23,43,8,9,2955,2936,2413,2415,27,8,435,417,5,25,2,4,73,67,2484,2480,46,24,477,452,17,38,6,9,98,89,55,62,0,1,25,9,0,0,0,0,18,17,70,78,6,5,34,19,6,5,2,0
Montana,Powder River County,1734,901,833,862,773,1,4,19,26,1,1,0,0,18,29,880,801,11,14,27,42,2,5,0,0,871,813,833,758,1,2,18,23,1,1,0,0,18,29,851,786,11,12,26,39,2,5,0,0,30,20,29,15,0,2,1,3,0,0,0,0,0,0,29,15,0,2,1,3,0,0,0,0
Montana,Powell County,7120,4484,2636,3966,2443,68,19,364,58,13,24,3,1,70,91,4032,2529,83,49,407,111,27,44,7,8,4317,2554,3829,2380,67,17,349,54,12,22,3,1,57,80,3883,2456,79,41,384,100,22,40,6,7,167,82,137,63,1,2,15,4,1,2,0,0,13,11,149,73,4,8,23,11,5,4,1,1
Montana,Prairie County,1112,568,544,534,504,4,0,8,5,2,5,0,0,20,30,553,532,15,5,16,26,3,12,1,1,544,522,512,482,4,0,8,5,2,5,0,0,18,30,530,510,13,5,15,26,3,12,1,1,24,22,22,22,0,0,0,0,0,0,0,0,2,0,23,22,2,0,1,0,0,0,0,0
Montana,Ravalli County,48187,24195,23992,22882,22819,143,89,345,282,144,249,36,27,645,526,23501,23330,243,150,789,660,269,352,70,46,23122,22970,22029,21949,124,71,261,219,129,243,32,26,547,462,22557,22399,202,120,638,549,231,334,60,44,1073,1022,853,870,19,18,84,63,15,6,4,1,98,64,944,931,41,30,151,111,38,18,10,2
Montana,Richland County,11028,5713,5315,5316,4975,41,26,156,141,25,28,2,2,173,143,5484,5114,94,56,256,225,51,58,9,10,5360,5029,5020,4730,40,24,126,121,20,28,1,1,153,125,5169,4852,85,50,214,193,42,54,8,8,353,286,296,245,1,2,30,20,5,0,1,1,20,18,315,262,9,6,42,32,9,4,1,2
Montana,Roosevelt County,10197,5156,5041,1794,1608,30,21,3108,3161,33,42,6,3,185,206,1971,1810,68,49,3243,3310,56,71,10,12,4962,4906,1726,1570,28,21,2994,3077,33,41,6,3,175,194,1895,1760,64,45,3122,3219,53,69,10,12,194,135,68,38,2,0,114,84,0,1,0,0,10,12,76,50,4,4,121,91,3,2,0,0
Montana,Rosebud County,8194,4061,4133,2384,2278,19,19,1494,1604,20,100,1,4,143,128,2523,2399,58,49,1586,1689,38,121,6,8,3852,3973,2289,2205,18,17,1394,1531,20,100,1,4,130,116,2416,2315,52,43,1478,1607,37,120,6,8,209,160,95,73,1,2,100,73,0,0,0,0,13,12,107,84,6,6,108,82,1,1,0,0
Montana,Sanders County,13895,7140,6755,6562,6222,29,18,296,243,33,52,4,10,216,210,6771,6424,72,47,449,400,63,82,14,17,6881,6494,6374,6033,26,18,259,192,27,49,3,10,192,192,6559,6217,60,42,396,337,53,76,12,17,259,261,188,189,3,0,37,51,6,3,1,0,24,18,212,207,12,5,53,63,10,6,2,0
Montana,Sheridan County,3448,1795,1653,1668,1532,12,2,40,46,16,15,0,0,59,58,1725,1588,32,19,70,84,27,25,2,1,1724,1580,1605,1484,10,2,38,43,16,15,0,0,55,36,1658,1519,29,11,67,62,25,23,2,1,71,73,63,48,2,0,2,3,0,0,0,0,4,22,67,69,3,8,3,22,2,2,0,0
Montana,Silver Bow County,36134,18494,17640,17225,16486,158,84,449,395,127,183,29,12,506,480,17707,16940,247,174,781,718,243,302,59,33,17639,16793,16579,15863,129,78,349,292,117,178,21,9,444,373,17003,16214,203,142,641,538,220,269,46,24,855,847,646,623,29,6,100,103,10,5,8,3,62,107,704,726,44,32,140,180,23,33,13,9
Montana,Stillwater County,9450,4849,4601,4612,4365,17,14,79,72,29,36,2,4,110,110,4717,4469,44,43,143,133,50,64,12,10,4634,4459,4434,4250,15,9,65,59,21,36,2,3,97,102,4528,4347,40,32,120,116,39,64,11,8,215,142,178,115,2,5,14,13,8,0,0,1,13,8,189,122,4,11,23,17,11,0,1,2
Montana,Sweet Grass County,3757,1946,1811,1861,1709,8,7,19,29,12,21,0,1,46,44,1905,1750,24,21,40,51,19,30,6,5,1884,1748,1802,1657,7,7,18,26,12,18,0,1,45,39,1845,1693,23,20,38,45,19,26,6,4,62,63,59,52,1,0,1,3,0,3,0,0,1,5,60,57,1,1,2,6,0,4,0,1
Montana,Teton County,6444,3204,3240,3001,3032,15,10,72,67,28,44,0,0,88,87,3089,3113,37,31,126,120,40,65,7,2,3132,3168,2940,2969,15,8,69,63,28,44,0,0,80,84,3020,3048,35,28,117,114,39,64,6,2,72,72,61,63,0,2,3,4,0,0,0,0,8,3,69,65,2,3,9,6,1,1,1,0
Montana,Toole County,5153,3032,2121,2610,1900,72,22,235,86,27,33,2,1,86,79,2693,1976,99,42,284,131,37,49,8,4,2874,2025,2477,1824,68,22,220,70,27,32,2,1,80,76,2554,1897,94,41,266,114,35,47,7,4,158,96,133,76,4,0,15,16,0,1,0,0,6,3,139,79,5,1,18,17,2,2,1,0
Montana,Treasure County,739,379,360,361,323,0,0,6,16,3,5,0,0,9,16,369,339,4,2,8,23,6,11,1,1,357,346,341,312,0,0,6,15,3,5,0,0,7,14,347,326,4,2,8,21,4,10,1,1,22,14,20,11,0,0,0,1,0,0,0,0,2,2,22,13,0,0,0,2,2,1,0,0
Montana,Valley County,7434,3744,3690,3259,3161,24,20,337,330,18,48,4,0,102,131,3357,3285,48,56,402,406,34,70,8,7,3638,3592,3183,3092,23,20,322,316,18,47,4,0,88,117,3269,3202,43,51,378,385,31,68,8,6,106,98,76,69,1,0,15,14,0,1,0,0,14,14,88,83,5,5,24,21,3,2,0,1
Montana,Wheatland County,2058,1034,1024,950,968,5,3,36,21,5,8,0,0,38,24,987,990,22,5,52,35,12,17,2,2,978,991,921,939,4,3,12,17,5,8,0,0,36,24,956,961,20,5,27,31,12,17,2,2,56,33,29,29,1,0,24,4,0,0,0,0,2,0,31,29,2,0,25,4,0,0,0,0
Montana,Wibaux County,911,455,456,422,431,2,2,9,7,4,6,1,0,17,10,439,440,9,6,15,10,9,8,1,3,426,431,393,407,2,2,9,7,4,6,1,0,17,9,410,415,9,6,15,10,9,8,1,2,29,25,29,24,0,0,0,0,0,0,0,0,0,1,29,25,0,0,0,0,0,0,0,1
Montana,Yellowstone County,171583,85058,86525,76235,77511,673,497,4506,4695,611,790,60,107,2973,2925,79072,80309,1619,1369,5971,6197,1340,1497,261,308,78853,80639,71564,73087,611,420,3521,3734,542,748,44,91,2571,2559,74028,75545,1427,1173,4741,5015,1185,1385,210,266,6205,5886,4671,4424,62,77,985,961,69,42,16,16,402,366,5044,4764,192,196,1230,1182,155,112,51,42
Nebraska,Adams County,31196,15542,15654,14582,14742,267,212,234,190,190,238,27,23,242,249,14811,14970,392,351,314,276,233,290,41,36,13411,13617,12731,12951,200,162,94,72,172,220,13,4,201,208,12920,13139,309,286,149,133,213,267,25,15,2131,2037,1851,1791,67,50,140,118,18,18,14,19,41,41,1891,1831,83,65,165,143,20,23,16,21
Nebraska,Antelope County,6358,3218,3140,3137,3044,12,15,22,24,11,21,1,1,35,35,3172,3075,30,32,31,34,20,33,2,3,3057,3023,2993,2945,10,13,11,13,8,17,1,1,34,34,3027,2975,27,30,20,22,17,29,2,3,161,117,144,99,2,2,11,11,3,4,0,0,1,1,145,100,3,2,11,12,3,4,0,0
Nebraska,Arthur County,423,215,208,211,203,0,0,3,1,0,1,0,0,1,3,212,206,0,1,4,1,0,3,0,0,212,208,208,203,0,0,3,1,0,1,0,0,1,3,209,206,0,1,4,1,0,3,0,0,3,0,3,0,0,0,0,0,0,0,0,0,0,0,3,0,0,0,0,0,0,0,0,0
Nebraska,Banner County,665,342,323,330,307,3,11,5,1,1,2,0,1,3,1,333,308,4,11,6,2,2,2,0,1,301,295,291,280,3,11,3,1,1,2,0,0,3,1,294,281,4,11,4,2,2,2,0,0,41,28,39,27,0,0,2,0,0,0,0,1,0,0,39,27,0,0,2,0,0,0,0,1
Nebraska,Blaine County,454,232,222,223,210,2,2,0,5,0,0,0,0,7,5,230,215,5,3,1,7,3,2,0,0,222,216,213,207,2,2,0,2,0,0,0,0,7,5,220,212,5,3,1,4,3,2,0,0,10,6,10,3,0,0,0,3,0,0,0,0,0,0,10,3,0,0,0,3,0,0,0,0
Nebraska,Boone County,5354,2749,2605,2658,2543,26,7,22,10,12,16,1,0,30,29,2687,2572,45,21,32,22,15,18,1,1,2581,2506,2523,2457,20,7,6,8,9,11,1,0,22,23,2544,2480,35,17,12,18,12,13,1,1,168,99,135,86,6,0,16,2,3,5,0,0,8,6,143,92,10,4,20,4,3,5,0,0
Nebraska,Box Butte County,10703,5421,5282,4760,4678,180,122,286,262,26,44,2,4,167,172,4924,4837,257,192,359,343,46,73,8,12,4660,4590,4190,4134,169,112,152,170,25,43,0,3,124,128,4311,4251,228,169,200,224,44,68,5,8,761,692,570,544,11,10,134,92,1,1,2,1,43,44,613,586,29,23,159,119,2,5,3,4
Nebraska,Boyd County,1700,874,826,828,782,3,0,30,18,7,19,0,2,6,5,834,786,8,3,31,19,7,20,0,3,842,810,810,769,2,0,17,17,7,19,0,0,6,5,816,773,7,3,18,18,7,20,0,1,32,16,18,13,1,0,13,1,0,0,0,2,0,0,18,13,1,0,13,1,0,0,0,2
Nebraska,Brown County,2877,1440,1437,1367,1354,9,8,32,30,4,4,2,1,26,40,1392,1392,16,23,45,47,10,11,3,4,1299,1356,1243,1285,7,6,22,22,4,4,2,1,21,38,1263,1321,13,20,31,38,10,11,3,4,141,81,124,69,2,2,10,8,0,0,0,0,5,2,129,71,3,3,14,9,0,0,0,0
Nebraska,Buffalo County,51156,25772,25384,24108,24121,393,246,243,187,490,352,54,54,484,424,24578,24509,623,449,389,333,607,452,66,71,22748,22678,21389,21688,334,194,116,105,463,329,34,25,412,337,21788,21995,535,371,221,198,575,419,44,37,3024,2706,2719,2433,59,52,127,82,27,23,20,29,72,87,2790,2514,88,78,168,135,32,33,22,34
Nebraska,Burt County,6727,3414,3313,3195,3093,35,31,96,93,10,25,5,5,73,66,3264,3152,53,60,132,118,29,38,10,11,3283,3194,3107,3011,30,27,70,71,10,25,2,3,64,57,3167,3061,47,54,99,89,28,38,7,9,131,119,88,82,5,4,26,22,0,0,3,2,9,9,97,91,6,6,33,29,1,0,3,2
Nebraska,Butler County,8439,4299,4140,4133,3989,50,37,42,39,19,14,0,2,55,59,4186,4042,73,66,62,61,33,30,3,3,4010,3885,3868,3768,47,29,27,27,19,12,0,0,49,49,3915,3812,66,52,45,44,33,28,3,0,289,255,265,221,3,8,15,12,0,2,0,2,6,10,271,230,7,14,17,17,0,2,0,3
Nebraska,Cass County,27492,13933,13559,13265,12934,188,96,114,101,62,138,9,15,295,275,13544,13185,297,209,224,210,140,208,28,31,13288,12994,12744,12469,161,82,66,59,58,135,8,15,251,234,12984,12681,252,181,151,143,133,198,24,29,645,565,521,465,27,14,48,42,4,3,1,0,44,41,560,504,45,28,73,67,7,10,4,2
Nebraska,Cedar County,8262,4255,4007,4124,3884,29,21,33,25,9,16,1,0,59,61,4179,3937,50,46,52,46,31,34,4,6,4126,3899,4014,3795,24,13,26,18,9,16,1,0,52,57,4062,3844,45,38,40,35,30,34,3,6,129,108,110,89,5,8,7,7,0,0,0,0,7,4,117,93,5,8,12,11,1,0,1,0
Nebraska,Chase County,3764,1859,1905,1773,1799,17,20,13,15,29,61,1,0,26,10,1799,1808,25,25,24,17,36,64,1,1,1559,1610,1495,1527,15,11,2,3,29,60,0,0,18,9,1513,1535,20,16,10,4,34,63,0,1,300,295,278,272,2,9,11,12,0,1,1,0,8,1,286,273,5,9,14,13,2,1,1,0
Nebraska,Cherry County,5558,2867,2691,2481,2346,19,13,204,211,21,13,2,1,140,107,2614,2445,60,52,267,258,55,35,13,8,2714,2570,2383,2254,16,12,163,187,21,12,2,1,129,104,2505,2350,55,50,218,232,55,34,12,8,153,121,98,92,3,1,41,24,0,1,0,0,11,3,109,95,5,2,49,26,0,1,1,0
Nebraska,Cheyenne County,9602,4867,4735,4566,4488,59,26,62,47,67,59,5,4,108,111,4670,4591,96,64,113,99,86,80,11,13,4381,4317,4156,4125,51,24,38,34,67,58,4,3,65,73,4217,4192,75,48,64,64,83,77,8,9,486,418,410,363,8,2,24,13,0,1,1,1,43,38,453,399,21,16,49,35,3,3,3,4
Nebraska,Clay County,6103,3134,2969,2959,2829,39,32,68,45,7,12,10,7,51,44,3009,2870,56,50,88,63,21,22,12,9,2791,2663,2693,2584,30,28,19,10,4,10,1,0,44,31,2736,2613,44,41,36,23,17,17,3,1,343,306,266,245,9,4,49,35,3,2,9,7,7,13,273,257,12,9,52,40,4,5,9,8
Nebraska,Colfax County,10826,5877,4949,4827,4294,589,222,227,205,82,60,35,39,117,129,4941,4412,632,265,284,280,98,78,40,46,3049,2550,2399,2300,524,152,27,27,55,27,5,9,39,35,2436,2331,539,176,39,33,66,35,9,10,2828,2399,2428,1994,65,70,200,178,27,33,30,30,78,94,2505,2081,93,89,245,247,32,43,31,36
Nebraska,Cuming County,8952,4501,4451,4357,4284,38,33,40,36,22,38,2,4,42,56,4399,4338,55,57,54,60,32,49,3,4,3911,3898,3828,3780,20,20,16,20,16,32,1,3,30,43,3858,3822,33,40,24,34,24,42,2,3,590,553,529,504,18,13,24,16,6,6,1,1,12,13,541,516,22,17,30,26,8,7,1,1
Nebraska,Custer County,10487,5352,5135,5156,4942,64,30,47,65,15,27,0,3,70,68,5224,5002,92,63,70,93,32,40,4,5,5126,4905,4951,4751,62,28,31,35,14,24,0,2,68,65,5017,4808,90,61,52,60,31,37,4,4,226,230,205,191,2,2,16,30,1,3,0,1,2,3,207,194,2,2,18,33,1,3,0,1
Nebraska,Dakota County,21335,10903,10432,8626,8317,1103,889,449,495,367,356,103,93,255,282,8865,8579,1180,993,562,625,436,422,120,105,6134,6101,4243,4399,1032,830,254,261,335,313,82,87,188,211,4415,4595,1094,911,325,344,398,371,95,97,4769,4331,4383,3918,71,59,195,234,32,43,21,6,67,71,4450,3984,86,82,237,281,38,51,25,8
Nebraska,Dawes County,8003,3912,4091,3467,3690,104,46,160,196,45,43,21,12,115,104,3569,3784,148,85,210,248,74,64,30,15,3691,3852,3314,3526,98,41,125,148,41,42,18,11,95,84,3398,3602,136,74,163,188,67,59,25,13,221,239,153,164,6,5,35,48,4,1,3,1,20,20,171,182,12,11,47,60,7,5,5,2
Nebraska,Dawson County,24554,13094,11460,10866,10068,1366,715,423,278,170,189,67,52,202,158,11061,10219,1419,774,541,363,200,212,76,57,7786,7039,6375,6170,1060,535,38,49,138,154,49,37,126,94,6495,6259,1099,573,100,95,164,170,55,39,5308,4421,4491,3898,306,180,385,229,32,35,18,15,76,64,4566,3960,320,201,441,268,36,42,21,18
Nebraska,Deuel County,1892,963,929,921,891,2,3,15,19,6,3,0,0,19,13,938,903,9,8,24,25,11,5,0,1,869,852,838,830,2,3,8,9,6,3,0,0,15,7,851,836,7,6,15,11,11,5,0,1,94,77,83,61,0,0,7,10,0,0,0,0,4,6,87,67,2,2,9,14,0,0,0,0
Nebraska,Dixon County,5526,2875,2651,2655,2520,131,26,30,49,9,11,6,4,44,41,2699,2560,149,43,47,64,18,18,7,7,2326,2232,2251,2158,21,15,12,20,8,7,1,0,33,32,2284,2189,37,29,21,30,17,14,1,2,549,419,404,362,110,11,18,29,1,4,5,4,11,9,415,371,112,14,26,34,1,4,6,5
Nebraska,Dodge County,37884,18936,18948,17455,17688,335,242,576,441,146,143,91,76,333,358,17766,18020,461,378,706,601,229,224,111,92,14911,15432,14242,14745,218,164,83,106,104,114,18,27,246,276,14470,14996,319,276,159,219,179,180,34,42,4025,3516,3213,2943,117,78,493,335,42,29,73,49,87,82,3296,3024,142,102,547,382,50,44,77,50
Nebraska,Douglas County,601158,298640,302518,234258,236406,34457,36857,4630,4631,15233,14677,286,261,9776,9686,243176,245198,40389,42683,7080,7220,17979,17347,695,741,251675,257465,194576,198762,32383,34514,1282,1374,14958,14438,153,137,8323,8240,202203,206255,37501,39590,3056,3272,17443,16789,474,495,46965,45053,39682,37644,2074,2343,3348,3257,275,239,133,124,1453,1446,40973,38943,2888,3093,4024,3948,536,558,221,246
Nebraska,Dundy County,1581,783,798,737,750,10,8,14,18,0,2,1,3,21,17,755,767,14,20,25,22,9,3,2,4,722,739,686,704,8,5,8,10,0,2,0,2,20,16,703,720,12,17,18,13,9,3,1,3,61,59,51,46,2,3,6,8,0,0,1,1,1,1,52,47,2,3,7,9,0,0,1,1
Nebraska,Fillmore County,5512,2777,2735,2677,2635,19,16,24,25,18,27,1,0,38,32,2711,2666,31,30,43,39,28,29,3,5,2656,2629,2576,2544,18,14,14,19,13,22,0,0,35,30,2607,2573,30,27,30,32,23,24,2,5,121,106,101,91,1,2,10,6,5,5,1,0,3,2,104,93,1,3,13,7,5,5,1,0
Nebraska,Franklin County,2817,1427,1390,1376,1340,15,6,8,14,1,3,0,0,27,27,1401,1367,24,17,23,27,6,7,1,0,1368,1331,1329,1297,10,5,5,6,1,3,0,0,23,20,1350,1317,17,14,17,15,6,5,1,0,59,59,47,43,5,1,3,8,0,0,0,0,4,7,51,50,7,3,6,12,0,2,0,0
Nebraska,Frontier County,2536,1302,1234,1259,1189,13,4,8,8,4,5,0,1,18,27,1275,1215,17,13,16,23,11,9,1,2,1248,1195,1211,1152,12,4,8,7,4,5,0,1,13,26,1222,1177,15,13,13,21,10,9,1,2,54,39,48,37,1,0,0,1,0,0,0,0,5,1,53,38,2,0,3,2,1,0,0,0
Nebraska,Furnas County,4468,2252,2216,2166,2138,20,11,31,22,5,13,1,1,29,31,2193,2166,29,21,44,34,12,22,3,6,2131,2110,2071,2044,17,11,15,15,5,10,1,1,22,29,2091,2070,25,21,22,25,12,19,3,6,121,106,95,94,3,0,16,7,0,3,0,0,7,2,102,96,4,0,22,9,0,3,0,0
Nebraska,Gage County,21687,10929,10758,10448,10301,123,75,83,101,69,85,3,2,203,194,10640,10479,194,150,174,182,115,128,16,16,10479,10335,10092,9958,102,58,54,79,64,74,2,2,165,164,10248,10106,164,127,119,142,104,111,14,16,450,423,356,343,21,17,29,22,5,11,1,0,38,30,392,373,30,23,55,40,11,17,2,0
Nebraska,Garden County,1804,935,869,895,831,9,1,13,15,0,0,0,1,18,21,913,851,12,11,21,22,6,6,1,1,870,819,842,792,7,1,6,12,0,0,0,1,15,13,857,804,10,5,12,19,5,4,1,1,65,50,53,39,2,0,7,3,0,0,0,0,3,8,56,47,2,6,9,3,1,2,0,0
Nebraska,Garfield County,1707,860,847,848,834,4,1,1,0,0,2,1,0,6,10,853,842,6,5,3,4,3,5,1,3,849,830,838,817,4,1,1,0,0,2,0,0,6,10,843,825,6,5,3,4,3,5,0,3,11,17,10,17,0,0,0,0,0,0,1,0,0,0,10,17,0,0,0,0,0,0,1,0
Nebraska,Gosper County,1808,949,859,915,818,12,14,6,9,4,3,0,0,12,15,927,832,16,21,12,15,6,5,0,1,887,791,857,755,10,11,5,7,3,3,0,0,12,15,869,769,14,18,11,13,5,5,0,1,62,68,58,63,2,3,1,2,1,0,0,0,0,0,58,63,2,3,1,2,1,0,0,0
Nebraska,Grant County,573,298,275,294,267,1,0,1,0,0,1,0,0,2,7,296,273,1,4,2,3,0,2,1,1,290,271,286,263,1,0,1,0,0,1,0,0,2,7,288,269,1,4,2,3,0,2,1,1,8,4,8,4,0,0,0,0,0,0,0,0,0,0,8,4,0,0,0,0,0,0,0,0
Nebraska,Greeley County,2197,1134,1063,1109,1040,8,10,4,1,2,3,0,0,11,9,1119,1049,13,13,12,6,2,4,0,0,1087,1038,1066,1020,8,7,3,1,2,3,0,0,8,7,1074,1027,12,10,8,4,2,4,0,0,47,25,43,20,0,3,1,0,0,0,0,0,3,2,45,22,1,3,4,2,0,0,0,0
Nebraska,Hall County,62869,32371,30498,28305,27194,1550,1107,1271,1057,459,428,220,168,566,544,28821,27692,1749,1309,1529,1298,610,560,252,205,20606,20458,18557,18747,1167,865,137,129,376,344,41,41,328,332,18858,19055,1299,999,242,245,486,439,60,65,11765,10040,9748,8447,383,242,1134,928,83,84,179,127,238,212,9963,8637,450,310,1287,1053,124,121,192,140
Nebraska,Hamilton County,9564,4854,4710,4688,4569,34,19,21,20,14,21,0,1,97,80,4775,4648,75,56,59,51,38,34,6,4,4600,4470,4462,4356,27,13,15,15,12,19,0,1,84,66,4536,4421,66,45,45,38,32,30,5,4,254,240,226,213,7,6,6,5,2,2,0,0,13,14,239,227,9,11,14,13,6,4,1,0
Nebraska,Harlan County,3018,1556,1462,1506,1408,14,4,10,16,8,10,0,0,18,24,1523,1432,21,14,16,25,16,15,0,0,1506,1409,1461,1361,13,4,7,11,8,9,0,0,17,24,1477,1385,20,14,12,20,16,14,0,0,50,53,45,47,1,0,3,5,0,1,0,0,1,0,46,47,1,0,4,5,0,1,0,0
Nebraska,Hayes County,846,429,417,410,398,4,7,5,2,2,2,0,1,8,7,418,405,8,12,6,3,5,3,0,1,377,371,360,353,4,7,3,1,2,2,0,1,8,7,368,360,8,12,4,2,5,3,0,1,52,46,50,45,0,0,2,1,0,0,0,0,0,0,50,45,0,0,2,1,0,0,0,0
Nebraska,Hitchcock County,2460,1247,1213,1213,1160,9,4,7,20,2,7,0,0,16,22,1229,1182,15,9,15,32,3,12,1,0,1200,1138,1168,1092,8,4,6,17,2,6,0,0,16,19,1184,1111,14,8,14,28,3,10,1,0,47,75,45,68,1,0,1,3,0,1,0,0,0,3,45,71,1,1,1,4,0,2,0,0
Nebraska,Holt County,10120,5082,5038,4919,4849,27,41,49,42,25,50,6,6,56,50,4970,4898,47,66,71,60,39,62,11,7,4731,4763,4616,4614,23,36,20,18,19,47,3,3,50,45,4662,4658,41,60,39,32,32,58,7,4,351,275,303,235,4,5,29,24,6,3,3,3,6,5,308,240,6,6,32,28,7,4,4,3
Nebraska,Hooker County,698,335,363,328,356,0,0,1,3,2,0,0,0,4,4,332,360,1,0,4,6,2,1,0,0,326,342,319,336,0,0,1,3,2,0,0,0,4,3,323,339,1,0,4,5,2,1,0,0,9,21,9,20,0,0,0,0,0,0,0,0,0,1,9,21,0,0,0,1,0,0,0,0
Nebraska,Howard County,6572,3346,3226,3232,3116,26,21,26,22,15,29,3,3,44,35,3272,3151,49,34,43,40,21,33,6,3,3232,3097,3136,3012,25,19,17,6,10,27,3,3,41,30,3174,3042,47,30,32,21,15,31,6,3,114,129,96,104,1,2,9,16,5,2,0,0,3,5,98,109,2,4,11,19,6,2,0,0
Nebraska,Jefferson County,7136,3567,3569,3391,3438,37,25,45,45,23,16,0,1,71,44,3459,3481,64,45,75,63,38,23,3,2,3341,3287,3210,3190,27,17,25,25,19,13,0,1,60,41,3267,3230,51,36,48,41,33,20,3,2,226,282,181,248,10,8,20,20,4,3,0,0,11,3,192,251,13,9,27,22,5,3,0,0
Nebraska,Johnson County,5219,3151,2068,2593,1957,379,23,81,11,32,34,1,1,65,42,2654,1996,401,40,114,33,45,41,5,1,2733,1853,2238,1765,361,15,60,9,31,32,1,1,42,31,2276,1795,380,29,78,24,39,36,5,1,418,215,355,192,18,8,21,2,1,2,0,0,23,11,378,201,21,11,36,9,6,5,0,0
Nebraska,Kearney County,6749,3369,3380,3266,3276,23,15,24,24,7,13,5,4,44,48,3308,3322,38,29,49,52,12,19,7,6,3125,3123,3056,3062,18,11,13,7,7,13,4,0,27,30,3081,3091,29,21,26,24,11,17,6,0,244,257,210,214,5,4,11,17,0,0,1,4,17,18,227,231,9,8,23,28,1,2,1,6
Nebraska,Keith County,8148,4132,4016,3909,3819,59,39,36,42,34,42,3,0,91,74,3993,3891,88,59,77,82,60,55,7,3,3766,3648,3595,3497,47,26,12,18,29,39,3,0,80,68,3669,3563,72,44,48,55,53,51,6,3,366,368,314,322,12,13,24,24,5,3,0,0,11,6,324,328,16,15,29,27,7,4,1,0
Nebraska,Keya Paha County,819,434,385,421,376,0,0,1,5,3,0,0,0,9,4,430,380,1,1,7,8,5,0,0,0,415,382,409,376,0,0,1,5,3,0,0,0,2,1,411,377,1,0,2,6,3,0,0,0,19,3,12,0,0,0,0,0,0,0,0,0,7,3,19,3,0,1,5,2,2,0,0,0
Nebraska,Kimball County,3305,1670,1635,1511,1456,15,50,47,52,15,30,4,2,78,45,1583,1501,49,64,83,76,28,36,7,3,1489,1487,1371,1346,12,50,20,27,15,30,4,0,67,34,1433,1380,45,60,48,47,26,34,6,0,181,148,140,110,3,0,27,25,0,0,0,2,11,11,150,121,4,4,35,29,2,2,1,3
Nebraska,Knox County,8306,4094,4212,3542,3593,24,22,420,446,14,24,1,4,93,123,3629,3710,57,63,472,511,28,43,3,10,3945,4091,3474,3530,23,21,349,408,14,24,0,1,85,107,3554,3633,54,56,396,463,26,41,2,6,149,121,68,63,1,1,71,38,0,0,1,3,8,16,75,77,3,7,76,48,2,2,1,4
Nebraska,Lancaster County,332857,166973,165884,141749,141872,8867,7053,1786,1872,8570,8820,184,171,5817,6096,147252,147634,12118,10463,3125,3364,10290,10531,399,397,151415,151390,128650,129908,8239,6459,874,950,8404,8701,123,111,5125,5261,133514,134905,11149,9487,1896,2031,9993,10249,301,287,15558,14494,13099,11964,628,594,912,922,166,119,61,60,692,835,13738,12729,969,976,1229,1333,297,282,98,110
Nebraska,Lincoln County,33319,16696,16623,15589,15685,292,202,220,213,103,168,24,13,468,342,16021,16008,463,342,436,350,225,241,43,31,14998,15081,14206,14396,240,153,105,90,97,154,11,7,339,281,14518,14664,372,271,240,192,193,220,25,19,1698,1542,1383,1289,52,49,115,123,6,14,13,6,129,61,1503,1344,91,71,196,158,32,21,18,12
Nebraska,Logan County,694,362,332,343,320,2,0,6,3,3,1,0,0,8,8,351,328,5,1,8,8,6,3,0,0,342,314,323,302,2,0,6,3,3,1,0,0,8,8,331,310,5,1,8,8,6,3,0,0,20,18,20,18,0,0,0,0,0,0,0,0,0,0,20,18,0,0,0,0,0,0,0,0
Nebraska,Loup County,582,304,278,297,267,5,7,1,0,1,1,0,0,0,3,297,270,5,8,1,2,1,1,0,0,292,267,285,256,5,7,1,0,1,1,0,0,0,3,285,259,5,8,1,2,1,1,0,0,12,11,12,11,0,0,0,0,0,0,0,0,0,0,12,11,0,0,0,0,0,0,0,0
Nebraska,McPherson County,376,192,184,189,180,2,0,0,0,1,0,0,0,0,4,189,184,2,3,0,1,1,0,0,0,189,183,186,179,2,0,0,0,1,0,0,0,0,4,186,183,2,3,0,1,1,0,0,0,3,1,3,1,0,0,0,0,0,0,0,0,0,0,3,1,0,0,0,0,0,0,0,0
Nebraska,Madison County,35579,17766,17813,16313,16248,385,301,380,516,268,346,16,10,404,392,16684,16617,587,484,510,667,369,430,42,29,14550,14911,13508,13840,278,224,198,208,243,329,5,5,318,305,13800,14127,442,374,287,307,322,398,23,21,3216,2902,2805,2408,107,77,182,308,25,17,11,5,86,87,2884,2490,145,110,223,360,47,32,19,8
Nebraska,Merrick County,7837,3976,3861,3795,3691,36,26,42,39,37,49,6,4,60,52,3851,3740,60,48,64,57,53,62,9,8,3709,3642,3562,3506,23,14,29,20,35,48,4,3,56,51,3614,3554,44,35,51,38,51,61,6,7,267,219,233,185,13,12,13,19,2,1,2,1,4,1,237,186,16,13,13,19,2,1,3,1
Nebraska,Morrill County,4485,2293,2192,2138,2045,22,10,56,62,27,32,0,0,50,43,2186,2088,46,24,73,86,40,37,3,1,1963,1846,1856,1754,18,9,23,22,24,30,0,0,42,31,1897,1785,38,19,37,40,34,33,2,0,330,346,282,291,4,1,33,40,3,2,0,0,8,12,289,303,8,5,36,46,6,4,1,1
Nebraska,Nance County,3262,1646,1616,1591,1559,15,18,14,11,1,6,2,1,23,21,1612,1580,25,27,26,21,4,8,3,1,1586,1578,1538,1526,15,18,10,7,1,6,2,1,20,20,1556,1546,23,26,20,17,4,8,3,1,60,38,53,33,0,0,4,4,0,0,0,0,3,1,56,34,2,1,6,4,0,0,0,0
Nebraska,Nemaha County,7046,3568,3478,3405,3306,68,54,20,25,15,29,5,2,55,62,3458,3366,92,78,46,58,23,36,7,4,3452,3342,3312,3192,58,49,16,18,14,25,2,2,50,56,3361,3247,79,70,40,46,22,32,3,4,116,136,93,114,10,5,4,7,1,4,3,0,5,6,97,119,13,8,6,12,1,4,4,0
Nebraska,Nuckolls County,4094,2036,2058,1941,1988,5,13,13,10,49,22,0,0,28,25,1968,2012,19,21,28,24,51,25,0,2,1952,1989,1869,1928,5,13,7,4,47,21,0,0,24,23,1893,1951,15,21,21,16,49,23,0,2,84,69,72,60,0,0,6,6,2,1,0,0,4,2,75,61,4,0,7,8,2,2,0,0
Nebraska,Otoe County,16591,8476,8115,7741,7728,156,68,367,96,53,74,14,8,145,141,7878,7862,222,130,423,150,84,106,22,14,7435,7423,7080,7144,130,48,45,35,47,66,10,6,123,124,7200,7261,189,107,85,79,74,93,15,11,1041,692,661,584,26,20,322,61,6,8,4,2,22,17,678,601,33,23,338,71,10,13,7,3
Nebraska,Pawnee County,2521,1241,1280,1190,1234,13,12,4,5,3,5,0,0,31,24,1220,1258,31,18,11,20,10,8,0,0,1213,1252,1164,1209,11,12,4,5,3,5,0,0,31,21,1194,1230,29,17,11,18,10,8,0,0,28,28,26,25,2,0,0,0,0,0,0,0,0,3,26,28,2,1,0,2,0,0,0,0
Nebraska,Perkins County,2779,1424,1355,1382,1308,17,11,5,10,0,6,2,0,18,20,1400,1327,23,15,12,24,5,7,2,2,1319,1271,1290,1235,13,8,3,5,0,6,1,0,12,17,1302,1252,18,12,5,16,5,7,1,1,105,84,92,73,4,3,2,5,0,0,1,0,6,3,98,75,5,3,7,8,0,0,1,1
Nebraska,Phelps County,9042,4586,4456,4399,4288,42,25,51,45,14,20,6,2,74,76,4472,4359,71,55,83,77,27,36,11,6,4238,4117,4104,3998,39,20,24,19,13,19,2,2,56,59,4159,4053,63,46,45,38,23,35,4,5,348,339,295,290,3,5,27,26,1,1,4,0,18,17,313,306,8,9,38,39,4,1,7,1
Nebraska,Pierce County,7334,3769,3565,3664,3449,22,21,28,21,12,17,0,0,43,57,3705,3504,47,49,42,42,18,30,1,1,3657,3438,3567,3339,21,18,19,12,12,17,0,0,38,52,3604,3390,43,43,31,31,18,29,0,1,112,127,97,110,1,3,9,9,0,0,0,0,5,5,101,114,4,6,11,11,0,1,1,0
Nebraska,Platte County,35499,18079,17420,16747,16331,426,254,479,393,192,149,40,45,195,248,16929,16571,494,319,572,531,232,199,49,56,13063,12938,12454,12493,252,138,65,64,161,107,12,5,119,131,12563,12621,300,181,112,114,191,145,18,11,5016,4482,4293,3838,174,116,414,329,31,42,28,40,76,117,4366,3950,194,138,460,417,41,54,31,45
Nebraska,Polk County,5269,2696,2573,2529,2463,67,22,39,25,10,13,2,2,49,48,2578,2509,86,43,66,43,12,24,3,3,2488,2400,2398,2331,23,6,17,11,8,12,1,1,41,39,2439,2369,41,21,38,26,10,22,1,1,208,173,131,132,44,16,22,14,2,1,1,1,8,9,139,140,45,22,28,17,2,2,2,2
Nebraska,Red Willow County,10409,5230,5179,4961,5006,95,42,53,40,25,19,1,2,95,70,5053,5074,139,70,90,73,41,30,5,3,4872,4859,4654,4726,89,37,31,22,20,17,1,2,77,55,4729,4780,128,56,58,47,34,28,2,3,358,320,307,280,6,5,22,18,5,2,0,0,18,15,324,294,11,14,32,26,7,2,3,0
Nebraska,Richardson County,7666,3863,3803,3553,3523,33,11,143,137,17,19,0,2,117,111,3666,3633,81,41,193,193,38,48,5,3,3751,3701,3469,3450,29,9,131,119,17,19,0,2,105,102,3570,3551,73,38,174,168,37,47,5,3,112,102,84,73,4,2,12,18,0,0,0,0,12,9,96,82,8,3,19,25,1,1,0,0
Nebraska,Rock County,1241,620,621,605,607,2,2,9,3,2,4,0,0,2,5,607,612,3,4,9,6,3,4,0,0,609,607,597,595,2,0,6,3,2,4,0,0,2,5,599,600,3,2,6,6,3,4,0,0,11,14,8,12,0,2,3,0,0,0,0,0,0,0,8,12,0,2,3,0,0,0,0,0
Nebraska,Saline County,14740,7593,7147,6911,6526,185,136,118,136,204,178,52,41,123,130,7025,6647,235,183,159,188,237,219,66,47,5179,4984,4745,4598,107,77,33,25,189,169,15,15,90,100,4828,4693,147,116,59,61,216,202,24,18,2414,2163,2166,1928,78,59,85,111,15,9,37,26,33,30,2197,1954,88,67,100,127,21,17,42,29
Nebraska,Sarpy County,204828,103269,101559,90224,88576,5458,4747,882,910,2873,3478,204,182,3628,3666,93609,91965,7183,6537,1673,1742,4399,4977,427,405,90030,89146,78743,77826,4989,4327,365,416,2746,3370,139,127,3048,3080,81606,80694,6455,5850,905,979,4102,4689,309,293,13239,12413,11481,10750,469,420,517,494,127,108,65,55,580,586,12003,11271,728,687,768,763,297,288,118,112
Nebraska,Saunders County,23406,12060,11346,11631,10943,89,73,76,73,60,64,3,0,201,193,11821,11125,175,147,136,138,128,132,10,9,11666,11013,11304,10673,78,65,40,45,58,58,3,0,183,172,11479,10836,158,131,87,101,121,120,9,6,394,333,327,270,11,8,36,28,2,6,0,0,18,21,342,289,17,16,49,37,7,12,1,3
Nebraska,Scotts Bluff County,35734,17399,18335,15882,16767,258,162,807,816,142,239,22,25,288,326,16150,17076,355,259,960,985,213,329,33,43,12931,13936,12190,13155,179,87,249,237,122,205,12,12,179,240,12359,13386,244,164,326,344,173,276,16,21,4468,4399,3692,3612,79,75,558,579,20,34,10,13,109,86,3791,3690,111,95,634,641,40,53,17,22
Nebraska,Seward County,17769,9168,8601,8819,8301,110,52,44,46,45,43,4,0,146,159,8960,8452,177,124,96,98,82,86,11,11,8835,8322,8535,8056,98,48,32,37,42,42,3,0,125,139,8656,8189,155,110,71,77,77,81,8,11,333,279,284,245,12,4,12,9,3,1,1,0,21,20,304,263,22,14,25,21,5,5,3,0
Nebraska,Sheridan County,4927,2474,2453,2060,2064,21,17,257,239,33,24,4,8,99,101,2151,2162,55,45,317,300,50,44,6,10,2321,2322,1973,1987,20,17,206,204,32,24,2,4,88,86,2055,2071,50,41,258,254,47,42,4,6,153,131,87,77,1,0,51,35,1,0,2,4,11,15,96,91,5,4,59,46,3,2,2,4
Nebraska,Sherman County,2949,1487,1462,1436,1402,12,18,13,7,8,14,0,0,18,21,1454,1422,17,26,24,18,11,18,0,0,1432,1425,1393,1371,9,13,9,6,8,14,0,0,13,21,1406,1391,13,21,15,17,11,18,0,0,55,37,43,31,3,5,4,1,0,0,0,0,5,0,48,31,4,5,9,1,0,0,0,0
Nebraska,Sioux County,1099,587,512,555,493,5,1,13,5,4,1,0,0,10,12,563,504,9,5,19,12,6,4,1,0,555,471,533,458,5,1,8,2,2,1,0,0,7,9,538,467,8,4,11,7,4,3,1,0,32,41,22,35,0,0,5,3,2,0,0,0,3,3,25,37,1,1,8,5,2,1,0,0
Nebraska,Stanton County,5756,2938,2818,2800,2701,46,35,33,26,9,8,3,2,47,46,2846,2745,68,56,46,40,22,17,4,6,2692,2631,2583,2543,36,18,22,17,9,8,0,0,42,45,2624,2586,55,39,33,30,21,17,1,4,246,187,217,158,10,17,11,9,0,0,3,2,5,1,222,159,13,17,13,10,1,0,3,2
Nebraska,Thayer County,4870,2430,2440,2355,2357,21,20,9,17,10,2,1,1,34,43,2388,2400,35,41,22,34,18,9,1,2,2341,2358,2268,2288,21,17,9,8,9,2,1,0,33,43,2300,2331,35,38,21,25,17,9,1,1,89,82,87,69,0,3,0,9,1,0,0,1,1,0,88,69,0,3,1,9,1,0,0,1
Nebraska,Thomas County,634,319,315,302,303,5,7,6,1,1,1,0,0,5,3,307,306,8,8,7,3,2,1,0,0,303,300,286,288,5,7,6,1,1,1,0,0,5,3,291,291,8,8,7,3,2,1,0,0,16,15,16,15,0,0,0,0,0,0,0,0,0,0,16,15,0,0,0,0,0,0,0,0
Nebraska,Thurston County,6637,3315,3322,1348,1221,24,13,1800,1949,45,27,4,1,94,111,1439,1328,60,48,1848,1997,59,57,6,6,3068,3156,1260,1173,24,13,1654,1844,45,27,4,1,81,98,1338,1268,57,46,1693,1883,58,54,6,5,247,166,88,48,0,0,146,105,0,0,0,0,13,13,101,60,3,2,155,114,1,3,0,1
Nebraska,Valley County,4032,2016,2016,1966,1953,11,11,7,16,8,15,1,1,23,20,1988,1972,21,20,17,23,14,21,2,2,1926,1949,1884,1891,9,11,4,12,7,15,0,0,22,20,1905,1910,19,20,13,19,13,21,1,1,90,67,82,62,2,0,3,4,1,0,1,1,1,0,83,62,2,0,4,4,1,0,1,1
Nebraska,Washington County,21254,10785,10469,10370,10108,113,92,64,44,48,46,12,16,178,163,10538,10261,194,161,134,105,91,94,17,28,10350,10103,10010,9787,97,87,43,36,47,43,6,11,147,139,10150,9917,167,145,91,85,87,87,10,21,435,366,360,321,16,5,21,8,1,3,6,5,31,24,388,344,27,16,43,20,4,7,7,7
Nebraska,Wayne County,9870,4975,4895,4669,4610,111,79,60,69,27,47,10,8,98,82,4756,4684,153,108,103,101,54,78,16,13,4447,4379,4238,4159,103,72,16,25,21,45,8,4,61,74,4292,4227,130,100,37,50,40,74,12,8,528,516,431,451,8,7,44,44,6,2,2,4,37,8,464,457,23,8,66,51,14,4,4,5
Nebraska,Webster County,3326,1673,1653,1595,1578,14,13,12,12,6,8,4,10,42,32,1635,1609,31,24,32,26,11,13,6,14,1553,1548,1485,1480,14,13,8,11,6,6,4,10,36,28,1520,1507,28,23,26,22,10,11,5,14,120,105,110,98,0,0,4,1,0,2,0,0,6,4,115,102,3,1,6,4,1,2,1,0
Nebraska,Wheeler County,808,424,384,405,367,2,1,7,4,0,3,0,0,10,9,415,376,7,6,12,6,0,5,0,0,395,366,385,357,2,1,3,2,0,3,0,0,5,3,390,360,6,2,4,3,0,4,0,0,29,18,20,10,0,0,4,2,0,0,0,0,5,6,25,16,1,4,8,3,0,1,0,0
Nebraska,York County,14375,7163,7212,6747,6755,142,162,79,109,38,61,8,2,149,123,6886,6872,210,216,127,160,79,87,16,6,6700,6729,6347,6359,131,147,54,67,37,59,5,0,126,97,6464,6450,189,193,91,101,76,82,12,3,463,483,400,396,11,15,25,42,1,2,3,2,23,26,422,422,21,23,36,59,3,5,4,3
Nevada,Churchill County,26033,13332,12701,11132,10535,439,284,677,721,350,486,43,48,691,627,11758,11087,676,483,875,915,632,738,107,119,11197,10641,9485,8925,346,212,504,552,300,437,38,45,524,470,9965,9333,547,374,594,657,553,656,85,102,2135,2060,1647,1610,93,72,173,169,50,49,5,3,167,157,1793,1754,129,109,281,258,79,82,22,17
Nevada,Clark County,2398871,1199168,1199703,805797,773880,165508,170688,16214,15544,132607,159499,11641,12113,67401,67979,863424,831781,192371,198248,29291,28824,167667,194743,23354,23975,801716,811278,462180,437784,148299,153854,5184,5499,125382,152095,9277,9838,51394,52208,505997,482117,168827,175097,12849,13553,153631,180582,18235,18929,397452,388425,343617,336096,17209,16834,11030,10045,7225,7404,2364,2275,16007,15771,357427,349664,23544,23151,16442,15271,14036,14161,5119,5046
Nevada,Douglas County,49564,25085,24479,22915,22166,286,211,564,517,454,648,71,80,795,857,23626,22915,468,410,946,918,764,1008,186,202,21433,21301,19797,19466,221,150,358,372,413,601,51,56,593,656,20327,20040,359,315,602,646,674,897,143,148,3652,3178,3118,2700,65,61,206,145,41,47,20,24,202,201,3299,2875,109,95,344,272,90,111,43,54
Nevada,Elko County,54363,28339,26024,24764,22642,511,282,1733,1785,442,478,75,82,814,755,25483,23312,727,505,2140,2161,736,744,196,180,20680,19197,18162,16719,391,187,1143,1252,373,441,40,36,571,562,18669,17219,553,364,1378,1494,608,655,121,110,7659,6827,6602,5923,120,95,590,533,69,37,35,46,243,193,6814,6093,174,141,762,667,128,89,75,70
Nevada,Esmeralda County,720,416,304,330,240,24,10,30,25,6,5,1,0,25,24,351,257,31,17,43,37,14,13,3,7,324,241,244,180,23,10,28,24,6,5,1,0,22,22,262,195,30,16,40,35,12,13,3,7,92,63,86,60,1,0,2,1,0,0,0,0,3,2,89,62,1,1,3,2,2,0,0,0
Nevada,Eureka County,1877,998,879,887,776,26,11,44,35,10,12,3,4,28,41,911,812,34,31,58,44,19,23,7,10,874,763,790,671,22,11,34,33,10,11,3,4,15,33,802,700,26,27,40,40,15,20,6,9,124,116,97,105,4,0,10,2,0,1,0,0,13,8,109,112,8,4,18,4,4,3,1,1
Nevada,Humboldt County,17116,8841,8275,7898,7296,126,104,376,407,94,179,35,20,312,269,8177,7532,225,205,512,531,180,238,67,46,6307,5951,5629,5188,101,84,264,317,76,159,18,15,219,188,5821,5354,177,161,347,388,144,205,41,37,2534,2324,2269,2108,25,20,112,90,18,20,17,5,93,81,2356,2178,48,44,165,143,36,33,26,9
Nevada,Lander County,5785,2966,2819,2610,2434,39,31,174,153,27,81,1,0,115,120,2718,2545,83,80,224,210,48,97,9,8,2237,2194,1999,1910,26,24,114,103,19,72,1,0,78,85,2071,1987,59,63,144,139,33,85,9,6,729,625,611,524,13,7,60,50,8,9,0,0,37,35,647,558,24,17,80,71,15,12,0,2
Nevada,Lincoln County,4345,2280,2065,2028,1884,103,37,51,54,14,24,11,8,73,58,2092,1941,131,63,83,75,29,32,18,12,2109,1929,1886,1773,94,33,41,48,14,22,10,8,64,45,1943,1818,118,53,69,64,27,28,16,11,171,136,142,111,9,4,10,6,0,2,1,0,9,13,149,123,13,10,14,11,2,4,2,1
Nevada,Lyon County,63718,33151,30567,29278,26895,587,451,1071,1031,587,740,147,144,1481,1306,30615,28091,1015,843,1763,1620,996,1077,272,266,25661,24524,22863,21728,453,353,607,646,519,675,125,107,1094,1015,23847,22663,799,672,1052,1052,857,971,217,205,7490,6043,6415,5167,134,98,464,385,68,65,22,37,387,291,6768,5428,216,171,711,568,139,106,55,61
Nevada,Mineral County,4475,2279,2196,1571,1500,129,82,379,412,59,82,4,8,137,112,1703,1606,181,118,435,458,80,106,18,20,1942,1882,1376,1324,99,68,318,332,50,66,4,8,95,84,1467,1402,136,94,352,367,66,85,16,18,337,314,195,176,30,14,61,80,9,16,0,0,42,28,236,204,45,24,83,91,14,21,2,2
Nevada,Nye County,55990,28793,27197,24805,23337,1467,1029,592,494,561,886,214,202,1154,1249,25846,24471,1800,1373,1088,1011,920,1297,314,322,23225,22251,19968,19066,1295,890,365,304,492,787,161,163,944,1041,20822,20014,1579,1189,729,694,811,1154,246,269,5568,4946,4837,4271,172,139,227,190,69,99,53,39,210,208,5024,4457,221,184,359,317,109,143,68,53
Nevada,Pershing County,6536,4174,2362,3535,1984,260,35,154,172,84,36,13,17,128,118,3653,2095,310,71,208,229,111,64,21,22,3117,1796,2596,1557,246,22,101,99,82,35,9,10,83,73,2672,1625,282,45,135,130,98,57,14,13,1057,566,939,427,14,13,53,73,2,1,4,7,45,45,981,470,28,26,73,99,13,7,7,9
Nevada,Storey County,4112,2116,1996,1908,1776,41,34,49,47,34,57,8,12,76,70,1979,1841,73,58,78,82,49,73,13,13,1892,1778,1713,1586,38,33,37,37,32,55,6,11,66,56,1775,1638,67,51,61,67,45,67,10,12,224,218,195,190,3,1,12,10,2,2,2,1,10,14,204,203,6,7,17,15,4,6,3,1
Nevada,Washoe County,507280,257496,249784,212633,204274,8927,7142,5598,6065,16881,18875,2298,2204,11159,11224,222771,214472,12299,10640,8474,8968,22331,24273,3657,3554,187586,182701,150999,145375,7404,5902,2928,3299,15852,17902,1879,1847,8524,8376,158767,153008,10069,8594,4593,4950,20362,22286,2948,2883,69910,67083,61634,58899,1523,1240,2670,2766,1029,973,419,357,2635,2848,64004,61464,2230,2046,3881,4018,1969,1987,709,671
Nevada,White Pine County,8534,4745,3789,4000,3302,274,47,224,208,65,51,11,8,171,173,4161,3462,339,117,303,285,92,80,22,18,3898,3182,3267,2805,261,37,173,161,60,47,9,6,128,126,3385,2921,310,89,230,211,82,73,19,14,847,607,733,497,13,10,51,47,5,4,2,2,43,47,776,541,29,28,73,74,10,7,3,4
Nevada,Carson City,58148,29960,28188,26027,24751,1042,489,855,817,913,926,126,104,997,1101,26955,25762,1262,750,1292,1313,1250,1295,210,187,21717,20516,18641,17995,936,360,557,506,812,827,78,71,693,757,19286,18682,1102,560,797,780,1086,1129,145,136,8243,7672,7386,6756,106,129,298,311,101,99,48,33,304,344,7669,7080,160,190,495,533,164,166,65,51
New Hampshire,Belknap County,65257,32516,32741,31189,31454,348,225,131,95,334,431,25,18,489,518,31647,31925,564,437,290,290,500,596,64,69,31642,31982,30480,30828,297,183,95,77,329,428,5,5,436,461,30894,31254,474,357,235,249,485,579,42,49,874,759,709,626,51,42,36,18,5,3,20,13,53,57,753,671,90,80,55,41,15,17,22,20
New Hampshire,Carroll County,52580,26287,26293,25384,25350,203,196,100,112,218,249,11,14,371,372,25736,25704,330,316,298,328,292,311,31,28,25778,25767,24970,24918,170,178,87,93,207,242,6,8,338,328,25294,25231,278,272,270,291,277,295,25,22,509,526,414,432,33,18,13,19,11,7,5,6,33,44,442,473,52,44,28,37,15,16,6,6
New Hampshire,Cheshire County,78078,38589,39489,36553,37657,499,342,166,126,575,619,20,23,776,722,37295,38338,802,623,438,392,822,835,60,50,37441,38437,35622,36765,413,297,124,102,571,602,17,21,694,650,36288,37383,666,531,369,346,801,805,49,45,1148,1052,931,892,86,45,42,24,4,17,3,2,82,72,1007,955,136,92,69,46,21,30,11,5
New Hampshire,Coos County,31094,16068,15026,15347,14483,230,101,91,84,111,116,0,2,289,240,15624,14715,321,169,248,225,162,156,14,12,15634,14649,15006,14180,198,87,65,60,109,115,0,2,256,205,15251,14379,271,137,213,184,153,151,14,12,434,377,341,303,32,14,26,24,2,1,0,0,33,35,373,336,50,32,35,41,9,5,0,0
New Hampshire,Grafton County,93045,46238,46807,42553,42833,708,703,187,205,1787,2080,25,28,978,958,43494,43758,998,976,559,564,2142,2424,63,66,44780,45402,41344,41681,651,619,144,159,1776,2050,14,24,851,869,42171,42522,878,844,458,484,2107,2380,48,57,1458,1405,1209,1152,57,84,43,46,11,30,11,4,127,89,1323,1236,120,132,101,80,35,44,15,9
New Hampshire,Hillsborough County,430462,216344,214118,190332,190362,9162,7371,818,704,10696,10613,193,190,5143,4878,195263,195060,11620,9664,2167,1925,12397,12245,389,360,195849,195236,173524,174515,6981,5641,375,365,10549,10469,69,58,4351,4188,177738,178567,8895,7488,1488,1401,12094,11959,220,206,20495,18882,16808,15847,2181,1730,443,339,147,144,124,132,792,690,17525,16493,2725,2176,679,524,303,286,169,154
New Hampshire,Merrimack County,157869,78568,79301,73386,74063,1842,1568,273,232,1670,2008,38,29,1359,1401,74687,75420,2305,2041,808,764,2108,2468,90,76,76142,77069,71379,72220,1658,1411,203,159,1656,1987,30,22,1216,1270,72560,73449,2049,1814,677,638,2059,2427,67,67,2426,2232,2007,1843,184,157,70,73,14,21,8,7,143,131,2127,1971,256,227,131,126,49,41,23,9
New Hampshire,Rockingham County,322433,160380,162053,150961,152869,2381,1736,399,344,3757,4542,89,87,2793,2475,153662,155274,3383,2593,1325,1140,4833,5536,183,159,153715,155915,145551,147713,1724,1256,271,229,3672,4465,45,50,2452,2202,147945,149865,2516,1964,1067,932,4674,5383,115,109,6665,6138,5410,5156,657,480,128,115,85,77,44,37,341,273,5717,5409,867,629,258,208,159,153,68,50
New Hampshire,Strafford County,134202,66257,67945,60749,62928,1295,802,209,188,2468,2494,40,39,1496,1494,62181,64358,1940,1444,622,604,3021,3066,114,105,63834,65818,58788,61200,1092,661,152,132,2443,2457,26,30,1333,1338,60074,62488,1635,1206,513,496,2949,2987,90,87,2423,2127,1961,1728,203,141,57,56,25,37,14,9,163,156,2107,1870,305,238,109,108,72,79,24,18
New Hampshire,Sullivan County,44012,22120,21892,20886,20929,418,157,117,79,215,308,3,2,481,417,21348,21326,592,317,351,283,315,398,25,22,21611,21419,20488,20551,379,141,88,57,212,305,3,1,441,364,20913,20902,525,274,308,241,303,380,21,15,509,473,398,378,39,16,29,22,3,3,0,1,40,53,435,424,67,43,43,42,12,18,4,7
New Jersey,Atlantic County,279114,135552,143562,95941,100599,22666,25545,1344,1060,11198,12009,205,181,4198,4168,99477,104031,25048,28070,2167,1867,12887,13623,494,507,106066,113458,73179,77077,18655,21372,251,218,10946,11736,69,68,2966,2987,75590,79448,20093,22970,749,733,12493,13217,281,309,29486,30104,22762,23522,4011,4173,1093,842,252,273,136,113,1232,1181,23887,24583,4955,5100,1418,1134,394,406,213,198
New Jersey,Bergen County,978641,479407,499234,339521,348387,38597,40804,3502,3493,84960,93572,688,630,12139,12348,350275,359141,44684,47229,5620,5730,90657,99232,1366,1425,363916,380408,245008,250759,26806,28884,476,563,83493,91958,107,128,8026,8116,251938,257589,30030,32316,1529,1727,88288,96709,633,773,115491,118826,94513,97628,11791,11920,3026,2930,1467,1614,581,502,4113,4232,98337,101552,14654,14913,4091,4003,2369,2523,733,652
New Jersey,Burlington County,475515,234783,240732,165244,167586,45598,47762,995,918,14907,16244,251,276,7788,7946,171843,174203,50412,52866,2529,2609,17966,19241,507,541,209167,216793,146260,150250,41406,43529,393,402,14590,15951,115,155,6403,6506,151631,155589,45171,47538,1569,1713,17430,18719,327,360,25616,23939,18984,17336,4192,4233,602,516,317,293,136,121,1385,1440,20212,18614,5241,5328,960,896,536,522,180,181
New Jersey,Camden County,533988,258486,275502,174263,181006,56249,64840,2375,2266,16922,18206,471,501,8206,8683,181425,188467,61845,70896,4062,4191,19366,20695,723,779,205237,220626,136123,142270,46546,54047,476,505,16470,17770,89,105,5533,5929,140861,147239,50023,57907,1460,1713,18594,19910,280,308,53249,54876,38140,38736,9703,10793,1899,1761,452,436,382,396,2673,2754,40564,41228,11822,12989,2602,2478,772,785,443,471
New Jersey,Cape May County,93875,45699,48176,41580,44246,2305,2134,294,222,434,546,60,51,1026,977,42498,45120,2932,2738,481,389,702,800,122,116,41387,44218,38248,41080,1833,1711,84,83,394,509,22,25,806,810,38955,41799,2304,2192,223,216,642,751,79,79,4312,3958,3332,3166,472,423,210,139,40,37,38,26,220,167,3543,3321,628,546,258,173,60,49,43,37
New Jersey,Cumberland County,155678,79529,76149,54510,55055,19050,15713,1735,1362,1498,1295,136,185,2600,2539,56619,57089,20901,17549,2465,2084,1982,1743,280,328,49777,48168,30940,32395,15385,12435,421,462,1263,1094,20,32,1748,1750,32309,33745,16592,13671,907,964,1672,1465,127,137,29752,27981,23570,22660,3665,3278,1314,900,235,201,116,153,852,789,24310,23344,4309,3878,1558,1120,310,278,153,191
New Jersey,Essex County,881527,430206,451321,213665,212646,168972,189210,5492,4740,29356,32108,776,778,11945,11839,223466,222168,177547,197944,8214,7711,32798,35346,1363,1383,313633,337642,125251,126137,151802,172065,839,949,28258,30910,162,211,7321,7370,131026,131790,156561,177058,2289,2628,31096,33567,568,663,116573,113679,88414,86509,17170,17145,4653,3791,1098,1198,614,567,4624,4469,92440,90378,20986,20886,5925,5083,1702,1779,795,720
New Jersey,Gloucester County,311783,152694,159089,123518,127609,18885,20728,647,608,5340,5729,170,177,4134,4238,127193,131322,21385,23386,1364,1333,6761,7144,318,340,138237,144835,112563,116835,16941,18623,227,234,5213,5582,66,99,3227,3462,115414,119836,18772,20698,737,791,6508,6892,179,233,14457,14254,10955,10774,1944,2105,420,374,127,147,104,78,907,776,11779,11486,2613,2688,627,542,253,252,139,107
New Jersey,Hudson County,736185,367467,368718,226252,223158,53929,58475,5430,5698,69048,69008,835,802,11973,11577,236677,233206,61913,66482,8163,8403,72469,72111,1384,1307,219845,216053,106334,99808,38607,41779,621,640,67453,67513,302,211,6528,6102,111771,104861,42389,45514,1915,1872,70124,69868,647,520,147622,152665,119918,123350,15322,16696,4809,5058,1595,1495,533,591,5445,5475,124906,128345,19524,20968,6248,6531,2345,2243,737,787
New Jersey,Hunterdon County,131708,64917,66791,57887,59057,2020,2349,204,200,3565,3850,99,134,1142,1201,58906,60137,2394,2758,424,420,4180,4494,170,208,58351,59992,52104,53115,1691,1912,58,66,3479,3798,69,73,950,1028,52957,54040,1969,2233,218,231,4046,4398,125,137,6566,6799,5783,5942,329,437,146,134,86,52,30,61,192,173,5949,6097,425,525,206,189,134,96,45,71
New Jersey,Mercer County,392138,193732,198406,118430,118976,40274,44053,2631,2423,26279,26890,676,558,5442,5506,123037,123533,43297,47192,3771,3557,28531,29109,1040,981,143874,151768,79619,82864,34280,38332,311,296,25782,26354,112,111,3770,3811,82730,85931,36115,40246,971,950,27712,28260,396,448,49858,46638,38811,36112,5994,5721,2320,2127,497,536,564,447,1672,1695,40307,37602,7182,6946,2800,2607,819,849,644,533
New Jersey,Middlesex County,890119,442662,447457,246356,250443,57218,60387,5727,5944,121210,118490,753,716,11398,11477,256089,260213,63694,67275,8298,8545,125893,122954,1160,1126,332744,336604,159996,163437,44652,47790,759,902,119953,117226,148,154,7236,7095,165955,169280,48099,51412,2218,2309,123809,120814,413,443,109918,110853,86360,87006,12566,12597,4968,5042,1257,1264,605,562,4162,4382,90134,90933,15595,15863,6080,6236,2084,2140,747,683
New Jersey,Monmouth County,647520,317115,330405,268585,277786,22225,24500,1399,1268,18383,20066,280,265,6243,6520,274214,283589,25360,27954,2651,2660,21082,22736,538,527,273717,287731,231235,241243,19268,21444,306,331,18056,19760,103,88,4749,4865,235486,245544,21419,23761,1122,1239,20467,22133,291,285,43398,42674,37350,36543,2957,3056,1093,937,327,306,177,177,1494,1655,38728,38045,3941,4193,1529,1421,615,603,247,242
New Jersey,Morris County,523053,259134,263919,209449,212712,11761,11878,1276,1101,30760,32468,183,166,5705,5594,214709,217805,14032,14188,2068,1903,33899,35520,387,392,214650,219882,170144,173516,9407,9610,254,246,30380,32057,70,59,4395,4394,174184,177512,10874,11170,741,760,33188,34795,214,235,44484,44037,39305,39196,2354,2268,1022,855,380,411,113,107,1310,1200,40525,40293,3158,3018,1327,1143,711,725,173,157
New Jersey,Ocean County,666434,324928,341506,297950,313524,13455,13796,1201,1044,6623,7652,184,197,5515,5293,303040,318363,16227,16535,2387,2203,8673,9606,386,389,286436,304215,264587,281156,11093,11360,261,217,6352,7379,94,78,4049,4025,268296,284814,12929,13257,984,996,8184,9146,246,232,38492,37291,33363,32368,2362,2436,940,827,271,273,90,119,1466,1268,34744,33549,3298,3278,1403,1207,489,460,140,157
New Jersey,Passaic County,526597,258685,267912,191502,194771,37279,41198,5341,5438,16006,17366,750,886,7807,8253,198690,202368,42720,47137,7261,7429,17590,18933,1048,1159,137939,146349,96504,99766,22579,26330,384,389,15052,16290,63,132,3357,3442,99462,102823,24550,28471,1101,1112,16171,17385,226,288,120746,121563,94998,95005,14700,14868,4957,5049,954,1076,687,754,4450,4811,99228,99545,18170,18666,6160,6317,1419,1548,822,871
New Jersey,Salem County,65874,32460,33414,25738,26391,5061,5362,243,220,381,403,29,25,1008,1013,26638,27295,5724,6037,403,384,621,643,99,89,28162,29482,22547,23342,4379,4821,108,110,335,373,13,17,780,819,23238,24069,4873,5352,223,229,551,594,70,75,4298,3932,3191,3049,682,541,135,110,46,30,16,8,228,194,3400,3226,851,685,180,155,70,49,29,14
New Jersey,Somerset County,357467,176322,181145,113386,115625,19318,20807,990,852,38202,39206,241,236,4185,4419,117157,119583,21249,22942,1580,1514,40348,41424,429,422,142460,148380,84382,87697,16722,18246,257,208,37902,38850,76,66,3121,3313,87182,90657,17943,19617,612,628,39797,40806,210,196,33862,32765,29004,27928,2596,2561,733,644,300,356,165,170,1064,1106,29975,28926,3306,3325,968,886,551,618,219,226
New Jersey,Sussex County,147444,74297,73147,67681,66779,2986,2650,320,281,1730,2026,42,64,1538,1347,69082,68006,3618,3226,654,566,2387,2587,123,132,64164,63202,58966,58079,2292,2054,114,111,1618,1937,19,22,1155,999,60015,58983,2716,2431,323,283,2209,2439,73,80,10133,9945,8715,8700,694,596,206,170,112,89,23,42,383,348,9067,9023,902,795,331,283,178,148,50,52
New Jersey,Union County,594160,294278,299882,195848,193212,67847,74904,3691,3218,18793,20306,628,538,7471,7704,202290,199763,72846,80168,5470,5090,21015,22545,1007,959,183036,193238,104461,105372,56226,63630,326,369,17917,19474,86,92,4020,4301,107795,108873,58567,66230,1090,1256,19614,21226,323,376,111242,106644,91387,87840,11621,11274,3365,2849,876,832,542,446,3451,3403,94495,90890,14279,13938,4380,3834,1401,1319,684,583
New Jersey,Warren County,112031,55584,56447,47458,48387,4594,4559,343,286,1889,1852,89,40,1211,1323,48596,49587,5219,5263,554,539,2285,2286,153,113,47196,48352,40550,41733,3843,3851,68,75,1817,1758,33,13,885,922,41381,42563,4252,4287,197,228,2178,2145,79,66,8388,8095,6908,6654,751,708,275,211,72,94,56,27,326,401,7215,7024,967,976,357,311,107,141,74,47
New Mexico,Bernalillo County,671747,330522,341225,271524,279625,13664,12418,22622,24711,10476,12132,456,504,11780,11835,282155,290375,18434,16998,26996,29278,14970,16584,1382,1453,167343,171758,125578,127613,10576,8990,14531,16930,9489,11114,203,214,6966,6897,131750,133791,13574,11818,16342,18888,12783,14250,745,730,163179,169467,145946,152012,3088,3428,8091,7781,987,1018,253,290,4814,4938,150405,156584,4860,5180,10654,10390,2187,2334,637,723
New Mexico,Catron County,3795,1959,1836,1761,1651,22,16,89,95,9,9,3,0,75,65,1830,1710,48,35,130,129,20,25,8,3,1568,1529,1410,1395,21,9,68,68,7,8,3,0,59,49,1463,1439,42,23,98,94,17,21,8,2,391,307,351,256,1,7,21,27,2,1,0,0,16,16,367,271,6,12,32,35,3,4,0,1
New Mexico,Chaves County,63697,32010,31687,28921,28870,925,847,967,793,473,467,95,96,629,614,29489,29420,1140,1058,1305,1112,604,608,128,131,12933,12853,11245,11420,574,507,371,211,402,370,33,30,308,315,11519,11695,685,630,512,351,483,456,51,49,19077,18834,17676,17450,351,340,596,582,71,97,62,66,321,299,17970,17725,455,428,793,761,121,152,77,82
New Mexico,Cibola County,26686,13588,13098,6683,5725,281,206,6117,6693,105,120,21,13,381,341,7038,6027,393,313,6344,6895,172,185,37,36,8640,9198,2608,2574,224,135,5489,6184,90,94,17,6,212,205,2801,2750,288,209,5607,6299,139,137,27,20,4948,3900,4075,3151,57,71,628,509,15,26,4,7,169,136,4237,3277,105,104,737,596,33,48,10,16
New Mexico,Colfax County,12307,6320,5987,5648,5477,109,61,331,244,64,44,16,12,152,149,5787,5611,166,105,412,334,92,74,20,19,3262,3087,2900,2865,70,32,149,64,48,36,5,4,90,86,2979,2940,102,63,196,110,70,56,8,8,3058,2900,2748,2612,39,29,182,180,16,8,11,8,62,63,2808,2671,64,42,216,224,22,18,12,11
New Mexico,Curry County,47156,24344,22812,20500,19306,1879,1595,571,542,447,478,57,70,890,821,21301,20035,2270,1947,879,840,733,749,110,115,13048,12000,10438,9681,1512,1190,142,152,357,397,20,37,579,543,10957,10161,1767,1438,306,323,578,595,58,64,11296,10812,10062,9625,367,405,429,390,90,81,37,33,311,278,10344,9874,503,509,573,517,155,154,52,51
New Mexico,De Baca County,1657,841,816,768,750,13,5,28,14,2,4,0,0,30,43,796,788,25,19,40,32,6,18,4,4,501,479,467,444,8,2,11,11,1,3,0,0,14,19,480,460,13,10,17,15,4,11,1,2,340,337,301,306,5,3,17,3,1,1,0,0,16,24,316,328,12,9,23,17,2,7,3,2
New Mexico,Doña Ana County,229366,112952,116414,102274,105739,3500,2959,3039,3095,1610,1915,249,265,2280,2441,104407,108040,4254,3735,4106,4269,2259,2620,348,385,36389,35815,30331,29953,2534,1928,853,941,1306,1647,94,112,1271,1234,31508,31098,2998,2367,1347,1431,1731,2069,153,167,76563,80599,71943,75786,966,1031,2186,2154,304,268,155,153,1009,1207,72899,76942,1256,1368,2759,2838,528,551,195,218
New Mexico,Eddy County,61436,31490,29946,28824,27704,817,540,857,775,354,334,55,65,583,528,29363,28191,1027,750,1164,1055,464,432,90,91,14815,14032,13283,12752,551,349,340,295,254,262,23,35,364,339,13616,13062,697,496,509,462,338,326,44,51,16675,15914,15541,14952,266,191,517,480,100,72,32,30,219,189,15747,15129,330,254,655,593,126,106,46,40
New Mexico,Grant County,27541,13734,13807,12580,12720,242,145,324,372,135,150,35,28,418,392,12972,13094,340,241,620,631,189,215,58,44,7169,7160,6530,6548,178,89,117,139,101,128,29,19,214,237,6727,6773,236,148,260,288,132,173,44,30,6565,6647,6050,6172,64,56,207,233,34,22,6,9,204,155,6245,6321,104,93,360,343,57,42,14,14
New Mexico,Guadalupe County,4385,2559,1826,2239,1638,118,27,97,70,27,39,0,0,78,52,2298,1687,138,46,146,101,53,44,6,5,637,374,446,296,85,10,47,22,23,33,0,0,36,13,465,309,97,16,69,30,41,33,1,0,1922,1452,1793,1342,33,17,50,48,4,6,0,0,42,39,1833,1378,41,30,77,71,12,11,5,5
New Mexico,Harding County,635,336,299,307,275,6,8,11,6,0,1,0,0,12,9,319,284,11,13,13,10,5,2,1,0,211,174,199,160,4,7,1,0,0,0,0,0,7,7,206,167,7,11,2,3,3,1,0,0,125,125,108,115,2,1,10,6,0,1,0,0,5,2,113,117,4,2,11,7,2,1,1,0
New Mexico,Hidalgo County,3966,1995,1971,1840,1843,47,33,38,33,28,27,8,4,34,31,1873,1874,59,48,53,46,34,29,10,6,876,850,781,767,25,16,18,18,27,25,3,1,22,23,802,790,34,28,26,27,31,27,5,2,1119,1121,1059,1076,22,17,20,15,1,2,5,3,12,8,1071,1084,25,20,27,19,3,2,5,4
New Mexico,Lea County,75151,39381,35770,35662,32790,1833,1413,898,642,334,363,43,60,611,502,36234,33268,2104,1646,1196,886,402,405,65,75,13467,12842,11101,10907,1403,1097,351,229,251,302,18,10,343,297,11420,11185,1569,1248,504,361,292,329,29,19,25914,22928,24561,21883,430,316,547,413,83,61,25,50,268,205,24814,22083,535,398,692,525,110,76,36,56
New Mexico,Lincoln County,20025,9814,10211,8973,9264,134,118,380,482,78,86,21,13,228,248,9187,9499,201,188,512,639,114,113,34,25,6450,6778,5900,6204,88,68,245,311,69,76,4,2,144,117,6034,6312,130,106,326,382,94,90,13,7,3364,3433,3073,3060,46,50,135,171,9,10,17,11,84,131,3153,3187,71,82,186,257,20,23,21,18
New Mexico,Los Alamos County,19675,10398,9277,8907,8013,200,154,171,147,835,669,7,9,278,285,9162,8285,272,239,287,257,937,766,26,22,8545,7492,7279,6415,158,117,105,84,821,653,4,5,178,218,7445,6622,202,182,168,161,897,735,16,16,1853,1785,1628,1598,42,37,66,63,14,16,3,4,100,67,1717,1663,70,57,119,96,40,31,10,6
New Mexico,Luna County,25878,13039,12839,11874,11699,313,240,386,398,172,226,24,30,270,246,12124,11934,388,312,531,537,228,268,43,37,4148,4022,3531,3421,203,138,114,113,142,198,5,7,153,145,3670,3557,252,187,186,189,178,225,17,11,8891,8817,8343,8278,110,102,272,285,30,28,19,23,117,101,8454,8377,136,125,345,348,50,43,26,26
New Mexico,McKinley County,68945,33099,35846,4937,4934,283,252,26416,29174,492,568,22,16,949,902,5715,5689,546,489,27100,29812,643,706,80,73,28724,31645,2741,2758,204,173,24595,27498,452,532,11,8,721,676,3309,3303,425,367,25108,27969,574,643,54,57,4375,4201,2196,2176,79,79,1821,1676,40,36,11,8,228,226,2406,2386,121,122,1992,1843,69,63,26,16
New Mexico,Mora County,4096,2126,1970,1943,1820,27,24,89,70,16,15,0,1,51,40,1993,1858,40,35,122,93,20,22,2,2,446,439,398,398,10,7,18,11,11,9,0,1,9,13,407,411,12,11,25,18,11,11,0,1,1680,1531,1545,1422,17,17,71,59,5,6,0,0,42,27,1586,1447,28,24,97,75,9,11,2,1
New Mexico,Otero County,69711,36702,33009,29924,26766,1951,1361,2817,2816,582,872,106,100,1322,1094,31107,27767,2421,1730,3385,3257,1002,1203,167,170,21951,19169,16978,14501,1576,1069,1942,2049,493,764,56,54,906,732,17773,15171,1911,1322,2288,2312,820,1010,97,103,14751,13840,12946,12265,375,292,875,767,89,108,50,46,416,362,13334,12596,510,408,1097,945,182,193,70,67
New Mexico,Quay County,8403,4195,4208,3772,3789,107,90,129,128,54,56,7,10,126,135,3890,3915,156,134,196,206,68,72,14,16,2243,2322,1996,2095,76,62,55,49,44,43,3,9,69,64,2060,2157,107,81,86,86,54,51,5,11,1952,1886,1776,1694,31,28,74,79,10,13,4,1,57,71,1830,1758,49,53,110,120,14,21,9,5
New Mexico,Rio Arriba County,39955,19800,20155,14459,14839,227,269,4436,4367,209,181,53,49,416,450,14862,15274,307,348,4735,4707,248,221,67,60,6385,6789,2899,2941,132,157,3024,3351,148,141,8,11,174,188,3067,3123,175,199,3135,3477,167,163,15,17,13415,13366,11560,11898,95,112,1412,1016,61,40,45,38,242,262,11795,12151,132,149,1600,1230,81,58,52,43
New Mexico,Roosevelt County,18713,9384,9329,8379,8431,341,237,230,230,134,179,23,17,277,235,8637,8653,443,320,358,340,186,226,38,31,5080,5118,4425,4523,258,162,97,107,95,153,10,10,195,163,4606,4677,339,222,178,178,133,187,19,19,4304,4211,3954,3908,83,75,133,123,39,26,13,7,82,72,4031,3976,104,98,180,162,53,39,19,12
New Mexico,Sandoval County,157757,78114,79643,60278,61069,2697,2334,10763,11501,1484,1831,176,168,2716,2740,62756,63583,3531,3156,11970,12743,2373,2713,314,299,45856,47140,31918,32338,2164,1781,8829,9721,1214,1574,75,103,1656,1623,33415,33827,2708,2287,9465,10352,1832,2170,152,189,32258,32503,28360,28731,533,553,1934,1780,270,257,101,65,1060,1117,29341,29756,823,869,2505,2391,541,543,162,110
New Mexico,San Juan County,120817,59458,61359,30507,31048,556,403,25889,27366,525,685,77,44,1904,1813,32208,32676,1022,834,27154,28572,895,1037,146,116,47111,49318,21297,21986,416,276,23512,25059,459,626,53,21,1374,1350,22511,23183,792,620,24373,25914,755,921,98,77,12347,12041,9210,9062,140,127,2377,2307,66,59,24,23,530,463,9697,9493,230,214,2781,2658,140,116,48,39
New Mexico,San Miguel County,26428,13159,13269,11879,12008,317,289,466,468,203,194,25,25,269,285,12132,12275,385,356,647,658,236,239,33,30,3190,3373,2531,2698,226,204,170,183,145,139,6,10,112,139,2634,2827,262,240,234,266,165,169,8,13,9969,9896,9348,9310,91,85,296,285,58,55,19,15,157,146,9498,9448,123,116,413,392,71,70,25,17
New Mexico,Santa Fe County,157765,77334,80431,69401,72213,1266,959,3412,3584,1276,1712,178,133,1801,1830,71072,73923,1620,1303,4496,4705,1780,2210,257,201,39441,42728,34182,37186,971,664,2010,2189,1132,1522,60,31,1086,1136,35182,38250,1208,892,2587,2818,1502,1883,103,72,37893,37703,35219,35027,295,295,1402,1395,144,190,118,102,715,694,35890,35673,412,411,1909,1887,278,327,154,129
New Mexico,Sierra County,11389,5684,5705,5171,5241,98,64,219,175,45,50,3,4,148,171,5309,5407,143,99,313,291,65,76,7,7,3928,3915,3607,3616,73,53,116,84,36,48,2,2,94,112,3693,3725,102,70,176,159,47,70,5,5,1756,1790,1564,1625,25,11,103,91,9,2,1,2,54,59,1616,1682,41,29,137,132,18,6,2,2
New Mexico,Socorro County,15967,8217,7750,6453,5930,145,120,1175,1235,161,183,14,11,269,271,6699,6178,232,194,1317,1384,228,252,20,25,4065,3871,2753,2499,103,69,914,973,137,160,4,4,154,166,2891,2649,157,115,988,1059,181,208,8,12,4152,3879,3700,3431,42,51,261,262,24,23,10,7,115,105,3808,3529,75,79,329,325,47,44,12,13
New Mexico,Taos County,34482,16708,17774,14556,15409,182,146,1370,1421,136,288,23,26,441,484,14974,15866,262,213,1704,1789,189,352,35,40,7997,9059,6624,7488,113,82,961,999,92,224,5,7,202,259,6809,7730,158,116,1106,1186,119,268,13,18,8711,8715,7932,7921,69,64,409,422,44,64,18,19,239,225,8165,8136,104,97,598,603,70,84,22,22
New Mexico,Torrance County,15986,8256,7730,7291,6904,233,137,389,334,57,67,21,23,265,265,7531,7143,317,215,530,496,111,114,36,31,4489,4333,3955,3904,139,71,189,147,35,49,11,12,160,150,4094,4037,197,121,272,233,66,77,21,18,3767,3397,3336,3000,94,66,200,187,22,18,10,11,105,115,3437,3106,120,94,258,263,45,37,15,13
New Mexico,Union County,3926,2139,1787,1900,1627,77,21,88,64,18,17,4,1,52,57,1946,1681,93,41,116,96,31,24,6,3,1203,1090,1046,1006,69,18,42,30,15,12,1,0,30,24,1071,1029,77,25,59,45,24,16,2,0,936,697,854,621,8,3,46,34,3,5,3,1,22,33,875,652,16,16,57,51,7,8,4,3
New Mexico,Valencia County,80813,40520,40293,34899,34988,1059,729,3021,2852,383,544,63,61,1095,1119,35918,36022,1317,1000,3696,3534,629,782,97,114,15514,15625,12185,12429,724,443,1876,1773,227,393,26,24,476,563,12618,12937,856,599,2122,2087,364,540,43,50,25006,24668,22714,22559,335,286,1145,1079,156,151,37,37,619,556,23300,23085,461,401,1574,1447,265,242,54,64
New York,Albany County,319964,155779,164185,113734,119520,22372,24748,715,674,13138,13339,139,149,5681,5755,118833,124542,25468,28085,1387,1435,15721,15844,408,434,143728,151690,105810,111559,19832,21881,249,238,13002,13203,81,79,4754,4730,110054,115635,22181,24372,730,809,15497,15613,306,319,12051,12495,7924,7961,2540,2867,466,436,136,136,58,70,927,1025,8779,8907,3287,3713,657,626,224,231,102,115
New York,Allegany County,47299,24204,23095,22898,21942,509,316,90,86,276,371,9,14,422,366,23283,22269,708,495,192,164,435,521,28,36,23601,22615,22440,21582,447,266,62,60,271,370,2,10,379,327,22788,21873,618,420,146,127,423,513,19,31,603,480,458,360,62,50,28,26,5,1,7,4,43,39,495,396,90,75,46,37,12,8,9,5
New York,Bronx County,1384724,653428,731296,276207,305363,292746,333525,22057,23065,34653,36602,2718,3196,25047,29545,296495,328988,314307,359157,30425,33261,37137,39413,4091,4873,294294,322953,60759,62127,192802,217390,1999,2202,31146,32828,320,354,7268,8052,66160,67945,198761,224141,4254,4921,32535,34288,764,850,359134,408343,215448,243236,99944,116135,20058,20863,3507,3774,2398,2842,17779,21493,230335,261043,115546,135016,26171,28340,4602,5125,3327,4023
New York,Broome County,196397,97203,99194,80577,82727,6958,7186,315,326,5800,5654,82,91,3471,3210,83829,85685,9023,9108,876,841,6973,6747,217,248,91369,93522,76684,78967,5961,6079,190,206,5713,5557,42,47,2779,2666,79281,81418,7512,7603,602,610,6799,6573,150,179,5834,5672,3893,3760,997,1107,125,120,87,97,40,44,692,544,4548,4267,1511,1505,274,231,174,174,67,69
New York,Cattaraugus County,75475,37960,37515,34452,34055,790,490,1393,1576,322,383,13,20,990,991,35390,34964,1381,1088,1611,1792,535,609,51,70,36919,36597,33775,33483,715,418,1242,1405,296,365,12,18,879,908,34608,34317,1228,957,1429,1601,503,586,46,61,1041,918,677,572,75,72,151,171,26,18,1,2,111,83,782,647,153,131,182,191,32,23,5,9
New York,Cayuga County,74567,38250,36317,34249,33890,2379,912,249,158,222,323,46,29,1105,1005,35294,34815,3142,1621,420,313,430,528,91,74,36397,35199,32995,33071,2079,791,174,112,211,303,25,19,913,903,33855,33903,2690,1421,311,248,403,500,66,54,1853,1118,1254,819,300,121,75,46,11,20,21,10,192,102,1439,912,452,200,109,65,27,28,25,20
New York,Chautauqua County,124105,61613,62492,56756,58099,2100,1636,632,624,413,444,51,34,1661,1655,58343,59636,3255,2814,911,902,699,735,98,94,55157,56317,51612,53116,1483,1077,305,340,363,410,20,13,1374,1361,52921,54378,2416,2028,528,561,629,681,62,60,6456,6175,5144,4983,617,559,327,284,50,34,31,21,287,294,5422,5258,839,786,383,341,70,54,36,34
New York,Chemung County,81115,40353,40762,34474,36129,3313,2091,162,140,678,669,19,17,1707,1716,36097,37750,4525,3328,372,348,1028,1007,64,70,38480,39306,33233,35116,2950,1883,114,93,648,659,7,8,1528,1547,34681,36579,4019,2986,295,270,988,989,47,51,1873,1456,1241,1013,363,208,48,47,30,10,12,9,179,169,1416,1171,506,342,77,78,40,18,17,19
New York,Chenango County,45776,22996,22780,21985,21908,325,227,111,107,147,153,3,5,425,380,22366,22244,515,411,245,212,270,266,28,32,22301,22164,21421,21435,276,181,73,70,141,144,2,3,388,331,21769,21725,443,337,196,157,259,254,24,25,695,616,564,473,49,46,38,37,6,9,1,2,37,49,597,519,72,74,49,55,11,12,4,7
New York,Clinton County,77871,39693,38178,36103,35778,2097,729,232,182,491,624,12,18,758,847,36782,36540,2445,1139,432,384,738,919,62,71,37952,36991,34854,34877,1810,614,177,123,476,611,7,9,628,757,35410,35556,2079,967,336,296,711,898,52,52,1741,1187,1249,901,287,115,55,59,15,13,5,9,130,90,1372,984,366,172,96,88,27,21,10,19
New York,Columbia County,60299,30549,29750,27158,26839,1722,1318,177,104,732,763,25,14,735,712,27836,27493,2167,1764,307,232,914,936,63,47,28146,28024,25319,25460,1445,1142,52,55,702,734,13,12,615,621,25882,26026,1802,1521,160,167,872,902,47,39,2403,1726,1839,1379,277,176,125,49,30,29,12,2,120,91,1954,1467,365,243,147,65,42,34,16,8
New York,Cortland County,45945,22520,23425,21018,21936,667,535,94,98,213,335,9,12,519,509,21502,22398,926,814,216,214,369,483,31,33,21682,22568,20405,21263,564,451,58,76,209,328,7,7,439,443,20813,21665,767,686,160,171,356,469,27,24,838,857,613,673,103,84,36,22,4,7,2,5,80,66,689,733,159,128,56,43,13,14,4,9
New York,Delaware County,44191,22484,21707,20989,20409,690,469,98,78,280,331,19,17,408,403,21332,20751,888,686,208,191,412,447,60,49,21289,20587,20110,19521,506,365,61,51,253,299,10,11,349,340,20397,19806,671,537,152,147,378,408,48,41,1195,1120,879,888,184,104,37,27,27,32,9,6,59,63,935,945,217,149,56,44,34,39,12,8
New York,Dutchess County,299963,149100,150863,118124,120306,19666,18803,1161,956,5417,6062,191,148,4541,4588,122166,124378,22388,21608,2027,1851,6901,7539,363,326,123689,126605,98299,101102,16451,15894,223,259,5276,5867,62,66,3378,3417,101272,104096,18320,17837,793,873,6637,7209,196,194,25411,24258,19825,19204,3215,2909,938,697,141,195,129,82,1163,1171,20894,20282,4068,3771,1234,978,264,330,167,132
New York,Erie County,950602,463126,487476,359710,373482,61223,70953,3683,3963,26527,26808,319,266,11664,12004,370383,384371,68157,78231,5608,6043,30626,30917,630,612,432609,455206,337569,350270,56358,65357,2493,2800,26187,26468,159,143,9843,10168,346560,359462,61937,71264,3978,4448,30083,30351,417,421,30517,32270,22141,23212,4865,5596,1190,1163,340,340,160,123,1821,1836,23823,24909,6220,6967,1630,1595,543,566,213,191
New York,Essex County,36744,18836,17908,17586,17272,647,116,141,79,144,169,13,9,305,263,17846,17495,781,241,270,190,217,217,31,31,18096,17536,17091,16961,516,98,64,69,139,162,10,7,276,239,17325,17161,638,207,177,175,208,209,28,26,740,372,495,311,131,18,77,10,5,7,3,2,29,24,521,334,143,34,93,15,9,8,3,5
New York,Franklin County,47086,24986,22100,20762,19583,1921,173,1776,1818,157,154,5,7,365,365,21090,19913,2068,337,1925,1954,243,239,26,23,23889,21646,20082,19275,1670,161,1676,1737,153,145,3,7,305,321,20350,19566,1796,298,1792,1858,234,227,23,19,1097,454,680,308,251,12,100,81,4,9,2,0,60,44,740,347,272,39,133,96,9,12,3,4
New York,Fulton County,52073,25868,26205,24272,24785,697,536,109,95,188,254,12,20,590,515,24803,25255,1036,844,238,205,337,379,51,43,24576,24961,23254,23783,531,399,76,64,181,247,10,8,524,460,23721,24200,825,667,189,164,327,367,45,29,1292,1244,1018,1002,166,137,33,31,7,7,2,12,66,55,1082,1055,211,177,49,41,10,12,6,14
New York,Genesee County,57604,28875,28729,26593,26611,1043,843,331,364,208,221,5,5,695,685,27230,27237,1492,1313,467,482,346,349,43,37,27265,27432,25364,25632,861,709,274,291,201,191,1,2,564,607,25875,26182,1213,1118,384,395,331,315,34,32,1610,1297,1229,979,182,134,57,73,7,30,4,3,131,78,1355,1055,279,195,83,87,15,34,9,5
New York,Greene County,46903,24141,22762,21181,20977,1855,730,123,118,321,350,24,21,637,566,21743,21474,2216,1075,277,251,483,481,72,57,22174,21358,19644,19849,1595,626,72,64,308,335,19,12,536,472,20112,20257,1893,901,189,177,465,456,64,46,1967,1404,1537,1128,260,104,51,54,13,15,5,9,101,94,1631,1217,323,174,88,74,18,25,8,11
New York,Hamilton County,5082,2579,2503,2462,2402,50,29,10,4,12,24,2,2,43,42,2503,2440,65,54,29,16,22,32,3,3,2523,2439,2414,2352,45,22,9,3,12,24,2,2,41,36,2453,2384,60,42,27,14,21,32,3,3,56,64,48,50,5,7,1,1,0,0,0,0,2,6,50,56,5,12,2,2,1,0,0,0
New York,Herkimer County,59585,29892,29693,28357,28314,642,463,108,124,233,237,13,8,539,547,28859,28817,950,788,222,235,362,366,40,34,28880,28839,27562,27634,544,389,80,95,229,226,10,6,455,489,27984,28080,797,673,170,192,353,351,33,32,1012,854,795,680,98,74,28,29,4,11,3,2,84,58,875,737,153,115,52,43,9,15,7,2
New York,Jefferson County,113140,58894,54246,50370,47841,4612,2947,461,295,1092,1073,208,232,2151,1858,52350,49551,5755,3972,838,614,1855,1685,304,318,53671,50180,46422,44739,4006,2511,280,199,1000,1012,159,166,1804,1553,48074,46160,4931,3327,555,444,1728,1594,242,239,5223,4066,3948,3102,606,436,181,96,92,61,49,66,347,305,4276,3391,824,645,283,170,127,91,62,79
New York,Kings County,2617631,1247954,1369677,646391,665148,379632,464521,14707,14475,167783,182557,1331,1324,38110,41652,675808,696556,403213,491055,23200,24100,183560,199440,3689,4064,1005261,1113425,481183,494344,328679,406056,2366,2585,165173,179570,362,389,27498,30481,501781,516594,344163,423981,7493,8690,179192,194539,2158,2502,242693,256252,165208,170804,50953,58465,12341,11890,2610,2987,969,935,10612,11171,174027,179962,59050,67074,15707,15410,4368,4901,1531,1562
New York,Lewis County,26570,13527,13043,13068,12617,137,112,60,46,52,79,19,12,191,177,13240,12778,228,201,127,99,94,116,30,26,13195,12822,12827,12472,115,81,33,24,46,76,19,12,155,157,12963,12613,190,159,86,71,82,110,30,26,332,221,241,145,22,31,27,22,6,3,0,0,36,20,277,165,38,42,41,28,12,6,0,0
New York,Livingston County,61561,30726,30835,28557,29124,981,521,190,126,379,453,23,11,596,600,29099,29684,1226,774,345,262,608,681,57,44,29005,29516,27259,28100,783,365,86,83,364,444,8,7,505,517,27713,28582,984,569,203,193,578,660,37,36,1721,1319,1298,1024,198,156,104,43,15,9,15,4,91,83,1386,1102,242,205,142,69,30,21,20,8
New York,Madison County,67072,33229,33843,31126,31783,837,746,242,272,314,389,17,26,693,627,31765,32360,1171,1070,382,403,562,592,52,59,32225,32937,30388,31147,726,637,175,208,308,375,10,6,618,564,30953,31663,1013,914,294,321,547,575,41,38,1004,906,738,636,111,109,67,64,6,14,7,20,75,63,812,697,158,156,88,82,15,17,11,21
New York,Monroe County,752202,364360,387842,277709,290975,57649,66765,1671,1862,15291,15889,319,366,11721,11985,288236,301627,65062,74518,3596,3941,19168,19677,639,694,326345,348010,250649,263034,50650,59121,751,835,14908,15457,125,152,9262,9411,258939,271344,56139,64859,2109,2324,18515,18959,376,413,38015,39832,27060,27941,6999,7644,920,1027,383,432,194,214,2459,2574,29297,30283,8923,9659,1487,1617,653,718,263,281
New York,Montgomery County,49648,24706,24942,22428,22757,1204,1055,158,182,262,326,44,43,610,579,22995,23305,1606,1435,277,308,370,408,72,68,20657,21063,19169,19628,756,644,70,64,222,284,18,18,422,425,19556,20025,1022,922,154,150,311,357,39,36,4049,3879,3259,3129,448,411,88,118,40,42,26,25,188,154,3439,3280,584,513,123,158,59,51,33,32
New York,Nassau County,1392438,685745,706693,478309,486835,89728,97924,5203,4862,96118,100209,926,886,15461,15977,491215,499913,97727,106468,8550,8430,103265,107487,1565,1546,550286,575291,366367,378327,77336,85518,1070,1123,94407,98645,303,353,10803,11325,375198,387404,82177,90861,2915,3196,100673,104999,739,829,135459,131402,111942,108508,12392,12406,4133,3739,1711,1564,623,533,4658,4652,116017,112509,15550,15607,5635,5234,2592,2488,826,717
New York,New York County,1660664,795198,865466,503738,531756,148465,159515,10125,10574,102373,129829,1533,1626,28964,32166,528813,559403,166089,179428,16778,18177,113103,141632,2763,2975,597644,656420,372736,395506,104771,111385,1305,1360,99907,126921,424,417,18501,20831,388471,413089,114352,122502,4672,5342,109082,136996,1249,1333,197554,209046,131002,136250,43694,48130,8820,9214,2466,2908,1109,1209,10463,11335,140342,146314,51737,56926,12106,12835,4021,4636,1514,1642
New York,Niagara County,209570,103105,106465,89009,91542,8063,8467,1149,1248,1615,1794,58,86,3211,3328,91965,94610,10152,10699,1758,1871,2359,2495,165,191,98599,101864,85556,88164,7528,7866,979,1055,1576,1764,41,43,2919,2972,88234,90899,9406,9840,1525,1592,2291,2438,142,138,4506,4601,3453,3378,535,601,170,193,39,30,17,43,292,356,3731,3711,746,859,233,279,68,57,23,53
New York,Oneida County,228347,114371,113976,95338,96699,9675,7900,594,502,5527,5514,158,166,3079,3195,98174,99646,11656,9977,1058,979,6369,6362,286,300,105118,105575,88811,90886,8151,6392,254,251,5397,5368,50,80,2455,2598,91063,93278,9655,8009,591,608,6184,6159,159,195,9253,8401,6527,5813,1524,1508,340,251,130,146,108,86,624,597,7111,6368,2001,1968,467,371,185,203,127,105
New York,Onondaga County,469812,228368,241444,179051,188345,28766,31443,2178,2436,9687,10313,151,128,8535,8779,186828,196290,34225,37126,3679,3993,12257,12915,368,361,213476,226634,169283,178804,25735,28187,1579,1853,9542,10186,69,79,7268,7525,175881,185606,30234,32915,2773,3105,11992,12661,247,272,14892,14810,9768,9541,3031,3256,599,583,145,127,82,49,1267,1254,10947,10684,3991,4211,906,888,265,254,121,89
New York,Ontario County,113012,55651,57361,51441,53182,1922,1806,241,212,783,968,30,28,1234,1165,52575,54254,2607,2457,473,446,1170,1300,81,83,52153,54084,48689,50587,1552,1482,131,126,755,939,13,10,1013,940,49612,51450,2084,1981,309,298,1118,1246,55,57,3498,3277,2752,2595,370,324,110,86,28,29,17,18,221,225,2963,2804,523,476,164,148,52,54,26,26
New York,Orange County,411767,205167,206600,157177,158309,31558,31279,2608,2424,6765,7472,280,285,6779,6831,163234,164369,36108,35973,4207,4059,8446,9087,495,490,152867,154803,117715,119297,23945,23582,441,480,6330,7054,66,65,4370,4325,121558,123078,26648,26321,1318,1393,7807,8442,211,199,52300,51797,39462,39012,7613,7697,2167,1944,435,418,214,220,2409,2506,41676,41291,9460,9652,2889,2666,639,645,284,291
New York,Orleans County,39686,19980,19706,17859,17821,1267,1016,201,196,129,146,22,7,502,520,18305,18309,1584,1344,331,309,227,236,39,31,18687,18602,16912,17012,1105,885,114,107,118,139,7,2,431,457,17293,17438,1372,1170,226,203,205,224,23,25,1293,1104,947,809,162,131,87,89,11,7,15,5,71,63,1012,871,212,174,105,106,22,12,16,6
New York,Oswego County,118305,59620,58685,56644,55928,999,792,326,307,422,535,34,25,1195,1098,57742,56953,1540,1293,652,609,822,877,76,68,57498,56572,54966,54228,798,617,250,238,406,516,23,17,1055,956,55937,55122,1253,1043,526,481,785,840,63,54,2122,2113,1678,1700,201,175,76,69,16,19,11,8,140,142,1805,1831,287,250,126,128,37,37,13,14
New York,Otsego County,60524,29336,31188,27061,28930,1067,876,108,81,499,716,16,33,585,552,27554,29421,1336,1126,310,254,687,888,62,66,27895,29755,25996,27813,866,710,70,61,479,689,13,25,471,457,26385,28220,1075,907,229,201,651,843,48,55,1441,1433,1065,1117,201,166,38,20,20,27,3,8,114,95,1169,1201,261,219,81,53,36,45,14,11
New York,Putnam County,98409,49419,48990,43943,43537,2870,2623,312,318,1130,1404,59,43,1105,1065,44928,44474,3383,3110,611,608,1509,1761,123,113,38260,38573,34594,34754,1825,1687,67,74,1033,1308,19,16,722,734,35224,35398,2117,1980,230,242,1360,1621,60,71,11159,10417,9349,8783,1045,936,245,244,97,96,40,27,383,331,9704,9076,1266,1130,381,366,149,140,63,42
New York,Queens County,2316841,1131885,1184956,534315,530693,224492,257594,20278,17963,313215,338256,2726,2922,36859,37528,558364,554744,247023,281350,29773,27630,331836,356976,5399,5683,799591,857661,271793,272755,189240,220167,4156,4329,308053,333165,1471,1593,24878,25652,286499,287731,203145,235296,9602,9934,323674,348759,3356,3576,332294,327295,262522,257938,35252,37427,16122,13634,5162,5091,1255,1329,11981,11876,271865,267013,43878,46054,20171,17696,8162,8217,2043,2107
New York,Rensselaer County,160749,80301,80448,67578,67626,7155,7463,328,334,2827,2643,57,57,2356,2325,69764,69784,8568,8895,698,678,3537,3327,143,143,74982,75209,63981,64139,6149,6374,172,194,2754,2567,25,30,1901,1905,65743,65902,7207,7485,446,449,3430,3210,95,105,5319,5239,3597,3487,1006,1089,156,140,73,76,32,27,455,420,4021,3882,1361,1410,252,229,107,117,48,38
New York,Richmond County,498212,243918,254294,171167,176653,26959,30091,2192,2134,37357,39307,313,237,5930,5872,176200,181560,30515,33701,3494,3460,39693,41572,547,483,195579,204820,133093,138205,21044,23383,393,342,36733,38597,86,87,4230,4206,136617,141648,23294,25695,1200,1191,38811,40608,240,258,48339,49474,38074,38448,5915,6708,1799,1792,624,710,227,150,1700,1666,39583,39912,7221,8006,2294,2269,882,964,307,225
New York,Rockland County,348144,172981,175163,135053,134510,21792,23020,1930,1754,10242,11633,275,294,3689,3952,138222,137894,24225,25690,2717,2654,11419,12845,477,516,134288,137957,104706,105282,17113,18749,228,189,9845,11258,38,48,2358,2431,106692,107309,18497,20218,641,661,10847,12253,164,183,38693,37206,30347,29228,4679,4271,1702,1565,397,375,237,246,1331,1521,31530,30585,5728,5472,2076,1993,572,592,313,333
New York,St. Lawrence County,106198,54287,51911,50249,49031,1776,693,597,629,720,666,54,29,891,863,51040,49804,2139,1028,883,906,1042,980,107,80,52633,50809,49051,48214,1514,600,530,544,699,652,29,11,810,788,49776,48919,1836,893,778,788,1008,957,75,59,1654,1102,1198,817,262,93,67,85,21,14,25,18,81,75,1264,885,303,135,105,118,34,23,32,21
New York,Saratoga County,240360,119266,121094,109152,111161,3100,2817,352,326,3952,4206,73,68,2637,2516,111617,113498,4156,3849,833,778,5197,5391,177,169,113996,116204,104912,107169,2665,2441,196,179,3890,4149,44,46,2289,2220,107060,109247,3502,3276,569,541,5087,5292,127,135,5270,4890,4240,3992,435,376,156,147,62,57,29,22,348,296,4557,4251,654,573,264,237,110,99,50,34
New York,Schenectady County,162261,79979,82282,58667,60926,11598,11668,665,649,5189,5251,311,246,3549,3542,61825,64058,13834,13935,1226,1209,6452,6496,469,408,72914,75217,54092,56508,10121,10005,435,422,5095,5142,226,200,2945,2940,56707,59100,11879,11788,867,869,6281,6310,354,328,7065,7065,4575,4418,1477,1663,230,227,94,109,85,46,604,602,5118,4958,1955,2147,359,340,171,186,115,80
New York,Schoharie County,30151,15174,14977,14336,14235,331,255,60,57,133,148,5,4,309,278,14610,14479,487,381,155,151,220,231,30,22,14499,14365,13798,13756,270,200,37,29,131,146,2,0,261,234,14032,13963,402,305,108,101,211,222,23,16,675,612,538,479,61,55,23,28,2,2,3,4,48,44,578,516,85,76,47,50,9,9,7,6
New York,Schuyler County,17121,8527,8594,8158,8199,121,96,43,33,50,74,5,3,150,189,8288,8361,204,190,86,86,89,140,13,10,8315,8396,7986,8055,112,72,30,30,49,68,5,3,133,168,8102,8200,183,157,66,72,86,129,13,10,212,198,172,144,9,24,13,3,1,6,0,0,17,21,186,161,21,33,20,14,3,11,0,0
New York,Seneca County,32650,16850,15800,15181,14907,1017,298,131,68,148,172,6,5,367,350,15519,15216,1248,503,216,159,224,255,17,21,15850,15191,14446,14440,863,228,99,50,137,163,5,4,300,306,14722,14711,1047,404,167,124,207,242,13,20,1000,609,735,467,154,70,32,18,11,9,1,1,67,44,797,505,201,99,49,35,17,13,4,1
New York,Steuben County,92015,46104,45911,43245,43438,922,644,177,156,796,824,22,16,942,833,44123,44210,1428,1086,406,378,1049,1028,56,56,44980,44977,42399,42739,837,580,103,93,771,804,11,6,859,755,43203,43442,1285,971,305,285,1016,1004,43,43,1124,934,846,699,85,64,74,63,25,20,11,10,83,78,920,768,143,115,101,93,33,24,13,13
New York,Suffolk County,1535909,761854,774055,624838,632220,73502,77122,7004,6373,38535,40321,963,939,17012,17080,639622,646827,83930,87844,11154,10725,44383,46099,1513,1482,572949,596661,463548,481123,59298,63463,1446,1601,36942,38468,207,233,11508,11773,473443,491048,65588,70150,3759,4214,42051,43512,577,604,188905,177394,161290,151097,14204,13659,5558,4772,1593,1853,756,706,5504,5307,166179,155779,18342,17694,7395,6511,2332,2587,936,878
New York,Sullivan County,80450,41856,38594,33713,32115,5328,3812,460,371,912,953,41,45,1402,1298,34974,33276,6249,4681,768,648,1214,1238,123,116,33102,30989,27021,26116,4173,2975,162,124,821,879,13,15,912,880,27835,26893,4735,3528,339,296,1073,1123,72,68,8754,7605,6692,5999,1155,837,298,247,91,74,28,30,490,418,7139,6383,1514,1153,429,352,141,115,51,48
New York,Tioga County,47574,23801,23773,22672,22793,381,260,83,64,211,253,17,10,437,393,23057,23137,590,461,209,175,344,370,48,35,23098,23217,22115,22350,332,230,57,52,208,246,11,7,375,332,22445,22638,506,395,159,141,332,354,35,30,703,556,557,443,49,30,26,12,3,7,6,3,62,61,612,499,84,66,50,34,12,16,13,5
New York,Tompkins County,105602,51654,53948,40903,43005,2452,2642,290,310,5977,5882,54,36,1978,2073,42709,44902,3281,3526,588,660,6986,6929,158,132,48245,50313,38394,40342,2099,2273,149,152,5899,5777,15,23,1689,1746,39942,41948,2740,2939,369,420,6852,6759,98,96,3409,3635,2509,2663,353,369,141,158,78,105,39,13,289,327,2767,2954,541,587,219,240,134,170,60,36
New York,Ulster County,182977,90968,92009,77150,79725,8094,5974,598,701,2093,2489,52,57,2981,3063,79866,82503,9885,7832,1252,1382,2964,3400,211,224,78664,80711,67620,70942,6591,4725,183,205,1987,2395,27,32,2256,2412,69669,73125,7860,6110,641,723,2781,3237,147,157,12304,11298,9530,8783,1503,1249,415,496,106,94,25,25,725,651,10197,9378,2025,1722,611,659,183,163,64,67
New York,Warren County,65288,32413,32875,30669,31245,619,476,119,112,319,413,11,8,676,621,31291,31811,947,777,313,290,508,597,44,49,31357,31806,29868,30421,553,395,73,60,302,404,7,4,554,522,30373,30897,812,640,225,203,478,577,35,34,1056,1069,801,824,66,81,46,52,17,9,4,4,122,99,918,914,135,137,88,87,30,20,9,15
New York,Washington County,59839,30496,29343,28543,28279,1186,269,123,109,177,243,16,11,451,432,28947,28664,1401,476,263,229,308,374,40,48,29397,28670,27754,27749,990,221,87,71,166,240,10,10,390,379,28103,28084,1170,396,203,179,289,362,32,43,1099,673,789,530,196,48,36,38,11,3,6,1,61,53,844,580,231,80,60,50,19,12,8,5
New York,Wayne County,90757,45533,45224,42086,42107,1622,1289,223,212,340,400,29,20,1233,1196,43258,43231,2404,2060,436,418,618,670,72,63,42624,42957,39703,40289,1444,1131,116,115,313,375,20,17,1028,1030,40677,41253,2071,1783,289,284,574,636,57,52,2909,2267,2383,1818,178,158,107,97,27,25,9,3,205,166,2581,1978,333,277,147,134,44,34,15,11
New York,Westchester County,1006447,490342,516105,354792,364407,80785,91211,6475,6479,33240,38447,786,764,14264,14797,367490,377415,89912,100844,9911,10164,37846,43240,1291,1324,349595,374404,245647,255154,62665,72254,633,674,31921,37062,180,179,8549,9081,253114,262956,67439,77466,2245,2546,35752,41058,486,526,140747,141701,109145,109253,18120,18957,5842,5805,1319,1385,606,585,5715,5716,114376,114459,22473,23378,7666,7618,2094,2182,805,798
New York,Wyoming County,39588,21284,18304,18959,17775,1810,97,128,63,110,101,8,19,269,249,19209,17993,1951,229,209,140,166,158,23,36,20168,17769,18143,17334,1624,89,80,41,104,98,7,12,210,195,18338,17499,1732,191,138,102,157,147,17,27,1116,535,816,441,186,8,48,22,6,3,1,7,59,54,871,494,219,38,71,38,9,11,6,9
New York,Yates County,24387,12028,12359,11597,11886,189,127,35,50,50,136,2,12,155,148,11743,12019,280,217,77,86,75,167,10,22,11713,12029,11331,11617,174,109,29,29,49,132,0,9,130,133,11452,11735,250,189,63,63,74,161,6,18,315,330,266,269,15,18,6,21,1,4,2,3,25,15,291,284,30,28,14,23,1,6,4,4
North Carolina,Alamance County,183040,87770,95270,62419,66338,19335,22302,1414,1500,2139,2269,97,122,2366,2739,64527,68756,20880,24199,2043,2218,2724,2914,242,276,72594,80805,50017,54705,18294,21283,326,372,2014,2148,39,38,1904,2259,51734,56724,19566,22872,733,882,2485,2693,140,143,15176,14465,12402,11633,1041,1019,1088,1128,125,121,58,84,462,480,12793,12032,1314,1327,1310,1336,239,221,102,133
North Carolina,Alexander County,36693,18772,17921,16692,16373,1354,783,123,120,220,261,14,16,369,368,17041,16714,1610,1037,206,205,270,316,21,25,17607,16879,15713,15485,1289,738,61,59,200,243,9,14,335,340,16029,15799,1520,972,137,134,245,297,16,23,1165,1042,979,888,65,45,62,61,20,18,5,2,34,28,1012,915,90,65,69,71,25,19,5,2
North Carolina,Alleghany County,11379,5743,5636,5335,5323,197,121,54,34,41,51,2,4,114,103,5438,5414,257,182,106,73,55,64,4,8,5018,5081,4715,4844,170,104,19,20,33,32,2,1,79,80,4790,4917,212,148,51,49,44,43,2,4,725,555,620,479,27,17,35,14,8,19,0,3,35,23,648,497,45,34,55,24,11,21,2,4
North Carolina,Anson County,22432,11695,10737,5558,5115,5538,5059,133,97,203,200,14,9,249,257,5794,5344,5705,5244,195,155,234,238,20,22,11018,10260,5053,4778,5473,5000,96,70,190,191,2,2,204,219,5246,4972,5609,5155,144,121,218,226,8,14,677,477,505,337,65,59,37,27,13,9,12,7,45,38,548,372,96,89,51,34,16,12,12,8
North Carolina,Ashe County,27266,13578,13688,13016,13241,187,122,81,73,86,69,17,7,191,176,13197,13404,278,212,165,139,112,98,22,15,12598,12919,12151,12545,144,96,49,53,77,66,11,3,166,156,12308,12688,219,175,125,112,101,95,15,9,980,769,865,696,43,26,32,20,9,3,6,4,25,20,889,716,59,37,40,27,11,3,7,6
North Carolina,Avery County,17811,9648,8163,8717,7778,629,129,109,47,75,71,8,10,110,128,8819,7892,682,191,153,91,96,101,12,20,8905,7680,8088,7358,609,102,51,36,63,61,4,6,90,117,8173,7462,652,158,87,76,80,90,7,15,743,483,629,420,20,27,58,11,12,10,4,4,20,11,646,430,30,33,66,15,16,11,5,5
North Carolina,Beaufort County,44576,21388,23188,15826,16571,4715,5750,269,231,142,162,20,20,416,454,16214,16976,4992,6066,382,337,194,230,35,41,19619,21353,14537,15209,4532,5570,96,81,114,132,5,6,335,355,14849,15526,4752,5820,185,164,159,187,18,19,1769,1835,1289,1362,183,180,173,150,28,30,15,14,81,99,1365,1450,240,246,197,173,35,43,17,22
North Carolina,Bertie County,16939,8607,8332,3126,3130,5177,4937,95,54,63,81,10,7,136,123,3236,3231,5268,5021,142,96,83,95,16,15,8326,8090,2945,2960,5130,4903,75,37,56,76,0,1,120,113,3045,3053,5211,4980,111,76,75,90,6,7,281,242,181,170,47,34,20,17,7,5,10,6,16,10,191,178,57,41,31,20,8,5,10,8
North Carolina,Bladen County,29777,14251,15526,8939,9229,4394,5256,497,567,60,94,12,15,349,365,9256,9535,4594,5478,605,694,119,158,34,43,12631,14160,7739,8257,4232,5096,332,439,41,68,6,6,281,294,7993,8502,4395,5275,410,537,93,125,25,28,1620,1366,1200,972,162,160,165,128,19,26,6,9,68,71,1263,1033,199,203,195,157,26,33,9,15
North Carolina,Brunswick County,167112,80051,87061,69538,75904,7462,7739,685,679,611,969,98,80,1657,1690,71024,77375,8300,8643,1339,1373,928,1287,162,141,75027,82247,65294,71947,7139,7344,484,495,561,907,57,42,1492,1512,66630,73263,7900,8150,1051,1110,858,1206,116,91,5024,4814,4244,3957,323,395,201,184,50,62,41,38,165,178,4394,4112,400,493,288,263,70,81,46,50
North Carolina,Buncombe County,279210,134419,144791,119943,129102,8232,8563,797,897,2019,2463,293,275,3135,3491,122836,132313,9893,10468,1868,2128,2690,3195,382,377,121523,132216,108393,118046,7792,8036,419,482,1910,2360,234,223,2775,3069,110959,120870,9270,9714,1333,1539,2529,3037,306,307,12896,12575,11550,11056,440,527,378,415,109,103,59,52,360,422,11877,11443,623,754,535,589,161,158,76,70
North Carolina,Burke County,88545,44190,44355,37152,38499,3286,2416,616,570,1777,1626,412,328,947,916,38018,39317,3820,2961,890,835,1974,1821,453,373,39994,40648,34133,35776,3085,2253,148,134,1667,1566,105,93,856,826,34921,36514,3568,2745,387,369,1848,1748,143,132,4196,3707,3019,2723,201,163,468,436,110,60,307,235,91,90,3097,2803,252,216,503,466,126,73,310,241
North Carolina,Cabarrus County,244925,120213,124712,80202,81196,25683,29489,1015,1094,9898,9251,160,192,3255,3490,83183,84367,27876,31872,1709,1903,10590,9970,266,314,103664,108399,67054,68435,23858,27606,341,346,9689,9067,57,82,2665,2863,69496,71039,25669,29569,853,967,10292,9692,135,170,16549,16313,13148,12761,1825,1883,674,748,209,184,103,110,590,627,13687,13328,2207,2303,856,936,298,278,131,144
North Carolina,Caldwell County,80739,40023,40716,36153,36920,2249,2181,317,286,344,404,58,51,902,874,36999,37729,2827,2755,553,528,468,519,94,84,36943,37893,33700,34707,2036,1978,109,101,303,375,10,14,785,718,34442,35368,2540,2455,304,299,414,471,40,37,3080,2823,2453,2213,213,203,208,185,41,29,48,37,117,156,2557,2361,287,300,249,229,54,48,54,47
North Carolina,Camden County,11184,5642,5542,4705,4649,602,562,34,32,104,98,6,9,191,192,4880,4816,718,679,74,88,148,139,14,17,5375,5283,4520,4455,561,527,19,29,99,95,6,7,170,170,4676,4603,662,630,53,78,142,132,13,14,267,259,185,194,41,35,15,3,5,3,0,2,21,22,204,213,56,49,21,10,6,7,1,3
North Carolina,Carteret County,70259,34513,35746,30919,32493,1894,1656,368,262,313,459,77,76,942,800,31786,33214,2370,2063,644,530,561,659,112,109,32518,33964,29454,31026,1765,1560,158,176,283,434,54,59,804,709,30193,31669,2166,1915,377,409,518,622,85,83,1995,1782,1465,1467,129,96,210,86,30,25,23,17,138,91,1593,1545,204,148,267,121,43,37,27,26
North Carolina,Caswell County,22363,11368,10995,7436,7219,3477,3340,120,112,77,91,5,9,253,224,7664,7401,3635,3483,190,182,119,134,21,23,10656,10451,6908,6810,3398,3292,55,60,72,84,4,6,219,199,7104,6974,3534,3420,113,120,113,124,18,15,712,544,528,409,79,48,65,52,5,7,1,3,34,25,560,427,101,63,77,62,6,10,3,8
North Carolina,Catawba County,167054,82206,84848,68011,70241,7400,7638,586,566,4040,4347,128,132,2041,1924,69942,72053,8789,8962,968,939,4399,4685,184,182,71728,74780,58848,61543,6863,7060,219,229,3954,4200,44,43,1800,1705,60547,63152,8088,8229,533,548,4298,4512,95,83,10478,10068,9163,8698,537,578,367,337,86,147,84,89,241,219,9395,8901,701,733,435,391,101,173,89,99
North Carolina,Chatham County,83874,40589,43285,33207,35277,4581,4963,677,683,1205,1390,78,85,841,887,33971,36080,5037,5472,920,938,1397,1590,118,119,34628,37534,28398,30585,4227,4655,129,153,1135,1330,24,28,715,783,29045,31294,4615,5099,321,372,1314,1514,60,58,5961,5751,4809,4692,354,308,548,530,70,60,54,57,126,104,4926,4786,422,373,599,566,83,76,58,61
North Carolina,Cherokee County,30373,14949,15424,13874,14320,296,283,263,276,96,118,12,5,408,422,14266,14712,441,432,498,539,130,152,23,16,14292,14818,13370,13883,261,244,208,208,86,110,8,2,359,371,13713,14230,382,368,421,444,118,141,18,10,657,606,504,437,35,39,55,68,10,8,4,3,49,51,553,482,59,64,77,95,12,11,5,6
North Carolina,Chowan County,13891,6641,7250,4345,4627,2024,2364,55,35,63,63,25,12,129,149,4464,4758,2105,2463,91,77,81,83,30,21,6341,6942,4150,4393,1977,2335,37,25,59,58,2,1,116,130,4256,4507,2049,2424,70,61,76,75,7,7,300,308,195,234,47,29,18,10,4,5,23,11,13,19,208,251,56,39,21,16,5,8,23,14
North Carolina,Clay County,12042,5914,6128,5572,5835,123,82,36,31,18,45,8,4,157,131,5713,5951,199,153,102,84,41,66,18,7,5620,5860,5349,5592,97,69,32,30,16,44,8,3,118,122,5455,5700,161,136,75,78,33,64,14,6,294,268,223,243,26,13,4,1,2,1,0,1,39,9,258,251,38,17,27,6,8,2,4,1
North Carolina,Cleveland County,102194,49644,52550,37697,39039,9924,11361,286,237,617,688,24,21,1096,1204,38700,40139,10711,12227,511,489,781,869,61,61,46710,49878,35269,36879,9707,11101,167,146,561,634,12,13,994,1105,36177,37890,10426,11899,359,371,720,803,46,48,2934,2672,2428,2160,217,260,119,91,56,54,12,8,102,99,2523,2249,285,328,152,118,61,66,15,13
North Carolina,Columbus County,50054,25008,25046,15582,15985,7695,7308,921,938,186,156,31,28,593,631,16081,16506,8026,7648,1168,1232,287,255,57,56,23426,23669,14470,15040,7519,7141,788,823,129,121,19,14,501,530,14882,15472,7811,7437,987,1066,220,206,43,35,1582,1377,1112,945,176,167,133,115,57,35,12,14,92,101,1199,1034,215,211,181,166,67,49,14,21
North Carolina,Craven County,104167,52094,52073,37973,37544,10186,10719,429,360,1527,1671,127,112,1852,1667,39579,38979,11267,11704,867,764,2126,2202,217,202,47418,48130,34335,34445,9734,10312,280,223,1448,1588,81,85,1540,1477,35676,35720,10637,11187,602,562,1990,2078,150,159,4676,3943,3638,3099,452,407,149,137,79,83,46,27,312,190,3903,3259,630,517,265,202,136,124,67,43
North Carolina,Cumberland County,338430,166870,171560,84825,79900,64830,72512,3184,3576,4378,5360,743,674,8910,9538,92413,87915,70593,78824,5603,6329,7079,8249,1323,1315,143523,149050,68131,64247,61243,68638,2265,2736,4098,5127,606,516,7180,7786,74252,70780,65895,73776,3991,4793,6411,7597,1050,1024,23347,22510,16694,15653,3587,3874,919,840,280,233,137,158,1730,1752,18161,17135,4698,5048,1612,1536,668,652,273,291
North Carolina,Currituck County,32278,16207,16071,14367,14205,1047,1007,143,114,204,258,12,19,434,468,14745,14614,1273,1262,276,251,319,384,34,41,15283,15114,13633,13465,962,928,110,84,184,231,6,11,388,395,13968,13810,1166,1141,220,194,297,340,26,29,924,957,734,740,85,79,33,30,20,27,6,8,46,73,777,804,107,121,56,57,22,44,8,12
North Carolina,Dare County,38183,18730,19453,17409,18170,601,483,140,144,180,263,20,13,380,380,17748,18506,797,689,288,292,247,325,36,24,17155,17963,16090,16916,502,411,68,63,141,216,16,11,338,346,16393,17223,677,596,193,196,205,274,31,22,1575,1490,1319,1254,99,72,72,81,39,47,4,2,42,34,1355,1283,120,93,95,96,42,51,5,2
North Carolina,Davidson County,177809,87438,90371,73225,74885,9525,10681,836,773,1762,2004,102,79,1988,1949,75069,76665,10678,11832,1413,1342,2175,2404,165,152,78572,81949,65903,68169,8896,9856,362,386,1612,1846,39,39,1760,1653,67534,69685,9930,10833,837,839,2008,2205,95,101,8866,8422,7322,6716,629,825,474,387,150,158,63,40,228,296,7535,6980,748,999,576,503,167,199,70,51
North Carolina,Davie County,45383,22214,23169,19796,20597,1486,1603,182,153,223,272,14,14,513,530,20269,21081,1838,1966,304,285,293,342,32,29,20211,21231,18140,18925,1385,1511,67,72,179,231,8,7,432,485,18535,19367,1686,1844,161,191,244,298,25,20,2003,1938,1656,1672,101,92,115,81,44,41,6,7,81,45,1734,1714,152,122,143,94,49,44,7,9
North Carolina,Duplin County,50539,24779,25760,17591,17585,5906,6916,441,438,241,205,146,137,454,479,17998,18001,6148,7189,618,617,304,278,169,160,18293,19872,12292,12781,5430,6492,103,110,132,132,22,13,314,344,12568,13078,5613,6691,210,233,181,185,39,30,6486,5888,5299,4804,476,424,338,328,109,73,124,124,140,135,5430,4923,535,498,408,384,123,93,130,130
North Carolina,Durham County,343628,165354,178274,93009,96820,53460,61894,2281,2340,11246,11611,255,258,5103,5351,97158,101090,56524,65212,3936,4196,12884,13280,442,465,135808,150545,69892,75351,50477,59270,448,474,10764,11076,86,97,4141,4277,73255,78745,52954,61898,1687,1869,12202,12505,224,253,29546,27729,23117,21469,2983,2624,1833,1866,482,535,169,161,962,1074,23903,22345,3570,3314,2249,2327,682,775,218,212
North Carolina,Edgecombe County,49124,23002,26122,9432,10022,12603,15329,231,190,251,114,35,54,450,413,9816,10362,12871,15583,374,345,332,185,72,77,21181,24543,8206,8869,12414,15103,102,90,73,93,9,40,377,348,8519,9151,12645,15319,218,214,146,156,42,62,1821,1579,1226,1153,189,226,129,100,178,21,26,14,73,65,1297,1211,226,264,156,131,186,29,30,15
North Carolina,Forsyth County,398143,189151,208992,126150,135011,49815,59250,2208,2325,5405,6442,417,375,5156,5589,130672,139854,53230,63014,3730,4116,6614,7720,593,584,157718,176820,102164,110461,45703,55056,560,621,5123,6176,172,153,3996,4353,105662,114228,48354,57985,1632,1914,6146,7248,296,298,31433,32172,23986,24550,4112,4194,1648,1704,282,266,245,222,1160,1236,25010,25626,4876,5029,2098,2202,468,472,297,286
North Carolina,Franklin County,79771,39620,40151,28207,27592,9534,10517,421,443,425,497,60,46,973,1056,29038,28474,10111,11157,732,814,640,711,108,95,34385,35555,24008,23986,9030,10037,173,219,362,449,12,11,800,853,24688,24695,9514,10558,414,500,551,635,49,50,5235,4596,4199,3606,504,480,248,224,63,48,48,35,173,203,4350,3779,597,599,318,314,89,76,59,45
North Carolina,Gaston County,242010,116922,125088,87470,91957,22820,26258,916,914,2296,2633,112,94,3308,3232,90538,94931,24954,28355,1781,1799,2925,3217,200,187,103605,111638,76518,80949,21546,24862,447,429,2217,2569,51,39,2826,2790,79138,83520,23387,26675,1127,1156,2793,3101,123,115,13317,13450,10952,11008,1274,1396,469,485,79,64,61,55,482,442,11400,11411,1567,1680,654,643,132,116,77,72
North Carolina,Gates County,10299,5100,5199,3373,3390,1492,1585,41,41,28,24,9,12,157,147,3501,3516,1584,1674,98,92,56,44,20,21,4983,5077,3295,3315,1472,1559,35,36,28,23,5,10,148,134,3415,3429,1560,1640,86,81,56,43,16,19,117,122,78,75,20,26,6,5,0,1,4,2,9,13,86,87,24,34,12,11,0,1,4,2
North Carolina,Graham County,8179,4141,4038,3590,3511,97,43,293,344,29,39,4,3,128,98,3708,3603,155,86,351,389,44,52,11,7,3985,3926,3493,3437,91,42,261,311,25,39,0,3,115,94,3599,3525,142,83,316,354,38,52,5,7,156,112,97,74,6,1,32,33,4,0,4,0,13,4,109,78,13,3,35,35,6,0,6,0
North Carolina,Granville County,61544,31212,30332,20282,19748,9453,9214,367,321,300,303,50,24,760,722,20936,20367,9910,9648,624,555,445,438,92,72,27327,26896,17287,17001,9047,8892,142,120,213,260,16,14,622,609,17824,17522,9433,9271,334,305,337,378,52,54,3885,3436,2995,2747,406,322,225,201,87,43,34,10,138,113,3112,2845,477,377,290,250,108,60,40,18
North Carolina,Greene County,20671,11860,8811,6660,5248,4653,3054,271,195,55,79,27,31,194,204,6826,5441,4759,3178,348,256,83,102,41,39,9896,7444,5095,4248,4514,2940,89,39,43,53,4,7,151,157,5223,4395,4602,3035,147,84,61,73,17,15,1964,1367,1565,1000,139,114,182,156,12,26,23,24,43,47,1603,1046,157,143,201,172,22,29,24,24
North Carolina,Guilford County,558816,264885,293931,145067,155092,93211,109881,2229,2438,16565,17353,311,322,7502,8845,151346,162364,98333,116080,4523,5344,18558,19591,619,674,235835,264413,122566,132801,89454,105820,988,1189,16270,17022,147,180,6410,7401,127932,138854,93833,110991,2829,3506,18053,18995,393,459,29050,29518,22501,22291,3757,4061,1241,1249,295,331,164,142,1092,1444,23414,23510,4500,5089,1694,1838,505,596,226,215
North Carolina,Halifax County,46992,22595,24397,9169,9638,11804,13085,962,939,193,228,25,22,442,485,9535,10026,12074,13394,1121,1107,273,316,55,56,21682,23594,8645,9151,11639,12952,842,852,167,208,4,8,385,423,8959,9484,11883,13228,973,993,237,288,32,38,913,803,524,487,165,133,120,87,26,20,21,14,57,62,576,542,191,166,148,114,36,28,23,18
North Carolina,Harnett County,146096,72474,73622,51366,51562,15748,16341,1307,1420,1023,1293,196,140,2834,2866,53843,54021,17506,18157,2144,2317,1781,2037,336,264,60444,62220,41802,42828,14673,15213,603,601,886,1157,129,88,2351,2333,43861,44833,16147,16702,1243,1268,1544,1798,236,179,12030,11402,9564,8734,1075,1128,704,819,137,136,67,52,483,533,9982,9188,1359,1455,901,1049,237,239,100,85
North Carolina,Haywood County,63048,30761,32287,29086,30782,547,415,291,261,220,255,20,25,597,549,29636,31292,763,600,592,560,338,352,42,40,28909,30721,27536,29432,483,371,186,184,198,245,10,14,496,475,27995,29871,665,529,423,440,303,332,29,29,1852,1566,1550,1350,64,44,105,77,22,10,10,11,101,74,1641,1421,98,71,169,120,35,20,13,11
North Carolina,Henderson County,120771,58631,62140,53722,57315,2153,2026,547,409,707,917,196,163,1306,1310,54917,58514,2793,2676,1051,945,961,1155,255,217,50122,54351,46122,50195,1860,1816,202,208,632,857,153,135,1153,1140,47181,51242,2436,2387,631,650,864,1075,200,184,8509,7789,7600,7120,293,210,345,201,75,60,43,28,153,170,7736,7272,357,289,420,295,97,80,55,33
North Carolina,Hertford County,19169,9186,9983,3493,3414,5120,6084,190,180,147,92,23,6,213,207,3665,3585,5231,6192,279,278,195,124,42,19,8452,9441,3101,3136,4972,5959,96,105,105,69,0,3,178,169,3241,3274,5066,6049,168,185,145,94,18,14,734,542,392,278,148,125,94,75,42,23,23,3,35,38,424,311,165,143,111,93,50,30,24,5
North Carolina,Hoke County,55382,27290,28092,13395,12892,9771,10507,2106,2428,467,645,129,116,1422,1504,14586,14120,10646,11436,2580,2974,827,1019,207,193,22773,23636,10141,9745,9216,9897,1805,2135,386,582,77,61,1148,1216,11104,10734,9926,10656,2158,2551,698,897,137,121,4517,4456,3254,3147,555,610,301,293,81,63,52,55,274,288,3482,3386,720,780,422,423,129,122,70,72
North Carolina,Hyde County,4583,2590,1993,1602,1489,896,418,34,20,15,25,0,1,43,40,1639,1528,919,444,50,33,23,26,2,2,2368,1824,1432,1351,880,405,18,5,9,24,0,1,29,38,1457,1388,895,429,28,18,15,25,2,2,222,169,170,138,16,13,16,15,6,1,0,0,14,2,182,140,24,15,22,15,8,1,0,0
North Carolina,Iredell County,206361,102257,104104,83059,83750,12724,14003,755,605,3086,3068,121,69,2512,2609,85377,86130,14286,15621,1381,1313,3661,3633,203,152,91644,93867,74221,75161,11941,13212,289,274,2970,2970,51,25,2172,2225,76236,77196,13303,14604,790,840,3486,3470,117,92,10613,10237,8838,8589,783,791,466,331,116,98,70,44,340,384,9141,8934,983,1017,591,473,175,163,86,60
North Carolina,Jackson County,45281,22304,22977,18881,19533,688,551,1876,2043,264,276,20,10,575,564,19406,20058,903,750,2176,2352,372,367,41,34,20298,21140,17414,18183,593,493,1565,1722,232,246,11,6,483,490,17855,18637,774,671,1808,1986,329,328,31,27,2006,1837,1467,1350,95,58,311,321,32,30,9,4,92,74,1551,1421,129,79,368,366,43,39,10,7
North Carolina,Johnston County,249794,122384,127410,92549,94782,23317,25731,1428,1365,1578,1951,195,180,3317,3401,95554,97846,25287,27798,2500,2461,2339,2698,329,293,99804,105735,73890,76852,21350,23779,497,516,1405,1757,52,44,2610,2787,76259,79368,22924,25479,1255,1345,2047,2406,149,137,22580,21675,18659,17930,1967,1952,931,849,173,194,143,136,707,614,19295,18478,2363,2319,1245,1116,292,292,180,156
North Carolina,Jones County,9462,4667,4795,3224,3178,1218,1378,51,45,25,38,0,4,149,152,3356,3312,1314,1473,98,100,45,54,6,10,4357,4570,2994,3004,1187,1353,32,36,21,38,0,3,123,136,3104,3125,1268,1439,68,83,37,52,5,9,310,225,230,174,31,25,19,9,4,0,0,1,26,16,252,187,46,34,30,17,8,2,1,1
North Carolina,Lee County,68537,33955,34582,25645,25836,6232,6600,506,469,557,598,79,85,936,994,26458,26710,6803,7226,786,747,777,809,139,148,25818,27033,18687,19385,5643,6151,214,160,475,525,28,23,771,789,19356,20079,6117,6659,425,350,662,705,77,78,8137,7549,6958,6451,589,449,292,309,82,73,51,62,165,205,7102,6631,686,567,361,397,115,104,62,70
North Carolina,Lenoir County,55332,26228,29104,14982,15401,10169,12553,216,200,235,241,70,63,556,646,15448,15953,10519,12943,400,408,359,382,107,114,23363,26608,12724,13490,9919,12295,83,107,185,192,18,17,434,507,13086,13925,10197,12605,214,251,287,313,48,59,2865,2496,2258,1911,250,258,133,93,50,49,52,46,122,139,2362,2028,322,338,186,157,72,69,59,55
North Carolina,Lincoln County,97611,48616,48995,43638,43919,3220,3193,279,245,515,618,29,38,935,982,44492,44820,3753,3755,561,551,706,802,61,74,44188,44858,39758,40317,2977,2956,164,150,465,574,19,20,805,841,40499,41096,3449,3444,389,393,632,736,42,48,4428,4137,3880,3602,243,237,115,95,50,44,10,18,130,141,3993,3724,304,311,172,158,74,66,19,26
North Carolina,McDowell County,45269,22785,22484,20641,20788,1199,764,243,192,271,298,17,7,414,435,21017,21175,1414,986,415,388,330,350,31,27,20864,20902,19100,19478,1088,682,112,98,210,268,2,0,352,376,19419,19816,1281,880,254,260,256,312,12,17,1921,1582,1541,1310,111,82,131,94,61,30,15,7,62,59,1598,1359,133,106,161,128,74,38,19,10
North Carolina,Macon County,38717,18907,19810,17789,18705,415,332,195,182,173,241,25,12,310,338,18064,19010,554,485,341,335,226,299,38,29,16873,17742,16028,16863,317,244,107,120,151,214,4,7,266,294,16263,17129,441,380,229,250,196,263,14,21,2034,2068,1761,1842,98,88,88,62,22,27,21,5,44,44,1801,1881,113,105,112,85,30,36,24,8
North Carolina,Madison County,22352,11000,11352,10458,10892,232,129,79,71,52,86,14,10,165,164,10602,11042,295,195,170,152,79,110,23,18,10520,10978,10036,10564,223,114,53,53,48,83,13,10,147,154,10165,10704,280,173,134,131,72,107,19,18,480,374,422,328,9,15,26,18,4,3,1,0,18,10,437,338,15,22,36,21,7,3,4,0
North Carolina,Martin County,21523,10099,11424,5769,6255,3975,4825,68,85,78,72,27,26,182,161,5919,6395,4094,4921,130,142,111,92,33,37,9563,10920,5360,5895,3909,4753,40,45,73,66,7,6,174,155,5502,6030,4022,4847,102,98,104,85,13,17,536,504,409,360,66,72,28,40,5,6,20,20,8,6,417,365,72,74,28,44,7,7,20,20
North Carolina,Mecklenburg County,1206285,582671,623614,338926,344298,176604,211163,6389,6898,43945,42913,738,677,16069,17665,352683,359149,186979,222828,10978,12288,48841,48124,1357,1367,479650,521715,256212,263901,165694,199320,1559,1890,42865,41890,221,221,13099,14493,267408,276039,174057,208766,4955,6026,47097,46405,697,758,103021,101899,82714,80397,10910,11843,4830,5008,1080,1023,517,456,2970,3172,85275,83110,12922,14062,6023,6262,1744,1719,660,609
North Carolina,Mitchell County,15030,7477,7553,7099,7197,93,58,98,68,42,66,19,12,126,152,7208,7335,148,118,166,149,59,88,24,17,6934,7143,6680,6892,81,43,31,29,37,55,2,0,103,124,6769,7006,128,88,83,95,53,74,4,5,543,410,419,305,12,15,67,39,5,11,17,12,23,28,439,329,20,30,83,54,6,14,20,12
North Carolina,Montgomery County,26364,12945,13419,10004,10329,2136,2387,181,182,302,258,23,21,299,242,10259,10545,2312,2524,286,260,363,298,38,36,10707,11260,8114,8523,2009,2264,76,70,275,215,2,6,231,182,8314,8685,2149,2367,150,128,322,248,11,15,2238,2159,1890,1806,127,123,105,112,27,43,21,15,68,60,1945,1860,163,157,136,132,41,50,27,21
North Carolina,Moore County,108417,52921,55496,44436,46044,5339,6158,685,749,989,1116,105,111,1367,1318,45621,47179,6073,6860,1133,1182,1353,1449,171,183,48239,51233,40604,42596,5119,5966,452,482,880,1035,42,36,1142,1118,41598,43563,5732,6559,801,828,1197,1337,93,94,4682,4263,3832,3448,220,192,233,267,109,81,63,75,225,200,4023,3616,341,301,332,354,156,112,78,89
North Carolina,Nash County,97990,47197,50793,25805,26231,19111,22098,595,583,657,663,60,44,969,1174,26617,27205,19748,22896,908,950,845,878,110,104,42682,46603,22248,22990,18729,21665,309,379,550,575,22,14,824,980,22936,23800,19281,22338,560,669,710,755,61,65,4515,4190,3557,3241,382,433,286,204,107,88,38,30,145,194,3681,3405,467,558,348,281,135,123,49,39
North Carolina,New Hanover County,243333,115378,127955,96142,105445,13643,15880,765,1002,1748,2305,142,181,2938,3142,98729,108180,15191,17575,1724,2065,2679,3265,298,327,105667,117554,88178,97086,12860,15042,457,502,1620,2191,83,68,2469,2665,90357,99415,14150,16465,1200,1343,2439,3047,204,189,9711,10401,7964,8359,783,838,308,500,128,114,59,113,469,477,8372,8765,1041,1110,524,722,240,218,94,138
North Carolina,Northampton County,16580,7984,8596,3363,3499,4376,4807,69,56,33,43,4,2,139,189,3487,3662,4455,4908,122,129,52,77,13,13,7763,8375,3236,3371,4321,4756,52,39,29,37,2,0,123,172,3346,3519,4391,4845,97,105,47,68,9,11,221,221,127,128,55,51,17,17,4,6,2,2,16,17,141,143,64,63,25,24,5,9,4,2
North Carolina,Onslow County,212954,116287,96667,89763,73091,17106,14686,1259,970,2264,2565,398,308,5497,5047,94712,77624,20232,17664,2468,2063,4289,4389,766,615,98732,83293,75709,62605,15524,13417,700,537,2026,2371,275,232,4498,4131,79759,66323,18053,15816,1541,1310,3778,3948,555,478,17555,13374,14054,10486,1582,1269,559,433,238,194,123,76,999,916,14953,11301,2179,1848,927,753,511,441,211,137
North Carolina,Orange County,152877,73141,79736,55573,59804,8632,9958,600,543,6244,7026,74,73,2018,2332,57403,61913,9479,10941,1178,1208,7083,8003,155,165,64554,71796,48597,53264,7840,9328,211,255,6140,6893,23,39,1743,2017,50194,55099,8552,10157,658,775,6910,7790,87,118,8587,7940,6976,6540,792,630,389,288,104,133,51,34,275,315,7209,6814,927,784,520,433,173,213,68,47
North Carolina,Pamlico County,12550,6378,6172,4843,4933,1261,970,56,53,42,50,22,4,154,162,4986,5079,1358,1069,100,95,61,74,29,17,6032,5845,4568,4680,1226,938,52,46,38,47,20,4,128,130,4688,4798,1307,1019,87,75,52,67,26,16,346,327,275,253,35,32,4,7,4,3,2,0,26,32,298,281,51,50,13,20,9,7,3,1
North Carolina,Pasquotank County,41418,20234,21184,12109,12254,6942,7627,181,122,324,372,24,22,654,787,12676,12927,7352,8126,357,331,471,565,64,78,18944,19815,11244,11378,6753,7433,101,68,294,339,15,18,537,579,11710,11878,7096,7796,233,195,419,494,47,61,1290,1369,865,876,189,194,80,54,30,33,9,4,117,208,966,1049,256,330,124,136,52,71,17,17
North Carolina,Pender County,70077,35175,34902,29379,28899,4165,4211,394,457,297,444,51,34,889,857,30168,29639,4648,4672,737,788,464,625,98,82,31765,31730,26658,26391,3939,4064,193,144,201,387,20,24,754,720,27331,27016,4359,4458,461,403,346,548,59,65,3410,3172,2721,2508,226,147,201,313,96,57,31,10,135,137,2837,2623,289,214,276,385,118,77,39,17
North Carolina,Perquimans County,13460,6505,6955,5018,5182,1270,1500,34,38,39,50,5,4,139,181,5144,5341,1349,1608,84,100,59,81,10,14,6276,6701,4850,5017,1242,1470,31,27,28,44,2,3,123,140,4962,5141,1312,1555,74,66,46,69,7,13,229,254,168,165,28,30,3,11,11,6,3,1,16,41,182,200,37,53,10,34,13,12,3,1
North Carolina,Person County,40143,19448,20695,13741,14300,4928,5571,233,198,88,92,6,11,452,523,14152,14770,5258,5936,333,315,141,174,27,39,17874,19320,12479,13204,4785,5431,129,119,70,75,2,7,409,484,12852,13640,5086,5774,213,221,121,151,19,34,1574,1375,1262,1096,143,140,104,79,18,17,4,4,43,39,1300,1130,172,162,120,94,20,23,8,5
North Carolina,Pitt County,180783,84662,96121,50360,54688,29211,36063,680,548,2045,2247,145,140,2221,2435,52261,56752,30716,37699,1178,1165,2682,2956,244,259,77175,88636,44618,48851,28364,35181,267,294,1934,2121,69,57,1923,2132,46280,50665,29668,36611,655,801,2491,2765,147,155,7487,7485,5742,5837,847,882,413,254,111,126,76,83,298,303,5981,6087,1048,1088,523,364,191,191,97,104
North Carolina,Polk County,20320,9774,10546,8948,9704,446,429,86,72,95,121,7,3,192,217,9120,9895,565,546,139,141,131,171,16,14,9141,9942,8419,9202,424,401,53,41,73,104,6,3,166,191,8570,9369,526,505,97,102,104,149,15,12,633,604,529,502,22,28,33,31,22,17,1,0,26,26,550,526,39,41,42,39,27,22,1,2
North Carolina,Randolph County,148389,73558,74831,63933,65108,5614,5676,984,887,1215,1391,86,85,1726,1684,65539,66672,6652,6687,1544,1439,1476,1655,141,139,61999,64279,53888,56023,5150,5182,415,366,1108,1306,21,25,1417,1377,55224,57310,6024,6025,823,769,1329,1542,65,71,11559,10552,10045,9085,464,494,569,521,107,85,65,60,309,307,10315,9362,628,662,721,670,147,113,76,68
North Carolina,Richmond County,41990,20431,21559,12335,12749,6462,7077,752,750,231,285,39,44,612,654,12870,13324,6815,7422,980,1005,340,421,70,83,18579,19950,11011,11665,6277,6871,540,584,210,239,8,17,533,574,11484,12175,6589,7178,732,798,301,359,33,53,1852,1609,1324,1084,185,206,212,166,21,46,31,27,79,80,1386,1149,226,244,248,207,39,62,37,30
North Carolina,Robeson County,118624,56746,61878,17481,18579,13232,14775,23293,25613,497,492,154,150,2089,2269,19135,20360,14439,16097,24363,26816,821,848,254,243,49550,55086,12833,14203,12698,14290,21804,24301,410,421,54,53,1751,1818,14214,15625,13759,15397,22663,25224,681,710,125,119,7196,6792,4648,4376,534,485,1489,1312,87,71,100,97,338,451,4921,4735,680,700,1700,1592,140,138,129,124
North Carolina,Rockingham County,93517,45508,48009,35141,36570,8478,9390,320,279,311,398,58,79,1200,1293,36234,37757,9293,10248,653,657,488,598,108,138,41686,44557,31946,33689,8201,9149,190,158,268,368,26,35,1055,1158,32917,34761,8919,9924,471,475,423,555,67,88,3822,3452,3195,2881,277,241,130,121,43,30,32,44,145,135,3317,2996,374,324,182,182,65,43,41,50
North Carolina,Rowan County,153384,75965,77419,59740,60103,12815,13713,726,658,864,1019,135,147,1685,1779,61281,61726,13866,14841,1225,1201,1176,1362,211,226,65581,67926,51064,52206,12060,13011,251,212,764,924,32,36,1410,1537,52359,53622,12946,13995,637,648,1038,1229,90,98,10384,9493,8676,7897,755,702,475,446,100,95,103,111,275,242,8922,8104,920,846,588,553,138,133,121,128
North Carolina,Rutherford County,65587,31954,33633,27704,29168,3051,3202,166,130,215,265,37,29,781,839,28427,29941,3578,3775,373,357,330,391,69,62,29916,31605,25985,27402,2914,3081,99,97,190,241,21,13,707,771,26640,28113,3394,3612,277,296,298,358,47,44,2038,2028,1719,1766,137,121,67,33,25,24,16,16,74,68,1787,1828,184,163,96,61,32,33,22,18
North Carolina,Sampson County,60404,30164,30240,20199,20157,7424,7704,1326,1268,235,243,152,104,828,764,20929,20824,7901,8154,1654,1560,401,412,210,146,22540,23605,14307,14965,6920,7285,562,550,165,159,31,23,555,623,14798,15509,7256,7662,741,771,285,298,69,59,7624,6635,5892,5192,504,419,764,718,70,84,121,81,273,141,6131,5315,645,492,913,789,116,114,141,87
North Carolina,Scotland County,33898,17187,16711,7414,7296,6734,6310,2221,2375,190,161,19,13,609,556,7953,7780,7053,6605,2494,2634,299,263,51,38,16210,16023,6817,6908,6607,6206,2077,2214,180,157,14,7,515,531,7272,7370,6882,6487,2292,2462,277,255,42,31,977,688,597,388,127,104,144,161,10,4,5,6,94,25,681,410,171,118,202,172,22,8,9,7
North Carolina,Stanly County,67326,33605,33721,27645,27915,4247,4182,198,168,770,702,97,129,648,625,28245,28489,4690,4607,341,324,887,819,119,146,31288,31577,25760,26114,4068,4041,137,128,743,667,6,64,574,563,26292,26633,4463,4425,255,261,847,776,25,80,2317,2144,1885,1801,179,141,61,40,27,35,91,65,74,62,1953,1856,227,182,86,63,40,43,94,66
North Carolina,Stokes County,45857,22676,23181,21014,21535,1061,1006,127,109,101,125,11,15,362,391,21345,21892,1268,1234,274,251,145,187,20,25,21665,22204,20173,20715,977,936,90,78,89,115,6,8,330,352,20476,21039,1167,1148,215,199,130,170,14,16,1011,977,841,820,84,70,37,31,12,10,5,7,32,39,869,853,101,86,59,52,15,17,6,9
North Carolina,Surry County,71547,35095,36452,32322,33679,1543,1498,292,269,275,371,36,44,627,591,32892,34205,1903,1826,513,502,406,488,59,68,30279,31811,28152,29643,1292,1267,122,111,205,287,8,12,500,491,28608,30078,1582,1542,278,296,313,386,26,33,4816,4641,4170,4036,251,231,170,158,70,84,28,32,127,100,4284,4127,321,284,235,206,93,102,33,35
North Carolina,Swain County,13945,6756,7189,4148,4403,216,115,1972,2213,53,55,6,2,361,401,4488,4775,330,233,2213,2491,83,95,10,12,6258,6776,3906,4249,206,105,1780,2009,48,47,4,1,314,365,4200,4586,298,208,1993,2265,75,86,8,10,498,413,242,154,10,10,192,204,5,8,2,1,47,36,288,189,32,25,220,226,8,9,2,2
North Carolina,Transylvania County,34103,16622,17481,15387,16315,638,478,94,83,121,152,13,15,369,438,15721,16705,857,727,222,249,178,224,25,36,15604,16551,14458,15448,605,459,75,75,116,146,7,13,343,410,14767,15814,805,693,194,231,169,213,19,32,1018,930,929,867,33,19,19,8,5,6,6,2,26,28,954,891,52,34,28,18,9,11,6,4
North Carolina,Tyrrell County,3517,1906,1611,1158,1048,635,448,27,16,37,34,0,0,49,65,1202,1106,667,486,44,37,42,44,0,3,1693,1396,992,865,616,435,5,4,35,33,0,0,45,59,1032,920,645,468,21,23,40,41,0,3,213,215,166,183,19,13,22,12,2,1,0,0,4,6,170,186,22,18,23,14,2,3,0,0
North Carolina,Union County,263386,130739,132647,101931,102831,16873,17508,1001,1073,7728,7875,105,142,3101,3218,104790,105794,18601,19333,1833,1970,8602,8770,217,252,111688,114130,85602,87116,15463,16184,390,373,7587,7740,57,63,2589,2654,88001,89563,16905,17690,1016,1060,8370,8534,137,144,19051,18517,16329,15715,1410,1324,611,700,141,135,48,79,512,564,16789,16231,1696,1643,817,910,232,236,80,108
North Carolina,Vance County,42337,19820,22517,9182,9641,9749,11861,252,236,183,275,15,20,439,484,9563,10063,10035,12185,376,365,266,372,39,42,17540,20449,7461,8132,9484,11613,62,57,164,238,8,16,361,393,7770,8476,9726,11880,157,157,236,322,26,31,2280,2068,1721,1509,265,248,190,179,19,37,7,4,78,91,1793,1587,309,305,219,208,30,50,13,11
North Carolina,Wake County,1232444,603447,628997,400376,406867,116209,134298,5539,5381,63252,63044,532,555,17539,18852,416041,423478,125869,144993,10081,10536,70112,70245,1217,1333,530186,556115,342291,349595,108792,126422,1691,1773,62676,62412,211,245,14525,15668,355254,363399,116642,135115,5037,5686,68679,68755,710,823,73261,72882,58085,57272,7417,7876,3848,3608,576,632,321,310,3014,3184,60787,60079,9227,9878,5044,4850,1433,1490,507,510
North Carolina,Warren County,19081,9422,9659,4047,4008,4522,4734,535,566,79,94,4,2,235,255,4233,4211,4657,4896,633,660,124,144,18,20,8892,9220,3750,3737,4404,4643,462,519,74,83,3,2,199,236,3903,3922,4521,4795,545,606,112,130,15,20,530,439,297,271,118,91,73,47,5,11,1,0,36,19,330,289,136,101,88,54,12,14,3,0
North Carolina,Washington County,10654,5100,5554,2437,2650,2433,2706,56,45,20,33,2,3,152,117,2576,2760,2536,2783,97,79,37,45,8,6,4818,5371,2279,2537,2380,2682,18,17,19,33,2,3,120,99,2388,2629,2460,2748,50,45,33,43,8,6,282,183,158,113,53,24,38,28,1,0,0,0,32,18,188,131,76,35,47,34,4,2,0,0
North Carolina,Watauga County,54997,27425,27572,25513,25919,906,540,173,114,365,407,12,20,456,572,25926,26430,1084,783,359,336,489,580,27,47,25426,26126,24076,24692,544,473,97,68,333,380,9,8,367,505,24411,25145,692,681,236,257,438,542,20,32,1999,1446,1437,1227,362,67,76,46,32,27,3,12,89,67,1515,1285,392,102,123,79,51,38,7,15
North Carolina,Wayne County,120338,59705,60633,37858,36973,18465,20132,578,582,764,986,172,107,1868,1853,39452,38534,19578,21275,1051,1089,1385,1612,284,206,50534,51876,30398,29962,17624,19210,214,236,641,891,72,35,1585,1542,31751,31256,18579,20156,582,633,1192,1439,160,112,9171,8757,7460,7011,841,922,364,346,123,95,100,72,283,311,7701,7278,999,1119,469,456,193,173,124,94
North Carolina,Wilkes County,66186,32670,33516,29928,30927,1703,1449,157,162,247,229,40,78,595,671,30475,31536,2074,1888,337,358,329,339,66,99,29909,31073,27578,28827,1552,1330,77,85,225,204,13,45,464,582,28006,29357,1847,1714,206,248,290,301,33,64,2761,2443,2350,2100,151,119,80,77,22,25,27,33,131,89,2469,2179,227,174,131,110,39,38,33,35
North Carolina,Wilson County,79958,37921,42037,21686,22799,14425,17442,373,314,546,493,43,85,848,904,22429,23574,14975,18051,575,547,748,708,94,125,32275,36959,17081,18618,13855,16943,148,144,478,435,15,60,698,759,17696,19269,14309,17451,302,335,645,624,58,94,5646,5078,4605,4181,570,499,225,170,68,58,28,25,150,145,4733,4305,666,600,273,212,103,84,36,31
North Carolina,Yadkin County,37995,18885,19110,17462,17707,759,654,185,220,108,134,36,36,335,359,17777,18030,972,876,282,342,156,187,44,47,16309,16647,15272,15665,645,558,56,42,69,94,3,4,264,284,15522,15918,816,740,126,130,105,136,10,15,2576,2463,2190,2042,114,96,129,178,39,40,33,32,71,75,2255,2112,156,136,156,212,51,51,34,32
North Carolina,Yancey County,18993,9304,9689,8910,9295,134,90,71,83,33,54,32,22,124,145,9025,9423,204,177,117,135,51,75,34,27,8704,9123,8431,8838,100,64,33,42,28,49,2,3,110,127,8534,8952,161,138,74,87,44,69,4,7,600,566,479,457,34,26,38,41,5,5,30,19,14,18,491,471,43,39,43,48,7,6,30,20
North Dakota,Adams County,2141,1040,1101,935,999,31,15,15,12,21,52,2,0,36,23,968,1018,41,23,32,22,31,60,4,1,1007,1079,914,985,31,13,15,12,21,52,2,0,24,17,937,998,37,18,25,19,29,60,3,1,33,22,21,14,0,2,0,0,0,0,0,0,12,6,31,20,4,5,7,3,2,0,1,0
North Dakota,Barnes County,10798,5591,5207,5151,4810,144,78,85,95,113,129,6,4,92,91,5233,4892,173,106,127,147,139,147,14,10,5449,5111,5060,4745,126,75,70,80,110,126,5,3,78,82,5128,4818,151,101,104,125,134,143,12,9,142,96,91,65,18,3,15,15,3,3,1,1,14,9,105,74,22,5,23,22,5,4,2,1
North Dakota,Benson County,5756,2957,2799,1338,1184,20,15,1458,1520,66,17,1,0,74,63,1409,1240,37,33,1504,1563,81,24,3,3,2872,2731,1315,1170,20,15,1399,1469,66,17,1,0,71,60,1384,1223,35,31,1443,1511,81,24,3,3,85,68,23,14,0,0,59,51,0,0,0,0,3,3,25,17,2,2,61,52,0,0,0,0
North Dakota,Billings County,1063,586,477,535,454,8,10,4,7,29,4,0,0,10,2,543,455,12,11,9,9,32,4,0,0,568,458,521,440,7,7,2,6,29,4,0,0,9,1,529,440,10,8,6,7,32,4,0,0,18,19,14,14,1,3,2,1,0,0,0,0,1,1,14,15,2,3,3,2,0,0,0,0
North Dakota,Bottineau County,6391,3274,3117,3019,2824,26,21,132,118,23,51,0,6,74,97,3088,2909,45,55,172,173,39,72,5,8,3186,3025,2944,2758,25,20,127,109,21,49,0,0,69,89,3008,2838,42,49,165,158,36,70,5,2,88,92,75,66,1,1,5,9,2,2,0,6,5,8,80,71,3,6,7,15,3,2,0,6
North Dakota,Bowman County,2886,1475,1411,1398,1313,7,6,37,53,2,2,0,2,31,35,1427,1345,20,17,53,68,6,14,0,3,1384,1319,1335,1263,6,4,18,27,2,0,0,0,23,25,1357,1285,14,14,30,36,6,9,0,1,91,92,63,50,1,2,19,26,0,2,0,2,8,10,70,60,6,3,23,32,0,5,0,2
North Dakota,Burke County,2154,1139,1015,1062,947,10,12,24,20,22,13,1,1,20,22,1082,969,17,18,33,31,26,18,1,1,1106,967,1030,903,10,9,24,20,22,13,1,1,19,21,1049,924,16,15,33,30,26,18,1,1,33,48,32,44,0,3,0,0,0,0,0,0,1,1,33,45,1,3,0,1,0,0,0,0
North Dakota,Burleigh County,103107,51900,51207,45441,45353,1539,1044,2564,2471,635,689,593,491,1128,1159,46485,46417,1954,1423,3089,3063,922,980,635,536,50049,49417,44069,44135,1469,977,2291,2111,613,671,574,466,1033,1057,45033,45118,1841,1316,2756,2637,891,939,610,504,1851,1790,1372,1218,70,67,273,360,22,18,19,25,95,102,1452,1299,113,107,333,426,31,41,25,32
North Dakota,Cass County,200945,102130,98815,85873,83051,8121,7795,1655,1588,3850,3804,61,49,2570,2528,88332,85444,9111,8766,2558,2534,4753,4665,173,160,97923,95244,82356,80057,7995,7657,1375,1405,3795,3760,33,31,2369,2334,84632,82283,8886,8541,2165,2245,4665,4575,129,120,4207,3571,3517,2994,126,138,280,183,55,44,28,18,201,194,3700,3161,225,225,393,289,88,90,44,40
North Dakota,Cavalier County,3567,1889,1678,1777,1596,22,5,32,31,9,17,0,0,49,29,1820,1623,32,15,58,47,24,22,4,1,1844,1636,1738,1559,20,5,30,27,7,17,0,0,49,28,1781,1585,30,15,56,42,22,22,4,1,45,42,39,37,2,0,2,4,2,0,0,0,0,1,39,38,2,0,2,5,2,0,0,0
North Dakota,Dickey County,4930,2511,2419,2365,2270,27,16,46,26,20,64,0,0,53,43,2415,2308,39,35,73,40,31,76,8,4,2402,2314,2292,2184,23,11,29,20,16,62,0,0,42,37,2331,2217,33,27,47,32,26,73,8,2,109,105,73,86,4,5,17,6,4,2,0,0,11,6,84,91,6,8,26,8,5,3,0,2
North Dakota,Divide County,2124,1103,1021,1017,936,35,11,15,9,12,25,2,3,22,37,1037,971,43,28,22,26,19,32,4,4,1066,972,981,893,35,11,14,7,12,25,2,3,22,33,1001,925,43,25,21,22,19,31,4,4,37,49,36,43,0,0,1,2,0,0,0,0,0,4,36,46,0,3,1,4,0,1,0,0
North Dakota,Dunn County,4031,2230,1801,1786,1524,47,13,197,174,35,26,0,0,165,64,1940,1584,97,38,271,210,84,33,13,3,2116,1714,1695,1468,45,13,183,153,34,25,0,0,159,55,1844,1520,92,34,255,183,82,32,11,3,114,87,91,56,2,0,14,21,1,1,0,0,6,9,96,64,5,4,16,27,2,1,2,0
North Dakota,Eddy County,2309,1202,1107,1073,1007,6,3,92,74,3,2,1,0,27,21,1097,1027,15,12,109,83,8,8,1,2,1145,1068,1027,976,5,3,84,68,3,2,1,0,25,19,1049,994,13,10,100,75,8,8,1,1,57,39,46,31,1,0,8,6,0,0,0,0,2,2,48,33,2,2,9,8,0,0,0,1
North Dakota,Emmons County,3209,1673,1536,1598,1467,9,9,19,20,16,14,0,0,31,26,1626,1489,23,19,31,34,24,19,1,2,1645,1505,1573,1437,9,9,18,20,16,14,0,0,29,25,1599,1458,22,19,29,33,24,19,1,2,28,31,25,30,0,0,1,0,0,0,0,0,2,1,27,31,1,0,2,1,0,0,0,0
North Dakota,Foster County,3323,1707,1616,1579,1540,25,8,20,36,59,12,0,0,24,20,1602,1558,35,16,30,45,63,17,1,0,1663,1590,1535,1517,25,7,20,36,59,11,0,0,24,19,1558,1534,35,15,30,44,63,16,1,0,44,26,44,23,0,1,0,0,0,1,0,0,0,1,44,24,0,1,0,1,0,1,0,0
North Dakota,Golden Valley County,1795,918,877,876,836,9,7,9,14,1,2,1,1,22,17,898,851,18,12,22,24,1,5,1,2,884,831,845,798,8,6,8,8,1,2,1,1,21,16,866,812,16,11,21,17,1,5,1,2,34,46,31,38,1,1,1,6,0,0,0,0,1,1,32,39,2,1,1,7,0,0,0,0
North Dakota,Grand Forks County,73771,37923,35848,32447,31095,1816,1446,1034,1146,1312,1094,54,44,1260,1023,33624,32039,2274,1796,1530,1611,1757,1415,142,124,35747,33771,30733,29479,1719,1363,875,964,1273,1070,30,24,1117,871,31789,30292,2111,1648,1286,1339,1685,1356,104,88,2176,2077,1714,1616,97,83,159,182,39,24,24,20,143,152,1835,1747,163,148,244,272,72,59,38,36
North Dakota,Grant County,2247,1125,1122,1044,1039,4,3,21,23,21,35,0,0,35,22,1078,1059,21,13,36,32,29,40,1,1,1105,1111,1032,1028,4,3,17,23,21,35,0,0,31,22,1062,1048,19,13,30,32,29,40,1,1,20,11,12,11,0,0,4,0,0,0,0,0,4,0,16,11,2,0,6,0,0,0,0,0
North Dakota,Griggs County,2227,1148,1079,1121,1059,10,5,9,7,1,3,0,0,7,5,1128,1064,15,6,10,10,2,4,0,0,1128,1069,1106,1050,9,5,6,6,1,3,0,0,6,5,1112,1055,14,6,7,9,1,4,0,0,20,10,15,9,1,0,3,1,0,0,0,0,1,0,16,9,1,0,3,1,1,0,0,0
North Dakota,Hettinger County,2419,1184,1235,1124,1124,9,13,22,64,2,6,1,3,26,25,1150,1146,17,25,33,75,7,12,3,3,1147,1209,1089,1103,8,13,22,60,2,5,1,3,25,25,1114,1125,16,25,32,71,7,11,3,3,37,26,35,21,1,0,0,4,0,1,0,0,1,0,36,21,1,0,1,4,0,1,0,0
North Dakota,Kidder County,2371,1247,1124,1204,1069,4,7,14,25,11,8,0,0,14,15,1214,1084,11,15,21,30,14,10,1,0,1213,1097,1176,1056,3,6,10,14,11,8,0,0,13,13,1185,1069,9,13,17,18,14,10,1,0,34,27,28,13,1,1,4,11,0,0,0,0,1,2,29,15,2,2,4,12,0,0,0,0
North Dakota,LaMoure County,4051,2113,1938,2063,1878,10,16,12,24,4,2,0,5,24,13,2085,1890,23,25,22,29,7,2,0,5,2067,1873,2020,1817,8,12,11,24,4,2,0,5,24,13,2042,1829,21,21,21,29,7,2,0,5,46,65,43,61,2,4,1,0,0,0,0,0,0,0,43,61,2,4,1,0,0,0,0,0
North Dakota,Logan County,1880,985,895,932,842,4,5,15,11,4,5,0,0,30,32,959,871,18,21,29,25,11,8,0,4,955,864,909,821,2,3,10,6,4,5,0,0,30,29,936,847,16,17,24,19,11,8,0,4,30,31,23,21,2,2,5,5,0,0,0,0,0,3,23,24,2,4,5,6,0,0,0,0
North Dakota,McHenry County,5135,2694,2441,2565,2338,23,17,33,25,8,10,0,0,65,51,2623,2387,48,36,62,54,20,16,6,1,2636,2384,2522,2286,23,16,25,25,8,10,0,0,58,47,2574,2331,47,34,49,51,19,16,5,1,58,57,43,52,0,1,8,0,0,0,0,0,7,4,49,56,1,2,13,3,1,0,1,0
North Dakota,McIntosh County,2461,1211,1250,1167,1189,13,13,15,13,4,22,0,0,12,13,1179,1202,19,14,19,25,5,23,2,0,1159,1193,1125,1137,10,13,9,11,4,21,0,0,11,11,1136,1148,15,14,12,21,5,21,2,0,52,57,42,52,3,0,6,2,0,1,0,0,1,2,43,54,4,0,7,4,0,2,0,0
North Dakota,McKenzie County,14782,7840,6942,6624,5872,213,140,579,575,101,102,16,6,307,247,6913,6110,290,202,787,749,126,116,36,13,6727,5990,5716,5088,159,105,508,489,74,89,16,6,254,213,5959,5297,220,156,684,641,90,101,29,9,1113,952,908,784,54,35,71,86,27,13,0,0,53,34,954,813,70,46,103,108,36,15,7,4
North Dakota,McLean County,9845,5039,4806,4476,4283,46,19,373,346,26,35,5,3,113,120,4589,4401,79,52,451,421,28,48,8,5,4914,4705,4418,4243,46,17,327,300,23,35,3,3,97,107,4515,4349,73,45,395,371,25,44,5,4,125,101,58,40,0,2,46,46,3,0,2,0,16,13,74,52,6,7,56,50,3,4,3,1
North Dakota,Mercer County,8348,4250,4098,3971,3822,34,18,125,109,22,54,5,6,93,89,4059,3911,68,49,176,154,34,69,10,6,4118,3967,3874,3737,32,17,104,78,22,52,5,6,81,77,3950,3814,62,44,146,117,33,64,10,6,132,131,97,85,2,1,21,31,0,2,0,0,12,12,109,97,6,5,30,37,1,5,0,0
North Dakota,Morton County,34194,17323,16871,15562,15162,352,279,816,788,88,149,30,32,475,461,16007,15593,507,427,1080,1052,170,230,54,56,16461,16124,14887,14614,330,231,716,701,81,141,24,28,423,409,15284,15001,472,358,943,930,154,211,45,47,862,747,675,548,22,48,100,87,7,8,6,4,52,52,723,592,35,69,137,122,16,19,9,9
North Dakota,Mountrail County,9474,4909,4565,3175,2747,104,70,1371,1484,96,84,4,1,159,179,3325,2912,144,107,1477,1615,120,108,11,10,4380,4167,2834,2497,83,58,1229,1375,94,81,4,1,136,155,2961,2642,114,88,1321,1492,114,99,11,7,529,398,341,250,21,12,142,109,2,3,0,0,23,24,364,270,30,19,156,123,6,9,0,3
North Dakota,Nelson County,3007,1551,1456,1446,1355,14,12,45,33,21,22,1,1,24,33,1466,1387,27,27,56,50,25,25,2,2,1493,1417,1407,1324,14,9,32,31,19,21,1,1,20,31,1425,1354,24,22,40,47,23,24,2,2,58,39,39,31,0,3,13,2,2,1,0,0,4,2,41,33,3,5,16,3,2,1,0,0
North Dakota,Oliver County,1882,1002,880,947,832,6,3,32,26,3,4,0,0,14,15,960,846,10,8,40,31,6,9,0,3,974,868,922,822,6,3,29,25,3,4,0,0,14,14,935,836,10,7,37,29,6,8,0,2,28,12,25,10,0,0,3,1,0,0,0,0,0,1,25,10,0,1,3,2,0,1,0,1
North Dakota,Pembina County,6588,3531,3057,3261,2869,44,21,95,76,13,31,2,0,116,60,3369,2928,73,37,166,117,35,35,6,0,3353,2907,3110,2727,42,17,75,74,13,31,2,0,111,58,3214,2784,69,32,143,114,34,35,6,0,178,150,151,142,2,4,20,2,0,0,0,0,5,2,155,144,4,5,23,3,1,0,0,0
North Dakota,Pierce County,3853,1944,1909,1757,1749,17,14,102,87,25,31,0,0,43,28,1799,1775,33,25,125,104,31,34,0,1,1899,1860,1720,1707,15,14,96,82,25,31,0,0,43,26,1762,1731,31,23,119,98,31,34,0,1,45,49,37,42,2,0,6,5,0,0,0,0,0,2,37,44,2,2,6,6,0,0,0,0
North Dakota,Ramsey County,11510,5933,5577,4836,4553,94,51,718,708,80,53,2,4,203,208,5026,4757,138,98,859,854,104,76,11,8,5755,5419,4740,4469,65,44,683,656,79,52,2,2,186,196,4917,4661,103,85,812,795,102,75,9,6,178,158,96,84,29,7,35,52,1,1,0,2,17,12,109,96,35,13,47,59,2,1,2,2
North Dakota,Ransom County,5590,2927,2663,2777,2495,48,18,28,33,14,68,1,1,59,48,2831,2541,75,33,49,64,26,76,5,1,2834,2597,2695,2432,48,18,24,31,12,68,0,1,55,47,2746,2477,74,33,43,61,22,76,4,1,93,66,82,63,0,0,4,2,2,0,1,0,4,1,85,64,1,0,6,3,4,0,1,0
North Dakota,Renville County,2376,1206,1170,1115,1030,7,6,18,16,2,4,0,2,64,112,1175,1140,28,45,48,72,20,25,0,5,1165,1135,1083,1006,7,5,13,8,2,4,0,2,60,110,1139,1114,28,43,40,63,19,25,0,5,41,35,32,24,0,1,5,8,0,0,0,0,4,2,36,26,0,2,8,9,1,0,0,0
North Dakota,Richland County,16658,8643,8015,8043,7378,126,81,235,285,49,57,3,10,187,204,8215,7573,198,145,323,399,87,95,13,18,8303,7696,7776,7155,118,73,201,231,47,55,2,9,159,173,7925,7322,179,124,274,326,81,90,7,17,340,319,267,223,8,8,34,54,2,2,1,1,28,31,290,251,19,21,49,73,6,5,6,1
North Dakota,Rolette County,11692,5805,5887,1119,1049,46,18,4410,4599,24,19,0,1,206,201,1317,1247,86,44,4554,4754,50,42,11,4,5709,5795,1103,1030,42,18,4338,4529,24,19,0,1,202,198,1300,1225,81,43,4481,4682,48,42,8,4,96,92,16,19,4,0,72,70,0,0,0,0,4,3,17,22,5,1,73,72,2,0,3,0
North Dakota,Sargent County,3710,2010,1700,1839,1581,78,25,34,27,21,17,3,4,35,46,1874,1624,95,40,49,52,26,25,3,6,1949,1648,1790,1542,74,24,28,22,21,16,3,2,33,42,1823,1581,90,37,42,45,26,24,3,4,61,52,49,39,4,1,6,5,0,1,0,2,2,4,51,43,5,3,7,7,0,1,0,2
North Dakota,Sheridan County,1268,644,624,611,573,1,3,14,12,1,18,1,0,16,18,625,591,10,10,20,21,3,20,2,0,632,613,606,567,0,1,11,12,1,18,1,0,13,15,618,582,7,6,16,20,3,20,1,0,12,11,5,6,1,2,3,0,0,0,0,0,3,3,7,9,3,4,4,1,0,0,1,0
North Dakota,Sioux County,3713,1845,1868,290,215,16,16,1442,1538,3,6,0,1,94,92,382,304,41,34,1501,1603,15,19,2,2,1791,1805,276,208,14,15,1411,1492,3,6,0,1,87,83,361,289,38,32,1465,1549,14,18,2,2,54,63,14,7,2,1,31,46,0,0,0,0,7,9,21,15,3,2,36,54,1,1,0,0
North Dakota,Slope County,660,354,306,339,294,5,2,9,7,0,0,0,0,1,3,340,297,5,3,10,8,0,1,0,0,351,305,337,294,5,2,8,6,0,0,0,0,1,3,338,297,5,3,9,7,0,1,0,0,3,1,2,0,0,0,1,1,0,0,0,0,0,0,2,0,0,0,1,1,0,0,0,0
North Dakota,Stark County,33767,17420,16347,15870,14658,549,394,394,351,184,504,27,32,396,408,16245,15040,698,538,573,551,271,591,46,53,15906,15151,14614,13709,498,332,264,241,175,499,19,25,336,345,14935,14034,622,447,415,405,250,576,32,41,1514,1196,1256,949,51,62,130,110,9,5,8,7,60,63,1310,1006,76,91,158,146,21,15,14,12
North Dakota,Steele County,1767,930,837,892,804,7,4,13,13,2,1,0,0,16,15,907,819,11,9,24,20,4,4,0,0,906,815,871,785,6,3,13,13,2,1,0,0,14,13,885,798,9,6,22,20,4,4,0,0,24,22,21,19,1,1,0,0,0,0,0,0,2,2,22,21,2,3,2,0,0,0,0,0
North Dakota,Stutsman County,21546,11162,10384,10190,9701,343,192,313,199,106,91,8,10,202,191,10373,9882,421,245,417,303,142,125,18,23,10699,10056,9881,9464,304,172,231,159,102,86,8,7,173,168,10038,9625,368,218,321,250,133,117,17,16,463,328,309,237,39,20,82,40,4,5,0,3,29,23,335,257,53,27,96,53,9,8,1,7
North Dakota,Towner County,2051,1064,987,960,906,5,5,60,53,8,6,0,0,31,17,988,923,21,8,71,63,14,9,1,1,1017,956,919,881,5,5,54,47,8,6,0,0,31,17,947,898,21,8,65,57,14,9,1,1,47,31,41,25,0,0,6,6,0,0,0,0,0,0,41,25,0,0,6,6,0,0,0,0
North Dakota,Traill County,7989,4117,3872,3860,3637,78,30,67,81,17,36,1,0,94,88,3945,3718,122,65,103,121,36,53,9,5,3926,3696,3691,3487,71,26,59,74,17,34,1,0,87,75,3769,3557,108,53,94,110,36,50,9,3,191,176,169,150,7,4,8,7,0,2,0,0,7,13,176,161,14,12,9,11,0,3,0,2
North Dakota,Walsh County,10214,5345,4869,4992,4543,51,39,111,128,61,65,8,3,122,91,5106,4630,92,69,183,177,80,76,13,8,4560,4204,4292,3933,42,33,85,106,51,56,6,3,84,73,4370,4002,72,53,132,147,63,67,8,8,785,665,700,610,9,6,26,22,10,9,2,0,38,18,736,628,20,16,51,30,17,9,5,0
North Dakota,Ward County,68427,35532,32895,30735,28490,1950,1433,985,1044,593,660,77,67,1192,1201,31830,29586,2464,1938,1424,1496,961,1038,150,137,32776,30381,28511,26518,1817,1272,811,883,549,635,64,51,1024,1022,29453,27455,2248,1694,1159,1249,890,972,115,105,2756,2514,2224,1972,133,161,174,161,44,25,13,16,168,179,2377,2131,216,244,265,247,71,66,35,32
North Dakota,Wells County,3803,1913,1890,1849,1835,10,1,16,14,10,13,1,0,27,27,1876,1861,19,11,30,28,15,17,1,0,1887,1854,1826,1802,10,1,16,13,10,13,1,0,24,25,1850,1826,17,10,29,26,15,17,1,0,26,36,23,33,0,0,0,1,0,0,0,0,3,2,26,35,2,1,1,2,0,0,0,0
North Dakota,Williams County,40763,21708,19055,18210,16016,1353,922,958,895,250,368,66,59,871,795,19034,16774,1552,1096,1543,1448,377,481,94,82,19083,16974,16050,14283,1260,837,758,756,221,353,41,51,753,694,16774,14949,1422,976,1261,1242,335,453,58,68,2625,2081,2160,1733,93,85,200,139,29,15,25,8,118,101,2260,1825,130,120,282,206,42,28,36,14
Ohio,Adams County,27671,13773,13898,13251,13389,111,89,97,83,58,92,4,3,252,242,13497,13622,229,202,203,188,88,122,10,12,13620,13766,13123,13283,105,85,88,72,56,90,4,3,244,233,13362,13507,217,195,190,172,86,119,10,12,153,132,128,106,6,4,9,11,2,2,0,0,8,9,135,115,12,7,13,16,2,3,0,0
Ohio,Allen County,100866,50357,50509,41468,41781,6272,6065,228,173,453,625,56,40,1880,1825,43281,43525,7746,7505,501,446,668,839,100,82,48148,48628,39730,40351,6126,5893,138,97,423,598,46,33,1685,1656,41357,41934,7455,7207,359,332,623,798,86,69,2209,1881,1738,1430,146,172,90,76,30,27,10,7,195,169,1924,1591,291,298,142,114,45,41,14,13
Ohio,Ashland County,52420,26068,26352,25036,25392,359,228,101,77,119,249,25,20,428,386,25443,25752,576,440,234,214,212,319,40,33,25570,25826,24629,24978,344,203,73,60,117,242,19,13,388,330,25002,25287,542,382,187,174,204,307,31,22,498,526,407,414,15,25,28,17,2,7,6,7,40,56,441,465,34,58,47,40,8,12,9,11
Ohio,Ashtabula County,96906,49625,47281,45016,44207,2786,1314,203,164,201,292,28,31,1391,1273,46358,45426,3739,2188,538,471,363,450,59,62,46856,44871,42724,42255,2532,1060,125,102,180,270,10,15,1285,1169,43968,43373,3420,1865,416,380,334,417,39,42,2769,2410,2292,1952,254,254,78,62,21,22,18,16,106,104,2390,2053,319,323,122,91,29,33,20,20
Ohio,Athens County,63218,31446,31772,28475,28751,1029,889,133,124,925,1172,33,7,851,829,29266,29523,1376,1264,448,404,1175,1427,76,51,30649,31038,27842,28202,988,850,83,75,915,1130,27,5,794,776,28580,28925,1308,1200,371,330,1158,1375,67,40,797,734,633,549,41,39,50,49,10,42,6,2,57,53,686,598,68,64,77,74,17,52,9,11
Ohio,Auglaize County,45922,23135,22787,22287,22066,222,134,86,61,143,135,40,29,357,362,22622,22406,430,344,164,149,233,218,52,40,22615,22352,21863,21706,195,119,66,38,139,131,34,26,318,332,22163,22018,378,312,130,115,223,211,46,35,520,435,424,360,27,15,20,23,4,4,6,3,39,30,459,388,52,32,34,34,10,7,6,5
Ohio,Belmont County,64692,33441,31251,30096,29694,2439,608,90,91,175,188,13,4,628,666,30694,30321,2849,1044,247,268,263,281,27,24,32827,30853,29616,29377,2391,586,64,67,174,185,9,4,573,634,30165,29973,2760,999,207,237,255,276,21,23,614,398,480,317,48,22,26,24,1,3,4,0,55,32,529,348,89,45,40,31,8,5,6,1
Ohio,Brown County,44292,22128,22164,21356,21465,249,226,75,76,73,92,6,6,369,299,21715,21748,432,397,203,179,136,133,15,17,21793,21820,21102,21188,221,214,53,50,65,85,4,4,348,279,21441,21453,393,372,174,146,124,125,13,12,335,344,254,277,28,12,22,26,8,7,2,2,21,20,274,295,39,25,29,33,12,8,2,5
Ohio,Butler County,399542,197806,201736,157931,161730,21267,21658,907,931,11046,11044,514,486,6141,5887,163807,167360,25131,25438,2127,2100,12565,12458,638,618,182475,186835,145612,149912,19786,20162,301,317,10840,10855,389,338,5547,5251,150940,154944,23264,23550,1337,1288,12266,12171,492,435,15331,14901,12319,11818,1481,1496,606,614,206,189,125,148,594,636,12867,12416,1867,1888,790,812,299,287,146,183
Ohio,Carroll County,26460,13368,13092,12896,12679,153,79,64,46,38,58,4,0,213,230,13103,12890,270,207,133,125,72,93,9,12,13170,12909,12742,12525,133,71,52,40,36,55,3,0,204,218,12941,12726,244,194,117,114,68,89,8,9,198,183,154,154,20,8,12,6,2,3,1,0,9,12,162,164,26,13,16,11,4,4,1,3
Ohio,Champaign County,38907,19359,19548,18141,18441,497,385,100,87,95,123,9,9,517,503,18638,18914,817,714,234,210,170,200,24,27,18954,19192,17834,18150,461,363,81,68,91,122,9,7,478,482,18293,18603,757,682,204,182,161,196,23,23,405,356,307,291,36,22,19,19,4,1,0,2,39,21,345,311,60,32,30,28,9,4,1,4
Ohio,Clark County,134985,66238,68747,56170,58708,6709,6709,274,285,495,558,65,52,2525,2435,58582,61019,8513,8477,812,776,855,908,132,129,62760,65907,53336,56385,6444,6518,171,185,472,526,45,42,2292,2251,55538,58522,8086,8167,638,625,805,853,103,105,3478,2840,2834,2323,265,191,103,100,23,32,20,10,233,184,3044,2497,427,310,174,151,50,55,29,24
Ohio,Clermont County,214123,106028,108095,99191,101539,2701,2322,245,258,1720,1878,69,71,2102,2027,101213,103473,3730,3347,840,831,2277,2409,121,120,102907,105140,96503,99069,2550,2199,169,164,1672,1807,61,58,1952,1843,98386,100830,3502,3130,698,657,2213,2315,105,98,3121,2955,2688,2470,151,123,76,94,48,71,8,13,150,184,2827,2643,228,217,142,174,64,94,16,22
Ohio,Clinton County,42019,20734,21285,19428,19970,496,405,80,165,161,242,15,10,554,493,19947,20433,844,724,223,298,241,315,41,24,20137,20692,18953,19540,467,382,51,73,156,241,12,7,498,449,19419,19962,785,678,170,188,235,306,34,18,597,593,475,430,29,23,29,92,5,1,3,3,56,44,528,471,59,46,53,110,6,9,7,6
Ohio,Columbiana County,99823,50871,48952,47404,47134,2061,599,186,96,181,178,17,31,1022,914,48362,47988,2683,1195,492,337,332,309,51,62,49588,48181,46464,46525,1877,535,116,65,174,165,11,17,946,874,47351,47343,2460,1103,387,294,319,291,41,47,1283,771,940,609,184,64,70,31,7,13,6,14,76,40,1011,645,223,92,105,43,13,18,10,15
Ohio,Coshocton County,37003,18491,18512,17741,17774,264,206,61,64,87,120,13,13,325,335,18052,18087,487,430,128,148,134,162,19,25,18239,18237,17538,17567,243,177,56,57,87,104,3,8,312,324,17836,17869,459,396,119,137,133,145,8,18,252,275,203,207,21,29,5,7,0,16,10,5,13,11,216,218,28,34,9,11,1,17,11,7
Ohio,Crawford County,41626,20552,21074,19502,20327,312,196,64,66,303,163,8,52,363,270,19846,20579,526,376,169,134,357,200,22,62,20097,20672,19129,19990,297,191,47,46,301,160,7,49,316,236,19431,20210,481,353,136,102,350,188,20,58,455,402,373,337,15,5,17,20,2,3,1,3,47,34,415,369,45,23,33,32,7,12,2,4
Ohio,Cuyahoga County,1240594,595277,645317,381474,396181,171648,204723,1877,1859,23085,24678,309,327,16884,17549,396442,411556,183059,216843,6142,6568,27562,29142,811,862,549163,598358,345956,360191,164877,197671,861,927,22722,24299,144,121,14603,15149,358943,373509,174668,208073,4230,4675,26767,28303,551,546,46114,46959,35518,35990,6771,7052,1016,932,363,379,165,206,2281,2400,37499,38047,8391,8770,1912,1893,795,839,260,316
Ohio,Darke County,51462,25677,25785,24738,24911,271,185,65,81,163,187,27,15,413,406,25126,25287,508,419,186,203,232,258,44,30,25143,25289,24297,24487,245,176,46,60,161,177,22,11,372,378,24647,24836,456,393,149,171,229,246,38,26,534,496,441,424,26,9,19,21,2,10,5,4,41,28,479,451,52,26,37,32,3,12,6,4
Ohio,Defiance County,38644,19587,19057,18350,18109,582,369,223,85,94,116,14,8,324,370,18654,18447,764,581,336,219,136,162,29,24,16952,17017,16159,16334,432,269,28,34,85,111,9,7,239,262,16384,16575,570,423,102,120,120,147,21,18,2635,2040,2191,1775,150,100,195,51,9,5,5,1,85,108,2270,1872,194,158,234,99,16,15,8,6
Ohio,Delaware County,237966,119015,118951,96781,97700,6492,5707,319,295,12593,12347,82,74,2748,2828,99402,100384,7774,7061,839,866,13713,13476,167,158,114404,114628,92872,93997,6238,5484,184,158,12515,12285,58,50,2537,2654,95305,96523,7415,6745,624,663,13593,13375,128,125,4611,4323,3909,3703,254,223,135,137,78,62,24,24,211,174,4097,3861,359,316,215,203,120,101,39,33
Ohio,Erie County,73841,36163,37678,30938,32355,3325,3349,136,130,253,394,18,28,1493,1422,32373,33721,4482,4451,401,379,378,516,41,57,34211,35952,29379,31052,3184,3229,84,88,240,351,3,7,1321,1225,30651,32230,4213,4184,305,298,355,453,24,30,1952,1726,1559,1303,141,120,52,42,13,43,15,21,172,197,1722,1491,269,267,96,81,23,63,17,27
Ohio,Fairfield County,167762,83804,83958,68178,68792,9895,9158,275,234,3110,3393,52,55,2294,2326,70345,70998,11188,10506,897,842,3691,3977,125,136,81328,81508,66279,66980,9629,8822,180,143,3078,3357,33,38,2129,2168,68301,69040,10829,10083,731,696,3640,3911,97,105,2476,2450,1899,1812,266,336,95,91,32,36,19,17,165,158,2044,1958,359,423,166,146,51,66,28,31
Ohio,Fayette County,28782,14135,14647,13141,13709,431,320,57,33,138,219,4,6,364,360,13480,14039,695,587,137,111,179,261,18,20,13701,14329,12795,13453,386,292,44,25,132,208,4,6,340,345,13111,13770,634,549,116,97,172,250,18,19,434,318,346,256,45,28,13,8,6,11,0,0,24,15,369,269,61,38,21,14,7,11,0,1
Ohio,Franklin County,1356303,666566,689737,428464,436425,167304,180001,2997,3342,41472,43350,313,338,26016,26281,452324,460351,185142,198238,8793,9534,48154,49944,1029,1090,608687,635865,382878,394900,160917,173600,1059,1204,41140,43038,222,242,22471,22881,403537,415757,176216,189396,5577,6134,47160,48977,791,837,57879,53872,45586,41525,6387,6401,1938,2138,332,312,91,96,3545,3400,48787,44594,8926,8842,3216,3400,994,967,238,253
Ohio,Fulton County,42028,21091,20937,20175,20146,259,196,127,112,106,129,13,16,411,338,20556,20461,485,388,255,211,180,194,34,30,18870,19048,18212,18471,199,126,44,52,98,118,6,3,311,278,18502,18730,378,287,127,132,159,170,21,13,2221,1889,1963,1675,60,70,83,60,8,11,7,13,100,60,2054,1731,107,101,128,79,21,24,13,17
Ohio,Gallia County,28886,14469,14417,13507,13746,367,256,90,51,94,96,69,4,342,264,13831,13995,578,424,198,128,130,126,84,12,14287,14253,13382,13621,350,249,77,44,88,94,69,2,321,243,13685,13850,549,403,176,115,122,122,84,10,182,164,125,125,17,7,13,7,6,2,0,2,21,21,146,145,29,21,22,13,8,4,0,2
Ohio,Geauga County,95362,47822,47540,46028,45885,715,655,73,77,308,392,8,5,690,526,46676,46376,1008,898,314,245,496,543,32,21,46713,46575,45147,45025,678,624,42,47,294,384,8,4,544,491,45657,45483,916,849,204,202,459,529,28,19,1109,965,881,860,37,31,31,30,14,8,0,1,146,35,1019,893,92,49,110,43,37,14,4,2
Ohio,Greene County,172347,85593,86754,73152,73677,6227,6600,275,319,2825,3158,77,87,3037,2913,76014,76396,7866,8226,1002,1042,3813,4078,179,193,82521,83818,70618,71334,6046,6387,211,224,2767,3095,65,75,2814,2703,73279,73864,7563,7885,851,864,3708,3969,155,169,3072,2936,2534,2343,181,213,64,95,58,63,12,12,223,210,2735,2532,303,341,151,178,105,109,24,24
Ohio,Guernsey County,38219,19036,19183,18000,18325,416,251,80,87,80,92,8,9,452,419,18428,18716,684,512,213,217,143,145,31,29,18748,18885,17768,18091,390,234,71,64,74,90,7,6,438,400,18182,18465,649,482,200,189,135,142,30,24,288,298,232,234,26,17,9,23,6,2,1,3,14,19,246,251,35,30,13,28,8,3,1,5
Ohio,Hamilton County,837359,407561,429798,276313,282250,103428,119579,1592,1318,13392,13191,693,547,12143,12913,287504,294096,111899,128754,4199,4212,16379,16237,1016,868,383813,408345,257316,265430,101377,117400,577,627,13106,12852,448,375,10989,11661,267457,276136,109027,125675,2771,3053,15876,15679,715,636,23748,21453,18997,16820,2051,2179,1015,691,286,339,245,172,1154,1252,20047,17960,2872,3079,1428,1159,503,558,301,232
Ohio,Hancock County,75016,37278,37738,34300,34988,1061,886,171,131,884,881,11,8,851,844,35107,35786,1586,1433,364,328,1062,1046,46,41,34626,35347,32029,32907,914,764,88,81,866,868,10,6,719,721,32712,33588,1357,1227,233,233,1023,1021,41,34,2652,2391,2271,2081,147,122,83,50,18,13,1,2,132,123,2395,2198,229,206,131,95,39,25,5,7
Ohio,Hardin County,30402,15165,15237,14422,14460,228,166,48,50,110,218,14,11,343,332,14743,14774,409,352,152,150,187,276,34,29,14767,14856,14105,14150,199,145,38,37,104,213,10,6,311,305,14397,14439,360,317,130,126,176,267,28,23,398,381,317,310,29,21,10,13,6,5,4,5,32,27,346,335,49,35,22,24,11,9,6,6
Ohio,Harrison County,14042,6998,7044,6629,6722,159,127,24,14,26,27,2,0,158,154,6778,6869,256,221,74,65,48,44,6,3,6905,6959,6564,6652,151,124,14,9,22,25,1,0,153,149,6709,6794,246,216,61,57,42,42,5,3,93,85,65,70,8,3,10,5,4,2,1,0,5,5,69,75,10,5,13,8,6,2,1,0
Ohio,Henry County,27536,13682,13854,13123,13352,196,106,76,85,68,94,1,6,218,211,13329,13553,303,219,161,167,100,120,12,15,12467,12645,12031,12267,166,77,42,53,56,83,1,1,171,164,12192,12425,252,164,106,114,80,102,11,8,1215,1209,1092,1085,30,29,34,32,12,11,0,5,47,47,1137,1128,51,55,55,53,20,18,1,7
Ohio,Highland County,43785,21662,22123,20626,21132,357,323,98,80,92,130,5,8,484,450,21089,21561,655,614,237,215,154,171,23,22,21378,21761,20418,20872,345,283,76,64,87,127,5,5,447,410,20846,21262,619,552,202,183,143,165,23,19,284,362,208,260,12,40,22,16,5,3,0,3,37,40,243,299,36,62,35,32,11,6,0,3
Ohio,Hocking County,27429,13708,13721,13188,13261,152,108,54,73,65,70,6,5,243,204,13416,13452,271,204,159,169,97,93,17,13,13560,13576,13076,13150,149,97,43,64,63,69,2,3,227,193,13288,13330,259,188,141,157,93,89,12,11,148,145,112,111,3,11,11,9,2,1,4,2,16,11,128,122,12,16,18,12,4,4,5,2
Ohio,Holmes County,44668,22542,22126,22137,21764,132,65,28,28,53,71,18,13,174,185,22299,21939,213,170,99,93,85,101,28,19,22295,21894,21925,21572,122,57,18,24,51,69,13,11,166,161,22080,21726,199,148,84,80,82,95,23,17,247,232,212,192,10,8,10,4,2,2,5,2,8,24,219,213,14,22,15,13,3,6,5,2
Ohio,Huron County,58168,29042,29126,27651,27901,521,379,100,107,141,199,17,14,612,526,28231,28407,870,692,308,279,221,254,36,29,26652,26969,25503,25956,424,280,74,79,123,180,7,8,521,466,25997,26407,725,558,245,225,190,230,25,23,2390,2157,2148,1945,97,99,26,28,18,19,10,6,91,60,2234,2000,145,134,63,54,31,24,11,6
Ohio,Jackson County,32723,16259,16464,15579,15847,164,105,79,64,106,140,5,12,326,296,15885,16133,310,245,244,204,139,161,15,22,16055,16290,15419,15695,159,98,68,63,103,137,5,12,301,285,15702,15970,293,230,218,199,136,158,14,22,204,174,160,152,5,7,11,1,3,3,0,0,25,11,183,163,17,15,26,5,3,3,1,0
Ohio,Jefferson County,63900,31342,32558,28332,29535,1733,1775,89,100,190,231,18,17,980,900,29261,30387,2402,2386,298,303,338,353,46,47,30661,31855,27791,29011,1682,1719,72,59,181,224,11,12,924,830,28665,29799,2321,2290,261,234,320,337,39,41,681,703,541,524,51,56,17,41,9,7,7,5,56,70,596,588,81,96,37,69,18,16,7,6
Ohio,Knox County,63848,31541,32307,30347,31006,374,336,93,104,212,342,10,12,505,507,30817,31485,629,589,238,260,342,463,33,31,30827,31655,29719,30430,350,321,72,87,201,332,8,12,477,473,30163,30878,592,559,204,229,328,448,29,28,714,652,628,576,24,15,21,17,11,10,2,0,28,34,654,607,37,30,34,31,14,15,4,3
Ohio,Lake County,232360,114347,118013,103066,105781,6623,7337,256,266,1778,2063,48,48,2576,2518,105514,108177,8199,8867,839,879,2373,2618,137,122,107165,111863,96794,100492,6232,6999,137,156,1736,2029,37,31,2229,2156,98928,102558,7602,8317,593,634,2283,2524,103,89,7182,6150,6272,5289,391,338,119,110,42,34,11,17,347,362,6586,5619,597,550,246,245,90,94,34,33
Ohio,Lawrence County,55829,27342,28487,25887,27117,676,557,96,73,108,177,9,7,566,556,26424,27648,1012,909,285,242,175,230,26,21,26990,28163,25612,26873,654,535,75,61,104,172,8,2,537,520,26120,27371,977,871,252,212,165,220,25,16,352,324,275,244,22,22,21,12,4,5,1,5,29,36,304,277,35,38,33,30,10,10,1,5
Ohio,Licking County,184898,91491,93407,79463,81475,4830,4472,342,333,4339,4679,62,47,2455,2401,81811,83773,6300,5916,965,946,4859,5151,123,118,89087,90844,77519,79361,4675,4321,237,225,4303,4640,45,38,2308,2259,79736,81538,6059,5685,808,785,4797,5092,100,97,2404,2563,1944,2114,155,151,105,108,36,39,17,9,147,142,2075,2235,241,231,157,161,62,59,23,21
Ohio,Logan County,46085,23129,22956,21665,21561,562,431,90,82,195,301,11,16,606,565,22237,22101,975,804,223,216,278,371,36,37,22478,22412,21121,21100,534,405,71,73,189,291,8,16,555,527,21647,21605,913,758,189,191,264,356,30,37,651,544,544,461,28,26,19,9,6,10,3,0,51,38,590,496,62,46,34,25,14,15,6,0
Ohio,Lorain County,322030,159647,162383,134979,138964,15505,14108,781,642,2787,2835,126,133,5469,5701,140181,144382,19265,18089,2177,2093,3653,3712,253,254,140915,143854,120020,124291,13380,11770,316,341,2672,2712,32,43,4495,4697,124308,128766,16493,15069,1356,1413,3419,3481,124,129,18732,18529,14959,14673,2125,2338,465,301,115,123,94,90,974,1004,15873,15616,2772,3020,821,680,234,231,129,125
Ohio,Lucas County,426291,206860,219431,152164,158397,41499,47020,916,997,3941,4344,129,102,8211,8571,159930,166466,47499,53361,2726,2979,5419,5807,313,315,189616,201892,138624,144814,39763,45257,472,456,3793,4199,73,62,6891,7104,145148,151512,44781,50506,1848,1931,5081,5456,219,217,17244,17539,13540,13583,1736,1763,444,541,148,145,56,40,1320,1467,14782,14954,2718,2855,878,1048,338,351,94,98
Ohio,Madison County,45531,24894,20637,21359,19198,2556,434,104,91,376,411,15,6,484,497,21811,19670,2855,743,243,232,455,477,36,27,23969,19971,20586,18640,2496,390,77,71,368,408,6,5,436,457,20995,19073,2770,676,198,197,432,470,23,24,925,666,773,558,60,44,27,20,8,3,9,1,48,40,816,597,85,67,45,35,23,7,13,3
Ohio,Mahoning County,225786,110899,114887,89069,91329,16781,18726,347,326,1289,1315,81,77,3332,3114,92161,94192,19144,20963,1264,1209,1863,1815,215,198,101694,107130,82228,85703,15325,17323,176,195,1229,1237,38,34,2698,2638,84738,88138,17240,19228,828,882,1705,1666,137,126,9205,7757,6841,5626,1456,1403,171,131,60,78,43,43,634,476,7423,6054,1904,1735,436,327,158,149,78,72
Ohio,Marion County,64976,34767,30209,30193,27975,3420,1019,125,106,177,210,28,42,824,857,30972,28789,3991,1604,327,323,273,301,51,74,33505,29171,29182,27157,3306,955,85,67,159,192,15,26,758,774,29900,27889,3838,1489,261,250,245,276,34,56,1262,1038,1011,818,114,64,40,39,18,18,13,16,66,83,1072,900,153,115,66,73,28,25,17,18
Ohio,Medina County,184625,91766,92859,86924,88104,1765,1512,218,169,1275,1529,41,28,1543,1517,88411,89553,2550,2298,663,584,1670,1896,72,80,89046,90190,84575,85775,1641,1404,154,117,1230,1495,23,18,1423,1381,85952,87098,2361,2112,540,473,1605,1851,50,61,2720,2669,2349,2329,124,108,64,52,45,34,18,10,120,136,2459,2455,189,186,123,111,65,45,22,19
Ohio,Meigs County,21491,10835,10656,10464,10346,140,95,42,40,27,38,1,2,161,135,10614,10470,213,161,122,100,47,52,6,11,10627,10569,10288,10273,124,86,37,40,24,38,1,1,153,131,10431,10393,194,149,111,97,43,52,6,10,208,87,176,73,16,9,5,0,3,0,0,1,8,4,183,77,19,12,11,3,4,0,0,1
Ohio,Mercer County,42648,21646,21002,20729,20218,165,96,74,62,129,129,243,193,306,304,21013,20501,354,274,159,145,190,186,250,211,21142,20456,20308,19742,144,83,59,45,123,124,240,190,268,272,20557,19995,310,242,125,117,179,176,247,208,504,546,421,476,21,13,15,17,6,5,3,3,38,32,456,506,44,32,34,28,11,10,3,3
Ohio,Miami County,111950,55528,56422,50910,51964,1773,1675,122,118,1304,1285,30,20,1389,1360,52253,53270,2697,2590,418,389,1536,1501,60,61,54228,55216,49784,50930,1708,1627,106,93,1293,1269,15,15,1322,1282,51064,52170,2585,2486,375,337,1519,1477,41,51,1300,1206,1126,1034,65,48,16,25,11,16,15,5,67,78,1189,1100,112,104,43,52,17,24,19,10
Ohio,Monroe County,13051,6604,6447,6418,6222,66,73,11,12,12,19,1,1,96,120,6505,6335,109,126,57,59,26,40,6,10,6562,6398,6380,6182,65,71,9,10,12,17,0,1,96,117,6467,6292,108,122,55,57,26,38,5,9,42,49,38,40,1,2,2,2,0,2,1,0,0,3,38,43,1,4,2,2,0,2,1,1
Ohio,Montgomery County,537443,260492,276951,187935,195512,55636,63026,795,804,7034,7840,208,195,8884,9574,196199,204345,61503,69409,2860,3191,9325,10214,461,465,247941,264826,177648,185816,54650,61943,553,574,6906,7721,136,139,8048,8633,185148,193805,59955,67695,2300,2582,9029,9904,341,354,12551,12125,10287,9696,986,1083,242,230,128,119,72,56,836,941,11051,10540,1548,1714,560,609,296,310,120,111
Ohio,Morgan County,13532,6818,6714,6244,6196,223,185,23,33,13,19,1,1,314,280,6525,6450,418,344,120,125,59,68,28,22,6711,6645,6175,6147,204,178,19,30,5,18,1,1,307,271,6449,6393,394,329,115,119,51,66,26,22,107,69,69,49,19,7,4,3,8,1,0,0,7,9,76,57,24,15,5,6,8,2,2,0
Ohio,Morrow County,35927,18108,17819,17412,17182,213,156,55,42,75,111,14,6,339,322,17733,17490,364,305,212,177,123,161,30,18,17685,17451,17061,16884,193,129,40,24,67,104,10,4,314,306,17359,17178,335,269,181,150,109,153,25,15,423,368,351,298,20,27,15,18,8,7,4,2,25,16,374,312,29,36,31,27,14,8,5,3
Ohio,Muskingum County,86582,42449,44133,38745,40557,1817,1588,125,163,211,281,18,12,1533,1532,40215,42015,2976,2718,444,519,381,456,66,66,41839,43506,38315,40142,1754,1539,97,102,202,276,15,8,1456,1439,39713,41517,2862,2599,394,429,362,441,58,59,610,627,430,415,63,49,28,61,9,5,3,4,77,93,502,498,114,119,50,90,19,15,8,7
Ohio,Noble County,14269,8570,5699,7967,5517,449,31,33,25,22,27,1,2,98,97,8060,5612,488,77,76,62,39,43,6,7,8435,5641,7855,5470,440,29,24,20,20,25,1,2,95,95,7945,5563,478,74,67,56,35,41,6,7,135,58,112,47,9,2,9,5,2,2,0,0,3,2,115,49,10,3,9,6,4,2,0,0
Ohio,Ottawa County,39692,19787,19905,19027,19131,265,233,44,62,86,115,8,8,357,356,19358,19466,480,445,168,177,127,163,30,23,18655,18880,18030,18223,233,194,37,50,78,99,8,8,269,306,18284,18514,402,376,119,144,105,142,21,20,1132,1025,997,908,32,39,7,12,8,16,0,0,88,50,1074,952,78,69,49,33,22,21,9,3
Ohio,Paulding County,18755,9425,9330,8997,8940,132,111,98,68,27,42,0,7,171,162,9152,9097,236,201,158,123,47,65,14,14,8792,8765,8520,8480,89,81,34,33,19,39,0,5,130,127,8640,8604,170,151,73,70,34,59,7,12,633,565,477,460,43,30,64,35,8,3,0,2,41,35,512,493,66,50,85,53,13,6,7,2
Ohio,Perry County,35682,17963,17719,17369,17121,161,138,60,70,30,59,6,42,337,289,17687,17397,294,252,229,201,78,111,17,55,17783,17528,17226,16957,152,133,55,66,24,59,5,41,321,272,17529,17219,280,239,215,187,70,108,15,53,180,191,143,164,9,5,5,4,6,0,1,1,16,17,158,178,14,13,14,14,8,3,2,2
Ohio,Pickaway County,62158,32471,29687,29471,28161,2047,557,92,97,194,213,17,15,650,644,30082,28782,2405,899,293,291,319,340,40,37,31718,28986,28845,27596,1994,491,73,76,184,213,10,9,612,601,29424,28176,2333,811,252,250,303,336,32,30,753,701,626,565,53,66,19,21,10,0,7,6,38,43,658,606,72,88,41,41,16,4,8,7
Ohio,Pike County,27065,13497,13568,12778,12921,222,149,108,108,52,64,19,3,318,323,13083,13233,382,298,240,249,90,107,25,10,13345,13424,12686,12824,214,141,86,96,50,62,18,2,291,299,12969,13114,363,277,202,226,83,103,23,9,152,144,92,97,8,8,22,12,2,2,1,1,27,24,114,119,19,21,38,23,7,4,2,1
Ohio,Portage County,163839,80685,83154,71734,73744,4324,4729,197,201,2343,2317,48,54,2039,2109,73652,75748,5499,5978,733,730,2845,2824,129,128,78728,81182,70173,72111,4163,4595,151,155,2318,2290,32,39,1891,1992,71958,74013,5249,5774,621,639,2794,2780,103,107,1957,1972,1561,1633,161,134,46,46,25,27,16,15,148,117,1694,1735,250,204,112,91,51,44,26,21
Ohio,Preble County,40801,20355,20446,19561,19710,224,174,75,84,140,170,5,4,350,304,19896,20003,405,329,205,193,193,224,13,10,20115,20184,19374,19510,208,156,62,60,138,167,4,3,329,288,19692,19788,375,301,184,162,188,220,10,9,240,262,187,200,16,18,13,24,2,3,1,1,21,16,204,215,30,28,21,31,5,4,3,1
Ohio,Putnam County,34206,17225,16981,16726,16494,158,105,115,126,39,63,4,3,183,190,16894,16670,271,215,169,187,69,100,11,7,15960,15843,15633,15550,124,64,25,31,31,52,2,1,145,145,15770,15685,219,150,63,71,52,84,6,4,1265,1138,1093,944,34,41,90,95,8,11,2,2,38,45,1124,985,52,65,106,116,17,16,5,3
Ohio,Richland County,124853,64222,60631,53906,53923,7822,4265,151,148,544,591,48,30,1751,1674,55575,55527,9031,5398,519,524,806,836,103,74,62535,59259,52593,52783,7633,4179,114,112,528,579,40,24,1627,1582,54150,54306,8757,5251,441,455,775,814,87,66,1687,1372,1313,1140,189,86,37,36,16,12,8,6,124,92,1425,1221,274,147,78,69,31,22,16,8
Ohio,Ross County,76046,39859,36187,34901,33738,3401,986,167,133,199,232,24,18,1167,1080,36011,34766,4119,1629,502,479,373,385,60,47,39194,35704,34396,33378,3352,954,144,107,191,228,17,16,1094,1021,35439,34352,4022,1563,457,427,351,374,50,45,665,483,505,360,49,32,23,26,8,4,7,2,73,59,572,414,97,66,45,52,22,11,10,2
Ohio,Sandusky County,58866,29448,29418,26968,27243,1133,1016,149,105,274,159,14,13,910,882,27847,28094,1784,1661,347,286,376,263,30,25,26050,26008,23945,24215,1012,878,84,66,258,147,4,8,747,694,24668,24889,1549,1386,238,189,338,231,18,19,3398,3410,3023,3028,121,138,65,39,16,12,10,5,163,188,3179,3205,235,275,109,97,38,32,12,6
Ohio,Scioto County,71798,35754,36044,33023,34266,1541,620,222,184,170,173,8,8,790,793,33772,35023,1946,1018,552,517,267,281,31,24,35034,35491,32447,33791,1470,594,191,162,167,172,8,5,751,767,33164,34525,1851,981,503,483,259,274,29,21,720,553,576,475,71,26,31,22,3,1,0,3,39,26,608,498,95,37,49,34,8,7,2,3
Ohio,Seneca County,54730,27466,27264,25478,25322,843,655,106,90,242,332,21,28,776,837,26220,26128,1417,1281,253,242,340,434,36,50,25666,25698,23949,24030,743,551,72,51,234,325,12,15,656,726,24578,24728,1227,1094,192,174,313,418,26,35,1800,1566,1529,1292,100,104,34,39,8,7,9,13,120,111,1642,1400,190,187,61,68,27,16,10,15
Ohio,Shelby County,47952,24226,23726,22527,22159,699,552,65,67,285,307,42,28,608,613,23104,22745,1159,1016,162,169,367,388,56,41,23764,23261,22150,21785,664,519,58,55,280,304,40,27,572,571,22694,22331,1101,961,141,140,357,378,54,39,462,465,377,374,35,33,7,12,5,3,2,1,36,42,410,414,58,55,21,29,10,10,2,2
Ohio,Stark County,374091,182906,191185,159113,166024,14938,15836,652,596,1839,2292,99,97,6265,6340,165117,172075,19580,20536,1939,1979,2711,3156,215,213,176521,185315,153894,161320,14474,15357,444,395,1779,2248,50,55,5880,5940,159550,166996,18843,19772,1608,1656,2609,3070,143,155,6385,5870,5219,4704,464,479,208,201,60,44,49,42,385,400,5567,5079,737,764,331,323,102,86,72,58
Ohio,Summit County,538370,261625,276745,201467,209246,38475,44899,528,621,13063,13361,153,116,7939,8502,208930,217185,43710,50568,2289,2671,14950,15318,338,314,253598,268512,194928,202946,37732,43932,392,446,12957,13258,95,77,7494,7853,201979,210284,42675,49177,1995,2258,14770,15103,249,234,8027,8233,6539,6300,743,967,136,175,106,103,58,39,445,649,6951,6901,1035,1391,294,413,180,215,89,80
Ohio,Trumbull County,200300,98567,101733,86107,88991,8913,9152,268,288,588,719,39,26,2652,2557,88662,91451,10713,10914,886,882,990,1110,111,84,95958,99277,84115,87021,8589,8919,201,215,568,705,28,24,2457,2393,86484,89325,10260,10572,750,756,949,1074,92,74,2609,2456,1992,1970,324,233,67,73,20,14,11,2,195,164,2178,2126,453,342,136,126,41,36,19,10
Ohio,Tuscarawas County,92048,45981,46067,43777,44283,626,478,350,238,152,229,166,108,910,731,44653,44982,1156,903,656,484,277,328,184,125,43358,43984,41995,42665,443,339,81,68,131,226,38,34,670,652,42639,43289,834,716,295,282,223,316,51,48,2623,2083,1782,1618,183,139,269,170,21,3,128,74,240,79,2014,1693,322,187,361,202,54,12,133,77
Ohio,Union County,71721,34975,36746,30677,31870,815,1439,90,68,2676,2644,10,14,707,711,31345,32545,1171,1792,255,242,2906,2870,35,32,33353,35303,29216,30594,760,1359,61,56,2662,2628,8,13,646,653,29827,31217,1082,1677,200,208,2879,2845,29,30,1622,1443,1461,1276,55,80,29,12,14,16,2,1,61,58,1518,1328,89,115,55,34,27,25,6,2
Ohio,Van Wert County,28887,14333,14554,13760,13919,223,160,55,137,49,73,5,7,241,258,13982,14167,392,336,119,199,80,105,10,14,13711,13800,13223,13358,201,129,27,23,45,72,5,6,210,212,13417,13562,351,276,80,70,71,98,9,12,622,754,537,561,22,31,28,114,4,1,0,1,31,46,565,605,41,60,39,129,9,7,1,2
Ohio,Vinton County,12545,6333,6212,6091,6001,47,36,35,27,17,26,1,0,142,122,6226,6116,131,93,86,77,35,46,3,6,6257,6150,6028,5948,44,35,31,22,16,26,1,0,137,119,6158,6060,125,91,80,70,34,46,3,6,76,62,63,53,3,1,4,5,1,0,0,0,5,3,68,56,6,2,6,7,1,0,0,0
Ohio,Warren County,256059,129184,126875,108586,108702,5957,4263,369,412,11096,10324,174,189,3002,2985,111478,111573,7229,5543,1009,1078,12366,11585,262,271,124433,121780,104510,104357,5721,4030,180,179,11047,10270,144,140,2831,2804,107249,107063,6905,5220,751,769,12274,11488,226,214,4751,5095,4076,4345,236,233,189,233,49,54,30,49,171,181,4229,4510,324,323,258,309,92,97,36,57
Ohio,Washington County,58332,28967,29365,27441,28124,516,307,91,81,247,260,7,10,665,583,28070,28663,834,593,341,317,385,386,32,30,28572,28966,27096,27793,499,291,83,65,247,256,4,6,643,555,27703,28305,803,566,326,284,382,379,29,26,395,399,345,331,17,16,8,16,0,4,3,4,22,28,367,358,31,27,15,33,3,7,3,4
Ohio,Wayne County,116632,58450,58182,55088,55411,1166,925,151,126,658,722,48,36,1339,962,56366,56334,1925,1491,541,392,914,924,89,56,56715,56841,53837,54245,1080,878,102,83,641,710,20,16,1035,909,54821,55116,1678,1410,366,333,859,904,47,35,1735,1341,1251,1166,86,47,49,43,17,12,28,20,304,53,1545,1218,247,81,175,59,55,20,42,21
Ohio,Williams County,36554,18285,18269,17390,17657,395,158,88,53,103,140,10,6,299,255,17671,17896,553,287,201,151,148,182,21,15,17190,17306,16433,16790,366,136,58,33,99,137,6,5,228,205,16645,16980,487,241,140,108,134,174,15,13,1095,963,957,867,29,22,30,20,4,3,4,1,71,50,1026,916,66,46,61,43,14,8,6,2
Ohio,Wood County,133077,66046,67031,60432,61849,2203,1951,198,268,1554,1463,64,22,1595,1478,61951,63239,3030,2752,648,682,1986,1867,112,67,61312,62581,56321,57924,2029,1794,117,163,1512,1431,35,14,1298,1255,57558,59106,2703,2477,434,482,1897,1795,70,50,4734,4450,4111,3925,174,157,81,105,42,32,29,8,297,223,4393,4133,327,275,214,200,89,72,42,17
Ohio,Wyandot County,21394,10552,10842,10189,10528,83,49,34,35,90,70,6,6,150,154,10336,10669,168,135,77,91,112,90,11,14,10207,10495,9901,10231,76,42,22,21,82,65,6,5,120,131,10019,10353,146,117,55,64,98,82,10,12,345,347,288,297,7,7,12,14,8,5,0,1,30,23,317,316,22,18,22,27,14,8,1,2
Oklahoma,Adair County,19821,9884,9937,4182,4204,121,100,4345,4476,136,115,11,2,1089,1040,5240,5200,270,248,5270,5372,186,166,33,20,9053,9112,3904,3894,105,80,3879,4055,134,110,10,1,1021,972,4894,4822,238,214,4752,4901,183,155,31,18,831,825,278,310,16,20,466,421,2,5,1,1,68,68,346,378,32,34,518,471,3,11,2,2
Oklahoma,Alfalfa County,5712,3514,2198,2861,1971,318,16,177,95,17,36,4,5,137,75,2983,2038,369,48,265,137,34,43,8,8,3260,2054,2675,1867,313,11,149,76,13,33,3,5,107,62,2770,1923,357,34,213,115,27,39,6,6,254,144,186,104,5,5,28,19,4,3,1,0,30,13,213,115,12,14,52,22,7,4,2,2
Oklahoma,Atoka County,14600,7970,6630,5417,4760,641,165,1243,1019,87,105,3,3,579,578,5973,5298,763,294,1685,1475,128,142,17,16,7563,6336,5151,4587,625,152,1160,948,86,105,3,3,538,541,5668,5089,734,269,1574,1380,125,140,16,15,407,294,266,173,16,13,83,71,1,0,0,0,41,37,305,209,29,25,111,95,3,2,1,1
Oklahoma,Beaver County,5025,2585,2440,2328,2186,62,39,81,116,13,12,0,0,101,87,2425,2262,97,77,142,168,25,24,3,1,1737,1709,1575,1571,40,32,38,38,2,10,0,0,82,58,1653,1618,67,60,88,73,14,18,2,1,848,731,753,615,22,7,43,78,11,2,0,0,19,29,772,644,30,17,54,95,11,6,1,0
Oklahoma,Beckham County,22248,12115,10133,10044,9023,1025,198,468,390,202,122,9,2,367,398,10382,9385,1169,358,680,630,241,155,25,14,9931,9067,8197,8187,950,165,320,295,194,107,7,2,263,311,8443,8467,1052,305,463,472,226,136,18,9,2184,1066,1847,836,75,33,148,95,8,15,2,0,104,87,1939,918,117,53,217,158,15,19,7,5
Oklahoma,Blaine County,8573,4403,4170,3477,3344,202,147,428,384,10,24,6,7,280,264,3737,3569,310,262,578,537,50,53,21,21,3678,3657,2945,2969,156,127,346,319,8,18,3,3,220,221,3150,3156,244,229,457,441,42,44,14,15,725,513,532,375,46,20,82,65,2,6,3,4,60,43,587,413,66,33,121,96,8,9,7,6
Oklahoma,Bryan County,50305,24608,25697,17982,18831,640,487,3726,4021,187,201,17,25,2056,2132,19953,20841,980,828,5454,5848,284,309,54,59,22271,23571,16312,17342,572,445,3331,3617,184,194,15,22,1857,1951,18091,19182,880,759,4888,5292,273,290,47,53,2337,2126,1670,1489,68,42,395,404,3,7,2,3,199,181,1862,1659,100,69,566,556,11,19,7,6
Oklahoma,Caddo County,26337,14967,11370,9914,7207,904,189,3077,3069,110,64,23,9,939,832,10739,7923,1193,428,3761,3698,215,152,60,39,11790,9853,7663,6426,848,167,2431,2524,95,49,16,7,737,680,8311,7011,1081,375,2964,3039,171,116,46,29,3177,1517,2251,781,56,22,646,545,15,15,7,2,202,152,2428,912,112,53,797,659,44,36,14,10
Oklahoma,Canadian County,181760,90033,91727,71938,73220,5617,4696,4435,4749,3049,3531,164,142,4830,5389,76499,78288,7198,6416,7381,8160,3862,4386,280,268,77999,79997,62052,63775,5228,4280,3509,3843,2857,3428,115,90,4238,4581,66070,68097,6638,5764,6033,6673,3588,4179,208,183,12034,11730,9886,9445,389,416,926,906,192,103,49,52,592,808,10429,10191,560,652,1348,1487,274,207,72,85
Oklahoma,Carter County,49135,24043,25092,17581,18489,1640,1578,2570,2590,355,380,29,26,1868,2029,19209,20244,2314,2291,3930,4104,489,527,69,71,21585,22893,15877,16899,1524,1440,2185,2316,335,367,10,11,1654,1860,17319,18502,2133,2104,3379,3702,454,497,43,49,2458,2199,1704,1590,116,138,385,274,20,13,19,15,214,169,1890,1742,181,187,551,402,35,30,26,22
Oklahoma,Cherokee County,48729,23854,24875,11960,12548,437,349,8626,9198,314,279,29,17,2488,2484,14339,14910,747,660,10856,11457,419,381,64,45,21587,22925,10749,11440,398,321,7853,8553,266,260,25,14,2296,2337,12946,13664,681,608,9912,10683,366,352,57,41,2267,1950,1211,1108,39,28,773,645,48,19,4,3,192,147,1393,1246,66,52,944,774,53,29,7,4
Oklahoma,Choctaw County,14174,6848,7326,4070,4482,656,766,1434,1372,48,70,2,8,638,628,4654,5057,859,959,1871,1813,101,131,22,24,6364,6988,3803,4286,633,750,1303,1301,46,67,2,4,577,580,4331,4819,816,931,1696,1707,97,121,19,18,484,338,267,196,23,16,131,71,2,3,0,4,61,48,323,238,43,28,175,106,4,10,3,6
Oklahoma,Cimarron County,2133,1117,1016,1031,960,10,9,28,6,4,7,0,0,44,34,1072,991,26,26,49,21,14,12,0,0,808,753,742,705,7,9,20,3,4,6,0,0,35,30,775,732,18,24,36,17,14,10,0,0,309,263,289,255,3,0,8,3,0,1,0,0,9,4,297,259,8,2,13,4,0,2,0,0
Oklahoma,Cleveland County,303952,151318,152634,115294,117008,9916,8949,8200,8427,7939,7977,235,248,9734,10025,124579,126564,12868,11927,13810,14369,10080,10130,472,487,133133,135144,100442,102975,9307,8360,6836,6995,7697,7782,160,159,8691,8873,108750,111449,11952,11011,11738,12138,9676,9721,350,354,18185,17490,14852,14033,609,589,1364,1432,242,195,75,89,1043,1152,15829,15115,916,916,2072,2231,404,409,122,133
Oklahoma,Coal County,5414,2667,2747,1711,1813,43,38,632,614,9,10,0,0,272,272,1965,2066,101,99,838,826,32,30,8,2,2522,2625,1637,1746,39,34,578,571,9,10,0,0,259,264,1881,1993,88,91,778,776,32,30,7,2,145,122,74,67,4,4,54,43,0,0,0,0,13,8,84,73,13,8,60,50,0,0,1,0
Oklahoma,Comanche County,121396,62923,58473,41355,37801,11064,9174,4166,4325,1436,2005,432,396,4470,4772,45313,42034,13348,11601,6100,6460,2791,3431,739,728,53302,49445,34448,31449,10232,8376,3285,3384,1257,1850,356,329,3724,4057,37740,35050,12140,10443,4799,5115,2403,3063,582,581,9621,9028,6907,6352,832,798,881,941,179,155,76,67,746,715,7573,6984,1208,1158,1301,1345,388,368,157,147
Oklahoma,Cotton County,5503,2708,2795,2138,2223,79,59,293,318,9,13,9,6,180,176,2301,2385,134,121,416,435,27,30,15,9,2467,2567,1988,2091,74,48,231,257,9,13,9,4,156,154,2128,2231,121,101,335,360,26,29,15,6,241,228,150,132,5,11,62,61,0,0,0,2,24,22,173,154,13,20,81,75,1,1,0,3
Oklahoma,Craig County,14506,7360,7146,4603,4634,330,134,1578,1548,118,120,11,12,720,698,5267,5288,468,268,2174,2133,170,157,29,25,6994,6847,4363,4425,311,120,1505,1496,117,120,10,12,688,674,4998,5057,440,248,2077,2063,165,156,28,23,366,299,240,209,19,14,73,52,1,0,1,0,32,24,269,231,28,20,97,70,5,1,1,2
Oklahoma,Creek County,73971,36643,37328,28469,29079,925,767,4024,4107,286,348,65,37,2874,2990,31179,31896,1535,1393,6369,6569,470,529,100,74,34375,35122,26766,27450,870,722,3739,3816,275,345,49,30,2676,2759,29286,30052,1449,1306,5912,6081,452,510,80,57,2268,2206,1703,1629,55,45,285,291,11,3,16,7,198,231,1893,1844,86,87,457,488,18,19,20,17
Oklahoma,Custer County,28266,14136,14130,11497,11639,518,331,1256,1266,222,230,22,19,621,645,12069,12234,702,524,1688,1712,298,312,43,38,11202,11226,9207,9332,453,257,848,909,198,206,15,11,481,511,9647,9802,603,414,1172,1252,260,269,30,24,2934,2904,2290,2307,65,74,408,357,24,24,7,8,140,134,2422,2432,99,110,516,460,38,43,13,14
Oklahoma,Delaware County,41771,20727,21044,13356,14024,190,110,5147,4877,414,431,43,34,1577,1568,14889,15554,320,243,6603,6326,464,471,63,48,19674,20050,12736,13350,159,90,4836,4646,404,421,31,31,1508,1512,14201,14829,275,206,6234,6047,452,460,50,44,1053,994,620,674,31,20,311,231,10,10,12,3,69,56,688,725,45,37,369,279,12,11,13,4
Oklahoma,Dewey County,4268,2119,2149,1799,1837,17,15,165,151,34,28,0,0,104,118,1894,1944,60,67,224,216,46,37,4,5,1970,2032,1688,1748,14,15,149,138,34,28,0,0,85,103,1764,1840,50,62,195,194,45,36,4,4,149,117,111,89,3,0,16,13,0,0,0,0,19,15,130,104,10,5,29,22,1,1,0,1
Oklahoma,Ellis County,3601,1808,1793,1657,1655,13,12,75,63,7,15,0,3,56,45,1706,1690,33,36,101,90,18,22,7,3,1595,1618,1456,1502,11,11,72,51,7,15,0,0,49,39,1498,1533,31,32,93,72,17,22,6,0,213,175,201,153,2,1,3,12,0,0,0,3,7,6,208,157,2,4,8,18,1,0,1,3
Oklahoma,Garfield County,62007,31327,30680,25687,25453,1117,852,1073,1111,408,553,1581,1324,1461,1387,27040,26737,1755,1461,1835,1853,648,766,1643,1378,26247,25878,21432,21427,972,750,681,738,349,491,1551,1285,1262,1187,22603,22538,1533,1274,1316,1351,564,677,1598,1323,5080,4802,4255,4026,145,102,392,373,59,62,30,39,199,200,4437,4199,222,187,519,502,84,89,45,55
Oklahoma,Garvin County,26149,12954,13195,10245,10668,377,283,1340,1303,94,102,21,14,877,825,11079,11450,595,484,1998,1942,150,142,46,36,11391,11799,9060,9580,322,246,1160,1139,88,88,5,6,756,740,9781,10283,513,425,1720,1709,135,125,28,23,1563,1396,1185,1088,55,37,180,164,6,14,16,8,121,85,1298,1167,82,59,278,233,15,17,18,13
Oklahoma,Grady County,58353,29294,29059,24725,24641,812,633,1925,1926,160,175,18,34,1654,1650,26303,26205,1210,1029,3174,3187,294,302,71,73,26958,26796,22956,22891,735,593,1642,1642,146,161,16,31,1463,1478,24351,24299,1097,947,2731,2764,271,275,61,62,2336,2263,1769,1750,77,40,283,284,14,14,2,3,191,172,1952,1906,113,82,443,423,23,27,10,11
Oklahoma,Grant County,4123,2073,2050,1853,1839,35,40,93,69,5,19,1,3,86,80,1934,1912,64,72,143,110,19,34,4,6,1964,1951,1761,1758,35,38,85,61,4,19,1,3,78,72,1834,1824,63,66,129,96,17,33,4,6,109,99,92,81,0,2,8,8,1,0,0,0,8,8,100,88,1,6,14,14,2,1,0,0
Oklahoma,Greer County,5433,3079,2354,2406,2025,378,87,130,89,14,15,6,6,145,132,2536,2149,429,135,218,170,29,28,15,9,2712,1986,2122,1753,371,64,96,55,9,14,6,6,108,94,2218,1842,413,99,159,109,20,24,12,8,367,368,284,272,7,23,34,34,5,1,0,0,37,38,318,307,16,36,59,61,9,4,3,1
Oklahoma,Harmon County,2315,1127,1188,887,954,104,81,54,48,22,20,0,0,60,85,943,1033,123,123,92,86,30,32,2,2,750,782,570,609,86,68,32,30,21,15,0,0,41,60,608,665,98,99,55,53,28,25,2,1,377,406,317,345,18,13,22,18,1,5,0,0,19,25,335,368,25,24,37,33,2,7,0,1
Oklahoma,Harper County,3209,1635,1574,1509,1462,14,9,63,48,4,7,8,1,37,47,1541,1506,28,29,86,69,7,13,10,4,1157,1185,1082,1103,4,6,37,31,3,7,1,0,30,38,1107,1138,17,23,55,47,5,13,3,2,478,389,427,359,10,3,26,17,1,0,7,1,7,9,434,368,11,6,31,22,2,0,7,2
Oklahoma,Haskell County,11811,5867,5944,4150,4170,64,65,1100,1139,92,103,2,5,459,462,4588,4616,134,140,1485,1515,116,124,11,12,5479,5634,3901,3997,53,55,999,1054,90,97,0,3,436,428,4317,4413,117,115,1367,1409,112,116,9,10,388,310,249,173,11,10,101,85,2,6,2,2,23,34,271,203,17,25,118,106,4,8,2,2
Oklahoma,Hughes County,13371,7420,5951,4678,3959,794,109,1389,1330,33,34,7,9,519,510,5175,4455,897,214,1798,1727,59,54,15,15,6882,5618,4349,3761,772,102,1257,1242,28,33,7,9,469,471,4798,4220,864,191,1628,1613,50,52,15,15,538,333,329,198,22,7,132,88,5,1,0,0,50,39,377,235,33,23,170,114,9,2,0,0
Oklahoma,Jackson County,24541,12274,12267,10105,10174,901,780,410,372,159,305,49,45,650,591,10684,10716,1160,1021,775,691,262,399,88,71,9073,9072,7433,7463,781,673,236,194,114,265,41,36,468,441,7852,7873,971,856,483,418,188,336,69,52,3201,3195,2672,2711,120,107,174,178,45,40,8,9,182,150,2832,2843,189,165,292,273,74,63,19,19
Oklahoma,Jefferson County,5374,2693,2681,2245,2277,60,32,238,201,17,29,1,0,132,142,2371,2417,94,66,331,307,28,34,5,1,2386,2375,2008,2041,51,23,188,158,17,26,0,0,122,127,2124,2167,83,55,273,251,27,30,4,1,307,306,237,236,9,9,50,43,0,3,1,0,10,15,247,250,11,11,58,56,1,4,1,0
Oklahoma,Johnston County,10293,5173,5120,3621,3625,192,137,847,795,33,41,4,3,476,519,4073,4132,283,237,1230,1206,59,56,12,13,4834,4816,3415,3426,185,124,768,739,27,41,3,0,436,486,3830,3902,268,211,1118,1129,49,56,10,9,339,304,206,199,7,13,79,56,6,0,1,3,40,33,243,230,15,26,112,77,10,0,2,4
Oklahoma,Kay County,43437,21695,21742,16700,17020,618,393,2628,2539,162,164,174,140,1413,1486,18051,18445,963,750,3665,3635,264,266,208,172,19453,19852,15171,15648,530,344,2174,2201,145,152,154,128,1279,1379,16394,16968,853,680,3102,3215,234,249,187,157,2242,1890,1529,1372,88,49,454,338,17,12,20,12,134,107,1657,1477,110,70,563,420,30,17,21,15
Oklahoma,Kingfisher County,15820,8002,7818,7117,6945,187,128,335,345,40,42,12,4,311,354,7403,7288,271,226,557,593,64,60,22,14,6352,6353,5638,5637,145,93,257,275,33,37,5,1,274,310,5891,5937,222,177,452,494,51,53,13,9,1650,1465,1479,1308,42,35,78,70,7,5,7,3,37,44,1512,1351,49,49,105,99,13,7,9,5
Oklahoma,Kiowa County,8257,4103,4154,3304,3324,206,189,316,362,19,25,7,7,251,247,3535,3552,302,282,466,509,49,48,16,13,3574,3605,2910,2957,175,152,259,267,17,25,6,5,207,199,3101,3141,259,228,375,381,41,44,12,11,529,549,394,367,31,37,57,95,2,0,1,2,44,48,434,411,43,54,91,128,8,4,4,2
Oklahoma,Latimer County,9509,4791,4718,3001,3006,110,49,1190,1172,36,39,2,0,452,452,3430,3447,179,118,1577,1550,57,51,8,6,4577,4517,2914,2910,101,40,1117,1116,35,39,2,0,408,412,3302,3313,159,95,1470,1468,52,48,8,6,214,201,87,96,9,9,73,56,1,0,0,0,44,40,128,134,20,23,107,82,5,3,0,0
Oklahoma,Le Flore County,49854,25195,24659,18660,18694,702,404,3914,3685,243,285,66,44,1610,1547,20196,20176,953,642,5242,4951,351,384,101,81,22894,22751,16971,17228,657,364,3507,3417,220,265,43,19,1496,1458,18399,18627,888,587,4741,4609,318,358,75,55,2301,1908,1689,1466,45,40,407,268,23,20,23,25,114,89,1797,1549,65,55,501,342,33,26,26,26
Oklahoma,Lincoln County,34972,17606,17366,14607,14462,386,339,1302,1333,99,114,22,13,1190,1105,15739,15513,643,574,2200,2161,194,198,54,40,16760,16591,14009,13918,354,319,1195,1193,86,109,14,10,1102,1042,15057,14913,593,538,2022,1971,174,191,40,34,846,775,598,544,32,20,107,140,13,5,8,3,88,63,682,600,50,36,178,190,20,7,14,6
Oklahoma,Logan County,53860,27001,26859,22458,21991,1890,2018,1109,1125,181,296,35,27,1328,1402,23669,23288,2321,2436,1994,2065,322,437,76,79,24320,24370,20327,20014,1772,1928,889,874,151,264,17,19,1164,1271,21391,21199,2164,2312,1650,1714,269,391,49,65,2681,2489,2131,1977,118,90,220,251,30,32,18,8,164,131,2278,2089,157,124,344,351,53,46,27,14
Oklahoma,Love County,10423,5261,5162,4316,4334,177,123,417,397,49,53,1,0,301,255,4599,4579,262,194,636,571,66,70,7,7,4205,4175,3431,3518,142,98,334,314,47,47,0,0,251,198,3665,3708,216,153,514,447,60,59,3,6,1056,987,885,816,35,25,83,83,2,6,1,0,50,57,934,871,46,41,122,124,6,11,4,1
Oklahoma,McClain County,48434,24184,24250,20235,20411,533,360,1788,1760,171,218,31,34,1426,1467,21604,21839,751,569,2938,2949,286,320,47,52,21562,21755,18091,18346,457,306,1556,1508,152,199,23,32,1283,1364,19323,19674,659,496,2582,2612,257,295,34,50,2622,2495,2144,2065,76,54,232,252,19,19,8,2,143,103,2281,2165,92,73,356,337,29,25,13,2
Oklahoma,McCurtain County,30805,15227,15578,9458,9776,1218,1289,2843,2848,205,163,249,262,1254,1240,10606,10924,1583,1607,3774,3793,284,229,273,288,13985,14473,8806,9147,1164,1239,2412,2512,202,161,240,260,1161,1154,9868,10214,1513,1541,3268,3387,271,223,260,283,1242,1105,652,629,54,50,431,336,3,2,9,2,93,86,738,710,70,66,506,406,13,6,13,5
Oklahoma,McIntosh County,19710,9667,10043,6580,6885,317,277,1858,1939,68,77,10,3,834,862,7349,7686,499,459,2527,2626,124,129,28,26,9297,9648,6335,6642,296,258,1813,1862,67,76,9,2,777,808,7051,7395,465,421,2438,2511,119,123,22,23,370,395,245,243,21,19,45,77,1,1,1,1,57,54,298,291,34,38,89,115,5,6,6,3
Oklahoma,Major County,7569,3714,3855,3353,3470,50,55,141,138,29,44,4,4,137,144,3472,3604,99,100,228,225,51,60,8,11,3235,3409,2968,3148,40,27,87,82,28,40,2,2,110,110,3064,3251,83,61,154,146,45,54,4,8,479,446,385,322,10,28,54,56,1,4,2,2,27,34,408,353,16,39,74,79,6,6,4,3
Oklahoma,Marshall County,16147,8061,8086,6380,6402,195,179,887,880,49,43,11,45,539,537,6894,6917,306,278,1309,1311,79,68,20,55,6484,6529,5077,5141,153,137,728,732,40,38,2,1,484,480,5540,5603,246,222,1111,1121,67,58,8,9,1577,1557,1303,1261,42,42,159,148,9,5,9,44,55,57,1354,1314,60,56,198,190,12,10,12,46
Oklahoma,Mayes County,40144,20159,19985,13103,13079,236,149,4506,4560,163,144,14,16,2137,2037,15170,15065,413,289,6454,6439,231,203,42,37,19330,19164,12599,12563,212,122,4300,4370,153,140,11,11,2055,1958,14589,14474,367,243,6186,6186,218,197,36,31,829,821,504,516,24,27,206,190,10,4,3,5,82,79,581,591,46,46,268,253,13,6,6,6
Oklahoma,Murray County,13754,6925,6829,5145,5077,135,125,1071,1057,33,54,9,3,532,513,5658,5570,220,204,1507,1486,58,82,17,8,6387,6288,4737,4669,134,117,978,970,33,51,1,1,504,480,5223,5130,211,188,1391,1372,57,77,9,6,538,541,408,408,1,8,93,87,0,3,8,2,28,33,435,440,9,16,116,114,1,5,8,2
Oklahoma,Muskogee County,66752,32920,33832,19160,19807,3474,3509,6834,6843,363,385,51,35,3038,3253,21844,22661,4358,4420,9268,9500,520,530,102,94,30064,31371,17361,18283,3335,3384,6172,6240,335,371,26,21,2835,3072,19865,20973,4172,4259,8443,8748,470,504,67,72,2856,2461,1799,1524,139,125,662,603,28,14,25,14,203,181,1979,1688,186,161,825,752,50,26,35,22
Oklahoma,Noble County,10896,5328,5568,4341,4501,106,84,536,592,34,42,11,3,300,346,4624,4832,187,166,742,840,57,67,21,14,5034,5266,4169,4355,99,73,450,473,34,42,7,3,275,320,4429,4660,171,148,640,702,56,66,15,13,294,302,172,146,7,11,86,119,0,0,4,0,25,26,195,172,16,18,102,138,1,1,6,1
Oklahoma,Nowata County,9561,4738,4823,3128,3218,148,99,921,890,36,36,2,1,503,579,3601,3775,253,194,1315,1362,61,67,17,12,4570,4652,3035,3118,142,96,877,847,36,35,2,1,478,555,3489,3651,236,186,1253,1301,60,65,16,12,168,171,93,100,6,3,44,43,0,1,0,0,25,24,112,124,17,8,62,61,1,2,1,0
Oklahoma,Okfuskee County,11364,6094,5270,3771,3299,514,268,1251,1171,70,59,17,13,471,460,4209,3737,625,352,1600,1532,106,92,32,26,5794,5030,3583,3182,505,257,1191,1116,67,56,12,8,436,411,3990,3573,601,332,1517,1436,102,89,26,20,300,240,188,117,9,11,60,55,3,3,5,5,35,49,219,164,24,20,83,96,4,3,6,6
Oklahoma,Oklahoma County,816490,400547,415943,280243,284906,61154,67243,19520,20669,14629,16816,610,634,24391,25675,301573,307192,72153,78602,32855,35175,19421,21731,1317,1346,312419,332475,207153,216784,58148,64043,11833,12994,14162,16363,440,420,20683,21871,225273,235807,67495,73697,22830,25082,18299,20625,979,979,88128,83468,73090,68122,3006,3200,7687,7675,467,453,170,214,3708,3804,76300,71385,4658,4905,10025,10093,1122,1106,338,367
Oklahoma,Okmulgee County,37084,18435,18649,11964,11986,1395,1431,3089,3194,121,136,15,12,1851,1890,13562,13615,1960,1963,4543,4717,227,254,49,51,17335,17682,11238,11351,1349,1377,2888,3044,115,127,14,12,1731,1771,12729,12873,1887,1884,4246,4470,213,235,44,48,1100,967,726,635,46,54,201,150,6,9,1,0,120,119,833,742,73,79,297,247,14,19,5,3
Oklahoma,Osage County,46495,23400,23095,15603,15076,2453,2596,3405,3422,124,188,31,31,1784,1782,17234,16723,2795,2906,4925,4962,214,285,61,56,22186,21935,14766,14308,2384,2545,3224,3229,111,160,30,26,1671,1667,16293,15846,2699,2836,4649,4675,195,248,59,50,1214,1160,837,768,69,51,181,193,13,28,1,5,113,115,941,877,96,70,276,287,19,37,2,6
Oklahoma,Ottawa County,30404,15001,15403,9855,10337,279,170,3259,3262,128,138,160,148,1320,1348,11119,11640,467,332,4350,4398,223,234,180,166,13995,14386,9170,9608,247,150,3063,3087,123,130,149,130,1243,1281,10368,10847,413,295,4097,4174,210,222,166,148,1006,1017,685,729,32,20,196,175,5,8,11,18,77,67,751,793,54,37,253,224,13,12,14,18
Oklahoma,Pawnee County,16111,8127,7984,6275,6156,98,75,1080,1043,36,62,6,14,632,634,6879,6771,218,177,1578,1548,77,109,17,25,7752,7623,6019,5922,89,71,1019,979,33,61,6,14,586,576,6580,6482,200,161,1481,1441,72,103,14,24,375,361,256,234,9,4,61,64,3,1,0,0,46,58,299,289,18,16,97,107,5,6,3,1
Oklahoma,Payne County,84199,43287,40912,33479,32650,2275,1450,2351,2356,2325,1817,35,37,2822,2602,36136,35103,3088,2166,4092,3982,2800,2265,99,87,40231,38227,31110,30557,2139,1357,2072,2094,2303,1789,31,28,2576,2402,33551,32832,2881,2019,3642,3578,2749,2209,80,69,3056,2685,2369,2093,136,93,279,262,22,28,4,9,246,200,2585,2271,207,147,450,404,51,56,19,18
Oklahoma,Pittsburg County,43395,22015,21380,15453,15519,904,432,3794,3529,140,150,18,16,1706,1734,17045,17144,1229,740,5216,4986,236,252,48,47,20589,20135,14496,14712,852,403,3510,3234,124,139,16,14,1591,1633,15984,16245,1160,692,4835,4609,211,233,42,43,1426,1245,957,807,52,29,284,295,16,11,2,2,115,101,1061,899,69,48,381,377,25,19,6,4
Oklahoma,Pontotoc County,38310,18854,19456,12378,12983,455,384,4101,4162,150,186,10,10,1760,1731,13997,14572,841,750,5526,5571,270,312,43,46,17407,18186,11506,12211,416,359,3718,3840,148,184,6,7,1613,1585,12996,13666,768,703,5024,5127,254,296,33,38,1447,1270,872,772,39,25,383,322,2,2,4,3,147,146,1001,906,73,47,502,444,16,16,10,8
Oklahoma,Pottawatomie County,74446,35906,38540,26531,28520,1243,1263,5036,5407,283,391,70,41,2743,2918,29060,31192,1943,1968,7074,7630,599,715,133,106,33314,36020,24892,26996,1157,1190,4439,4773,256,359,63,31,2507,2671,27210,29443,1799,1840,6289,6802,546,655,117,87,2592,2520,1639,1524,86,73,597,634,27,32,7,10,236,247,1850,1749,144,128,785,828,53,60,16,19
Oklahoma,Pushmataha County,10800,5277,5523,3749,3978,96,68,978,1022,33,32,2,3,419,420,4150,4379,174,138,1317,1371,59,59,7,5,5011,5252,3592,3833,89,60,926,957,33,31,1,2,370,369,3946,4184,155,121,1227,1264,55,55,5,4,266,271,157,145,7,8,52,65,0,1,1,1,49,51,204,195,19,17,90,107,4,4,2,1
Oklahoma,Roger Mills County,3304,1653,1651,1453,1408,10,16,121,149,13,15,2,19,54,44,1500,1446,41,30,149,174,20,27,2,19,1517,1513,1352,1312,10,11,93,115,11,13,1,19,50,43,1395,1349,38,25,119,139,18,25,1,19,136,138,101,96,0,5,28,34,2,2,1,0,4,1,105,97,3,5,30,35,2,2,1,0
Oklahoma,Rogers County,101371,50879,50492,37699,37366,908,723,6739,6806,1092,1153,75,48,4366,4396,41937,41618,1385,1158,10573,10707,1372,1435,126,99,47363,47113,35062,34837,776,608,6343,6412,1061,1117,56,36,4065,4103,39012,38808,1217,1014,9913,10050,1321,1383,103,85,3516,3379,2637,2529,132,115,396,394,31,36,19,12,301,293,2925,2810,168,144,660,657,51,52,23,14
Oklahoma,Seminole County,23351,11519,11832,7609,7865,474,425,2210,2375,91,59,15,26,1120,1082,8629,8832,812,751,3035,3194,178,145,41,49,10762,11106,7146,7449,452,410,2029,2179,87,55,11,24,1037,989,8093,8330,764,709,2793,2925,163,134,36,47,757,726,463,416,22,15,181,196,4,4,4,2,83,93,536,502,48,42,242,269,15,11,5,2
Oklahoma,Sequoyah County,40555,20008,20547,12706,13303,498,376,4763,4682,170,231,26,25,1845,1930,14486,15158,739,622,6358,6364,275,334,46,45,18827,19524,12010,12668,456,342,4445,4445,163,217,7,6,1746,1846,13697,14441,671,576,5963,6056,261,316,27,26,1181,1023,696,635,42,34,318,237,7,14,19,19,99,84,789,717,68,46,395,308,14,18,19,19
Oklahoma,Stephens County,44075,21572,22503,18266,19167,552,496,1360,1444,190,213,12,12,1192,1171,19385,20270,831,759,2250,2342,306,312,29,36,19480,20428,16582,17489,503,440,1167,1243,167,193,10,9,1051,1054,17573,18484,751,679,1946,2045,267,285,26,30,2092,2075,1684,1678,49,56,193,201,23,20,2,3,141,117,1812,1786,80,80,304,297,39,27,3,6
Oklahoma,Texas County,20577,10782,9795,9259,8624,744,277,242,293,236,360,57,44,244,197,9477,8796,823,340,400,423,273,385,66,54,4920,4518,3873,3789,645,191,63,55,179,335,23,21,137,127,3996,3902,694,236,144,129,200,354,26,28,5862,5277,5386,4835,99,86,179,238,57,25,34,23,107,70,5481,4894,129,104,256,294,73,31,40,26
Oklahoma,Tillman County,6736,3345,3391,2730,2752,232,235,197,207,18,26,5,4,163,167,2879,2898,294,298,290,304,39,51,9,10,2435,2432,1953,1981,192,173,142,129,17,25,1,0,130,124,2071,2091,244,224,212,194,36,45,4,5,910,959,777,771,40,62,55,78,1,1,4,4,33,43,808,807,50,74,78,110,3,6,5,5
Oklahoma,Tulsa County,693514,340936,352578,241533,247331,35641,38995,24604,25395,15016,15463,999,978,23143,24416,262415,269269,43751,47354,40061,42134,18391,18906,1459,1440,280692,296593,191469,201520,33636,37001,19805,20887,14682,15000,870,798,20230,21387,209735,220751,40753,44344,33114,35338,17672,18061,1233,1167,60244,55985,50064,45811,2005,1994,4799,4508,334,463,129,180,2913,3029,52680,48518,2998,3010,6947,6796,719,845,226,273
Oklahoma,Wagoner County,91257,45661,45596,34300,34397,2065,1833,4625,4618,974,1060,51,40,3646,3648,37747,37821,2823,2574,7545,7565,1283,1376,110,89,40981,41374,30447,30857,1887,1732,4297,4336,933,1024,35,30,3382,3395,33650,34042,2593,2431,6998,7073,1219,1320,89,71,4680,4222,3853,3540,178,101,328,282,41,36,16,10,264,253,4097,3779,230,143,547,492,64,56,21,18
Oklahoma,Washington County,54060,26463,27597,20125,21137,776,638,2994,3186,439,518,20,24,2109,2094,22121,23092,1330,1173,4568,4769,619,704,63,61,24436,25635,18539,19562,702,602,2786,2991,420,506,17,18,1972,1956,20407,21388,1224,1109,4253,4463,588,679,56,52,2027,1962,1586,1575,74,36,208,195,19,12,3,6,137,138,1714,1704,106,64,315,306,31,25,7,9
Oklahoma,Washita County,10839,5445,5394,4826,4812,112,62,252,255,21,48,2,10,232,207,5049,5003,203,136,387,388,41,65,4,14,4877,4855,4406,4432,83,42,162,168,13,44,1,4,212,165,4611,4584,167,103,283,268,32,59,2,8,568,539,420,380,29,20,90,87,8,4,1,6,20,42,438,419,36,33,104,120,9,6,2,6
Oklahoma,Woods County,8582,4643,3939,3967,3562,247,39,170,138,66,49,4,1,189,150,4144,3696,330,105,271,221,88,66,8,4,4270,3641,3671,3330,235,34,137,106,64,49,4,1,159,121,3821,3437,307,96,219,167,83,61,6,3,373,298,296,232,12,5,33,32,2,0,0,0,30,29,323,259,23,9,52,54,5,5,2,1
Oklahoma,Woodward County,19991,10607,9384,9348,8602,381,76,474,294,66,91,15,6,323,315,9650,8886,478,174,699,514,97,119,20,14,8845,8020,7867,7441,356,57,327,206,62,84,6,2,227,230,8077,7643,428,141,478,362,86,104,10,7,1762,1364,1481,1161,25,19,147,88,4,7,9,4,96,85,1573,1243,50,33,221,152,11,15,10,7
Oregon,Baker County,16750,8628,8122,8010,7588,94,54,164,158,53,59,30,22,277,241,8267,7815,204,144,276,256,119,112,49,43,8128,7634,7611,7214,86,35,124,103,53,59,25,21,229,202,7823,7403,174,109,214,183,114,106,39,40,500,488,399,374,8,19,40,55,0,0,5,1,48,39,444,412,30,35,62,73,5,6,10,3
Oregon,Benton County,98899,49717,49182,42146,42341,954,578,605,579,3730,3462,147,146,2135,2076,44162,44283,1463,1054,1231,1196,4814,4519,333,350,44905,44299,38189,38169,836,505,273,294,3663,3399,131,128,1813,1804,39907,39858,1263,917,738,772,4642,4363,290,312,4812,4883,3957,4172,118,73,332,285,67,63,16,18,322,272,4255,4425,200,137,493,424,172,156,43,38
Oregon,Clackamas County,425857,211176,214681,182402,184977,3962,3248,2537,2745,12450,14008,748,698,9077,9005,191128,193627,6323,5469,5294,5595,16818,18336,1648,1662,187841,192501,162692,166479,3349,2724,1293,1387,12107,13628,629,586,7771,7697,170186,173884,5341,4594,3373,3558,16034,17525,1409,1408,23335,22180,19710,18498,613,524,1244,1358,343,380,119,112,1306,1308,20942,19743,982,875,1921,2037,784,811,239,254
Oregon,Clatsop County,41043,20325,20718,18591,19007,233,176,340,376,369,383,70,90,722,686,19253,19634,418,353,670,701,599,603,137,153,18108,18498,16723,17142,180,131,194,214,341,349,62,80,608,582,17279,17666,337,286,456,479,546,546,123,134,2217,2220,1868,1865,53,45,146,162,28,34,8,10,114,104,1974,1968,81,67,214,222,53,57,14,19
Oregon,Columbia County,54063,27137,26926,24872,24519,285,230,468,441,266,523,87,88,1159,1125,25963,25558,542,480,1019,970,659,912,173,179,24996,25042,23130,22927,227,197,342,342,236,493,78,79,983,1004,24057,23853,440,418,778,798,598,861,153,160,2141,1884,1742,1592,58,33,126,99,30,30,9,9,176,121,1906,1705,102,62,241,172,61,51,20,19
Oregon,Coos County,64326,32091,32235,28765,28873,304,177,978,958,380,641,83,95,1581,1491,30261,30268,576,427,1990,1928,719,966,186,194,29419,29821,26693,26977,227,125,725,753,326,597,70,79,1378,1290,27998,28181,453,335,1591,1582,646,895,165,165,2672,2414,2072,1896,77,52,253,205,54,44,13,16,203,201,2263,2087,123,92,399,346,73,71,21,29
Oregon,Crook County,27336,13659,13677,12836,12801,77,52,232,269,81,126,26,17,407,412,13224,13179,188,171,455,494,157,203,56,47,12482,12557,11805,11867,65,39,168,181,74,106,24,16,346,348,12135,12186,157,139,352,370,145,174,49,40,1177,1120,1031,934,12,13,64,88,7,20,2,1,61,64,1089,993,31,32,103,124,12,29,7,7
Oregon,Curry County,22774,11124,11650,10048,10583,110,79,329,314,107,157,23,22,507,495,10529,11053,222,175,649,646,184,229,58,47,10114,10804,9264,9920,84,58,222,237,98,148,20,22,426,419,9667,10316,168,132,497,524,166,210,52,45,1010,846,784,663,26,21,107,77,9,9,3,0,81,76,862,737,54,43,152,122,18,19,6,2
Oregon,Deschutes County,211535,104952,106583,97796,98970,815,594,1317,1189,1400,2053,221,188,3403,3589,101016,102355,1564,1353,2762,2749,2727,3415,569,578,94684,95930,88963,89664,646,491,753,737,1282,1843,170,149,2870,3046,91694,92550,1286,1145,1866,1961,2480,3074,478,487,10268,10653,8833,9306,169,103,564,452,118,210,51,39,533,543,9322,9805,278,208,896,788,247,341,91,91
Oregon,Douglas County,112255,55604,56651,51053,51665,369,322,1263,1277,554,909,120,101,2245,2377,53167,53911,784,760,2581,2695,1159,1527,321,296,51596,52605,47729,48326,299,255,1016,1013,507,851,98,76,1947,2084,49567,50288,670,649,2108,2217,1067,1418,282,248,4008,4046,3324,3339,70,67,247,264,47,58,22,25,298,293,3600,3623,114,111,473,478,92,109,39,48
Oregon,Gilliam County,1971,974,997,894,921,6,7,25,17,9,11,4,6,36,35,928,955,21,23,37,27,14,20,10,7,917,928,848,861,6,7,19,14,9,9,4,6,31,31,878,891,19,22,29,22,14,17,8,7,57,69,46,60,0,0,6,3,0,2,0,0,5,4,50,64,2,1,8,5,0,3,2,0
Oregon,Grant County,7093,3574,3519,3307,3275,15,15,83,60,36,45,2,5,131,119,3429,3386,58,52,147,126,60,65,12,11,3410,3375,3190,3172,15,9,62,46,36,40,2,4,105,104,3287,3269,50,40,110,101,57,60,12,10,164,144,117,103,0,6,21,14,0,5,0,1,26,15,142,117,8,12,37,25,3,5,0,1
Oregon,Harney County,7402,3705,3697,3320,3323,42,35,181,173,14,24,3,1,145,141,3453,3452,84,85,257,240,42,50,17,13,3473,3487,3145,3157,39,31,142,141,11,23,2,1,134,134,3268,3279,79,77,211,204,38,49,14,13,232,210,175,166,3,4,39,32,3,1,1,0,11,7,185,173,5,8,46,36,4,1,3,0
Oregon,Hood River County,23764,11983,11781,11027,10850,135,80,266,199,191,212,26,31,338,409,11344,11230,225,182,383,365,314,355,59,65,8012,8294,7368,7599,78,46,107,87,163,199,18,29,278,334,7626,7908,149,128,194,213,275,325,49,59,3971,3487,3659,3251,57,34,159,112,28,13,8,2,60,75,3718,3322,76,54,189,152,39,30,10,6
Oregon,Jackson County,221331,108302,113029,98145,102516,1399,1006,2104,2128,1777,2395,425,439,4452,4545,102367,106839,2460,2033,4295,4451,3090,3679,853,878,90478,96413,82891,88427,1147,758,1002,1000,1553,2158,310,351,3575,3719,86303,91979,2013,1616,2621,2773,2707,3290,670,729,17824,16616,15254,14089,252,248,1102,1128,224,237,115,88,877,826,16064,14860,447,417,1674,1678,383,389,183,149
Oregon,Jefferson County,25536,13310,12226,10149,9226,196,153,2318,2165,107,134,36,19,504,529,10614,9717,297,258,2631,2511,206,226,81,59,10320,9528,8032,7301,126,84,1686,1632,73,111,24,14,379,386,8377,7653,209,166,1913,1870,154,189,59,51,2990,2698,2117,1925,70,69,632,533,34,23,12,5,125,143,2237,2064,88,92,718,641,52,37,22,8
Oregon,Josephine County,88276,42974,45302,39235,41550,426,322,842,784,432,713,121,112,1918,1821,41031,43265,778,645,1940,1862,952,1178,278,264,38723,41124,35784,38074,319,238,574,552,382,659,87,85,1577,1516,37262,39505,619,519,1431,1405,842,1077,216,211,4251,4178,3451,3476,107,84,268,232,50,54,34,27,341,305,3769,3760,159,126,509,457,110,101,62,53
Oregon,Klamath County,70438,35232,35206,30735,30736,380,317,1857,1793,423,526,100,80,1737,1754,32368,32403,762,692,2881,2839,788,886,229,194,29714,30190,26391,26704,270,235,1223,1267,382,486,71,55,1377,1443,27679,28072,591,566,1986,2085,701,804,175,152,5518,5016,4344,4032,110,82,634,526,41,40,29,25,360,311,4689,4331,171,126,895,754,87,82,54,42
Oregon,Lake County,8194,4374,3820,3941,3485,57,20,128,89,41,58,7,7,200,161,4125,3637,110,69,254,182,72,77,15,18,3886,3338,3542,3078,51,14,94,64,28,51,4,6,167,125,3695,3195,98,51,197,137,53,66,12,16,488,482,399,407,6,6,34,25,13,7,3,1,33,36,430,442,12,18,57,45,19,11,3,2
Oregon,Lane County,382396,188359,194037,165398,170808,3149,2357,3341,3178,5965,7393,593,535,9913,9766,174910,180167,5734,4767,7554,7461,9651,10925,1396,1391,166722,173207,147658,153409,2662,1980,1976,2007,5684,7112,492,433,8250,8266,155599,161368,4835,4022,5165,5354,8960,10302,1181,1183,21637,20830,17740,17399,487,377,1365,1171,281,281,101,102,1663,1500,19311,18799,899,745,2389,2107,691,623,215,208
Oregon,Lincoln County,51212,24691,26521,21848,23445,302,261,1142,1099,320,494,57,58,1022,1164,22788,24542,471,449,1816,1815,532,756,124,145,21775,23807,19710,21351,211,213,696,757,273,446,51,47,834,993,20474,22289,355,376,1229,1346,458,685,107,125,2916,2714,2138,2094,91,48,446,342,47,48,6,11,188,171,2314,2253,116,73,587,469,74,71,17,20
Oregon,Linn County,132474,65878,66596,60088,60660,801,585,1266,1332,915,1136,185,157,2623,2726,62546,63228,1374,1151,2606,2762,1700,1930,404,384,58021,59379,53507,54683,597,398,779,845,813,1023,140,124,2185,2306,55562,56872,1094,884,1810,1978,1516,1742,328,325,7857,7217,6581,5977,204,187,487,487,102,113,45,33,438,420,6984,6356,280,267,796,784,184,188,76,59
Oregon,Malheur County,32315,17456,14859,15873,13541,418,149,429,410,231,225,40,42,465,492,16314,13996,515,245,696,675,337,356,68,85,11497,9446,10445,8730,344,74,176,106,206,191,12,12,314,333,10740,9047,416,139,334,262,289,294,33,41,5959,5413,5428,4811,74,75,253,304,25,34,28,30,151,159,5574,4949,99,106,362,413,48,62,35,44
Oregon,Marion County,352867,177176,175691,153422,152014,3917,2758,5811,5760,4789,5571,2297,2470,6940,7118,160015,158789,5981,4760,8830,8973,7165,7980,3049,3244,121329,124287,105400,108407,2875,1792,1665,1734,4200,4906,2081,2259,5108,5189,110272,113365,4423,3247,3585,3773,6105,6827,2666,2864,55847,51404,48022,43607,1042,966,4146,4026,589,665,216,211,1832,1929,49743,45424,1558,1513,5245,5200,1060,1153,383,380
Oregon,Morrow County,12360,6302,6058,5716,5521,111,60,212,208,59,103,18,25,186,141,5889,5651,160,100,320,289,87,127,36,33,3578,3436,3271,3164,61,19,73,55,35,80,12,19,126,99,3390,3255,95,45,140,114,57,97,24,25,2724,2622,2445,2357,50,41,139,153,24,23,6,6,60,42,2499,2396,65,55,180,175,30,30,12,8
Oregon,Multnomah County,795897,394875,401022,306551,308584,26105,24999,7066,6453,31571,36498,2782,2943,20800,21545,325656,328422,34003,32790,13310,13065,40573,45945,4771,5156,335539,346123,257971,263839,24054,23077,2771,2882,30889,35595,2572,2789,17282,17941,273869,280379,30518,29448,7323,7758,38768,43869,4237,4652,59336,54899,48580,44745,2051,1922,4295,3571,682,903,210,154,3518,3604,51787,48043,3485,3342,5987,5307,1805,2076,534,504
Oregon,Polk County,90549,44332,46217,39163,40814,683,517,1203,1359,1059,1192,265,248,1959,2087,40972,42762,1180,1020,2034,2238,1790,2011,506,492,36524,39068,32576,34880,523,376,681,747,950,1114,229,211,1565,1740,34037,36516,936,788,1260,1407,1564,1837,421,427,7808,7149,6587,5934,160,141,522,612,109,78,36,37,394,347,6935,6246,244,232,774,831,226,174,85,65
Oregon,Sherman County,2002,1018,984,946,909,3,6,32,31,11,12,1,0,25,26,970,934,20,16,36,46,13,13,5,1,952,910,890,852,3,4,24,16,9,12,1,0,25,26,914,877,20,14,28,31,11,13,5,1,66,74,56,57,0,2,8,15,2,0,0,0,0,0,56,57,0,2,8,15,2,0,0,0
Oregon,Tillamook County,27264,13741,13523,12665,12562,135,74,257,231,149,158,53,59,482,439,13108,12961,251,167,494,452,288,287,101,113,12076,11876,11230,11123,107,47,169,136,127,149,39,47,404,374,11599,11462,196,121,361,318,253,267,81,95,1665,1647,1435,1439,28,27,88,95,22,9,14,12,78,65,1509,1499,55,46,133,134,35,20,20,18
Oregon,Umatilla County,80491,42359,38132,37879,34195,751,327,1783,1726,520,691,105,94,1321,1099,39111,35212,1087,589,2507,2359,854,970,208,166,28903,26530,25757,23928,590,200,1149,1144,333,374,68,63,1006,821,26696,24685,859,400,1635,1583,623,604,154,120,13456,11602,12122,10267,161,127,634,582,187,317,37,31,315,278,12415,10527,228,189,872,776,231,366,54,46
Oregon,Union County,26058,13077,12981,11972,11889,148,92,179,198,139,165,204,241,435,396,12377,12238,287,198,351,395,275,292,242,276,12316,12214,11352,11292,132,63,134,147,125,145,198,233,375,334,11699,11585,254,153,271,304,251,259,231,262,761,767,620,597,16,29,45,51,14,20,6,8,60,62,678,653,33,45,80,91,24,33,11,14
Oregon,Wallowa County,7522,3664,3858,3454,3660,25,27,45,42,17,29,4,6,119,94,3563,3748,72,58,92,85,45,49,16,15,3482,3686,3318,3522,16,20,31,23,14,29,3,6,100,86,3409,3602,56,48,71,62,38,48,13,15,182,172,136,138,9,7,14,19,3,0,1,0,19,8,154,146,16,10,21,23,7,1,3,0
Oregon,Wasco County,26507,13172,13335,11780,12098,151,113,534,462,158,164,114,94,435,404,12185,12473,276,234,750,651,276,275,136,123,10203,10399,9158,9495,110,51,346,278,147,148,105,86,337,341,9470,9813,207,148,506,430,244,250,124,112,2969,2936,2622,2603,41,62,188,184,11,16,9,8,98,63,2715,2660,69,86,244,221,32,25,12,11
Oregon,Washington County,611272,305279,305993,231844,233009,10695,8692,4239,4188,41117,43136,1922,1788,15462,15180,246434,247348,14951,12638,7849,7889,49696,51598,3904,3854,244887,248399,179976,183700,9178,7227,1307,1349,40050,42065,1633,1539,12743,12519,192000,195534,12579,10377,3810,3922,47460,49391,3259,3235,60392,57594,51868,49309,1517,1465,2932,2839,1067,1071,289,249,2719,2661,54434,51814,2372,2261,4039,3967,2236,2207,645,619
Oregon,Wheeler County,1456,715,741,650,675,4,3,29,18,7,10,0,2,25,33,673,706,16,13,39,38,11,15,2,3,660,694,612,633,1,2,19,15,6,10,0,2,22,32,632,663,13,12,27,34,9,15,2,3,55,47,38,42,3,1,10,3,1,0,0,0,3,1,41,43,3,1,12,4,2,0,0,0
Oregon,Yamhill County,110886,55874,55012,50085,49951,1003,490,1373,1043,1172,1387,186,118,2055,2023,51981,51832,1507,938,2232,1928,1959,2173,400,327,44681,45452,40236,41509,800,291,734,585,1077,1273,149,88,1685,1706,41789,43099,1211,665,1374,1279,1775,1982,328,268,11193,9560,9849,8442,203,199,639,458,95,114,37,30,370,317,10192,8733,296,273,858,649,184,191,72,59
Pennsylvania,Adams County,107914,53576,54338,50257,51261,1382,1129,326,295,584,632,51,41,976,980,51175,52170,1913,1693,551,508,843,886,87,74,48824,50186,46267,47711,1087,887,114,107,556,594,23,27,777,860,47010,48512,1501,1372,268,289,790,832,41,53,4752,4152,3990,3550,295,242,212,188,28,38,28,14,199,120,4165,3658,412,321,283,219,53,54,46,21
Pennsylvania,Allegheny County,1231814,601607,630207,474160,492529,77411,88552,1296,1329,31360,29954,333,341,17047,17502,489935,508586,88862,100535,4168,4489,36178,34721,714,722,581122,610323,458359,477729,75343,86139,675,762,31047,29636,184,181,15514,15876,472761,492326,85625,96842,3119,3490,35628,34200,511,491,20485,19884,15801,14800,2068,2413,621,567,313,318,149,160,1533,1626,17174,16260,3237,3693,1049,999,550,521,203,231
Pennsylvania,Armstrong County,63679,31911,31768,30951,30865,439,346,61,58,83,149,3,6,374,344,31308,31183,662,554,150,157,152,204,15,19,31565,31425,30688,30605,415,326,40,34,79,137,2,6,341,317,31013,30898,618,516,117,124,147,191,13,18,346,343,263,260,24,20,21,24,4,12,1,0,33,27,295,285,44,38,33,33,5,13,2,1
Pennsylvania,Beaver County,165540,81261,84279,72800,75379,5489,5631,190,171,524,672,49,49,2209,2377,74908,77645,7138,7438,503,479,866,1046,107,110,79051,82179,71068,73767,5287,5432,117,105,492,646,39,34,2048,2195,73028,75860,6817,7101,396,386,815,999,93,90,2210,2100,1732,1612,202,199,73,66,32,26,10,15,161,182,1880,1785,321,337,107,93,51,47,14,20
Pennsylvania,Bedford County,47643,23845,23798,23132,23159,229,152,51,48,110,159,18,8,305,272,23422,23410,393,305,134,127,174,220,32,15,23373,23433,22795,22864,179,133,37,33,99,151,4,3,259,249,23040,23093,310,272,110,105,158,210,18,9,472,365,337,295,50,19,14,15,11,8,14,5,46,23,382,317,83,33,24,22,16,10,14,6
Pennsylvania,Berks County,439117,217612,221505,183051,188023,19814,18734,2934,3006,3569,4096,550,528,7694,7118,190223,194656,25567,24134,5141,5039,4736,5135,850,860,159143,163385,142061,146705,10354,9600,259,227,3073,3620,66,71,3330,3162,145184,149635,12698,11877,995,960,3716,4229,194,206,58469,58120,40990,41318,9460,9134,2675,2779,496,476,484,457,4364,3956,45039,45021,12869,12257,4146,4079,1020,906,656,654
Pennsylvania,Blair County,120269,59546,60723,55992,57748,1714,1318,131,95,484,487,29,18,1196,1057,57135,58737,2493,2013,326,284,740,714,63,53,58285,59786,55058,57053,1588,1223,91,69,460,468,24,13,1064,960,56079,57952,2269,1847,257,238,701,686,53,44,1261,937,934,695,126,95,40,26,24,19,5,5,132,97,1056,785,224,166,69,46,39,28,10,9
Pennsylvania,Bradford County,59699,29888,29811,28787,28668,382,344,101,108,181,260,11,5,426,426,29196,29063,553,526,265,281,279,351,25,22,29259,29262,28307,28250,314,305,64,80,173,248,8,4,393,375,28685,28600,466,459,217,232,266,334,20,18,629,549,480,418,68,39,37,28,8,12,3,1,33,51,511,463,87,67,48,49,13,17,5,4
Pennsylvania,Bucks County,650131,321738,328393,277645,282976,15856,16166,1130,1087,19795,21038,247,288,7065,6838,284274,289371,19478,19780,2592,2544,22499,23585,458,505,298047,306200,258168,265015,13951,14053,374,372,19365,20759,98,151,6091,5850,263911,270502,16958,17035,1531,1532,21862,23108,269,305,23691,22193,19477,17961,1905,2113,756,715,430,279,149,137,974,988,20363,18869,2520,2745,1061,1012,637,477,189,200
Pennsylvania,Butler County,199341,99236,100105,93927,95344,1686,1305,192,214,1879,1852,36,47,1516,1343,95357,96607,2431,1985,515,503,2381,2298,89,95,97001,98050,92152,93692,1504,1198,107,91,1864,1837,26,38,1348,1194,93425,94824,2149,1785,375,338,2346,2259,74,72,2235,2055,1775,1652,182,107,85,123,15,15,10,9,168,149,1932,1783,282,200,140,165,35,39,15,23
Pennsylvania,Cambria County,130108,65116,64992,59819,60323,3382,2753,160,126,363,422,33,60,1359,1308,61102,61559,4392,3748,354,298,584,624,80,111,63368,63533,58581,59237,3098,2591,103,76,340,407,25,50,1221,1172,59735,60342,4004,3479,268,227,546,600,66,95,1748,1459,1238,1086,284,162,57,50,23,15,8,10,138,136,1367,1217,388,269,86,71,38,24,14,16
Pennsylvania,Cameron County,4348,2209,2139,2138,2044,22,18,6,13,10,16,1,2,32,46,2167,2090,39,45,17,18,17,30,1,2,2160,2094,2097,2013,18,15,4,10,10,16,0,0,31,40,2125,2053,35,37,14,15,17,29,0,0,49,45,41,31,4,3,2,3,0,0,1,2,1,6,42,37,4,8,3,3,0,1,1,2
Pennsylvania,Carbon County,65743,32979,32764,30910,30809,1102,973,167,180,176,248,47,33,577,521,31441,31286,1397,1250,342,343,303,359,78,53,30186,30269,28679,28909,791,666,91,61,150,231,26,13,449,389,29097,29264,1009,867,215,179,266,324,52,27,2793,2495,2231,1900,311,307,76,119,26,17,21,20,128,132,2344,2022,388,383,127,164,37,35,26,26
Pennsylvania,Centre County,159805,84310,75495,71756,65958,4371,2326,197,174,6343,5426,77,75,1566,1536,73179,67361,5008,2971,513,470,7090,6158,158,144,80778,72810,68961,63849,4111,2125,73,93,6278,5381,63,62,1292,1300,70148,65046,4607,2631,292,319,6950,6049,128,115,3532,2685,2795,2109,260,201,124,81,65,45,14,13,274,236,3031,2315,401,340,221,151,140,109,30,29
Pennsylvania,Chester County,560745,278150,282595,230395,233944,18003,18582,1142,999,22049,22367,250,184,6311,6519,236246,239957,21771,22572,2368,2309,24128,24460,438,383,252040,259355,208609,214674,15952,16586,314,306,21782,22118,112,79,5271,5592,213508,219847,18998,19905,1246,1358,23666,24051,261,228,26110,23240,21786,19270,2051,1996,828,693,267,249,138,105,1040,927,22738,20110,2773,2667,1122,951,462,409,177,155
Pennsylvania,Clarion County,36855,18197,18658,17469,17903,312,247,53,44,132,200,11,3,220,261,17667,18133,436,400,112,110,186,259,21,19,17924,18453,17258,17747,287,233,27,32,131,199,8,1,213,241,17450,17960,406,373,83,93,185,256,18,13,273,205,211,156,25,14,26,12,1,1,3,2,7,20,217,173,30,27,29,17,1,3,3,6
Pennsylvania,Clearfield County,78132,41358,36774,38434,35857,2009,174,127,86,306,251,8,18,474,388,38856,36200,2243,349,271,207,444,370,30,39,39213,36285,36860,35458,1640,156,45,56,272,239,7,12,389,364,37206,35781,1830,314,151,171,396,354,27,31,2145,489,1574,399,369,18,82,30,34,12,1,6,85,24,1650,419,413,35,120,36,48,16,3,8
Pennsylvania,Clinton County,37865,18749,19116,17971,18330,367,275,48,39,118,202,12,7,233,263,18187,18572,508,429,101,104,166,259,26,18,18367,18747,17676,18023,333,245,37,30,115,198,7,7,199,244,17859,18246,449,388,81,87,160,255,20,17,382,369,295,307,34,30,11,9,3,4,5,0,34,19,328,326,59,41,20,17,6,4,6,1
Pennsylvania,Columbia County,66012,32009,34003,30082,32117,876,879,163,87,387,415,20,32,481,473,30517,32546,1119,1132,327,241,488,512,50,54,30328,32441,28877,30955,661,632,42,40,363,400,5,11,380,403,29220,31323,846,842,167,168,451,486,31,32,1681,1562,1205,1162,215,247,121,47,24,15,15,21,101,70,1297,1223,273,290,160,73,37,26,19,22
Pennsylvania,Crawford County,82089,40551,41538,38715,39540,747,876,109,117,222,298,17,21,741,686,39410,40188,1204,1310,279,266,366,425,42,43,39853,40785,38232,38959,638,835,82,91,221,292,8,12,672,596,38864,39523,1044,1206,235,219,359,408,32,32,698,753,483,581,109,41,27,26,1,6,9,9,69,90,546,665,160,104,44,47,7,17,10,11
Pennsylvania,Cumberland County,275516,137200,138316,113085,116876,9217,7012,443,436,10564,10254,106,86,3785,3652,116643,120306,11323,9104,1094,1046,11882,11482,232,213,129266,130751,107082,111221,8196,5978,196,174,10401,10146,58,54,3333,3178,110241,114217,10007,7740,729,677,11629,11288,165,153,7934,7565,6003,5655,1021,1034,247,262,163,108,48,32,452,474,6402,6089,1316,1364,365,369,253,194,67,60
Pennsylvania,Dauphin County,293029,143025,150004,98123,102217,27238,29265,1173,995,10916,11490,180,193,5395,5844,103080,107560,31468,33869,2062,2040,11847,12470,338,349,124591,131153,85912,89747,23550,25282,223,245,10660,11258,54,54,4192,4567,89782,93926,26770,28805,846,1018,11475,12112,170,163,18434,18851,12211,12470,3688,3983,950,750,256,232,126,139,1203,1277,13298,13634,4698,5064,1216,1022,372,358,168,186
Pennsylvania,Delaware County,584882,283567,301315,187978,195546,66417,75026,966,966,20739,21202,214,210,7253,8365,194418,202883,71012,80467,2423,2798,23218,23973,479,488,267438,285201,177014,184830,63325,71812,387,432,20466,20925,77,94,6169,7108,182522,191089,67132,76280,1504,1873,22727,23462,274,314,16129,16114,10964,10716,3092,3214,579,534,273,277,137,116,1084,1257,11896,11794,3880,4187,919,925,491,511,205,174
Pennsylvania,Elk County,30124,15413,14711,15023,14372,120,99,40,28,49,70,4,2,177,140,15186,14502,207,171,83,69,100,100,14,11,15225,14562,14864,14239,114,93,34,26,46,68,4,2,163,134,15015,14364,193,160,73,65,94,98,13,11,188,149,159,133,6,6,6,2,3,2,0,0,14,6,171,138,14,11,10,4,6,2,1,0
Pennsylvania,Erie County,267750,133120,134630,113812,116426,11338,10316,440,348,3545,3440,84,116,3901,3984,117534,120212,14132,13207,1033,996,4304,4149,209,241,126151,128001,108555,111543,10495,9469,225,181,3477,3355,49,53,3350,3400,111762,114778,12855,11896,719,718,4175,4015,154,158,6969,6629,5257,4883,843,847,215,167,68,85,35,63,551,584,5772,5434,1277,1311,314,278,129,134,55,83
Pennsylvania,Fayette County,123941,62071,61870,56245,57429,3791,2487,166,129,260,323,98,92,1511,1410,57682,58771,4879,3518,442,392,473,486,142,136,60913,60957,55386,56786,3673,2385,116,93,244,301,95,86,1399,1306,56723,58028,4682,3342,366,333,433,453,137,128,1158,913,859,643,118,102,50,36,16,22,3,6,112,104,959,743,197,176,76,59,40,33,5,8
Pennsylvania,Forest County,6601,4720,1881,3002,1814,1644,12,21,11,9,16,0,1,44,27,3034,1840,1663,28,42,19,21,19,5,2,4390,1857,2725,1793,1620,10,8,10,9,16,0,1,28,27,2748,1819,1634,26,20,18,14,19,2,2,330,24,277,21,24,2,13,1,0,0,0,0,16,0,286,21,29,2,22,1,7,0,3,0
Pennsylvania,Franklin County,159285,78566,80719,71156,73539,4135,3547,345,251,1004,1320,58,70,1868,1992,72898,75403,5392,4888,687,640,1383,1692,141,149,71809,74354,65913,68646,3260,2736,157,113,916,1235,25,17,1538,1607,67359,70161,4275,3801,428,403,1254,1564,87,79,6757,6365,5243,4893,875,811,188,138,88,85,33,53,330,385,5539,5242,1117,1087,259,237,129,128,54,70
Pennsylvania,Fulton County,14452,7432,7020,7151,6760,108,112,35,27,15,19,2,4,121,98,7271,6853,169,165,77,64,29,30,9,7,7321,6920,7061,6685,103,103,32,20,14,19,0,1,111,92,7171,6772,159,154,72,55,26,29,6,3,111,100,90,75,5,9,3,7,1,0,2,3,10,6,100,81,10,11,5,9,3,1,3,4
Pennsylvania,Greene County,33960,17780,16180,16227,15704,1147,141,51,41,80,59,7,4,268,231,16473,15917,1252,247,171,132,144,102,20,18,17373,15990,15920,15565,1108,121,37,31,74,57,7,3,227,213,16131,15763,1195,216,138,115,122,97,18,16,407,190,307,139,39,20,14,10,6,2,0,1,41,18,342,154,57,31,33,17,22,5,2,2
Pennsylvania,Huntingdon County,43359,23202,20157,20347,19338,2239,294,56,28,161,179,8,4,391,314,20711,19628,2450,468,155,112,269,247,26,21,22536,19859,19869,19120,2169,268,30,21,152,177,3,2,313,271,20168,19370,2335,412,103,95,231,237,18,19,666,298,478,218,70,26,26,7,9,2,5,2,78,43,543,258,115,56,52,17,38,10,8,2
Pennsylvania,Indiana County,82953,41414,41539,38855,39404,1462,889,104,94,343,529,14,6,636,617,39442,39975,1787,1233,284,269,507,665,45,30,40508,40770,38192,38831,1339,798,64,54,334,519,4,6,575,562,38722,39352,1627,1102,224,212,489,650,33,29,906,769,663,573,123,91,40,40,9,10,10,0,61,55,720,623,160,131,60,57,18,15,12,1
Pennsylvania,Jefferson County,43367,21839,21528,21292,21009,136,85,66,50,69,125,4,6,272,253,21546,21247,254,196,171,152,123,168,21,18,21605,21299,21111,20825,118,75,44,28,67,124,3,6,262,241,21356,21051,231,179,146,126,118,167,20,17,234,229,181,184,18,10,22,22,2,1,1,0,10,12,190,196,23,17,25,26,5,1,1,1
Pennsylvania,Juniata County,23395,11847,11548,11391,11102,153,123,40,61,44,79,3,3,216,180,11591,11266,259,224,113,128,87,100,17,11,11264,11043,10989,10760,109,82,18,20,40,77,0,0,108,104,11089,10856,165,139,49,57,64,90,7,5,583,505,402,342,44,41,22,41,4,2,3,3,108,76,502,410,94,85,64,71,23,10,10,6
Pennsylvania,Lackawanna County,216859,106615,110244,92926,97150,6552,5836,528,543,4020,3985,109,98,2480,2632,95235,99612,8140,7555,938,980,4627,4580,196,192,94107,98416,83348,88332,4811,4075,117,140,3869,3826,38,37,1924,2006,85149,90231,6001,5321,414,446,4392,4342,105,109,12508,11828,9578,8818,1741,1761,411,403,151,159,71,61,556,626,10086,9381,2139,2234,524,534,235,238,91,83
Pennsylvania,Lancaster County,563293,276726,286567,243264,253176,17085,16142,1414,1523,8024,8902,351,355,6588,6469,249446,259222,21703,20772,2699,2791,9337,10135,541,545,242900,252420,218186,227957,11720,10554,324,388,7695,8560,82,85,4893,4876,222800,232546,15054,13941,1175,1248,8806,9625,204,217,33826,34147,25078,25219,5365,5588,1090,1135,329,342,269,270,1695,1593,26646,26676,6649,6831,1524,1543,531,510,337,328
Pennsylvania,Lawrence County,84233,41182,43051,37877,39566,1892,1942,98,99,188,238,17,15,1110,1191,38934,40715,2700,2819,262,274,354,405,48,43,40074,42042,37040,38841,1762,1788,57,65,174,231,14,14,1027,1103,38019,39906,2509,2604,207,217,328,391,43,41,1108,1009,837,725,130,154,41,34,14,7,3,1,83,88,915,809,191,215,55,57,26,14,5,2
Pennsylvania,Lebanon County,145319,71676,73643,64785,66960,3398,2902,392,405,1567,1898,58,89,1476,1389,66134,68231,4341,3801,723,724,1851,2152,126,155,59779,61881,55420,57665,1753,1351,99,87,1487,1801,25,45,995,932,56345,58536,2363,1922,310,281,1703,2004,62,85,11897,11762,9365,9295,1645,1551,293,318,80,97,33,44,481,457,9789,9695,1978,1879,413,443,148,148,64,70
Pennsylvania,Lehigh County,385655,189524,196131,149350,155254,22201,22731,2796,2761,8503,8576,444,433,6230,6376,155043,161096,26690,27473,4406,4359,9748,9753,702,681,132089,137962,108379,113864,12108,12148,247,247,8030,8148,54,63,3271,3492,111389,117086,14326,14567,907,979,8842,8972,168,190,57435,58169,40971,41390,10093,10583,2549,2514,473,428,390,370,2959,2884,43654,44010,12364,12906,3499,3380,906,781,534,491
Pennsylvania,Luzerne County,331379,165630,165749,140894,143431,15945,13762,1849,1678,2345,2547,290,253,4307,4078,144907,147233,19018,16737,2871,2634,3101,3207,458,407,131372,132927,117684,121036,8948,7012,226,190,2002,2294,38,39,2474,2356,119992,123255,10634,8637,701,632,2535,2782,132,130,34258,32822,23210,22395,6997,6750,1623,1488,343,253,252,214,1833,1722,24915,23978,8384,8100,2170,2002,566,425,326,277
Pennsylvania,Lycoming County,113236,55878,57358,50812,51930,2903,3081,181,162,427,588,26,32,1529,1565,52265,53427,4042,4261,411,384,653,799,69,84,54324,55914,49685,50866,2714,2879,109,111,407,573,14,25,1395,1460,51013,52263,3751,3976,311,314,616,778,54,71,1554,1444,1127,1064,189,202,72,51,20,15,12,7,134,105,1252,1164,291,285,100,70,37,21,15,13
Pennsylvania,McKean County,39478,20404,19074,18882,18400,916,188,83,72,198,119,21,8,304,287,19167,18658,1050,323,185,175,271,181,40,27,19771,18793,18368,18209,869,144,68,57,197,116,1,4,268,263,18619,18443,987,267,158,152,263,175,16,20,633,281,514,191,47,44,15,15,1,3,20,4,36,24,548,215,63,56,27,23,8,6,24,7
Pennsylvania,Mercer County,108140,53735,54405,48584,49531,3392,2987,157,147,402,407,11,20,1189,1313,49718,50766,4210,3891,371,388,596,626,51,66,52597,53485,47732,48888,3268,2868,87,92,389,402,10,19,1111,1216,48794,50032,4031,3703,284,310,569,614,48,60,1138,920,852,643,124,119,70,55,13,5,1,1,78,97,924,734,179,188,87,78,27,12,3,6
Pennsylvania,Mifflin County,45935,22729,23206,21940,22484,298,210,52,52,120,151,7,12,312,297,22232,22757,466,368,136,131,187,220,29,31,22171,22639,21492,21998,242,175,44,40,115,150,5,8,273,268,21749,22245,388,318,117,109,174,213,23,26,558,567,448,486,56,35,8,12,5,1,2,4,39,29,483,512,78,50,19,22,13,7,6,5
Pennsylvania,Monroe County,166523,83550,82973,63096,62666,14788,14634,606,600,2278,2424,116,147,2666,2502,65385,64765,16521,16290,1415,1416,2911,2990,256,280,67524,67283,51222,50983,12062,12029,201,211,2094,2238,37,59,1908,1763,52867,52475,13242,13136,728,736,2611,2700,128,149,16026,15690,11874,11683,2726,2605,405,389,184,186,79,88,758,739,12518,12290,3279,3154,687,680,300,290,128,131
Pennsylvania,Montgomery County,879190,431243,447947,333123,344634,45642,47580,1594,1477,38713,41616,319,310,11852,12330,344068,355945,52853,55242,3639,3784,42994,45904,662,671,399050,417420,308223,321556,42347,44015,421,533,38176,41105,157,152,9726,10059,317249,330818,47987,49938,1901,2199,41994,44966,412,430,32193,30527,24900,23078,3295,3565,1173,944,537,511,162,158,2126,2271,26819,25127,4866,5304,1738,1585,1000,938,250,241
Pennsylvania,Montour County,18115,9005,9110,8241,8393,279,158,25,23,305,408,4,3,151,125,8379,8510,370,232,66,55,329,431,13,10,8654,8823,7952,8158,242,143,17,14,299,400,4,3,140,105,8080,8257,327,200,54,42,322,422,12,10,351,287,289,235,37,15,8,9,6,8,0,0,11,20,299,253,43,32,12,13,7,9,1,0
Pennsylvania,Northampton County,322989,160009,162980,134674,138196,14230,13638,897,835,5843,5806,198,208,4167,4297,138569,142229,16958,16542,1796,1794,6902,6813,352,364,133013,136330,113819,117667,10356,9933,183,169,5645,5578,52,53,2958,2930,116601,120434,12179,11778,730,724,6512,6410,156,165,26996,26650,20855,20529,3874,3705,714,666,198,228,146,155,1209,1367,21968,21795,4779,4764,1066,1070,390,403,196,199
Pennsylvania,Northumberland County,90027,45752,44275,42250,42175,2292,1041,205,155,213,233,19,18,773,653,42948,42782,2783,1448,407,316,363,359,52,42,42908,41766,40142,40267,1857,696,95,57,195,210,7,6,612,530,40712,40769,2239,1012,246,178,312,323,27,28,2844,2509,2108,1908,435,345,110,98,18,23,12,12,161,123,2236,2013,544,436,161,138,51,36,25,14
Pennsylvania,Perry County,46816,23772,23044,22783,22194,394,259,88,73,130,154,15,13,362,351,23116,22512,595,450,204,179,198,232,32,31,22962,22389,22145,21679,313,199,54,53,125,150,3,6,322,302,22446,21960,490,355,152,141,187,220,17,22,810,655,638,515,81,60,34,20,5,4,12,7,40,49,670,552,105,95,52,38,11,12,15,9
Pennsylvania,Philadelphia County,1573916,743230,830686,341246,357464,302863,363737,8241,9195,65549,71357,1498,1816,23833,27117,360358,378781,320000,383667,15527,18025,72567,79004,2724,3215,616552,699047,258531,272666,274985,334480,1391,1792,63985,69723,183,152,17477,20234,272586,288611,286973,348696,5987,7689,69716,76092,1062,1154,126678,131639,82715,84798,27878,29257,6850,7403,1564,1634,1315,1664,6356,6883,87772,90170,33027,34971,9540,10336,2851,2912,1662,2061
Pennsylvania,Pike County,62376,31745,30631,27947,26924,2379,2124,193,185,436,654,15,19,775,725,28628,27561,2781,2502,485,449,627,829,68,73,27523,26598,24480,23682,1993,1754,89,78,390,543,4,10,567,531,24989,24159,2265,2014,286,257,543,680,41,52,4222,4033,3467,3242,386,370,104,107,46,111,11,9,208,194,3639,3402,516,488,199,192,84,149,27,21
Pennsylvania,Potter County,15993,8014,7979,7758,7751,70,42,41,30,29,62,2,0,114,94,7861,7837,124,86,88,69,50,80,8,5,7864,7840,7643,7637,53,37,37,19,28,62,2,0,101,85,7735,7716,100,76,78,53,47,80,8,4,150,139,115,114,17,5,4,11,1,0,0,0,13,9,126,121,24,10,10,16,3,0,0,1
Pennsylvania,Schuylkill County,144523,74470,70053,67103,65318,4936,2336,444,385,432,566,70,75,1485,1373,68454,66591,5840,3204,833,706,787,882,151,130,66699,63501,61586,60703,3619,1184,100,119,374,509,18,14,1002,972,62526,61617,4201,1769,322,318,637,767,56,48,7771,6552,5517,4615,1317,1152,344,266,58,57,52,61,483,401,5928,4974,1639,1435,511,388,150,115,95,82
Pennsylvania,Snyder County,39627,19831,19796,18992,18947,399,269,55,57,108,187,24,96,253,240,19224,19169,550,389,135,136,154,241,32,109,19246,19282,18567,18588,308,197,26,34,102,175,23,93,220,195,18769,18770,440,291,91,99,142,222,31,102,585,514,425,359,91,72,29,23,6,12,1,3,33,45,455,399,110,98,44,37,12,19,1,7
Pennsylvania,Somerset County,72134,37937,34197,35299,33421,2013,188,81,91,179,184,8,17,357,296,35613,33691,2168,305,217,200,293,270,29,37,37095,33798,34666,33092,1932,172,48,61,162,175,7,14,280,284,34916,33352,2051,284,144,163,248,259,25,34,842,399,633,329,81,16,33,30,17,9,1,3,77,12,697,339,117,21,73,37,45,11,4,3
Pennsylvania,Sullivan County,5927,3089,2838,2919,2722,98,36,21,17,14,20,0,0,37,43,2955,2761,118,56,39,34,16,29,0,2,2967,2783,2817,2676,83,34,21,17,14,19,0,0,32,37,2848,2709,100,52,36,30,16,27,0,2,122,55,102,46,15,2,0,0,0,1,0,0,5,6,107,52,18,4,3,4,0,2,0,0
Pennsylvania,Susquehanna County,38100,19264,18836,18650,18231,200,181,62,40,84,122,8,18,260,244,18884,18453,318,284,161,120,149,197,16,33,18712,18361,18193,17836,162,139,34,25,79,120,5,9,239,232,18408,18049,268,235,124,99,141,193,13,21,552,475,457,395,38,42,28,15,5,2,3,9,21,12,476,404,50,49,37,21,8,4,3,12
Pennsylvania,Tioga County,40698,20499,20199,19869,19578,174,181,61,64,99,132,3,4,293,240,20136,19797,332,305,159,160,153,175,17,14,20101,19860,19538,19293,153,163,45,53,97,130,3,3,265,218,19781,19493,296,275,135,138,148,170,11,12,398,339,331,285,21,18,16,11,2,2,0,1,28,22,355,304,36,30,24,22,5,5,6,2
Pennsylvania,Union County,42159,22392,19767,19317,18555,2083,433,159,55,451,393,23,16,359,315,19601,18824,2266,591,271,136,569,507,62,38,20737,19160,18125,18110,1778,336,81,35,445,387,15,7,293,285,18360,18352,1920,478,164,105,547,494,49,28,1655,607,1192,445,305,97,78,20,6,6,8,9,66,30,1241,472,346,113,107,31,22,13,13,10
Pennsylvania,Venango County,49476,24731,24745,23762,23896,378,243,78,62,115,150,12,13,386,381,24121,24256,609,469,187,156,180,220,29,28,24296,24420,23429,23630,347,230,64,56,110,142,10,9,336,353,23739,23963,542,437,161,143,169,210,26,23,435,325,333,266,31,13,14,6,5,8,2,4,50,28,382,293,67,32,26,13,11,10,3,5
Pennsylvania,Warren County,37373,18876,18497,18311,17949,187,98,58,63,94,115,11,11,215,261,18506,18189,307,225,114,132,149,190,21,26,18582,18233,18076,17750,167,82,45,56,92,111,6,9,196,225,18254,17955,273,189,96,111,145,184,15,21,294,264,235,199,20,16,13,7,2,4,5,2,19,36,252,234,34,36,18,21,4,6,6,5
Pennsylvania,Washington County,210434,104125,106309,96013,98498,3895,3390,220,211,1616,1714,45,39,2336,2457,98241,100826,5500,5089,612,634,2046,2168,112,104,101579,104074,93932,96732,3714,3244,133,135,1584,1668,37,35,2179,2260,96015,98875,5205,4794,488,512,1998,2107,99,96,2546,2235,2081,1766,181,146,87,76,32,46,8,4,157,197,2226,1951,295,295,124,122,48,61,13,8
Pennsylvania,Wayne County,51419,27285,24134,25085,23055,1481,339,133,88,224,244,14,12,348,396,25392,23410,1654,542,253,205,298,345,43,34,25590,22933,23708,22046,1289,255,82,46,215,238,9,7,287,341,23967,22350,1428,428,178,144,279,331,31,27,1695,1201,1377,1009,192,84,51,42,9,6,5,5,61,55,1425,1060,226,114,75,61,19,14,12,7
Pennsylvania,Westmoreland County,350935,173270,177665,161742,166743,5784,5076,336,280,1959,2179,53,43,3396,3344,164990,169918,8133,7416,901,836,2623,2838,150,138,170012,174650,159253,164373,5446,4799,212,167,1923,2153,41,33,3137,3125,162262,167339,7606,6974,714,680,2558,2792,128,121,3258,3015,2489,2370,338,277,124,113,36,26,12,10,259,219,2728,2579,527,442,187,156,65,46,22,17
Pennsylvania,Wyoming County,25771,13021,12750,12544,12309,170,136,60,34,51,81,1,3,195,187,12729,12476,281,243,114,93,85,115,10,14,12629,12395,12236,12006,138,114,30,27,51,78,0,2,174,168,12401,12157,239,211,78,81,81,106,7,12,392,355,308,303,32,22,30,7,0,3,1,1,21,19,328,319,42,32,36,12,4,9,3,2
Pennsylvania,York County,471240,234952,236288,202491,203876,20109,19466,1360,1310,4240,4938,216,255,6536,6443,208646,209927,24661,24013,2598,2576,5551,6204,411,428,209282,211989,184154,186864,15579,14913,386,376,4033,4697,75,106,5055,5033,188938,191599,19025,18378,1245,1303,5164,5813,207,222,25670,24299,18337,17012,4530,4553,974,934,207,241,141,149,1481,1410,19708,18328,5636,5635,1353,1273,387,391,204,206
Rhode Island,Bristol County,50145,24353,25792,22561,24015,449,390,101,97,688,777,31,12,523,501,23027,24471,656,600,228,206,919,991,93,63,23208,24714,21647,23133,365,327,52,47,679,769,11,4,454,434,22050,23527,531,493,162,138,894,968,68,52,1145,1078,914,882,84,63,49,50,9,8,20,8,69,67,977,944,125,107,66,68,25,23,25,11
Rhode Island,Kent County,172450,84330,88120,75060,79210,3416,3002,515,501,2972,3185,118,74,2249,2148,77112,81145,4563,4098,1096,1096,3705,3860,221,171,77572,81552,70011,74280,2501,2189,292,259,2876,3063,42,40,1850,1721,71706,75834,3382,2995,777,733,3541,3677,121,116,6758,6568,5049,4930,915,813,223,242,96,122,76,34,399,427,5406,5311,1181,1103,319,363,164,183,100,55
Rhode Island,Newport County,83468,41144,42324,36612,38108,1999,1668,303,263,891,983,64,41,1275,1261,37741,39223,2691,2363,570,519,1337,1411,138,119,38198,39368,34421,35836,1653,1374,174,161,833,930,27,23,1090,1044,35388,36768,2207,1907,401,367,1248,1324,91,89,2946,2956,2191,2272,346,294,129,102,58,53,37,18,185,217,2353,2455,484,456,169,152,89,87,47,30
Rhode Island,Providence County,675912,332014,343898,251302,259897,45892,46705,6462,6302,15136,16967,1192,1004,12030,13023,261879,271169,54360,55945,9477,9765,17776,19831,1712,1533,239482,254218,184575,196239,31029,31416,1249,1368,14162,15889,238,264,8229,9042,191744,204014,36482,37399,3334,3776,16305,18274,586,649,92532,89680,66727,63658,14863,15289,5213,4934,974,1078,954,740,3801,3981,70135,67155,17878,18546,6143,5989,1471,1557,1126,884
Rhode Island,Washington County,130333,63330,67003,58404,62141,1203,1082,592,546,1614,1848,24,44,1493,1342,59759,63304,1944,1754,1045,979,2133,2338,106,122,60743,64277,56448,59951,988,886,427,440,1586,1825,13,28,1281,1147,57612,60941,1595,1430,811,806,2061,2275,80,93,2587,2726,1956,2190,215,196,165,106,28,23,11,16,212,195,2147,2363,349,324,234,173,72,63,26,29
South Carolina,Abbeville County,24607,11911,12696,8764,8923,2829,3404,68,54,36,67,1,9,213,239,8965,9136,2967,3567,125,115,63,104,6,18,11555,12408,8479,8711,2789,3365,50,43,36,60,1,5,200,224,8668,8912,2918,3519,104,99,61,92,6,13,356,288,285,212,40,39,18,11,0,7,0,4,13,15,297,224,49,48,21,16,2,12,0,5
South Carolina,Aiken County,179245,86783,92462,61674,64114,21134,23937,576,593,1037,1311,74,77,2288,2430,63758,66299,22429,25337,1346,1438,1529,1833,169,169,79420,85941,55540,58763,20522,23386,361,378,973,1231,47,47,1977,2136,57348,60688,21649,24621,993,1102,1412,1695,122,120,7363,6521,6134,5351,612,551,215,215,64,80,27,30,311,294,6410,5611,780,716,353,336,117,138,47,49
South Carolina,Allendale County,7551,4081,3470,1116,810,2833,2536,20,19,42,29,3,18,67,58,1177,861,2876,2574,38,37,54,36,6,21,3947,3365,1035,742,2805,2517,15,13,34,24,2,17,56,52,1086,790,2841,2551,27,26,45,31,4,20,134,105,81,68,28,19,5,6,8,5,1,1,11,6,91,71,35,23,11,11,9,5,2,1
South Carolina,Anderson County,217183,105079,112104,84687,89267,16064,18284,446,480,1290,1576,88,81,2504,2416,87052,91510,17804,19978,989,1003,1704,1972,152,171,98918,106020,79533,84187,15586,17806,266,227,1238,1528,48,40,2247,2232,81663,86268,17154,19376,725,692,1609,1903,106,120,6161,6084,5154,5080,478,478,180,253,52,48,40,41,257,184,5389,5242,650,602,264,311,95,69,46,51
South Carolina,Bamberg County,12870,6146,6724,2535,2452,3413,4058,32,44,56,61,4,6,106,103,2628,2543,3483,4130,63,70,75,75,7,12,5944,6642,2392,2407,3379,4027,26,39,56,61,1,6,90,102,2474,2497,3435,4099,52,64,72,75,4,12,202,82,143,45,34,31,6,5,0,0,3,0,16,1,154,46,48,31,11,6,3,0,3,0
South Carolina,Barnwell County,20495,9920,10575,5441,5534,4117,4643,82,82,73,98,4,1,203,217,5628,5723,4244,4792,130,142,111,130,16,10,9571,10282,5187,5331,4058,4586,69,64,72,96,2,1,183,204,5356,5509,4175,4727,110,118,104,128,14,9,349,293,254,203,59,57,13,18,1,2,2,0,20,13,272,214,69,65,20,24,7,2,2,1
South Carolina,Beaufort County,201775,99433,102342,79753,80923,15371,16978,454,425,1603,1670,123,171,2129,2175,81576,82765,16621,18292,1040,1064,2277,2328,263,308,86159,90097,68111,70258,14480,16236,263,222,1489,1549,60,75,1756,1757,69616,71747,15519,17293,690,711,2072,2097,175,180,13274,12245,11642,10665,891,742,191,203,114,121,63,96,373,418,11960,11018,1102,999,350,353,205,231,88,128
South Carolina,Berkeley County,264276,131104,133172,91351,89966,30785,34038,1048,861,3461,3897,217,200,4242,4210,95201,93764,32945,36313,2218,1993,5036,5419,433,372,117957,120735,80742,79825,29518,32843,596,545,3339,3766,123,132,3639,3624,84058,83093,31363,34795,1514,1453,4749,5118,298,269,13147,12437,10609,10141,1267,1195,452,316,122,131,94,68,603,586,11143,10671,1582,1518,704,540,287,301,135,103
South Carolina,Calhoun County,14249,6865,7384,4197,4111,2452,3065,52,42,35,42,6,10,123,114,4309,4210,2519,3138,93,78,58,62,9,15,6539,7110,3971,3919,2384,3012,39,30,33,40,5,5,107,104,4069,4009,2441,3079,74,62,54,59,8,9,326,274,226,192,68,53,13,12,2,2,1,5,16,10,240,201,78,59,19,16,4,3,1,6
South Carolina,Charleston County,431001,208649,222352,153423,158830,45328,52751,1347,1312,3975,4838,270,209,4306,4412,157249,162701,47554,55147,2716,2727,5480,6317,471,418,191684,207092,139334,146654,44152,51440,447,497,3877,4703,159,106,3715,3692,142635,149893,46054,53433,1553,1615,5237,5983,324,258,16965,15260,14089,12176,1176,1311,900,815,98,135,111,103,591,720,14614,12808,1500,1714,1163,1112,243,334,147,160
South Carolina,Cherokee County,57770,28280,29490,21814,22224,5317,6157,190,164,201,264,56,42,702,639,22478,22812,5810,6596,367,344,273,324,72,64,26462,27735,20305,20758,5195,6045,105,89,190,251,18,8,649,584,20917,21295,5654,6453,263,252,261,305,32,24,1818,1755,1509,1466,122,112,85,75,11,13,38,34,53,55,1561,1517,156,143,104,92,12,19,40,40
South Carolina,Chester County,32323,15593,16730,9715,10064,5269,6026,128,126,73,100,11,9,397,405,10079,10411,5540,6303,225,252,126,152,31,29,14976,16114,9250,9584,5178,5956,102,93,69,98,5,6,372,377,9591,9908,5435,6215,191,208,118,147,23,23,617,616,465,480,91,70,26,33,4,2,6,3,25,28,488,503,105,88,34,44,8,5,8,6
South Carolina,Chesterfield County,44488,21620,22868,14082,13997,6604,7692,230,319,131,157,27,28,546,675,14569,14590,6983,8172,374,493,208,246,60,70,19872,21494,12652,13093,6500,7591,130,142,112,145,12,14,466,509,13067,13537,6832,7963,240,268,180,206,41,40,1748,1374,1430,904,104,101,100,177,19,12,15,14,80,166,1502,1053,151,209,134,225,28,40,19,30
South Carolina,Clarendon County,31030,15387,15643,8234,8101,6633,7050,183,86,104,137,9,11,224,258,8433,8330,6765,7201,261,176,141,176,22,25,14727,15151,7878,7787,6517,6941,46,60,97,132,1,3,188,228,8043,7989,6632,7076,106,137,129,165,13,16,660,492,356,314,116,109,137,26,7,5,8,8,36,30,390,341,133,125,155,39,12,11,9,9
South Carolina,Colleton County,39259,18921,20338,11729,12065,6337,7497,253,216,134,124,16,14,452,422,12123,12435,6615,7752,395,359,206,181,48,38,17833,19193,10937,11271,6180,7256,176,161,123,117,11,11,406,377,11290,11599,6434,7486,298,290,187,167,40,33,1088,1145,792,794,157,241,77,55,11,7,5,3,46,45,833,836,181,266,97,69,19,14,8,5
South Carolina,Darlington County,62425,29470,32955,16595,17703,11896,14274,177,144,190,230,34,23,578,581,17103,18211,12276,14675,339,304,282,310,67,56,28578,32134,15988,17122,11732,14121,129,114,183,228,19,11,527,538,16448,17591,12085,14495,271,262,269,301,46,41,892,821,607,581,164,153,48,30,7,2,15,12,51,43,655,620,191,180,68,42,13,9,21,15
South Carolina,Dillon County,27577,12871,14706,6118,6750,5870,6965,439,453,70,91,9,10,365,437,6441,7141,6110,7279,545,560,125,140,25,31,12342,14154,5793,6399,5786,6879,358,368,59,88,7,5,339,415,6093,6768,6013,7177,453,471,108,135,23,26,529,552,325,351,84,86,81,85,11,3,2,5,26,22,348,373,97,102,92,89,17,5,2,5
South Carolina,Dorchester County,174663,84817,89846,58270,59653,21158,24179,682,664,2007,2247,134,255,2566,2848,60542,62155,22647,25848,1297,1374,2846,3168,259,377,77922,83093,52848,54227,20378,23448,429,504,1923,2169,97,213,2247,2532,54853,56460,21678,24931,928,1108,2685,3012,200,312,6895,6753,5422,5426,780,731,253,160,84,78,37,42,319,316,5689,5695,969,917,369,266,161,156,59,65
South Carolina,Edgefield County,29455,16220,13235,10258,8597,5384,4161,117,66,113,163,11,6,337,242,10544,8815,5572,4302,251,153,167,197,34,19,14285,12565,8625,8096,5204,4115,70,42,106,107,10,5,270,200,8851,8274,5364,4236,171,113,149,134,29,14,1935,670,1633,501,180,46,47,24,7,56,1,1,67,42,1693,541,208,66,80,40,18,63,5,5
South Carolina,Fairfield County,20369,9823,10546,4330,4309,5141,5939,48,44,82,72,4,1,218,181,4526,4471,5276,6050,113,108,114,93,20,7,9506,10277,4108,4113,5080,5887,39,43,80,70,1,0,198,164,4286,4260,5199,5991,100,99,110,87,16,5,317,269,222,196,61,52,9,1,2,2,3,1,20,17,240,211,77,59,13,9,4,6,4,2
South Carolina,Florence County,138049,64611,73438,34348,36785,27251,33663,330,370,1399,1265,61,44,1222,1311,35391,37877,28077,34545,670,779,1639,1503,121,104,62057,70980,32486,35026,26867,33243,212,264,1365,1226,44,41,1083,1180,33415,36003,27617,34053,490,626,1577,1434,97,92,2554,2458,1862,1759,384,420,118,106,34,39,17,3,139,131,1976,1874,460,492,180,153,62,69,24,12
South Carolina,Georgetown County,66035,31347,34688,22104,23852,8381,9999,164,134,237,317,25,29,436,357,22464,24151,8623,10210,334,278,322,373,63,50,29953,33530,21094,22939,8214,9869,74,71,223,306,16,18,332,327,21366,23211,8407,10061,193,202,288,359,48,39,1394,1158,1010,913,167,130,90,63,14,11,9,11,104,30,1098,940,216,149,141,76,34,14,15,11
South Carolina,Greenville County,570745,277346,293399,212960,221872,47378,53517,2121,1685,7872,8920,399,313,6616,7092,219023,228318,51396,57842,3659,3362,9823,10964,690,583,241186,258903,181928,192338,45201,51056,513,604,7689,8722,137,120,5718,6063,187189,197859,48678,54748,1727,1944,9414,10506,363,335,36160,34496,31032,29534,2177,2461,1608,1081,183,198,262,193,898,1029,31834,30459,2718,3094,1932,1418,409,458,327,248
South Carolina,Greenwood County,70041,32924,37117,21708,23535,9846,12170,231,244,403,492,50,49,686,627,22325,24116,10285,12578,414,406,531,592,86,74,30082,34642,19494,21559,9542,11957,66,91,370,461,19,18,591,556,20029,22078,9925,12319,213,219,476,553,50,42,2842,2475,2214,1976,304,213,165,153,33,31,31,31,95,71,2296,2038,360,259,201,187,55,39,36,32
South Carolina,Hampton County,18172,9464,8708,4319,3817,4824,4608,37,50,112,72,3,3,169,158,4462,3958,4929,4698,100,102,150,91,16,18,8860,8483,3843,3688,4739,4545,22,32,108,71,2,3,146,144,3964,3818,4823,4628,76,79,136,86,15,17,604,225,476,129,85,63,15,18,4,1,1,0,23,14,498,140,106,70,24,23,14,5,1,1
South Carolina,Horry County,413391,199637,213754,166657,177652,23859,25992,1283,1213,2725,3801,314,296,4799,4800,171041,181961,26577,28782,2780,2725,3940,5007,488,464,182727,198153,152267,164456,22593,24787,812,777,2593,3680,185,174,4277,4279,156190,168321,25016,27280,2084,2071,3702,4766,317,315,16910,15601,14390,13196,1266,1205,471,436,132,121,129,122,522,521,14851,13640,1561,1502,696,654,238,241,171,149
South Carolina,Jasper County,35618,18007,17611,11445,11339,5584,5689,526,162,123,158,26,22,303,241,11700,11540,5777,5821,623,260,177,200,45,42,14303,14831,8505,8986,5341,5460,92,48,105,132,10,7,250,198,8716,9153,5503,5572,165,123,146,165,27,25,3704,2780,2940,2353,243,229,434,114,18,26,16,15,53,43,2984,2387,274,249,458,137,31,35,18,17
South Carolina,Kershaw County,71698,34712,36986,24408,25520,8877,9997,228,192,326,376,46,46,827,855,25145,26278,9421,10557,432,404,484,527,84,99,32359,34576,22611,23649,8554,9640,137,142,286,346,28,33,743,766,23275,24333,9047,10139,307,320,428,486,62,80,2353,2410,1797,1871,323,357,91,50,40,30,18,13,84,89,1870,1945,374,418,125,84,56,41,22,19
South Carolina,Lancaster County,111652,54631,57021,39792,41970,10745,11203,291,292,2597,2358,68,35,1138,1163,40806,43008,11522,11982,583,572,2785,2562,122,97,50059,52310,35901,37874,10451,10923,138,153,2566,2322,17,23,986,1015,36782,38786,11127,11602,379,382,2728,2503,60,76,4572,4711,3891,4096,294,280,153,139,31,36,51,12,152,148,4024,4222,395,380,204,190,57,59,62,21
South Carolina,Laurens County,70545,34292,36253,25097,25993,8015,9024,192,198,211,273,81,59,696,706,25734,26631,8482,9497,381,375,306,377,114,96,31463,33772,22817,23963,7758,8795,94,122,180,247,19,23,595,622,23361,24533,8163,9211,248,264,259,340,45,57,2829,2481,2280,2030,257,229,98,76,31,26,62,36,101,84,2373,2098,319,286,133,111,47,37,69,39
South Carolina,Lee County,15958,7825,8133,2815,2756,4805,5152,48,44,44,43,6,5,107,133,2909,2872,4868,5222,80,88,61,68,16,18,7599,7951,2665,2645,4759,5110,36,29,42,42,5,4,92,121,2745,2750,4814,5176,64,68,57,63,11,17,226,182,150,111,46,42,12,15,2,1,1,1,15,12,164,122,54,46,16,20,4,5,5,1
South Carolina,Lexington County,313774,152672,161102,118457,123570,25010,28142,1017,903,4180,4494,247,178,3761,3815,121851,127004,27229,30455,2122,2046,5090,5415,405,312,138849,148159,107019,112753,23734,26995,567,524,4076,4388,172,128,3281,3371,109991,115798,25685,29048,1474,1478,4887,5216,287,242,13823,12943,11438,10817,1276,1147,450,379,104,106,75,50,480,444,11860,11206,1544,1407,648,568,203,199,118,70
South Carolina,McCormick County,9983,5195,4788,3159,3001,1895,1670,21,6,40,47,6,1,74,63,3229,3062,1937,1697,49,30,47,58,7,4,5082,4689,3072,2925,1883,1650,18,6,38,45,4,1,67,62,3136,2985,1922,1676,43,30,43,56,5,4,113,99,87,76,12,20,3,0,2,2,2,0,7,1,93,77,15,21,6,0,4,2,2,0
South Carolina,Marion County,28368,13323,15045,5711,5940,7109,8629,142,135,73,87,8,1,280,253,5951,6161,7292,8779,214,215,126,131,29,23,12836,14672,5409,5729,7006,8545,97,98,69,82,3,0,252,218,5626,5917,7173,8678,161,163,115,121,20,21,487,373,302,211,103,84,45,37,4,5,5,1,28,35,325,244,119,101,53,52,11,10,9,2
South Carolina,Marlboro County,25498,13445,12053,5466,4999,6944,6009,623,612,47,68,8,8,357,357,5780,5319,7152,6227,754,722,100,125,23,27,12850,11876,5034,4909,6859,5973,574,587,46,67,1,1,336,339,5332,5213,7055,6178,697,690,93,124,15,19,595,177,432,90,85,36,49,25,1,1,7,7,21,18,448,106,97,49,57,32,7,1,8,8
South Carolina,Newberry County,39203,19248,19955,13037,13442,5401,5762,185,159,169,151,70,48,386,393,13388,13795,5665,6034,290,251,214,214,90,64,17317,18020,11612,11929,5192,5586,63,55,140,127,18,1,292,322,11880,12220,5398,5812,138,120,175,182,27,15,1931,1935,1425,1513,209,176,122,104,29,24,52,47,94,71,1508,1575,267,222,152,131,39,32,63,49
South Carolina,Oconee County,82475,40792,41683,36281,36986,3003,3042,362,307,310,407,17,17,819,924,37015,37823,3517,3604,574,582,455,571,62,60,37705,38872,33742,34612,2836,2918,111,123,287,377,9,12,720,830,34395,35366,3285,3428,290,354,418,527,43,53,3087,2811,2539,2374,167,124,251,184,23,30,8,5,99,94,2620,2457,232,176,284,228,37,44,19,7
South Carolina,Orangeburg County,83129,38833,44296,14363,15170,22910,27590,293,285,429,429,37,27,801,795,15025,15809,23394,28091,565,566,597,597,98,76,37543,43035,13549,14319,22651,27364,225,235,419,399,31,25,668,693,14097,14875,23066,27801,438,472,563,552,79,71,1290,1261,814,851,259,226,68,50,10,30,6,2,133,102,928,934,328,290,127,94,34,45,19,5
South Carolina,Pickens County,138207,68906,69301,60546,61269,4831,4992,273,313,1740,1237,35,44,1481,1446,61905,62599,5668,5825,656,673,2108,1609,91,91,64697,65439,56925,57962,4636,4813,147,144,1708,1191,19,20,1262,1309,58084,59177,5351,5567,449,449,2040,1536,61,64,4209,3862,3621,3307,195,179,126,169,32,46,16,24,219,137,3821,3422,317,258,207,224,68,73,30,27
South Carolina,Richland County,430651,206833,223818,95062,94852,97755,114715,827,916,7284,6973,274,316,5631,6046,99740,99736,101440,118696,2164,2579,9247,9080,635,661,192008,209670,83981,84810,95260,111978,486,534,7111,6820,195,234,4975,5294,88127,89093,98505,115443,1604,1922,8870,8697,486,524,14825,14148,11081,10042,2495,2737,341,382,173,153,79,82,656,752,11613,10643,2935,3253,560,657,377,383,149,137
South Carolina,Saluda County,19452,9941,9511,7258,6740,2151,2320,190,165,64,55,107,74,171,157,7406,6880,2264,2414,243,219,92,81,115,80,7794,8104,5654,5705,1915,2188,39,42,33,41,9,3,144,125,5777,5816,2010,2265,82,82,57,62,15,9,2147,1407,1604,1035,236,132,151,123,31,14,98,71,27,32,1629,1064,254,149,161,137,35,19,100,71
South Carolina,Spartanburg County,369256,179890,189366,134983,138794,34608,39310,1037,859,4762,5503,175,169,4325,4731,138909,143072,37486,42492,2082,2030,5731,6566,351,340,160313,171379,118007,123246,33491,38151,395,376,4604,5346,114,114,3702,4146,121385,127011,35975,40945,1216,1343,5439,6290,246,254,19577,17987,16976,15548,1117,1159,642,483,158,157,61,55,623,585,17524,16061,1511,1547,866,687,292,276,105,86
South Carolina,Sumter County,104776,50340,54436,24844,24686,23219,27059,305,292,585,1006,92,97,1295,1296,25950,25773,23983,27825,629,624,1028,1467,170,176,47646,52104,22893,23012,22848,26695,168,195,545,984,63,57,1129,1161,23862,23990,23518,27383,429,475,938,1409,128,126,2694,2332,1951,1674,371,364,137,97,40,22,29,40,166,135,2088,1783,465,442,200,149,90,58,42,50
South Carolina,Union County,26678,12644,14034,8474,9237,3652,4306,67,41,116,75,7,10,328,365,8791,9575,3919,4607,115,89,137,112,14,19,12298,13743,8217,9040,3595,4249,52,29,111,67,5,10,318,348,8524,9361,3856,4537,97,74,131,103,11,19,346,291,257,197,57,57,15,12,5,8,2,0,10,17,267,214,63,70,18,15,6,9,3,0
South Carolina,Williamsburg County,29865,14658,15207,5350,5055,8900,9724,99,70,128,168,6,0,175,190,5511,5214,9014,9841,137,133,155,198,18,12,14012,15005,4900,4939,8770,9666,59,57,124,167,3,0,156,176,5046,5085,8867,9773,92,116,149,196,15,12,646,202,450,116,130,58,40,13,4,1,3,0,19,14,465,129,147,68,45,17,6,2,3,0
South Carolina,York County,303001,147476,155525,108706,112305,27287,31722,1442,1286,6113,6230,145,127,3783,3855,112183,115809,29579,34110,2462,2340,7009,7158,284,247,134989,143552,98295,102369,26270,30575,900,930,6049,6148,80,71,3395,3459,101420,105519,28352,32726,1760,1839,6862,6994,191,172,12487,11973,10411,9936,1017,1147,542,356,64,82,65,56,388,396,10763,10290,1227,1384,702,501,147,164,93,75
South Dakota,Aurora County,2752,1423,1329,1308,1253,19,11,50,36,14,8,4,2,28,19,1332,1271,25,18,69,50,22,8,4,2,1284,1233,1187,1167,18,10,40,29,11,8,4,2,24,17,1207,1183,24,17,55,41,19,8,4,2,139,96,121,86,1,1,10,7,3,0,0,0,4,2,125,88,1,1,14,9,3,0,0,0
South Dakota,Beadle County,19459,9693,9766,7865,7728,239,152,249,248,1077,1190,55,220,208,228,8063,7938,342,256,342,353,1104,1223,64,228,8167,8198,6683,6503,134,88,119,91,1052,1155,29,179,150,182,6825,6671,214,178,176,168,1074,1181,32,184,1526,1568,1182,1225,105,64,130,157,25,35,26,41,58,46,1238,1267,128,78,166,185,30,42,32,44
South Dakota,Bennett County,3289,1663,1626,552,510,14,10,987,977,19,20,1,1,90,108,639,615,34,35,1047,1045,34,37,2,3,1602,1565,538,502,13,8,949,934,19,20,1,1,82,100,617,599,30,29,1006,999,32,36,2,3,61,61,14,8,1,2,38,43,0,0,0,0,8,8,22,16,4,6,41,46,2,1,0,0
South Dakota,Bon Homme County,7071,4201,2870,3507,2726,84,24,523,63,12,15,0,2,75,40,3573,2759,105,37,578,89,18,23,3,4,4072,2817,3414,2685,80,24,495,58,12,11,0,2,71,37,3478,2715,99,36,547,82,17,19,3,4,129,53,93,41,4,0,28,5,0,4,0,0,4,3,95,44,6,1,31,7,1,4,0,0
South Dakota,Brookings County,36359,18828,17531,16897,16143,418,305,305,292,802,439,27,4,379,348,17256,16464,535,406,467,453,920,546,41,25,17835,16696,16179,15497,367,261,183,213,784,425,21,3,301,297,16465,15771,454,346,304,343,891,523,30,18,993,835,718,646,51,44,122,79,18,14,6,1,78,51,791,693,81,60,163,110,29,23,11,7
South Dakota,Brown County,37495,18639,18856,16556,16645,397,296,674,789,476,629,75,62,461,435,16994,17039,550,441,912,1037,568,710,94,85,17674,17873,15870,15933,323,234,553,671,468,623,68,53,392,359,16243,16262,454,356,745,865,551,692,82,73,965,983,686,712,74,62,121,118,8,6,7,9,69,76,751,777,96,85,167,172,17,18,12,12
South Dakota,Brule County,5261,2637,2624,2213,2150,25,9,292,318,10,25,0,5,97,117,2309,2257,51,42,354,398,21,42,2,9,2560,2563,2168,2121,21,7,267,294,10,25,0,5,94,111,2261,2223,45,39,327,370,21,39,2,9,77,61,45,29,4,2,25,24,0,0,0,0,3,6,48,34,6,3,27,28,0,3,0,0
South Dakota,Buffalo County,1825,918,907,149,138,16,4,720,721,1,3,2,0,30,41,176,175,26,21,734,741,10,11,3,1,889,886,141,135,9,3,706,713,1,3,2,0,30,32,168,163,19,18,720,728,10,9,3,1,29,21,8,3,7,1,14,8,0,0,0,0,0,9,8,12,7,3,14,13,0,2,0,0
South Dakota,Butte County,10891,5576,5315,5168,4930,47,34,146,142,31,28,7,4,177,177,5338,5090,82,87,264,263,62,50,14,10,5329,5095,4982,4779,43,30,111,110,31,27,6,4,156,145,5132,4910,70,75,217,208,60,46,11,7,247,220,186,151,4,4,35,32,0,1,1,0,21,32,206,180,12,12,47,55,2,4,3,3
South Dakota,Campbell County,1342,702,640,674,606,3,2,10,17,2,4,0,0,13,11,687,616,8,11,14,21,6,4,0,0,667,608,642,580,3,2,8,13,2,2,0,0,12,11,654,590,7,11,12,17,6,2,0,0,35,32,32,26,0,0,2,4,0,2,0,0,1,0,33,26,1,0,2,4,0,2,0,0
South Dakota,Charles Mix County,9343,4737,4606,3028,2995,36,19,1488,1395,12,28,0,6,173,163,3186,3145,74,58,1602,1508,46,54,7,11,4577,4440,2996,2968,36,19,1378,1277,12,28,0,0,155,148,3139,3105,66,55,1482,1380,44,50,6,4,160,166,32,27,0,0,110,118,0,0,0,6,18,15,47,40,8,3,120,128,2,4,1,7
South Dakota,Clark County,3974,2056,1918,1946,1835,53,19,34,34,6,4,0,0,17,26,1961,1859,59,29,43,47,9,8,1,3,1902,1805,1818,1754,52,17,10,12,6,4,0,0,16,18,1832,1770,58,25,18,20,9,7,1,1,154,113,128,81,1,2,24,22,0,0,0,0,1,8,129,89,1,4,25,27,0,1,0,2
South Dakota,Clay County,15245,7563,7682,6652,6837,185,106,319,331,206,215,1,3,200,190,6837,7010,250,173,414,433,255,258,14,12,7270,7447,6457,6687,181,102,255,279,206,212,1,3,170,164,6613,6838,239,160,329,365,251,249,14,10,293,235,195,150,4,4,64,52,0,3,0,0,30,26,224,172,11,13,85,68,4,9,0,2
South Dakota,Codington County,29278,14854,14424,13754,13413,168,76,473,476,99,157,1,3,359,299,14081,13693,258,156,664,646,207,234,23,14,14174,13945,13306,13101,157,67,337,362,95,153,1,3,278,259,13561,13349,225,132,478,507,184,221,14,9,680,479,448,312,11,9,136,114,4,4,0,0,81,40,520,344,33,24,186,139,23,13,9,5
South Dakota,Corson County,3747,1873,1874,631,537,18,12,1138,1242,11,13,0,2,75,68,700,601,35,34,1177,1286,34,21,4,4,1832,1843,610,531,18,12,1119,1221,11,13,0,1,74,65,678,592,35,32,1157,1263,34,21,4,3,41,31,21,6,0,0,19,21,0,0,0,1,1,3,22,9,0,2,20,23,0,0,0,1
South Dakota,Custer County,9330,4670,4660,4290,4299,53,40,157,150,63,48,2,2,105,121,4389,4415,75,55,232,239,79,66,8,8,4480,4522,4150,4207,49,38,126,120,61,47,2,2,92,108,4237,4312,69,51,191,200,75,63,6,6,190,138,140,92,4,2,31,30,2,1,0,0,13,13,152,103,6,4,41,39,4,3,2,2
South Dakota,Davison County,19907,10019,9888,9161,9028,123,130,427,367,69,122,4,8,235,233,9366,9238,202,209,558,509,132,170,17,24,9409,9378,8736,8676,102,92,304,287,64,118,2,6,201,199,8914,8855,174,159,411,406,116,160,11,18,610,510,425,352,21,38,123,80,5,4,2,2,34,34,452,383,28,50,147,103,16,10,6,6
South Dakota,Day County,5408,2750,2658,2364,2269,16,16,257,262,16,33,0,0,97,78,2457,2340,38,43,319,310,33,49,5,3,2676,2569,2311,2218,15,9,243,242,16,33,0,0,91,67,2398,2279,36,32,301,282,33,46,4,3,74,89,53,51,1,7,14,20,0,0,0,0,6,11,59,61,2,11,18,28,0,3,1,0
South Dakota,Deuel County,4335,2242,2093,2170,2009,25,16,16,25,4,7,0,0,27,36,2197,2043,33,31,31,46,11,15,1,0,2163,2044,2099,1974,24,12,13,17,4,7,0,0,23,34,2122,2006,31,25,25,36,9,15,1,0,79,49,71,35,1,4,3,8,0,0,0,0,4,2,75,37,2,6,6,10,2,0,0,0
South Dakota,Dewey County,5322,2634,2688,658,625,23,19,1793,1858,12,17,2,0,146,169,798,786,44,47,1904,1987,32,38,6,3,2547,2606,632,617,20,19,1743,1789,11,17,2,0,139,164,765,773,40,45,1849,1916,30,37,6,3,87,82,26,8,3,0,50,69,1,0,0,0,7,5,33,13,4,2,55,71,2,1,0,0
South Dakota,Douglas County,2849,1405,1444,1326,1351,11,8,41,46,2,3,0,0,25,36,1349,1386,20,21,53,66,8,9,0,1,1352,1386,1289,1303,10,8,29,41,2,3,0,0,22,31,1310,1333,17,18,39,60,8,8,0,0,53,58,37,48,1,0,12,5,0,0,0,0,3,5,39,53,3,3,14,6,0,1,0,1
South Dakota,Edmunds County,4027,2051,1976,1985,1905,9,6,21,29,10,17,0,0,26,19,2007,1923,16,9,36,42,18,20,0,1,2001,1939,1944,1881,8,5,21,21,5,13,0,0,23,19,1964,1899,15,8,34,34,11,16,0,1,50,37,41,24,1,1,0,8,5,4,0,0,3,0,43,24,1,1,2,8,7,4,0,0
South Dakota,Fall River County,7359,3762,3597,3286,3134,67,28,223,221,59,80,4,0,123,134,3406,3258,91,58,305,319,78,96,6,3,3600,3483,3172,3059,61,23,195,193,58,80,4,0,110,128,3280,3177,83,51,266,288,76,95,6,3,162,114,114,75,6,5,28,28,1,0,0,0,13,6,126,81,8,7,39,31,2,1,0,0
South Dakota,Faulk County,2136,1082,1054,1058,1024,6,4,10,12,2,7,0,0,6,7,1063,1028,8,7,14,16,2,8,1,2,1057,1021,1033,1001,6,3,10,3,2,7,0,0,6,7,1038,1005,8,6,14,7,2,8,1,2,25,33,25,23,0,1,0,9,0,0,0,0,0,0,25,23,0,1,0,9,0,0,0,0
South Dakota,Grant County,7618,3967,3651,3747,3489,53,14,102,63,13,29,6,2,46,54,3784,3536,70,29,127,97,26,40,9,6,3549,3405,3417,3280,47,11,39,45,7,25,1,2,38,42,3446,3315,62,25,59,71,18,33,4,6,418,246,330,209,6,3,63,18,6,4,5,0,8,12,338,221,8,4,68,26,8,7,5,0
South Dakota,Gregory County,4110,2089,2021,1827,1782,11,6,163,152,8,14,2,2,78,65,1897,1843,30,26,213,190,24,19,6,8,2034,1983,1797,1763,11,6,150,139,8,14,1,0,67,61,1857,1820,29,25,192,175,21,19,5,5,55,38,30,19,0,0,13,13,0,0,1,2,11,4,40,23,1,1,21,15,3,0,1,3
South Dakota,Haakon County,1834,929,905,856,846,2,3,33,19,2,4,1,0,35,33,889,874,12,19,50,38,10,9,4,0,912,896,843,838,2,2,31,19,2,4,1,0,33,33,874,866,11,18,47,38,10,9,4,0,17,9,13,8,0,1,2,0,0,0,0,0,2,0,15,8,1,1,3,0,0,0,0,0
South Dakota,Hamlin County,6596,3450,3146,3308,3017,29,18,39,34,12,13,0,4,62,60,3362,3068,50,40,77,70,24,21,5,7,3179,2964,3079,2886,23,7,25,21,9,11,0,0,43,39,3117,2920,39,23,49,41,15,17,4,2,271,182,229,131,6,11,14,13,3,2,0,4,19,21,245,148,11,17,28,29,9,4,1,5
South Dakota,Hand County,3097,1579,1518,1530,1462,13,4,8,13,18,11,0,1,10,27,1539,1489,16,11,16,32,18,13,0,1,1539,1480,1491,1425,13,4,7,12,18,11,0,1,10,27,1500,1452,16,11,15,31,18,13,0,1,40,38,39,37,0,0,1,1,0,0,0,0,0,0,39,37,0,0,1,1,0,0,0,0
South Dakota,Hanson County,3477,1800,1677,1721,1605,18,8,13,17,7,9,0,0,41,38,1758,1641,30,19,37,41,16,15,1,1,1768,1644,1693,1577,15,4,12,17,7,9,0,0,41,37,1730,1612,27,15,36,40,16,15,1,1,32,33,28,28,3,4,1,0,0,0,0,0,0,1,28,29,3,4,1,1,0,0,0,0
South Dakota,Harding County,1325,685,640,628,607,15,1,21,18,5,3,0,0,16,11,643,618,22,4,29,26,6,3,1,0,666,626,610,595,15,1,20,18,5,3,0,0,16,9,625,604,22,3,28,25,6,3,1,0,19,14,18,12,0,0,1,0,0,0,0,0,0,2,18,14,0,1,1,1,0,0,0,0
South Dakota,Hughes County,17526,8740,8786,7208,7144,100,52,1046,1210,50,87,0,5,336,288,7516,7418,175,119,1284,1408,99,122,14,13,8385,8467,7009,6970,91,51,948,1105,47,86,0,3,290,252,7277,7210,154,108,1147,1280,92,117,12,10,355,319,199,174,9,1,98,105,3,1,0,2,46,36,239,208,21,11,137,128,7,5,2,3
South Dakota,Hutchinson County,7416,3715,3701,3522,3516,59,32,71,76,10,18,7,1,46,58,3562,3571,77,56,102,106,11,26,10,2,3590,3595,3435,3447,56,32,41,44,10,17,3,1,45,54,3474,3499,74,55,71,72,11,23,6,2,125,106,87,69,3,0,30,32,0,1,4,0,1,4,88,72,3,1,31,34,0,3,4,0
South Dakota,Hyde County,1215,624,591,518,498,3,5,82,63,2,3,1,0,18,22,535,519,8,15,94,75,3,4,3,0,613,583,513,494,3,5,76,59,2,3,1,0,18,22,530,515,8,15,88,71,3,4,3,0,11,8,5,4,0,0,6,4,0,0,0,0,0,0,5,4,0,0,6,4,0,0,0,0
South Dakota,Jackson County,2737,1338,1399,535,492,25,12,686,789,3,6,0,0,89,100,619,591,42,31,760,863,5,13,2,3,1287,1366,521,490,24,12,657,762,3,6,0,0,82,96,599,585,39,30,725,836,5,10,2,3,51,33,14,2,1,0,29,27,0,0,0,0,7,4,20,6,3,1,35,27,0,3,0,0
South Dakota,Jerauld County,1689,885,804,830,768,10,0,14,10,8,9,1,2,22,15,851,782,17,3,27,19,11,12,2,3,826,766,782,736,7,0,12,8,4,9,1,2,20,11,801,746,13,3,23,14,7,11,2,3,59,38,48,32,3,0,2,2,4,0,0,0,2,4,50,36,4,0,4,5,4,1,0,0
South Dakota,Jones County,874,429,445,381,390,4,1,26,38,0,0,1,2,17,14,398,403,9,6,37,45,1,2,1,3,420,441,375,387,4,1,24,37,0,0,1,2,16,14,391,400,9,6,34,44,1,2,1,3,9,4,6,3,0,0,2,1,0,0,0,0,1,0,7,3,0,0,3,1,0,0,0,0
South Dakota,Kingsbury County,5261,2683,2578,2553,2458,24,19,43,31,20,28,0,0,43,42,2593,2498,39,32,64,56,29,33,1,1,2577,2514,2464,2411,22,15,32,19,18,28,0,0,41,41,2502,2450,37,27,53,44,25,33,1,1,106,64,89,47,2,4,11,12,2,0,0,0,2,1,91,48,2,5,11,12,4,0,0,0
South Dakota,Lake County,11006,5770,5236,5385,4899,96,51,118,110,49,64,5,6,117,106,5492,5003,130,78,198,169,62,81,6,11,5417,4978,5109,4708,77,49,84,64,47,61,3,3,97,93,5198,4799,107,70,148,118,58,77,4,7,353,258,276,191,19,2,34,46,2,3,2,3,20,13,294,204,23,8,50,51,4,4,2,4
South Dakota,Lawrence County,28809,14639,14170,13622,13173,172,103,329,327,208,229,6,10,302,328,13904,13489,232,167,542,548,253,276,19,23,13957,13609,13083,12704,149,88,264,278,202,228,5,7,254,304,13320,12997,194,144,445,485,240,272,15,19,682,561,539,469,23,15,65,49,6,1,1,3,48,24,584,492,38,23,97,63,13,4,4,4
South Dakota,Lincoln County,75244,37419,37825,34512,34841,1028,923,389,396,609,879,29,31,852,755,35309,35552,1416,1265,694,657,821,1058,65,60,35917,36544,33312,33774,985,899,255,296,587,867,21,21,757,687,34021,34423,1330,1211,511,524,784,1038,51,43,1502,1281,1200,1067,43,24,134,100,22,12,8,10,95,68,1288,1129,86,54,183,133,37,20,14,17
South Dakota,Lyman County,3721,1980,1741,1153,983,14,11,736,678,15,11,2,0,60,58,1208,1038,31,25,771,718,26,17,4,2,1955,1711,1138,966,14,11,728,665,15,11,1,0,59,58,1192,1021,31,25,762,705,26,17,3,2,25,30,15,17,0,0,8,13,0,0,1,0,1,0,16,17,0,0,9,13,0,0,1,0
South Dakota,McCook County,5771,2974,2797,2815,2678,38,13,46,48,6,15,4,1,65,42,2874,2719,61,28,79,64,17,26,9,2,2856,2702,2738,2610,28,11,32,31,5,14,2,1,51,35,2783,2644,45,24,60,44,14,23,6,2,118,95,77,68,10,2,14,17,1,1,2,0,14,7,91,75,16,4,19,20,3,3,3,0
South Dakota,McPherson County,2307,1165,1142,1115,1099,10,9,11,15,7,4,1,1,21,14,1134,1113,19,12,21,25,11,5,2,1,1132,1102,1087,1066,7,9,11,11,6,4,1,1,20,11,1105,1077,16,12,20,18,10,5,2,1,33,40,28,33,3,0,0,4,1,0,0,0,1,3,29,36,3,0,1,7,1,0,0,0
South Dakota,Marshall County,4395,2360,2035,2025,1794,35,10,237,181,8,5,0,0,55,45,2077,1839,50,23,273,207,15,11,1,0,2162,1924,1934,1738,27,9,149,136,7,5,0,0,45,36,1976,1774,39,18,177,158,14,10,1,0,198,111,91,56,8,1,88,45,1,0,0,0,10,9,101,65,11,5,96,49,1,1,0,0
South Dakota,Meade County,30918,16157,14761,14462,13261,416,183,552,579,162,198,14,18,551,522,14974,13756,571,303,856,887,283,307,36,37,15246,13994,13789,12712,374,165,429,464,157,194,13,16,484,443,14237,13132,512,265,689,721,269,294,33,29,911,767,673,549,42,18,123,115,5,4,1,2,67,79,737,624,59,38,167,166,14,13,3,8
South Dakota,Mellette County,1834,927,907,359,344,15,2,491,491,3,3,0,0,59,67,414,407,35,16,526,537,10,13,1,1,914,892,356,342,15,2,481,478,3,3,0,0,59,67,411,405,35,16,516,524,10,13,1,1,13,15,3,2,0,0,10,13,0,0,0,0,0,0,3,2,0,0,10,13,0,0,0,0
South Dakota,Miner County,2303,1222,1081,1160,1029,19,9,3,11,5,13,0,0,35,19,1194,1047,38,18,15,21,10,15,0,0,1186,1051,1132,1007,17,7,3,6,5,13,0,0,29,18,1160,1024,34,16,11,15,10,15,0,0,36,30,28,22,2,2,0,5,0,0,0,0,6,1,34,23,4,2,4,6,0,0,0,0
South Dakota,Minnehaha County,208639,106685,101954,89953,86720,7969,6415,3327,3286,2075,2337,188,156,3173,3040,92893,89557,9544,7898,4460,4426,2830,3050,305,263,98901,94724,83592,80941,7786,6255,2468,2440,2042,2268,104,74,2909,2746,86295,83517,9245,7612,3453,3421,2754,2923,211,158,7784,7230,6361,5779,183,160,859,846,33,69,84,82,264,294,6598,6040,299,286,1007,1005,76,127,94,105
South Dakota,Moody County,6529,3325,3204,2626,2576,60,25,462,410,45,77,0,2,132,114,2751,2682,91,48,549,488,66,95,2,5,3075,3006,2464,2434,52,23,400,369,40,75,0,0,119,105,2576,2533,83,44,477,440,58,91,2,3,250,198,162,142,8,2,62,41,5,2,0,2,13,9,175,149,8,4,72,48,8,4,0,2
South Dakota,Oglala Lakota County,13360,6643,6717,656,441,58,32,5771,6082,16,14,5,0,137,148,788,580,85,67,5860,6182,38,38,10,3,6391,6454,615,405,57,29,5590,5881,16,12,5,0,108,127,719,526,75,55,5661,5967,36,33,9,3,252,263,41,36,1,3,181,201,0,2,0,0,29,21,69,54,10,12,199,215,2,5,1,0
South Dakota,Pennington County,115979,59304,56675,49150,46728,1023,692,5795,5948,794,903,65,55,2477,2349,51404,48887,1734,1343,7397,7490,1343,1398,182,166,55679,53184,46904,44563,941,620,4866,5068,754,864,36,41,2178,2028,48893,46441,1560,1167,6244,6378,1256,1305,130,123,3625,3491,2246,2165,82,72,929,880,40,39,29,14,299,321,2511,2446,174,176,1153,1112,87,93,52,43
South Dakota,Perkins County,2832,1405,1427,1324,1354,17,4,33,32,9,8,0,2,22,27,1345,1381,25,11,43,47,14,14,0,3,1367,1400,1289,1331,17,4,30,29,9,8,0,2,22,26,1310,1357,25,11,40,43,14,14,0,3,38,27,35,23,0,0,3,3,0,0,0,0,0,1,35,24,0,0,3,4,0,0,0,0
South Dakota,Potter County,2402,1209,1193,1128,1101,11,13,41,37,3,21,0,2,26,19,1150,1119,22,18,53,49,10,25,3,2,1175,1160,1106,1080,9,11,32,29,3,21,0,1,25,18,1127,1097,19,16,43,40,9,25,2,1,34,33,22,21,2,2,9,8,0,0,0,1,1,1,23,22,3,2,10,9,1,0,1,1
South Dakota,Roberts County,10283,5211,5072,3042,2777,50,25,1892,1978,27,39,2,0,198,253,3230,3015,88,65,2038,2173,56,80,10,8,5044,4927,2982,2746,45,24,1805,1885,26,39,2,0,184,233,3157,2965,80,62,1939,2064,54,78,9,6,167,145,60,31,5,1,87,93,1,0,0,0,14,20,73,50,8,3,99,109,2,2,1,2
South Dakota,Sanborn County,2392,1221,1171,1169,1140,9,5,16,5,4,4,1,2,22,15,1189,1155,17,8,26,13,11,8,1,3,1159,1123,1112,1096,8,3,16,5,4,4,1,2,18,13,1129,1109,13,6,24,12,10,7,1,3,62,48,57,44,1,2,0,0,0,0,0,0,4,2,60,46,4,2,2,1,1,1,0,0
South Dakota,Spink County,6108,3058,3050,2904,2923,33,23,75,41,5,9,1,1,40,53,2942,2975,46,38,99,71,11,19,4,1,2935,2967,2836,2854,30,23,26,32,5,9,1,1,37,48,2872,2901,42,36,47,59,11,19,3,1,123,83,68,69,3,0,49,9,0,0,0,0,3,5,70,74,4,2,52,12,0,0,1,0
South Dakota,Stanley County,3015,1520,1495,1364,1339,16,9,87,90,7,10,0,0,46,47,1407,1384,30,21,118,120,11,17,1,1,1497,1472,1346,1323,16,9,82,85,7,10,0,0,46,45,1389,1366,30,21,113,113,11,17,1,1,23,23,18,16,0,0,5,5,0,0,0,0,0,2,18,18,0,0,5,7,0,0,0,0
South Dakota,Sully County,1468,785,683,708,635,32,5,30,25,2,1,0,0,13,17,720,652,37,9,36,35,5,5,0,0,761,661,691,624,32,5,28,19,1,1,0,0,9,12,699,636,35,8,32,26,4,3,0,0,24,22,17,11,0,0,2,6,1,0,0,0,4,5,21,16,2,1,4,9,1,2,0,0
South Dakota,Todd County,9172,4490,4682,381,362,39,37,3738,3936,194,242,0,0,138,105,512,461,75,58,3839,4011,205,256,3,1,4356,4563,368,350,39,37,3624,3838,194,242,0,0,131,96,494,443,73,56,3721,3905,203,254,2,1,134,119,13,12,0,0,114,98,0,0,0,0,7,9,18,18,2,2,118,106,2,2,1,0
South Dakota,Tripp County,5717,2917,2800,2270,2219,20,15,505,463,13,18,0,0,109,85,2375,2299,49,31,580,519,23,34,2,2,2870,2755,2250,2208,17,14,486,437,13,18,0,0,104,78,2351,2283,45,29,558,488,21,32,1,1,47,45,20,11,3,1,19,26,0,0,0,0,5,7,24,16,4,2,22,31,2,2,1,1
South Dakota,Turner County,9087,4591,4496,4399,4282,43,35,63,72,18,33,3,5,65,69,4462,4343,67,56,99,111,26,52,4,7,4391,4308,4230,4147,42,32,43,36,18,33,3,5,55,55,4283,4197,62,50,73,66,26,45,4,6,200,188,169,135,1,3,20,36,0,0,0,0,10,14,179,146,5,6,26,45,0,7,0,1
South Dakota,Union County,17402,8771,8631,8126,8112,173,109,102,103,152,111,25,26,193,170,8308,8273,236,160,206,188,191,160,33,32,8277,8170,7719,7727,157,98,74,73,145,109,21,18,161,145,7871,7866,213,142,156,142,178,152,27,22,494,461,407,385,16,11,28,30,7,2,4,8,32,25,437,407,23,18,50,46,13,8,6,10
South Dakota,Walworth County,5270,2641,2629,2103,2041,16,9,377,412,33,67,0,2,112,98,2213,2136,46,33,453,479,43,79,0,3,2568,2559,2057,2013,13,8,359,377,33,67,0,1,106,93,2161,2104,41,30,431,440,43,78,0,2,73,70,46,28,3,1,18,35,0,0,0,1,6,5,52,32,5,3,22,39,0,1,0,1
South Dakota,Yankton County,23509,12150,11359,11043,10571,354,97,433,349,87,93,6,6,227,243,11260,10803,427,178,564,464,124,146,16,16,11263,10697,10310,10036,318,72,349,269,85,90,3,6,198,224,10500,10250,382,148,459,375,119,140,11,13,887,662,733,535,36,25,84,80,2,3,3,0,29,19,760,553,45,30,105,89,5,6,5,3
South Dakota,Ziebach County,2418,1205,1213,337,308,12,5,814,824,1,4,1,3,40,69,373,377,25,23,842,863,4,16,2,6,1172,1194,329,305,12,5,789,808,1,4,1,3,40,69,365,374,25,23,817,847,4,16,2,6,33,19,8,3,0,0,25,16,0,0,0,0,0,0,8,3,0,0,25,16,0,0,0,0
Tennessee,Anderson County,81449,40283,41166,36458,37534,1756,1636,235,202,691,682,47,47,1096,1065,37519,38544,2398,2263,540,521,886,870,83,77,38358,39347,34876,36015,1666,1564,161,134,667,653,23,26,965,955,35816,36931,2246,2141,400,400,845,815,51,47,1925,1819,1582,1519,90,72,74,68,24,29,24,21,131,110,1703,1613,152,122,140,121,41,55,32,30
Tennessee,Bedford County,54228,26996,27232,22968,23567,2432,2224,558,357,337,377,67,52,634,655,23582,24189,2867,2669,706,514,413,463,89,69,22171,22878,19069,20000,2146,1939,116,69,264,300,25,9,551,561,19605,20535,2528,2330,237,192,329,375,42,20,4825,4354,3899,3567,286,285,442,288,73,77,42,43,83,94,3977,3654,339,339,469,322,84,88,47,49
Tennessee,Benton County,16173,8060,8113,7540,7636,223,189,63,67,48,65,2,5,184,151,7721,7778,320,260,138,131,68,85,5,12,7787,7880,7307,7436,213,182,55,61,47,62,1,5,164,134,7468,7563,302,247,118,116,65,79,4,11,273,233,233,200,10,7,8,6,1,3,1,0,20,17,253,215,18,13,20,15,3,6,1,1
Tennessee,Bledsoe County,15591,8976,6615,7829,6331,898,71,75,51,37,25,3,2,134,135,7960,6458,971,137,123,112,54,39,4,8,8628,6364,7502,6097,897,68,64,43,37,25,2,2,126,129,7625,6218,968,132,107,101,53,38,3,6,348,251,327,234,1,3,11,8,0,0,1,0,8,6,335,240,3,5,16,11,1,1,1,2
Tennessee,Blount County,142211,69918,72293,65076,67549,2288,2065,401,391,642,827,96,85,1415,1376,66446,68857,2955,2735,916,887,940,1118,144,130,66048,68842,61757,64615,2172,1942,218,224,597,785,62,35,1242,1241,62964,65801,2770,2550,643,654,869,1053,97,74,3870,3451,3319,2934,116,123,183,167,45,42,34,50,173,135,3482,3056,185,185,273,233,71,65,47,56
Tennessee,Bradley County,113782,55550,58232,49649,52207,3149,3135,502,494,794,923,104,82,1352,1391,50938,53515,3881,3933,983,956,1027,1168,147,136,50234,53267,45300,48120,2823,2870,188,186,703,838,69,63,1151,1190,46406,49247,3459,3567,570,549,906,1052,102,109,5316,4965,4349,4087,326,265,314,308,91,85,35,19,201,201,4532,4268,422,366,413,407,121,116,45,27
Tennessee,Campbell County,40238,20028,20210,19381,19619,157,126,73,75,116,95,16,21,285,274,19661,19880,252,222,240,236,148,122,21,33,19636,19819,19047,19286,138,112,64,64,108,92,12,13,267,252,19309,19527,224,199,223,211,138,117,17,23,392,391,334,333,19,14,9,11,8,3,4,8,18,22,352,353,28,23,17,25,10,5,4,10
Tennessee,Cannon County,15142,7628,7514,7157,7118,208,144,58,36,40,44,7,7,158,165,7312,7272,287,227,120,100,63,66,9,18,7333,7268,6935,6930,180,128,29,27,34,29,5,7,150,147,7083,7068,254,202,88,81,56,50,7,18,295,246,222,188,28,16,29,9,6,15,2,0,8,18,229,204,33,25,32,19,7,16,2,0
Tennessee,Carroll County,29107,14434,14673,12351,12768,1533,1389,107,77,57,86,10,10,376,343,12718,13099,1811,1633,178,154,95,118,20,21,13912,14173,11944,12358,1497,1350,71,69,49,75,7,3,344,318,12281,12664,1749,1584,134,134,84,105,16,13,522,500,407,410,36,39,36,8,8,11,3,7,32,25,437,435,62,49,44,20,11,13,4,8
Tennessee,Carter County,57434,28343,29091,26817,27638,691,590,139,128,139,223,17,11,540,501,27335,28109,942,845,352,328,227,305,37,28,27513,28288,26145,26996,640,552,88,75,131,221,15,10,494,434,26620,27407,867,778,282,239,214,293,33,23,830,803,672,642,51,38,51,53,8,2,2,1,46,67,715,702,75,67,70,89,13,12,4,5
Tennessee,Cheatham County,42604,21392,21212,19943,19712,732,743,146,118,122,180,19,15,430,444,20346,20130,930,968,307,273,214,278,37,33,20221,20199,18919,18860,690,695,96,66,114,168,12,7,390,403,19288,19241,866,904,238,197,203,260,28,22,1171,1013,1024,852,42,48,50,52,8,12,7,8,40,41,1058,889,64,64,69,76,11,18,9,11
Tennessee,Chester County,17876,8654,9222,7564,8015,770,862,62,61,64,73,1,4,193,207,7745,8207,892,997,112,116,97,103,7,12,8347,8847,7314,7695,745,845,53,47,58,65,1,1,176,194,7480,7875,853,974,100,98,89,92,7,8,307,375,250,320,25,17,9,14,6,8,0,3,17,13,265,332,39,23,12,18,8,11,0,4
Tennessee,Claiborne County,33070,16265,16805,15535,16034,239,219,91,60,129,211,3,5,268,276,15792,16283,340,330,218,195,177,258,12,25,15924,16502,15253,15790,224,208,69,43,124,206,3,5,251,250,15494,16016,316,308,188,162,169,250,12,23,341,303,282,244,15,11,22,17,5,5,0,0,17,26,298,267,24,22,30,33,8,8,0,2
Tennessee,Clay County,7857,3868,3989,3678,3839,82,52,27,23,6,17,5,4,70,54,3745,3890,119,87,48,35,20,25,6,6,3765,3847,3596,3720,77,50,20,10,6,17,1,1,65,49,3658,3766,110,81,41,21,19,25,2,3,103,142,82,119,5,2,7,13,0,0,4,3,5,5,87,124,9,6,7,14,1,0,4,3
Tennessee,Cocke County,37596,18345,19251,17263,18165,451,394,126,119,95,131,15,15,395,427,17645,18572,657,625,272,286,143,179,29,30,17692,18581,16762,17639,417,365,97,88,90,124,6,13,320,352,17074,17977,588,562,209,219,131,162,15,23,653,670,501,526,34,29,29,31,5,7,9,2,75,75,571,595,69,63,63,67,12,17,14,7
Tennessee,Coffee County,61285,30213,31072,27422,28297,1333,1268,213,173,357,511,30,44,858,779,28244,29034,1876,1783,423,372,491,615,55,66,27921,29019,25478,26493,1206,1184,129,121,331,488,21,35,756,698,26210,27158,1689,1652,296,290,452,581,44,52,2292,2053,1944,1804,127,84,84,52,26,23,9,9,102,81,2034,1876,187,131,127,82,39,34,11,14
Tennessee,Crockett County,13973,6782,7191,5494,5825,991,1058,64,55,36,40,5,2,192,211,5679,6019,1106,1193,116,118,65,67,11,12,5952,6389,4822,5163,940,1020,19,18,24,34,3,2,144,152,4961,5306,1029,1122,54,58,47,51,8,8,830,802,672,662,51,38,45,37,12,6,2,0,48,59,718,713,77,71,62,60,18,16,3,4
Tennessee,Cumberland County,65618,32196,33422,30874,32190,376,259,158,194,230,281,85,23,473,475,31328,32635,514,408,437,482,301,346,97,39,30902,32142,29822,31121,323,208,104,125,214,266,20,12,419,410,30224,31507,443,335,346,372,282,324,31,22,1294,1280,1052,1069,53,51,54,69,16,15,65,11,54,65,1104,1128,71,73,91,110,19,22,66,17
Tennessee,Davidson County,729505,353570,375935,238894,245061,87448,101525,2540,3029,14108,15205,510,491,10070,10624,248041,254688,92766,107225,5370,6093,17685,18918,977,1004,298766,325584,191093,202165,84740,98775,692,742,13660,14751,197,190,8384,8961,198751,210317,89125,103578,2781,3079,16786,17980,538,579,54804,50351,47801,42896,2708,2750,1848,2287,448,454,313,301,1686,1663,49290,44371,3641,3647,2589,3014,899,938,439,425
Tennessee,Decatur County,11800,5899,5901,5476,5564,196,162,36,35,82,46,11,3,98,91,5570,5651,240,217,75,70,101,59,13,5,5647,5683,5265,5376,183,151,24,22,77,43,5,3,93,88,5354,5460,224,204,61,55,96,54,7,5,252,218,211,188,13,11,12,13,5,3,6,0,5,3,216,191,16,13,14,15,5,5,6,0
Tennessee,DeKalb County,21747,11030,10717,10261,10055,302,218,85,53,126,176,7,4,249,211,10497,10252,420,319,200,149,151,200,13,10,10007,9955,9401,9428,224,157,55,34,116,163,3,3,208,170,9598,9588,325,245,144,108,141,181,8,5,1023,762,860,627,78,61,30,19,10,13,4,1,41,41,899,664,95,74,56,41,10,19,5,5
Tennessee,Dickson County,57641,28471,29170,26066,27010,1278,1069,180,163,203,227,32,17,712,684,26749,27654,1739,1527,380,352,288,303,48,34,26888,27652,24732,25729,1203,1008,117,103,164,188,27,13,645,611,25354,26304,1628,1420,282,267,244,256,42,27,1583,1518,1334,1281,75,61,63,60,39,39,5,4,67,73,1395,1350,111,107,98,85,44,47,6,7
Tennessee,Dyer County,36403,17639,18764,14318,14992,2652,3060,101,85,110,160,4,8,454,459,14747,15422,2974,3381,204,207,159,203,18,23,16844,18019,13684,14418,2595,2992,52,49,98,145,3,5,412,410,14073,14802,2898,3288,135,151,142,184,16,14,795,745,634,574,57,68,49,36,12,15,1,3,42,49,674,620,76,93,69,56,17,19,2,9
Tennessee,Fayette County,44476,21938,22538,15329,15462,6012,6416,116,106,204,234,15,12,262,308,15570,15737,6146,6596,198,211,269,296,26,24,20956,21658,14526,14720,5910,6348,81,82,194,214,8,10,237,284,14745,14974,6034,6513,151,175,255,274,17,22,982,880,803,742,102,68,35,24,10,20,7,2,25,24,825,763,112,83,47,36,14,22,9,2
Tennessee,Fentress County,20129,9855,10274,9535,9934,77,66,50,57,81,47,6,5,106,165,9632,10085,129,138,99,140,97,72,9,10,9603,10042,9320,9740,71,57,39,42,74,40,4,5,95,158,9406,9885,116,124,83,123,90,63,7,10,252,232,215,194,6,9,11,15,7,7,2,0,11,7,226,200,13,14,16,17,7,9,2,0
Tennessee,Franklin County,45137,22206,22931,20127,20906,1166,1076,121,140,212,267,22,25,558,517,20655,21395,1456,1346,339,355,297,331,37,43,21246,22055,19315,20176,1127,1027,83,100,197,259,14,16,510,477,19796,20627,1400,1277,273,296,274,317,29,30,960,876,812,730,39,49,38,40,15,8,8,9,48,40,859,768,56,69,66,59,23,14,8,13
Tennessee,Gibson County,51422,24904,26518,19759,20797,4282,4868,108,90,160,155,10,12,585,596,20311,21358,4706,5314,244,225,215,206,28,25,23877,25575,18873,20019,4228,4790,79,50,151,148,5,7,541,561,19384,20549,4627,5214,196,172,205,196,21,17,1027,943,886,778,54,78,29,40,9,7,5,5,44,35,927,809,79,100,48,53,10,10,7,8
Tennessee,Giles County,30971,14947,16024,12948,13833,1430,1554,87,99,70,101,18,12,394,425,13313,14228,1660,1830,219,230,117,147,41,33,14464,15524,12553,13457,1403,1528,69,74,67,96,6,8,366,361,12891,13792,1620,1768,191,180,113,133,24,22,483,500,395,376,27,26,18,25,3,5,12,4,28,64,422,436,40,62,28,50,4,14,17,11
Tennessee,Grainger County,25073,12729,12344,12233,11922,178,138,87,55,42,49,8,9,181,171,12400,12085,258,215,173,138,68,71,17,13,12150,11945,11742,11590,158,108,49,36,38,48,4,6,159,157,11889,11741,230,180,123,112,60,65,12,10,579,399,491,332,20,30,38,19,4,1,4,3,22,14,511,344,28,35,50,26,8,6,5,3
Tennessee,Greene County,73398,36351,37047,34278,35262,1043,768,163,164,213,214,35,34,619,605,34858,35830,1353,1091,428,398,287,285,57,69,34758,35631,32911,34018,984,719,106,117,191,207,10,8,556,562,33430,34547,1268,1017,345,335,255,274,29,39,1593,1416,1367,1244,59,49,57,47,22,7,25,26,63,43,1428,1283,85,74,83,63,32,11,28,30
Tennessee,Grundy County,14148,7101,7047,6761,6728,113,91,47,59,57,51,0,1,123,117,6877,6837,156,137,122,127,71,62,2,6,6949,6871,6629,6579,106,84,41,50,52,46,0,1,121,111,6743,6683,149,126,114,114,66,57,2,6,152,176,132,149,7,7,6,9,5,5,0,0,2,6,134,154,7,11,8,13,5,5,0,0
Tennessee,Hamblen County,67715,33501,34214,30094,31024,1599,1467,421,335,439,436,184,149,764,803,30810,31771,2036,1955,669,585,562,562,218,183,27768,29275,25333,26811,1168,1142,103,91,366,393,153,121,645,717,25938,27484,1549,1581,294,309,471,505,182,149,5733,4939,4761,4213,431,325,318,244,73,43,31,28,119,86,4872,4287,487,374,375,276,91,57,36,34
Tennessee,Hamilton County,386256,187525,198731,144791,150258,31656,37510,1611,1232,4722,4843,359,349,4386,4539,148854,154440,34008,39976,3024,2746,5865,5996,574,577,169597,182793,129909,136934,30785,36650,450,470,4578,4678,107,105,3768,3956,133414,140600,32826,38809,1570,1711,5598,5709,277,289,17928,15938,14882,13324,871,860,1161,762,144,165,252,244,618,583,15440,13840,1182,1167,1454,1035,267,287,297,288
Tennessee,Hancock County,7038,3480,3558,3365,3420,25,34,10,24,11,14,1,2,68,64,3429,3483,51,57,40,54,27,24,3,4,3423,3516,3321,3382,22,32,10,22,8,14,1,2,61,64,3378,3445,45,55,36,52,24,24,3,4,57,42,44,38,3,2,0,2,3,0,0,0,7,0,51,38,6,2,4,2,3,0,0,0
Tennessee,Hardeman County,25434,14085,11349,7711,6322,6008,4562,51,51,101,111,9,6,205,297,7900,6600,6128,4740,113,146,134,153,21,18,13728,11078,7452,6139,5956,4521,33,34,96,107,4,2,187,275,7623,6396,6072,4685,85,121,125,148,15,14,357,271,259,183,52,41,18,17,5,4,5,4,18,22,277,204,56,55,28,25,9,5,6,4
Tennessee,Hardin County,27617,13536,14081,12581,13212,506,468,88,73,95,88,4,11,262,229,12832,13430,649,599,192,157,116,109,15,19,13153,13732,12258,12923,490,452,69,57,88,80,4,6,244,214,12493,13127,626,575,162,135,107,101,15,12,383,349,323,289,16,16,19,16,7,8,0,5,18,15,339,303,23,24,30,22,9,8,0,7
Tennessee,Hawkins County,59371,29507,29864,28193,28597,531,423,120,138,141,217,36,36,486,453,28656,29026,735,620,359,367,199,265,58,54,28771,29119,27574,27960,494,403,87,93,134,208,35,33,447,422,27998,28361,684,588,301,304,190,253,57,49,736,745,619,637,37,20,33,45,7,9,1,3,39,31,658,665,51,32,58,63,9,12,1,5
Tennessee,Haywood County,17097,8094,9003,3978,4047,3881,4721,46,47,41,33,4,4,144,151,4114,4197,3973,4822,85,86,57,44,11,9,7650,8581,3652,3727,3819,4657,23,29,26,27,0,0,130,141,3775,3867,3907,4753,56,63,39,37,5,5,444,422,326,320,62,64,23,18,15,6,4,4,14,10,339,330,66,69,29,23,18,7,6,4
Tennessee,Henderson County,28183,13771,14412,12085,12781,1147,1109,85,68,67,72,3,3,384,379,12454,13143,1435,1401,159,138,95,100,14,15,13276,13983,11678,12430,1116,1083,55,39,64,69,3,3,360,359,12026,12775,1389,1361,121,104,88,93,14,14,495,429,407,351,31,26,30,29,3,3,0,0,24,20,428,368,46,40,38,34,7,7,0,1
Tennessee,Henry County,32883,16044,16839,14301,15020,1145,1186,100,72,88,144,10,6,400,411,14679,15419,1404,1443,222,195,125,180,22,19,15466,16342,13820,14614,1107,1155,85,60,85,141,7,4,362,368,14163,14973,1347,1393,191,165,117,171,17,14,578,497,481,406,38,31,15,12,3,3,3,2,38,43,516,446,57,50,31,30,8,9,5,5
Tennessee,Hickman County,25859,13464,12395,12122,11633,924,290,105,97,43,83,7,11,263,281,12369,11899,1051,433,217,211,78,117,21,26,12893,11929,11633,11264,904,241,83,83,36,80,1,2,236,259,11856,11509,1020,374,183,187,64,111,14,16,571,466,489,369,20,49,22,14,7,3,6,9,27,22,513,390,31,59,34,24,14,6,7,10
Tennessee,Houston County,8538,4199,4339,3861,4043,178,123,20,26,33,26,4,6,103,115,3951,4152,236,193,63,64,44,39,9,9,4039,4177,3729,3912,169,112,14,15,28,26,3,6,96,106,3815,4013,223,179,52,48,38,36,8,9,160,162,132,131,9,11,6,11,5,0,1,0,7,9,136,139,13,14,11,16,6,3,1,0
Tennessee,Humphreys County,19554,9834,9720,9111,9073,380,242,101,64,43,106,7,5,192,230,9289,9297,492,373,161,146,70,128,16,12,9519,9402,8857,8810,366,225,76,42,41,106,7,5,172,214,9016,9018,472,348,125,117,63,126,16,12,315,318,254,263,14,17,25,22,2,0,0,0,20,16,273,279,20,25,36,29,7,2,0,0
Tennessee,Jackson County,12376,6298,6078,6041,5824,68,58,51,52,16,17,2,2,120,125,6151,5947,119,106,109,115,36,32,6,6,6092,5859,5862,5621,63,57,43,46,14,17,2,1,108,117,5961,5736,109,102,95,105,32,31,6,5,206,219,179,203,5,1,8,6,2,0,0,1,12,8,190,211,10,4,14,10,4,1,0,1
Tennessee,Jefferson County,59217,29211,30006,27582,28537,720,552,157,127,216,280,35,23,501,487,28048,28990,950,772,372,349,290,342,61,49,27663,28660,26223,27345,646,501,98,96,205,264,28,15,463,439,26654,27756,860,705,295,288,274,320,52,39,1548,1346,1359,1192,74,51,59,31,11,16,7,8,38,48,1394,1234,90,67,77,61,16,22,9,10
Tennessee,Johnson County,18506,9937,8569,9256,8303,436,58,51,33,33,43,8,5,153,127,9395,8426,506,109,118,97,58,55,18,10,9601,8218,8950,7985,424,53,46,23,32,35,6,1,143,121,9079,8102,491,100,107,85,56,47,16,6,336,351,306,318,12,5,5,10,1,8,2,4,10,6,316,324,15,9,11,12,2,8,2,4
Tennessee,Knox County,506748,248549,258199,211922,219969,21433,22889,1064,1090,7132,7070,371,404,6627,6777,218212,226385,25064,26680,2830,2901,8919,8814,614,647,231007,241357,196639,205529,20643,22040,577,601,6977,6913,182,178,5989,6096,202341,211336,23947,25475,2079,2131,8646,8520,378,375,17542,16842,15283,14440,790,849,487,489,155,157,189,226,638,681,15871,15049,1117,1205,751,770,273,294,236,272
Tennessee,Lake County,6422,3898,2524,2559,1863,1217,538,32,20,10,16,3,0,77,87,2630,1949,1265,597,60,42,14,22,7,2,3760,2449,2450,1804,1205,532,25,15,10,16,2,0,68,82,2512,1885,1249,590,48,34,14,21,6,2,138,75,109,59,12,6,7,5,0,0,1,0,9,5,118,64,16,7,12,8,0,1,1,0
Tennessee,Lauderdale County,24630,12770,11860,7671,7386,4641,4115,123,97,81,66,5,0,249,196,7892,7571,4809,4237,197,154,115,87,18,11,12338,11526,7389,7136,4558,4065,93,82,73,64,0,0,225,179,7592,7305,4709,4180,160,133,102,82,10,9,432,334,282,250,83,50,30,15,8,2,5,0,24,17,300,266,100,57,37,21,13,5,8,2
Tennessee,Lawrence County,46467,22943,23524,21679,22371,509,404,130,115,105,144,25,20,495,470,22148,22826,755,631,337,307,170,199,40,37,22180,22855,21034,21822,491,389,111,92,102,142,2,1,440,409,21452,22220,711,592,291,255,160,188,15,15,763,669,645,549,18,15,19,23,3,2,23,19,55,61,696,606,44,39,46,52,10,11,25,22
Tennessee,Lewis County,13418,6572,6846,6146,6463,165,141,53,32,70,67,5,6,133,137,6268,6593,230,214,103,90,94,78,12,12,6314,6606,5932,6272,153,135,42,19,64,59,5,5,118,116,6039,6383,212,199,85,65,86,69,12,10,258,240,214,191,12,6,11,13,6,8,0,1,15,21,229,210,18,15,18,25,8,9,0,2
Tennessee,Lincoln County,36751,18111,18640,15992,16463,1265,1372,198,121,127,150,39,41,490,493,16455,16930,1515,1614,406,342,182,198,55,58,17161,17873,15274,15862,1205,1310,115,93,117,148,12,19,438,441,15689,16282,1436,1531,294,289,162,188,25,33,950,767,718,601,60,62,83,28,10,2,27,22,52,52,766,648,79,83,112,53,20,10,30,25
Tennessee,Loudon County,62129,30634,31495,28972,29924,563,513,224,190,298,360,75,60,502,448,29442,30348,786,714,441,378,385,429,99,80,26997,28213,25735,27011,450,412,112,84,260,312,21,19,419,375,26135,27375,638,582,284,242,333,366,38,29,3637,3282,3237,2913,113,101,112,106,38,48,54,41,83,73,3307,2973,148,132,157,136,52,63,61,51
Tennessee,McMinn County,56754,27824,28930,25549,26632,1151,1104,169,176,184,272,13,12,758,734,26283,27344,1526,1471,481,473,274,351,33,32,26385,27519,24356,25442,1072,1019,106,119,168,259,7,4,676,676,25011,26101,1413,1363,375,387,248,330,25,20,1439,1411,1193,1190,79,85,63,57,16,13,6,8,82,58,1272,1243,113,108,106,86,26,21,8,12
Tennessee,McNairy County,26103,12878,13225,11641,12046,776,763,87,66,61,72,2,1,311,277,11941,12311,945,913,201,180,98,94,12,7,12536,12901,11369,11791,763,753,56,43,59,65,1,1,288,248,11648,12027,925,889,158,142,92,86,8,7,342,324,272,255,13,10,31,23,2,7,1,0,23,29,293,284,20,24,43,38,6,8,4,0
Tennessee,Macon County,27189,13399,13790,12626,13080,257,177,159,127,78,169,25,4,254,233,12863,13303,367,279,279,233,117,195,37,15,12330,12838,11789,12271,214,148,45,55,70,157,10,4,202,203,11981,12467,306,240,131,143,102,177,18,15,1069,952,837,809,43,29,114,72,8,12,15,0,52,30,882,836,61,39,148,90,15,18,19,0
Tennessee,Madison County,100409,48138,52271,28195,29797,18048,20452,255,195,616,697,21,23,1003,1107,29123,30822,18711,21174,463,412,811,913,74,90,45174,49502,25760,27519,17805,20187,91,103,585,647,15,16,918,1030,26610,28475,18419,20860,267,299,767,852,63,77,2964,2769,2435,2278,243,265,164,92,31,50,6,7,85,77,2513,2347,292,314,196,113,44,61,11,13
Tennessee,Marion County,29826,14764,15062,13652,13936,605,618,102,68,106,129,2,9,297,302,13934,14227,758,773,227,186,134,157,13,26,14317,14646,13284,13565,578,605,76,60,104,127,0,3,275,286,13544,13841,725,753,188,170,129,152,10,19,447,416,368,371,27,13,26,8,2,2,2,6,22,16,390,386,33,20,39,16,5,5,3,7
Tennessee,Marshall County,37847,18676,19171,16783,17220,1168,1190,121,107,142,154,19,24,443,476,17197,17675,1425,1467,264,249,207,220,37,45,17196,17817,15502,16062,1105,1106,74,57,122,135,6,12,387,445,15867,16486,1333,1365,192,188,179,199,20,31,1480,1354,1281,1158,63,84,47,50,20,19,13,12,56,31,1330,1189,92,102,72,61,28,21,17,14
Tennessee,Maury County,113411,55351,58060,46515,48547,5887,6608,364,308,951,893,72,67,1562,1637,47989,50107,6887,7677,737,687,1204,1132,142,131,50339,53302,42260,44491,5687,6415,201,147,887,830,28,43,1276,1376,43466,45809,6527,7330,474,431,1100,1036,81,95,5012,4758,4255,4056,200,193,163,161,64,63,44,24,286,261,4523,4298,360,347,263,256,104,96,61,36
Tennessee,Meigs County,13937,7052,6885,6635,6501,173,169,65,74,23,31,7,0,149,110,6780,6608,227,215,143,128,45,43,13,4,6861,6708,6492,6384,165,160,48,53,23,29,7,0,126,82,6615,6464,212,192,112,95,40,37,13,2,191,177,143,117,8,9,17,21,0,2,0,0,23,28,165,144,15,23,31,33,5,6,0,2
Tennessee,Monroe County,49154,24448,24706,23020,23383,593,493,190,168,118,164,20,29,507,469,23509,23831,802,681,446,412,168,213,37,44,23104,23476,21870,22319,518,438,131,132,104,152,16,14,465,421,22319,22723,710,605,362,350,151,194,32,28,1344,1230,1150,1064,75,55,59,36,14,12,4,15,42,48,1190,1108,92,76,84,62,17,19,5,16
Tennessee,Montgomery County,246025,122582,123443,84142,83604,27861,28461,1014,908,2603,3529,539,559,6423,6382,89949,89329,31754,32343,2354,2280,4819,5680,932,950,107093,108911,71988,72237,26351,26979,558,485,2421,3356,417,462,5358,5392,76855,77104,29592,30252,1528,1510,4323,5216,714,775,15489,14532,12154,11367,1510,1482,456,423,182,173,122,97,1065,990,13094,12225,2162,2091,826,770,496,464,218,175
Tennessee,Moore County,6773,3357,3416,3143,3186,97,75,15,18,26,83,1,0,75,54,3214,3238,140,105,39,36,37,90,4,2,3276,3338,3072,3121,94,72,13,14,25,77,1,0,71,54,3139,3173,134,102,36,32,36,84,4,2,81,78,71,65,3,3,2,4,1,6,0,0,4,0,75,65,6,3,3,4,1,6,0,0
Tennessee,Morgan County,21954,12030,9924,10951,9556,786,76,59,60,30,38,9,4,195,190,11135,9736,869,153,151,153,54,64,17,9,11779,9684,10739,9361,783,66,51,51,27,34,8,4,171,168,10899,9521,858,135,132,131,48,57,14,9,251,240,212,195,3,10,8,9,3,4,1,0,24,22,236,215,11,18,19,22,6,7,3,0
Tennessee,Obion County,30261,14673,15588,12655,13301,1514,1739,65,63,60,96,23,21,356,368,12999,13654,1767,1998,141,143,88,133,38,32,13711,14709,11829,12550,1459,1692,37,36,48,83,4,6,334,342,12154,12878,1703,1938,105,107,72,116,14,16,962,879,826,751,55,47,28,27,12,13,19,15,22,26,845,776,64,60,36,36,16,17,24,16
Tennessee,Overton County,23551,11799,11752,11366,11341,144,97,65,84,38,57,2,0,184,173,11542,11503,232,173,143,164,59,80,8,8,11445,11448,11068,11091,132,92,40,50,36,55,2,0,167,160,11228,11241,215,161,107,123,55,78,8,7,354,304,298,250,12,5,25,34,2,2,0,0,17,13,314,262,17,12,36,41,4,2,0,1
Tennessee,Perry County,8987,4479,4508,4196,4140,123,131,38,28,18,93,0,1,104,115,4296,4251,175,186,83,75,28,108,4,4,4366,4387,4101,4038,119,127,33,22,17,91,0,1,96,108,4193,4142,168,180,72,65,27,106,4,3,113,121,95,102,4,4,5,6,1,2,0,0,8,7,103,109,7,6,11,10,1,2,0,1
Tennessee,Pickett County,5108,2523,2585,2459,2516,14,12,6,17,9,8,1,4,34,28,2492,2543,30,21,21,30,12,13,2,6,2465,2528,2408,2463,13,11,4,15,7,7,1,4,32,28,2439,2490,28,20,18,28,10,12,2,6,58,57,51,53,1,1,2,2,2,1,0,0,2,0,53,53,2,1,3,2,2,1,0,0
Tennessee,Polk County,18338,9142,9196,8772,8852,125,76,63,65,35,57,3,8,144,138,8911,8979,166,122,147,140,54,79,8,16,8890,8980,8575,8675,117,72,51,54,29,53,0,1,118,125,8689,8789,152,110,121,124,42,74,4,9,252,216,197,177,8,4,12,11,6,4,3,7,26,13,222,190,14,12,26,16,12,5,4,7
Tennessee,Putnam County,84894,42585,42309,39138,39306,1226,982,459,434,755,636,84,56,923,895,39995,40156,1699,1433,748,702,968,836,123,102,38571,38702,35844,36379,1079,821,135,132,672,558,21,15,820,797,36608,37135,1506,1224,377,358,864,750,55,54,4014,3607,3294,2927,147,161,324,302,83,78,63,41,103,98,3387,3021,193,209,371,344,104,86,68,48
Tennessee,Rhea County,34759,17319,17440,16262,16389,430,352,113,142,108,133,24,20,382,404,16625,16782,622,555,268,297,155,179,36,34,16017,16406,15143,15513,379,320,74,84,92,120,12,13,317,356,15445,15859,550,501,194,221,127,159,20,25,1302,1034,1119,876,51,32,39,58,16,13,12,7,65,48,1180,923,72,54,74,76,28,20,16,9
Tennessee,Roane County,56742,28262,28480,26396,26695,897,789,139,128,196,254,18,24,616,590,26991,27266,1166,1034,408,391,282,347,35,40,27459,27639,25782,25998,821,744,104,100,186,240,10,20,556,537,26322,26517,1068,973,339,330,265,328,25,35,803,841,614,697,76,45,35,28,10,14,8,4,60,53,669,749,98,61,69,61,17,19,10,5
Tennessee,Robertson County,78459,39016,39443,34217,34520,3098,3281,337,335,404,411,56,60,904,836,35089,35324,3624,3740,597,584,540,559,85,83,34562,35452,30401,31101,2879,3118,134,139,328,352,24,14,796,728,31174,31805,3356,3525,339,344,454,483,48,33,4454,3991,3816,3419,219,163,203,196,76,59,32,46,108,108,3915,3519,268,215,258,240,86,76,37,50
Tennessee,Rutherford County,376996,185903,191093,139362,141424,30999,33487,1468,1341,7655,8349,333,341,6086,6151,145019,147120,34693,37289,2740,2664,9414,10087,545,531,160027,166732,117192,120619,29681,32091,447,458,7362,8052,153,214,5192,5298,122048,125556,32865,35387,1401,1479,8924,9605,306,373,25876,24361,22170,20805,1318,1396,1021,883,293,297,180,127,894,853,22971,21564,1828,1902,1339,1185,490,482,239,158
Tennessee,Scott County,22517,11109,11408,10815,11117,63,40,49,63,50,45,2,3,130,140,10939,11252,115,93,116,136,67,61,5,8,10943,11258,10671,10990,59,30,42,57,47,44,1,0,123,137,10788,11122,106,81,107,129,64,60,4,5,166,150,144,127,4,10,7,6,3,1,1,3,7,3,151,130,9,12,9,7,3,1,1,3
Tennessee,Sequatchie County,17620,8967,8653,8544,8301,133,90,56,54,49,58,8,3,177,147,8714,8441,215,149,137,135,67,74,12,6,8324,8237,7966,7925,114,79,31,45,41,50,7,3,165,135,8124,8053,190,133,106,119,59,65,11,6,643,416,578,376,19,11,25,9,8,8,1,0,12,12,590,388,25,16,31,16,8,9,1,0
Tennessee,Sevier County,100184,49586,50598,46241,47497,1019,871,480,505,728,824,68,47,1050,854,47226,48307,1414,1196,930,862,987,1031,106,79,43730,45455,41176,43119,802,658,217,191,640,746,24,19,871,722,42001,43810,1134,933,563,472,872,934,52,47,5856,5143,5065,4378,217,213,263,314,88,78,44,28,179,132,5225,4497,280,263,367,390,115,97,54,32
Tennessee,Shelby County,910530,431382,479148,181866,185887,223073,266520,2840,2091,14949,15372,444,445,8210,8833,188853,193332,228185,272004,5054,4604,17705,18317,829,888,386088,437608,144250,151377,219408,262847,680,666,14566,14970,30,37,7154,7711,150356,157899,223826,267625,2455,2720,17036,17583,329,403,45294,41540,37616,34510,3665,3673,2160,1425,383,402,414,408,1056,1122,38497,35433,4359,4379,2599,1884,669,734,500,485
Tennessee,Smith County,20783,10395,10388,9739,9743,295,261,59,73,79,76,6,3,217,232,9943,9958,414,396,143,164,106,102,10,8,10022,10015,9427,9437,282,245,49,55,68,71,6,3,190,204,9606,9628,388,366,119,134,93,92,10,7,373,373,312,306,13,16,10,18,11,5,0,0,27,28,337,330,26,30,24,30,13,10,0,1
Tennessee,Stewart County,14365,7266,7099,6775,6651,170,119,67,54,65,85,7,5,182,185,6939,6824,254,201,157,139,90,119,14,9,7017,6865,6568,6464,156,113,64,46,62,78,6,5,161,159,6716,6613,228,187,145,115,84,107,10,7,249,234,207,187,14,6,3,8,3,7,1,0,21,26,223,211,26,14,12,24,6,12,4,2
Tennessee,Sullivan County,162703,79699,83004,74664,78309,2295,1879,401,392,718,883,53,47,1568,1494,76149,79737,3108,2650,945,902,1013,1158,94,88,77190,80621,72635,76359,2150,1781,255,224,687,851,31,30,1432,1376,73992,77680,2901,2503,729,672,964,1109,69,65,2509,2383,2029,1950,145,98,146,168,31,32,22,17,136,118,2157,2057,207,147,216,230,49,49,25,23
Tennessee,Sumner County,211721,103992,107729,89898,92620,8982,9800,543,556,1889,2085,132,131,2548,2537,92312,95043,10334,11143,1254,1272,2565,2755,225,217,95443,99499,82474,85545,8608,9412,301,259,1777,1984,74,83,2209,2216,84581,87665,9791,10597,860,838,2394,2587,145,155,8549,8230,7424,7075,374,388,242,297,112,101,58,48,339,321,7731,7378,543,546,394,434,171,168,80,62
Tennessee,Tipton County,62187,30516,31671,23759,24302,5614,6035,181,163,192,344,37,47,733,780,24435,25035,6000,6464,401,393,375,533,72,76,29393,30692,22880,23514,5512,5958,139,124,168,324,32,46,662,726,23493,24194,5864,6364,329,328,336,501,60,72,1123,979,879,788,102,77,42,39,24,20,5,1,71,54,942,841,136,100,72,65,39,32,12,4
Tennessee,Trousdale County,12159,7003,5156,5907,4526,915,395,38,36,13,45,2,1,128,153,6024,4673,1003,505,75,68,28,61,5,4,6684,4889,5651,4301,889,379,21,19,12,42,1,1,110,147,5751,4442,970,487,48,48,24,57,3,4,319,267,256,225,26,16,17,17,1,3,1,0,18,6,273,231,33,18,27,20,4,4,2,0
Tennessee,Unicoi County,17872,8926,8946,8569,8655,83,65,81,63,45,36,6,1,142,126,8705,8776,146,125,156,123,60,51,7,3,8264,8323,8005,8108,66,40,35,32,44,34,5,1,109,108,8109,8212,117,93,87,81,57,47,6,3,662,623,564,547,17,25,46,31,1,2,1,0,33,18,596,564,29,32,69,42,3,4,1,0
Tennessee,Union County,21064,10498,10566,10137,10235,99,80,70,61,24,29,15,6,153,155,10280,10384,159,143,151,141,45,45,18,10,10189,10312,9897,10029,83,71,42,30,20,28,1,2,146,152,10033,10175,140,132,119,109,40,44,4,6,309,254,240,206,16,9,28,31,4,1,14,4,7,3,247,209,19,11,32,32,5,1,14,4
Tennessee,Van Buren County,6686,3314,3372,3201,3232,40,34,14,25,8,19,2,1,49,61,3247,3291,64,60,36,51,14,28,4,3,3228,3272,3129,3144,33,33,12,19,8,17,0,1,46,58,3172,3200,55,57,32,44,14,26,2,3,86,100,72,88,7,1,2,6,0,2,2,0,3,3,75,91,9,3,4,7,0,2,2,0
Tennessee,Warren County,43619,21774,21845,19976,20083,916,874,146,102,243,264,29,21,464,501,20421,20565,1193,1160,291,276,297,326,43,31,19171,19962,17713,18427,756,773,79,68,221,249,11,8,391,437,18085,18849,991,1028,200,211,270,305,23,17,2603,1883,2263,1656,160,101,67,34,22,15,18,13,73,64,2336,1716,202,132,91,65,27,21,20,14
Tennessee,Washington County,139642,68453,71189,62031,64739,3205,2987,413,301,1106,1376,58,47,1640,1739,63585,66370,4119,3968,890,799,1480,1779,110,112,64668,67703,58843,61799,3047,2814,227,164,1074,1347,30,23,1447,1556,60222,63260,3861,3700,622,583,1409,1720,77,77,3785,3486,3188,2940,158,173,186,137,32,29,28,24,193,183,3363,3110,258,268,268,216,71,59,33,35
Tennessee,Wayne County,15974,8768,7206,7681,6876,894,145,48,42,29,20,5,2,111,121,7785,6991,950,204,96,93,43,37,6,5,8463,7024,7423,6726,866,132,39,33,27,20,2,2,106,111,7522,6831,920,187,84,78,41,36,3,5,305,182,258,150,28,13,9,9,2,0,3,0,5,10,263,160,30,17,12,15,2,1,3,0
Tennessee,Weakley County,33162,16304,16858,14234,14560,1360,1464,108,81,245,370,10,13,347,370,14557,14913,1568,1702,197,170,311,428,28,28,15708,16345,13759,14165,1320,1428,73,52,238,363,8,10,310,327,14046,14478,1510,1642,151,123,295,419,24,22,596,513,475,395,40,36,35,29,7,7,2,3,37,43,511,435,58,60,46,47,16,9,4,6
Tennessee,White County,29108,14394,14714,13603,14051,345,204,85,74,70,96,17,13,274,276,13867,14313,493,352,192,187,99,125,24,21,13837,14182,13130,13573,320,192,59,55,61,94,15,12,252,256,13374,13816,458,330,155,159,86,121,21,18,557,532,473,478,25,12,26,19,9,2,2,1,22,20,493,497,35,22,37,28,13,4,3,3
Tennessee,Williamson County,269136,132973,136163,116030,118945,5566,5619,398,338,8180,8333,92,102,2707,2826,118625,121630,6587,6710,1037,1017,9399,9620,199,214,124517,127656,108441,111254,5306,5362,237,195,8084,8235,70,62,2379,2548,110737,113683,6203,6336,741,763,9203,9441,148,154,8456,8507,7589,7691,260,257,161,143,96,98,22,40,328,278,7888,7947,384,374,296,254,196,179,51,60
Tennessee,Wilson County,169948,83695,86253,71328,73698,6892,7086,514,464,2807,2836,92,87,2062,2082,73288,75661,8003,8236,1096,1063,3355,3386,191,174,77229,80009,65794,68317,6545,6835,293,240,2720,2751,57,44,1820,1822,67537,70041,7537,7858,768,724,3224,3245,129,114,6466,6244,5534,5381,347,251,221,224,87,85,35,43,242,260,5751,5620,466,378,328,339,131,141,62,60
Texas,Anderson County,59512,36341,23171,25173,18569,9705,3468,303,186,364,278,81,60,715,610,25800,19123,10091,3860,519,326,558,397,165,91,28556,19063,18262,14911,9346,3263,162,109,227,237,32,24,527,519,18748,15377,9664,3607,293,222,333,340,63,51,7785,4108,6911,3658,359,205,141,77,137,41,49,36,188,91,7052,3746,427,253,226,104,225,57,102,40
Texas,Andrews County,18923,9572,9351,8911,8742,237,196,173,168,70,75,4,6,177,164,9081,8895,324,267,247,247,90,97,9,12,3928,3846,3549,3518,170,110,73,80,48,51,2,1,86,86,3630,3595,219,152,98,121,63,63,4,3,5644,5505,5362,5224,67,86,100,88,22,24,2,5,91,78,5451,5300,105,115,149,126,27,34,5,9
Texas,Angelina County,88094,43060,45034,34699,36046,6648,7072,378,360,462,553,88,114,785,889,35437,36872,7105,7591,596,608,605,722,116,148,32363,34339,24860,26204,6271,6749,161,142,391,484,64,101,616,659,25437,26810,6638,7155,307,301,521,622,86,123,10697,10695,9839,9842,377,323,217,218,71,69,24,13,169,230,10000,10062,467,436,289,307,84,100,30,25
Texas,Aransas County,25595,12707,12888,11653,11897,330,219,197,191,198,255,19,18,310,308,11948,12186,443,332,357,350,247,302,26,29,9041,9470,8301,8750,248,162,107,95,165,225,9,11,211,227,8502,8958,330,250,204,207,204,264,14,20,3666,3418,3352,3147,82,57,90,96,33,30,10,7,99,81,3446,3228,113,82,153,143,43,38,12,9
Texas,Archer County,9155,4601,4554,4303,4262,87,54,83,92,28,37,2,2,98,107,4396,4360,133,105,124,130,43,58,5,9,4105,4101,3891,3873,71,43,42,57,22,30,2,2,77,96,3964,3960,107,89,71,90,36,50,5,9,496,453,412,389,16,11,41,35,6,7,0,0,21,11,432,400,26,16,53,40,7,8,0,0
Texas,Armstrong County,1809,917,892,865,834,23,13,9,23,11,4,0,1,9,17,873,851,28,17,12,31,12,8,1,2,825,796,779,748,20,10,8,19,10,2,0,1,8,16,786,764,24,13,11,27,11,6,1,2,92,96,86,86,3,3,1,4,1,2,0,0,1,1,87,87,4,4,1,4,1,2,0,0
Texas,Atascosa County,52783,26467,26316,24778,24794,572,415,435,384,219,239,55,74,408,410,25167,25182,704,546,666,615,275,296,70,92,8687,8771,7785,8001,402,244,118,113,145,172,28,25,209,216,7982,8200,479,322,220,225,185,210,35,32,17780,17545,16993,16793,170,171,317,271,74,67,27,49,199,194,17185,16982,225,224,446,390,90,86,35,60
Texas,Austin County,32546,16381,16165,14162,14023,1542,1482,208,164,146,173,12,4,311,319,14458,14314,1713,1670,312,255,188,229,27,19,11431,11644,9611,9805,1398,1358,63,62,125,152,6,1,228,266,9828,10045,1530,1518,132,137,159,197,16,14,4950,4521,4551,4218,144,124,145,102,21,21,6,3,83,53,4630,4269,183,152,180,118,29,32,11,5
Texas,Bailey County,7031,3623,3408,3063,3105,302,95,116,104,45,26,8,11,89,67,3147,3169,353,125,142,132,60,37,12,14,1162,1160,992,1024,69,43,8,18,31,21,6,4,56,50,1046,1071,102,64,25,40,39,28,7,7,2461,2248,2071,2081,233,52,108,86,14,5,2,7,33,17,2101,2098,251,61,117,92,21,9,5,7
Texas,Bandera County,22830,11276,11554,10604,10797,198,176,186,210,71,116,6,12,211,243,10804,11021,286,266,287,334,103,150,11,26,8777,8923,8294,8398,164,146,102,84,57,103,3,7,157,185,8440,8565,231,218,177,173,83,133,7,19,2499,2631,2310,2399,34,30,84,126,14,13,3,5,54,58,2364,2456,55,48,110,161,20,17,4,7
Texas,Bastrop County,114931,58727,56204,50902,48935,4346,3834,1352,1206,624,787,103,96,1400,1346,52225,50184,4975,4436,1930,1773,870,1023,163,158,30761,30244,25308,25228,3746,3253,240,191,492,644,49,43,926,885,26179,26041,4193,3678,555,524,689,818,89,86,27966,25960,25594,23707,600,581,1112,1015,132,143,54,53,474,461,26046,24143,782,758,1375,1249,181,205,74,72
Texas,Baylor County,3533,1773,1760,1605,1589,75,59,24,14,4,11,1,22,64,65,1667,1651,117,93,38,32,14,22,2,27,1503,1509,1394,1368,58,49,7,8,3,8,1,22,40,54,1432,1420,80,78,17,22,12,16,2,27,270,251,211,221,17,10,17,6,1,3,0,0,24,11,235,231,37,15,21,10,2,6,0,0
Texas,Bee County,31226,19602,11624,16422,10833,2643,260,162,156,128,147,22,11,225,217,16635,11033,2739,351,260,256,164,178,33,24,8578,3461,5747,3004,2542,180,51,40,105,122,7,7,126,108,5868,3103,2598,230,99,86,130,137,11,13,11024,8163,10675,7829,101,80,111,116,23,25,15,4,99,109,10767,7930,141,121,161,170,34,41,22,11
Texas,Bell County,399578,198816,200762,129268,128808,49472,49650,2319,2333,6075,7812,1728,1781,9954,10378,137916,137754,55643,56127,4158,4331,9586,11435,2535,2663,143690,146751,83824,84610,44733,44580,855,881,5391,7208,1354,1451,7533,8021,90349,91468,49476,49646,1981,2165,8217,10203,1932,2118,55126,54011,45444,44198,4739,5070,1464,1452,684,604,374,330,2421,2357,47567,46286,6167,6481,2177,2166,1369,1232,603,545
Texas,Bexar County,2127737,1057447,1070290,866261,878414,102652,100177,15242,14436,40373,44182,2665,2857,30254,30224,893401,905420,116052,113729,23864,23294,52898,56419,4824,5074,427124,422175,279123,273673,88143,85047,2548,2499,36445,40249,1381,1481,19484,19226,296496,290686,96900,93887,6775,6827,45480,48958,2650,2818,630323,648115,587138,604741,14509,15130,12694,11937,3928,3933,1284,1376,10770,10998,596905,614734,19152,19842,17089,16467,7418,7461,2174,2256
Texas,Blanco County,13358,6641,6717,6149,6327,148,65,132,69,53,93,3,8,156,155,6295,6465,213,139,202,127,76,125,11,17,5305,5512,4986,5217,105,49,63,31,47,86,2,6,102,123,5084,5325,151,108,102,74,64,114,6,15,1336,1205,1163,1110,43,16,69,38,6,7,1,2,54,32,1211,1140,62,31,100,53,12,11,5,2
Texas,Borden County,557,271,286,258,271,5,1,0,6,0,1,0,0,8,7,266,278,8,3,4,11,2,1,0,0,232,246,223,234,5,1,0,6,0,1,0,0,4,4,227,238,7,3,1,8,1,1,0,0,39,40,35,37,0,0,0,0,0,0,0,0,4,3,39,40,1,0,3,3,1,0,0,0
Texas,Bosque County,19013,9337,9676,8674,9116,296,198,113,90,66,88,11,12,177,172,8844,9279,384,291,173,141,92,117,22,21,7431,7820,6973,7395,221,163,53,52,48,71,4,1,132,138,7101,7525,289,238,95,91,69,96,10,9,1906,1856,1701,1721,75,35,60,38,18,17,7,11,45,34,1743,1754,95,53,78,50,23,21,12,12
Texas,Bowie County,91992,46104,45888,31763,31257,11734,12173,592,510,642,696,61,44,1312,1208,32958,32352,12496,12893,992,866,887,926,137,108,41153,42500,27609,28407,11442,11975,357,342,609,672,45,33,1091,1071,28603,29372,12108,12629,652,645,819,886,104,87,4951,3388,4154,2850,292,198,235,168,33,24,16,11,221,137,4355,2980,388,264,340,221,68,40,33,21
Texas,Brazoria County,413224,207604,205620,146595,142183,37649,38173,1941,1786,16359,18408,257,232,4803,4838,151013,146597,40007,40579,3208,3080,18047,20093,483,451,139629,141413,83727,82725,35707,36198,634,728,15883,17933,99,100,3579,3729,87026,86122,37505,38107,1412,1593,17263,19340,249,244,67975,64207,62868,59458,1942,1975,1307,1058,476,475,158,132,1224,1109,63987,60475,2502,2472,1796,1487,784,753,234,207
Texas,Brazos County,249624,125995,123629,99415,97752,13680,14885,1059,909,8590,6936,155,192,3096,2955,102314,100492,14934,16101,1781,1638,9920,8167,297,342,90693,89270,66949,66090,12657,13844,357,358,8399,6750,80,97,2251,2131,69064,68066,13572,14740,771,783,9464,7716,180,202,35302,34359,32466,31662,1023,1041,702,551,191,186,75,95,845,824,33250,32426,1362,1361,1010,855,456,451,117,140
Texas,Brewster County,9508,4809,4699,4292,4147,168,149,98,98,124,166,7,8,120,131,4407,4269,221,204,144,151,147,189,11,18,2728,2718,2350,2328,140,116,51,39,105,145,2,5,80,85,2427,2406,174,154,77,72,125,161,6,10,2081,1981,1942,1819,28,33,47,59,19,21,5,3,40,46,1980,1863,47,50,67,79,22,28,5,8
Texas,Briscoe County,1494,776,718,706,644,31,31,9,11,1,1,0,1,29,30,735,673,45,50,21,15,4,8,0,2,555,506,498,446,27,28,4,6,1,1,0,1,25,24,523,470,39,43,14,9,4,6,0,2,221,212,208,198,4,3,5,5,0,0,0,0,4,6,212,203,6,7,7,6,0,2,0,0
Texas,Brooks County,6740,3628,3112,3353,2922,178,65,34,33,47,38,1,2,15,52,3367,2972,185,102,40,46,49,42,2,3,546,347,333,231,160,38,6,10,39,27,0,0,8,41,341,270,164,68,8,19,40,30,1,1,3082,2765,3020,2691,18,27,28,23,8,11,1,2,7,11,3026,2702,21,34,32,27,9,12,1,2
Texas,Brown County,38631,19150,19481,17420,17940,1009,770,195,219,144,148,17,15,365,389,17769,18304,1174,956,348,376,194,206,31,34,14612,15090,13173,13872,884,671,107,102,126,131,9,8,313,306,13474,14154,1027,824,234,219,171,180,19,23,4538,4391,4247,4068,125,99,88,117,18,17,8,7,52,83,4295,4150,147,132,114,157,23,26,12,11
Texas,Burleson County,20179,9947,10232,8439,8702,1055,1088,147,121,95,92,10,9,201,220,8634,8903,1175,1217,199,187,122,124,19,24,7417,7830,6147,6507,981,1022,53,38,84,81,4,6,148,176,6289,6668,1070,1126,88,90,108,108,10,16,2530,2402,2292,2195,74,66,94,83,11,11,6,3,53,44,2345,2235,105,91,111,97,14,16,9,8
Texas,Burnet County,55722,27384,28338,25438,26402,684,535,377,306,323,483,31,40,531,572,25947,26925,885,767,625,559,412,598,52,73,20439,21796,19073,20339,562,444,160,130,265,443,23,18,356,422,19413,20720,699,624,308,304,343,536,35,43,6945,6542,6365,6063,122,91,217,176,58,40,8,22,175,150,6534,6205,186,143,317,255,69,62,17,30
Texas,Caldwell County,52430,26493,25937,23549,23098,1660,1588,493,446,261,262,38,31,492,512,24007,23567,1872,1825,720,668,332,333,60,61,10968,10922,9004,9010,1401,1343,74,65,202,200,8,11,279,293,9260,9274,1531,1500,181,168,255,249,23,27,15525,15015,14545,14088,259,245,419,381,59,62,30,20,213,219,14747,14293,341,325,539,500,77,84,37,34
Texas,Calhoun County,19942,10148,9794,8929,8749,350,288,128,101,560,518,10,7,171,131,9089,8860,418,359,199,143,592,547,21,16,5099,4946,4161,4108,244,212,39,30,546,502,3,3,106,91,4261,4181,288,267,78,58,570,524,8,7,5049,4848,4768,4641,106,76,89,71,14,16,7,4,65,40,4828,4679,130,92,121,85,22,23,13,9
Texas,Callahan County,14615,7288,7327,6779,6840,179,146,87,85,42,85,10,6,191,165,6962,6981,266,228,156,150,75,117,21,20,6322,6481,5930,6093,135,117,49,49,40,84,8,4,160,134,6082,6206,207,183,106,101,70,112,18,16,966,846,849,747,44,29,38,36,2,1,2,2,31,31,880,775,59,45,50,49,5,5,3,4
Texas,Cameron County,431874,213817,218057,205623,210903,2809,2114,1584,1480,2298,2147,190,171,1313,1242,206796,211991,3187,2474,2224,2116,2688,2509,291,277,24166,22448,19508,18615,1831,1209,227,244,1952,1809,85,70,563,501,20006,19042,2003,1383,439,444,2167,1998,127,102,189651,195609,186115,192288,978,905,1357,1236,346,338,105,101,750,741,186790,192949,1184,1091,1785,1672,521,511,164,175
Texas,Camp County,13164,6383,6781,4953,5296,964,1090,133,80,111,122,6,18,216,175,5160,5456,1091,1206,188,123,143,148,17,24,4515,4837,3337,3536,893,1013,41,32,90,104,5,14,149,138,3481,3662,983,1113,72,57,116,126,12,17,1868,1944,1616,1760,71,77,92,48,21,18,1,4,67,37,1679,1794,108,93,116,66,27,22,5,7
Texas,Carson County,5822,2993,2829,2741,2643,73,44,55,45,16,28,2,1,106,68,2841,2700,128,86,84,66,37,40,9,6,2654,2473,2439,2324,62,35,39,36,13,21,2,1,99,56,2532,2372,112,72,66,52,34,31,9,3,339,356,302,319,11,9,16,9,3,7,0,0,7,12,309,328,16,14,18,14,3,9,0,3
Texas,Cass County,28622,13904,14718,11146,11676,2207,2461,140,133,95,130,18,8,298,310,11425,11952,2347,2625,238,236,153,193,40,27,13018,13870,10426,10969,2158,2420,85,89,90,126,11,5,248,261,10658,11201,2275,2564,161,171,141,181,31,19,886,848,720,707,49,41,55,44,5,4,7,3,50,49,767,751,72,61,77,65,12,12,9,8
Texas,Castro County,7380,3846,3534,3558,3225,119,94,75,83,38,84,8,3,48,45,3602,3263,140,117,94,101,49,94,10,4,1283,1230,1129,1050,82,58,17,17,34,80,1,3,20,22,1149,1069,91,69,22,25,40,86,1,3,2563,2304,2429,2175,37,36,58,66,4,4,7,0,28,23,2453,2194,49,48,72,76,9,8,9,1
Texas,Chambers County,56179,28238,27941,24175,23673,2714,2915,359,308,431,512,49,42,510,491,24650,24112,2961,3164,513,461,549,634,79,70,20041,19995,16623,16662,2515,2410,110,112,382,453,28,15,383,343,16980,16969,2704,2594,206,198,486,550,50,32,8197,7946,7552,7011,199,505,249,196,49,59,21,27,127,148,7670,7143,257,570,307,263,63,84,29,38
Texas,Cherokee County,53223,27184,26039,21926,21363,3913,3374,462,403,160,261,37,19,686,619,22578,21936,4293,3730,700,609,246,349,56,44,20222,20004,15762,16007,3716,3194,111,93,128,226,13,6,492,478,16229,16452,4002,3483,254,238,202,294,29,23,6962,6035,6164,5356,197,180,351,310,32,35,24,13,194,141,6349,5484,291,247,446,371,44,55,27,21
Texas,Childress County,6679,3939,2740,3197,2480,577,118,45,39,39,32,0,2,81,69,3273,2544,614,156,74,56,56,48,3,5,2596,1985,1908,1773,560,97,28,26,37,30,0,2,63,57,1968,1828,590,128,49,39,50,44,2,3,1343,755,1289,707,17,21,17,13,2,2,0,0,18,12,1305,716,24,28,25,17,6,4,1,2
Texas,Clay County,10730,5424,5306,5057,4882,98,69,84,105,30,75,2,5,153,170,5201,5034,156,141,154,182,58,112,9,12,4990,4877,4690,4535,80,58,66,69,26,73,2,5,126,137,4809,4659,125,115,122,130,53,105,8,10,434,429,367,347,18,11,18,36,4,2,0,0,27,33,392,375,31,26,32,52,5,7,1,2
Texas,Cochran County,2583,1337,1246,1167,1108,63,59,54,52,13,8,3,4,37,15,1202,1119,74,67,75,56,22,14,3,5,498,485,412,415,50,43,5,11,10,3,1,2,20,11,431,424,57,49,12,13,17,7,1,3,839,761,755,693,13,16,49,41,3,5,2,2,17,4,771,695,17,18,63,43,5,7,2,2
Texas,Coke County,3396,1682,1714,1563,1618,24,13,52,47,2,2,1,0,40,34,1603,1648,37,29,67,58,13,13,2,0,1297,1349,1219,1297,22,8,18,12,2,2,1,0,35,30,1254,1325,34,23,30,21,12,10,2,0,385,365,344,321,2,5,34,35,0,0,0,0,5,4,349,323,3,6,37,37,1,3,0,0
Texas,Coleman County,7990,3969,4021,3606,3675,160,143,62,60,44,55,2,0,95,88,3699,3756,200,188,103,91,60,73,2,1,3268,3316,2999,3060,138,117,29,28,38,52,1,0,63,59,3060,3116,162,147,56,45,52,66,1,1,701,705,607,615,22,26,33,32,6,3,1,0,32,29,639,640,38,41,47,46,8,7,1,0
Texas,Collin County,1254658,625723,628935,393221,391974,72122,80258,4531,4370,135738,132538,697,729,19414,19066,411144,409510,79055,87280,8487,8311,146143,142597,1512,1615,523391,527538,300803,300440,69045,76860,2230,2200,134608,131344,464,522,16241,16172,315808,315290,74780,82805,5057,5115,143769,140275,1120,1237,102332,101397,92418,91534,3077,3398,2301,2170,1130,1194,233,207,3173,2894,95336,94220,4275,4475,3430,3196,2374,2322,392,378
Texas,Collingsworth County,2611,1288,1323,1116,1137,85,88,43,50,11,8,0,0,33,40,1149,1176,99,105,53,65,19,17,1,1,866,918,739,792,72,70,23,23,4,2,0,0,28,31,767,823,84,84,30,35,12,8,1,0,422,405,377,345,13,18,20,27,7,6,0,0,5,9,382,353,15,21,23,30,7,9,0,1
Texas,Colorado County,21475,10699,10776,8886,8968,1349,1339,141,123,76,87,11,11,236,248,9113,9200,1494,1489,194,189,109,121,25,27,7220,7492,5754,6009,1199,1218,38,26,58,66,6,7,165,166,5912,6167,1301,1327,72,62,84,90,16,14,3479,3284,3132,2959,150,121,103,97,18,21,5,4,71,82,3201,3033,193,162,122,127,25,31,9,13
Texas,Comal County,201628,100416,101212,91241,92061,3968,3421,903,886,1557,2159,188,184,2559,2501,93634,94386,4764,4236,1972,1920,2365,2950,278,284,70678,71495,63629,64364,3426,2892,370,336,1352,1932,101,115,1800,1856,65309,66083,4010,3522,1000,1014,2019,2594,168,186,29738,29717,27612,27697,542,529,533,550,205,227,87,69,759,645,28325,28303,754,714,972,906,346,356,110,98
Texas,Comanche County,14359,7237,7122,6813,6763,155,82,98,107,44,59,9,2,118,109,6924,6866,208,131,147,147,64,80,14,8,4946,5061,4681,4838,95,40,40,48,32,55,8,2,90,78,4764,4911,134,77,76,75,51,72,13,5,2291,2061,2132,1925,60,42,58,59,12,4,1,0,28,31,2160,1955,74,54,71,72,13,8,1,3
Texas,Concho County,3326,2163,1163,1718,1050,365,61,18,19,45,12,1,0,16,21,1732,1070,372,70,24,29,49,14,2,1,1391,834,973,745,349,51,13,11,42,11,1,0,13,16,984,760,354,59,18,18,46,13,2,0,772,329,745,305,16,10,5,8,3,1,0,0,3,5,748,310,18,11,6,11,3,1,0,1
Texas,Cooke County,44258,22042,22216,20141,20435,847,725,377,322,230,262,23,17,424,455,20544,20856,1044,948,549,517,284,319,46,38,17041,17609,15534,16167,722,632,216,182,189,229,17,11,363,388,15877,16521,895,832,356,346,239,279,38,26,5001,4607,4607,4268,125,93,161,140,41,33,6,6,61,67,4667,4335,149,116,193,171,45,40,8,12
Texas,Coryell County,86370,43593,42777,31566,30863,7901,7728,649,562,910,1207,519,467,2048,1950,33378,32543,9101,8886,1059,967,1598,1847,652,621,33968,33777,23655,23422,7184,7071,294,275,774,1093,448,403,1613,1513,25081,24726,8140,7998,572,538,1359,1628,549,512,9625,9000,7911,7441,717,657,355,287,136,114,71,64,435,437,8297,7817,961,888,487,429,239,219,103,109
Texas,Cottle County,1263,631,632,541,535,68,67,4,5,2,1,1,0,15,24,555,558,77,79,7,12,6,6,1,1,439,473,362,388,62,63,0,2,2,1,1,0,12,19,374,406,69,75,2,6,5,5,1,0,192,159,179,147,6,4,4,3,0,0,0,0,3,5,181,152,8,4,5,6,1,1,0,1
Texas,Crane County,4594,2315,2279,2061,2075,127,81,61,46,22,32,6,3,38,42,2096,2111,147,104,73,64,30,39,7,3,661,695,506,573,93,60,25,18,11,17,4,3,22,24,526,594,101,76,33,26,19,20,4,3,1654,1584,1555,1502,34,21,36,28,11,15,2,0,16,18,1570,1517,46,28,40,38,11,19,3,0
Texas,Crockett County,2799,1406,1393,1256,1276,51,32,44,49,20,25,2,1,33,10,1287,1285,65,39,60,51,24,27,3,1,486,512,416,461,25,12,10,10,17,24,1,0,17,5,431,465,32,17,18,10,21,25,1,0,920,881,840,815,26,20,34,39,3,1,1,1,16,5,856,820,33,22,42,41,3,2,2,1
Texas,Crosby County,5030,2554,2476,2277,2245,124,107,50,36,15,7,3,1,85,80,2357,2319,162,143,84,68,29,21,7,5,1064,1092,916,961,85,87,18,13,8,5,2,0,35,26,949,987,103,99,26,19,18,12,3,1,1490,1384,1361,1284,39,20,32,23,7,2,1,1,50,54,1408,1332,59,44,58,49,11,9,4,4
Texas,Culberson County,2254,1153,1101,1019,985,41,14,31,32,29,35,1,0,32,35,1049,1017,56,32,42,46,37,38,1,3,430,286,334,217,40,9,20,13,17,34,1,0,18,13,350,228,47,18,26,15,24,37,1,1,723,815,685,768,1,5,11,19,12,1,0,0,14,22,699,789,9,14,16,31,13,1,0,2
Texas,Dallam County,7526,3955,3571,3523,3219,119,93,159,123,52,50,36,32,66,54,3586,3268,153,122,187,142,58,59,37,35,1623,1525,1428,1370,74,62,30,26,30,24,14,5,47,38,1473,1406,99,83,48,39,36,30,14,6,2332,2046,2095,1849,45,31,129,97,22,26,22,27,19,16,2113,1862,54,39,139,103,22,29,23,29
Texas,Dallas County,2656028,1319873,1336155,874746,852576,292448,333574,16879,15787,105892,103729,1299,1473,28609,29016,899717,877749,307067,348644,25892,25124,115689,113525,2659,2962,746691,786157,340437,341249,278835,318955,3380,3590,102983,100788,522,616,20534,20959,358307,359284,289492,330083,8798,9362,110717,108483,1453,1665,573182,549998,534309,511327,13613,14619,13499,12197,2909,2941,777,857,8075,8057,541410,518465,17575,18561,17094,15762,4972,5042,1206,1297
Texas,Dawson County,11758,6731,5027,5743,4576,667,197,122,60,63,73,9,7,127,114,5853,4681,734,254,171,108,87,88,14,12,2994,2053,2278,1767,583,150,23,17,41,56,2,4,67,59,2337,1820,624,184,44,38,55,64,2,6,3737,2974,3465,2809,84,47,99,43,22,17,7,3,60,55,3516,2861,110,70,127,70,32,24,12,6
Texas,Deaf Smith County,18495,9285,9210,8614,8622,236,208,219,197,65,68,10,10,141,105,8743,8718,295,260,281,242,92,81,15,16,2055,2089,1771,1849,125,96,35,39,52,50,1,1,71,54,1835,1896,158,124,56,63,73,56,4,4,7230,7121,6843,6773,111,112,184,158,13,18,9,9,70,51,6908,6822,137,136,225,179,19,25,11,12
Texas,Delta County,5647,2756,2891,2366,2508,196,158,71,83,22,24,1,3,100,115,2462,2609,248,225,97,118,44,43,5,11,2460,2616,2119,2287,180,144,46,56,22,23,1,1,92,105,2207,2378,226,207,70,89,44,40,5,7,296,275,247,221,16,14,25,27,0,1,0,2,8,10,255,231,22,18,27,29,0,3,0,4
Texas,Denton County,1045120,518660,526460,365748,366712,62558,68821,4606,4238,69710,70011,777,734,15261,15944,379913,381392,69170,75891,8437,8314,76141,76613,1515,1614,408791,418701,266152,269223,59080,65020,1976,2057,68773,69040,468,492,12342,12869,277612,281038,64456,70813,4601,4854,74349,74703,1046,1186,109869,107759,99596,97489,3478,3801,2630,2181,937,971,309,242,2919,3075,102301,100354,4714,5078,3836,3460,1792,1910,469,428
Texas,DeWitt County,20252,10793,9459,9237,8411,1200,738,135,94,60,66,13,2,148,148,9379,8546,1287,824,176,140,81,90,18,7,6665,6175,5420,5395,1063,598,35,26,51,59,6,2,90,95,5505,5482,1116,660,55,52,70,73,9,3,4128,3284,3817,3016,137,140,100,68,9,7,7,0,58,53,3874,3064,171,164,121,88,11,17,9,4
Texas,Dickens County,1725,865,860,746,784,32,29,37,18,15,9,2,2,33,18,776,801,50,38,47,25,22,10,3,4,609,640,535,599,23,19,17,7,13,8,0,0,21,7,553,605,37,23,20,9,19,9,1,1,256,220,211,185,9,10,20,11,2,1,2,2,12,11,223,196,13,15,27,16,3,1,2,3
Texas,Dimmit County,8181,4082,4099,3842,3840,109,81,56,56,32,54,2,3,41,65,3880,3900,124,113,73,83,41,61,5,7,524,493,404,375,77,49,12,7,20,44,2,2,9,16,413,388,82,61,14,11,22,47,2,2,3558,3606,3438,3465,32,32,44,49,12,10,0,1,32,49,3467,3512,42,52,59,72,19,14,3,5
Texas,Donley County,3193,1552,1641,1407,1455,88,96,16,26,8,32,1,1,32,31,1437,1484,105,112,26,36,14,39,2,1,1333,1436,1197,1264,86,88,11,24,8,30,1,1,30,29,1225,1291,101,104,21,32,14,37,2,1,219,205,210,191,2,8,5,2,0,2,0,0,2,2,212,193,4,8,5,4,0,2,0,0
Texas,Duval County,9585,5087,4498,4718,4309,211,48,65,63,26,36,17,9,50,33,4766,4342,229,66,89,75,34,40,19,9,1051,683,804,582,189,28,11,21,15,24,10,6,22,22,824,604,196,41,21,27,22,27,10,6,4036,3815,3914,3727,22,20,54,42,11,12,7,3,28,11,3942,3738,33,25,68,48,12,13,9,3
Texas,Eastland County,18290,9197,9093,8510,8523,274,195,124,124,97,72,11,6,181,173,8675,8681,362,278,196,187,125,105,21,17,7437,7539,6880,7115,234,157,68,55,96,69,5,4,154,139,7019,7242,314,227,123,107,123,93,12,9,1760,1554,1630,1408,40,38,56,69,1,3,6,2,27,34,1656,1439,48,51,73,80,2,12,9,8
Texas,Ector County,170022,87577,82445,77965,73322,5106,4251,1382,1199,1368,1346,228,270,1528,2057,79399,75264,5860,5278,1992,2010,1587,1645,278,351,29528,28305,22788,22398,4222,3422,338,305,1157,1115,130,160,893,905,23622,23237,4707,3935,621,581,1319,1276,161,187,58049,54140,55177,50924,884,829,1044,894,211,231,98,110,635,1152,55777,52027,1153,1343,1371,1429,268,369,117,164
Texas,Edwards County,1383,727,656,657,597,22,23,24,20,9,8,3,0,12,8,667,605,25,27,28,22,14,10,5,0,348,332,314,303,17,8,7,8,2,5,0,0,8,8,321,311,19,12,9,10,5,7,2,0,379,324,343,294,5,15,17,12,7,3,3,0,4,0,346,294,6,15,19,12,9,3,3,0
Texas,Ellis County,232387,114776,117611,88987,89343,20553,22443,1078,1134,1308,1615,173,183,2677,2893,91472,92014,21748,23794,2118,2198,1937,2286,282,319,80228,84423,57079,58759,19614,21543,409,462,1129,1428,102,116,1895,2115,58849,60702,20518,22604,1028,1128,1635,1970,177,211,34548,33188,31908,30584,939,900,669,672,179,187,71,67,782,778,32623,31312,1230,1190,1090,1070,302,316,105,108
Texas,El Paso County,875784,436363,439421,392430,402033,23261,17155,5403,5031,6579,7129,1102,1069,7588,7004,399408,408497,26620,20339,7674,7132,9463,9733,1716,1639,83096,67494,52825,43102,18553,12741,1403,1221,5406,5952,659,687,4250,3791,56700,46550,20477,14540,2337,2047,7279,7567,965,960,353267,371927,339605,358931,4708,4414,4000,3810,1173,1177,443,382,3338,3213,342708,361947,6143,5799,5337,5085,2184,2166,751,679
Texas,Erath County,44496,21917,22579,20276,21138,549,415,333,320,323,285,19,28,417,393,20656,21493,726,594,515,489,398,349,43,51,16599,17755,15374,16687,474,368,137,118,275,253,17,15,322,314,15666,16968,618,511,264,250,339,307,38,34,5318,4824,4902,4451,75,47,196,202,48,32,2,13,95,79,4990,4525,108,83,251,239,59,42,5,17
Texas,Falls County,17752,8465,9287,6248,6584,1823,2302,128,127,56,67,20,25,190,182,6429,6753,1908,2409,204,188,88,89,27,31,6092,7041,4192,4615,1686,2167,36,53,41,50,9,14,128,142,4312,4747,1752,2257,73,95,68,66,16,18,2373,2246,2056,1969,137,135,92,74,15,17,11,11,62,40,2117,2006,156,152,131,93,20,23,11,13
Texas,Fannin County,38650,20726,17924,17855,16199,1846,817,313,270,151,172,26,14,535,452,18356,16622,2084,1021,550,478,225,222,60,36,17454,15687,14931,14203,1773,759,196,186,131,163,15,9,408,367,15312,14544,1976,927,358,349,187,206,38,28,3272,2237,2924,1996,73,58,117,84,20,9,11,5,127,85,3044,2078,108,94,192,129,38,16,22,8
Texas,Fayette County,25488,12537,12951,11250,11634,794,813,210,171,60,100,11,17,212,216,11451,11829,919,937,277,246,84,130,19,25,9569,10037,8614,9003,708,726,67,48,52,87,5,7,123,166,8728,9153,787,828,96,99,71,110,11,13,2968,2914,2636,2631,86,87,143,123,8,13,6,10,89,50,2723,2676,132,109,181,147,13,20,8,12
Texas,Fisher County,3665,1857,1808,1678,1641,89,75,32,22,7,10,2,1,49,59,1724,1693,107,107,53,44,15,20,7,3,1337,1292,1214,1181,76,63,14,9,5,7,0,0,28,32,1240,1209,86,79,25,21,11,13,3,2,520,516,464,460,13,12,18,13,2,3,2,1,21,27,484,484,21,28,28,23,4,7,4,1
Texas,Floyd County,5042,2481,2561,2244,2342,120,112,46,39,12,14,0,3,59,51,2298,2390,142,140,78,59,20,21,2,3,999,1053,870,925,86,86,15,9,8,12,0,2,20,19,886,943,93,98,25,14,14,15,1,2,1482,1508,1374,1417,34,26,31,30,4,2,0,1,39,32,1412,1447,49,42,53,45,6,6,1,1
Texas,Foard County,1053,509,544,452,482,34,36,6,7,3,7,0,0,14,12,466,493,42,42,9,13,5,8,1,0,404,429,351,379,34,35,4,5,3,4,0,0,12,6,363,384,41,38,6,8,5,5,1,0,105,115,101,103,0,1,2,2,0,3,0,0,2,6,103,109,1,4,3,5,0,3,0,0
Texas,Fort Bend County,958434,471508,486926,243807,241247,102868,115600,3150,3298,108872,113875,522,584,12289,12322,254533,251919,107965,120848,5699,5971,115675,120553,1133,1268,351894,366879,134533,132846,98571,110402,927,918,107537,112470,259,303,10067,9940,143316,141422,102694,114606,2707,2757,113392,118114,727,835,119614,120047,109274,108401,4297,5198,2223,2380,1335,1405,263,281,2222,2382,111217,110497,5271,6242,2992,3214,2283,2439,406,433
Texas,Franklin County,10912,5445,5467,4867,4903,289,277,76,76,63,69,4,6,146,136,5001,5026,358,352,127,120,95,92,11,14,4563,4626,4091,4146,261,256,29,36,57,65,3,2,122,121,4201,4255,323,323,70,74,84,86,8,10,882,841,776,757,28,21,47,40,6,4,1,4,24,15,800,771,35,29,57,46,11,6,3,4
Texas,Freestone County,20645,10758,9887,8500,8006,1695,1400,180,123,107,97,5,9,271,252,8743,8232,1801,1525,306,221,159,142,25,25,8681,8196,6759,6577,1610,1324,69,44,54,74,5,7,184,170,6927,6726,1693,1415,142,98,89,110,17,19,2077,1691,1741,1429,85,76,111,79,53,23,0,2,87,82,1816,1506,108,110,164,123,70,32,8,6
Texas,Frio County,19520,11373,8147,9761,7623,811,236,150,89,469,75,4,4,178,120,9921,7736,875,299,240,140,502,88,14,10,2645,1539,1503,1258,652,139,26,29,403,56,1,3,60,54,1558,1309,672,169,48,46,422,62,5,7,8728,6608,8258,6365,159,97,124,60,66,19,3,1,118,66,8363,6427,203,130,192,94,80,26,9,3
Texas,Gaines County,22892,11754,11138,11022,10588,319,195,149,120,92,68,5,2,167,165,11177,10739,377,274,228,190,121,96,18,8,6841,6651,6395,6300,229,140,42,36,73,59,0,0,102,116,6490,6404,267,201,84,77,95,82,7,4,4913,4487,4627,4288,90,55,107,84,19,9,5,2,65,49,4687,4335,110,73,144,113,26,14,11,4
Texas,Galveston County,367407,180930,186477,144085,146704,23898,25865,1570,1656,6857,7651,209,176,4311,4425,148085,150796,25709,27753,2870,3030,8422,9217,423,408,130486,136262,97504,100409,22450,24377,607,647,6560,7336,111,103,3254,3390,100535,103549,23849,25849,1429,1572,7860,8636,266,271,50444,50215,46581,46295,1448,1488,963,1009,297,315,98,73,1057,1035,47550,47247,1860,1904,1441,1458,562,581,157,137
Texas,Garza County,4645,2802,1843,2437,1590,217,139,42,35,32,21,7,3,67,55,2502,1645,259,177,56,46,42,28,10,3,1105,987,883,799,149,109,15,17,12,20,2,0,44,42,925,841,178,139,23,23,19,26,4,0,1697,856,1554,791,68,30,27,18,20,1,5,3,23,13,1577,804,81,38,33,23,23,2,6,3
Texas,Gillespie County,28159,13731,14428,13092,13813,178,116,190,181,82,121,15,19,174,178,13253,13982,231,189,286,272,109,140,27,25,10316,11047,9924,10650,124,76,61,69,75,115,11,11,121,126,10034,10767,157,130,127,129,99,132,20,16,3415,3381,3168,3163,54,40,129,112,7,6,4,8,53,52,3219,3215,74,59,159,143,10,8,7,9
Texas,Glasscock County,1153,626,527,586,501,19,13,14,3,2,2,0,2,5,6,591,507,20,16,17,4,3,4,0,2,398,373,368,353,19,11,5,2,2,2,0,2,4,3,372,356,20,11,7,3,3,4,0,2,228,154,218,148,0,2,9,1,0,0,0,0,1,3,219,151,0,5,10,1,0,0,0,0
Texas,Goliad County,7221,3643,3578,3283,3302,202,156,59,44,20,30,1,1,78,45,3356,3346,231,185,94,56,35,34,5,2,2454,2417,2198,2222,157,116,26,20,17,22,0,0,56,37,2250,2258,175,141,53,28,30,26,2,1,1189,1161,1085,1080,45,40,33,24,3,8,1,1,22,8,1106,1088,56,44,41,28,5,8,3,1
Texas,Gonzales County,20040,10081,9959,8821,8799,809,733,205,172,63,84,27,20,156,151,8966,8940,888,825,261,216,85,105,37,24,4746,4935,3894,4133,651,579,43,35,46,76,11,11,101,101,3986,4229,705,638,76,63,63,92,17,14,5335,5024,4927,4666,158,154,162,137,17,8,16,9,55,50,4980,4711,183,187,185,153,22,13,20,10
Texas,Gray County,20888,11257,9631,9835,8853,857,247,192,198,86,85,2,3,285,245,10105,9084,980,366,309,298,128,116,20,14,7495,6496,6344,5972,785,189,97,75,67,66,1,0,201,194,6533,6152,880,282,168,152,99,94,16,10,3762,3135,3491,2881,72,58,95,123,19,19,1,3,84,51,3572,2932,100,84,141,146,29,22,4,4
Texas,Grayson County,150532,73688,76844,63846,66576,4720,4893,1356,1401,1226,1508,83,89,2457,2377,66152,68816,5906,6053,2225,2239,1743,1981,172,181,60464,63983,51956,54907,4353,4546,899,991,1168,1448,46,55,2042,2036,53876,56820,5382,5567,1546,1665,1635,1875,119,132,13224,12861,11890,11669,367,347,457,410,58,60,37,34,415,341,12276,11996,524,486,679,574,108,106,53,49
Texas,Gregg County,126679,61785,64894,46076,47478,12386,13990,639,620,951,1099,100,74,1633,1633,47560,48970,13342,14970,1073,1049,1316,1436,180,166,47783,52284,33356,36054,11939,13556,238,259,872,1039,36,26,1342,1350,34576,37287,12757,14391,548,582,1191,1330,101,98,14002,12610,12720,11424,447,434,401,361,79,60,64,48,291,283,12984,11683,585,579,525,467,125,106,79,68
Texas,Grimes County,33448,18122,15326,14744,12871,2705,1890,197,137,101,106,23,18,352,304,15074,13152,2859,2032,358,265,150,151,39,35,13231,11487,10240,9310,2559,1795,81,71,92,94,11,9,248,208,10472,9500,2670,1896,191,151,129,127,22,21,4891,3839,4504,3561,146,95,116,66,9,12,12,9,104,96,4602,3652,189,136,167,114,21,24,17,14
Texas,Guadalupe County,195166,97199,97967,81439,81807,9510,8788,1102,1132,1887,2758,287,301,2974,3181,84099,84654,10865,10291,1963,2035,3030,3970,493,527,57773,58807,45220,45911,8297,7638,331,300,1683,2514,184,199,2058,2245,47053,47911,9250,8719,810,833,2568,3458,320,345,39426,39160,36219,35896,1213,1150,771,832,204,244,103,102,916,936,37046,36743,1615,1572,1153,1202,462,512,173,182
Texas,Hale County,31953,16890,15063,15007,13724,1162,678,299,295,119,87,36,21,267,258,15253,13956,1279,801,408,394,172,131,51,43,6463,5595,5134,4804,1013,505,55,61,77,64,13,7,171,154,5290,4942,1089,577,121,119,113,94,25,19,10427,9468,9873,8920,149,173,244,234,42,23,23,14,96,104,9963,9014,190,224,287,275,59,37,26,24
Texas,Hall County,2828,1421,1407,1226,1225,135,117,27,23,8,8,2,1,23,33,1247,1255,147,132,37,38,11,13,2,2,873,886,720,744,121,103,10,12,4,3,1,0,17,24,735,765,131,115,17,23,6,6,1,1,548,521,506,481,14,14,17,11,4,5,1,1,6,9,512,490,16,17,20,15,5,7,1,1
Texas,Hamilton County,8644,4317,4327,4028,4080,77,51,96,82,39,53,5,1,72,60,4098,4136,116,75,120,111,50,61,7,4,3614,3681,3444,3522,60,42,25,29,29,37,1,0,55,51,3497,3570,91,63,42,54,37,42,3,3,703,646,584,558,17,9,71,53,10,16,4,1,17,9,601,566,25,12,78,57,13,19,4,1
Texas,Hansford County,5006,2547,2459,2399,2306,45,27,48,57,10,15,2,1,43,53,2439,2358,64,54,66,76,15,19,6,5,1213,1228,1139,1148,29,19,3,10,10,9,2,1,30,41,1166,1188,42,39,16,25,14,13,5,4,1334,1231,1260,1158,16,8,45,47,0,6,0,0,13,12,1273,1170,22,15,50,51,1,6,1,1
Texas,Hardeman County,3417,1665,1752,1433,1539,133,124,29,22,15,20,0,0,55,47,1485,1582,152,142,52,45,25,28,6,2,1253,1301,1069,1130,112,104,16,12,13,20,0,0,43,35,1109,1163,129,119,33,28,20,24,5,2,412,451,364,409,21,20,13,10,2,0,0,0,12,12,376,419,23,23,19,17,5,4,1,0
Texas,Hardin County,58670,28844,29826,26070,26896,1721,1860,215,215,274,295,15,15,549,545,26583,27400,1957,2111,430,427,393,399,38,38,26517,27742,24005,25062,1643,1783,135,130,243,276,7,12,484,479,24458,25504,1856,2011,314,303,353,374,27,32,2327,2084,2065,1834,78,77,80,85,31,19,8,3,65,66,2125,1896,101,100,116,124,40,25,11,6
Texas,Harris County,5009302,2486896,2522406,1707342,1668369,489280,559059,35888,32421,196575,204611,3149,3295,54662,54651,1755726,1716507,514806,585090,51291,47909,218994,226701,6385,6555,1338834,1414743,651985,649351,452891,522000,4342,4595,190054,198104,1151,1396,38411,39297,685954,683831,470960,540962,13007,13734,207307,215315,3176,3591,1148062,1107663,1055357,1019018,36389,37059,31546,27826,6521,6507,1998,1899,16251,15354,1069772,1032676,43846,44128,38284,34175,11687,11386,3209,2964
Texas,Harrison County,71370,34927,36443,26335,26794,6994,8024,509,461,277,378,58,38,754,748,27022,27485,7426,8455,767,716,387,480,96,68,29278,31134,21456,22180,6795,7831,194,179,230,336,18,21,585,587,21982,22717,7146,8188,382,367,317,417,49,44,5649,5309,4879,4614,199,193,315,282,47,42,40,17,169,161,5040,4768,280,267,385,349,70,63,47,24
Texas,Hartley County,4996,2942,2054,2568,1923,287,44,27,31,29,16,1,1,30,39,2596,1960,303,67,38,44,31,20,4,2,1941,1466,1601,1381,279,26,8,17,26,13,1,1,26,28,1625,1407,293,42,17,27,28,16,4,2,1001,588,967,542,8,18,19,14,3,3,0,0,4,11,971,553,10,25,21,17,3,4,0,0
Texas,Haskell County,5435,2892,2543,2549,2262,176,142,50,34,33,24,0,0,84,81,2624,2339,207,184,86,61,51,39,8,1,2090,1870,1833,1685,145,95,22,17,33,20,0,0,57,53,1883,1736,167,125,43,33,47,29,7,0,802,673,716,577,31,47,28,17,0,4,0,0,27,28,741,603,40,59,43,28,4,10,1,1
Texas,Hays County,292029,145455,146574,127414,129307,7986,7033,1888,1945,3961,4301,229,180,3977,3808,131112,132833,9560,8568,3196,3164,5401,5669,420,369,86760,87711,73153,74708,6662,5774,412,451,3629,3951,104,93,2800,2734,75754,77252,7812,6925,1165,1167,4768,5038,226,218,58695,58863,54261,54599,1324,1259,1476,1494,332,350,125,87,1177,1074,55358,55581,1748,1643,2031,1997,633,631,194,151
Texas,Hemphill County,3134,1593,1541,1486,1425,22,29,29,33,21,23,2,4,33,27,1519,1452,38,43,42,44,27,24,2,5,1033,1042,967,975,13,12,14,14,14,19,0,3,25,19,992,994,23,23,25,21,19,20,0,3,560,499,519,450,9,17,15,19,7,4,2,1,8,8,527,458,15,20,17,23,8,4,2,2
Texas,Henderson County,87467,42989,44478,38148,39697,2810,2809,479,468,416,466,56,42,1080,996,39169,40645,3265,3236,1013,954,538,571,95,75,35866,37650,31671,33448,2632,2666,289,259,396,443,28,21,850,813,32473,34222,3017,3035,683,632,497,529,57,50,7123,6828,6477,6249,178,143,190,209,20,23,28,21,230,183,6696,6423,248,201,330,322,41,42,38,25
Texas,Hidalgo County,914820,452263,462557,435229,446913,6007,4774,2711,2625,5450,5546,308,249,2558,2450,437572,449167,6857,5600,3977,3842,6166,6228,509,420,38245,35376,28190,26635,3752,2441,276,320,4824,4929,115,70,1088,981,29164,27530,4139,2812,681,668,5210,5259,192,131,414018,427181,407039,420278,2255,2333,2435,2305,626,617,193,179,1470,1469,408408,421637,2718,2788,3296,3174,956,969,317,289
Texas,Hill County,38771,19425,19346,17319,17346,1211,1168,261,189,128,191,33,34,473,418,17754,17738,1473,1390,425,343,195,248,61,49,14491,14861,12831,13212,1059,1049,100,72,97,162,28,27,376,339,13173,13529,1277,1235,223,190,151,208,49,41,4934,4485,4488,4134,152,119,161,117,31,29,5,7,97,79,4581,4209,196,155,202,153,44,40,12,8
Texas,Hockley County,21505,10707,10798,9791,9948,412,466,198,164,85,49,8,3,213,168,9988,10106,512,538,285,244,118,72,20,7,5131,5385,4539,4810,330,369,64,61,68,37,4,2,126,106,4656,4911,400,416,105,110,86,50,12,4,5576,5413,5252,5138,82,97,134,103,17,12,4,1,87,62,5332,5195,112,122,180,134,32,22,8,3
Texas,Hood County,69126,33837,35289,31823,33374,579,499,415,340,306,393,34,53,680,630,32462,33966,809,727,751,655,435,498,72,78,28740,30313,27213,28796,491,433,234,194,268,363,27,26,507,501,27692,29268,673,624,463,426,372,452,55,47,5097,4976,4610,4578,88,66,181,146,38,30,7,27,173,129,4770,4698,136,103,288,229,63,46,17,31
Texas,Hopkins County,38784,18985,19799,16668,17421,1390,1437,233,212,205,255,29,27,460,447,17101,17850,1645,1681,388,366,272,315,49,39,15073,16108,13077,14132,1314,1333,131,109,173,183,15,16,363,335,13417,14454,1528,1532,238,206,229,229,31,25,3912,3691,3591,3289,76,104,102,103,32,72,14,11,97,112,3684,3396,117,149,150,160,43,86,18,14
Texas,Houston County,22197,11832,10365,8500,7654,2949,2286,111,97,83,112,5,7,184,209,8674,7846,3044,2419,176,160,108,142,14,11,9830,9020,6699,6485,2842,2200,58,49,74,96,5,5,152,185,6843,6654,2923,2320,109,101,94,125,13,9,2002,1345,1801,1169,107,86,53,48,9,16,0,2,32,24,1831,1192,121,99,67,59,14,17,1,2
Texas,Howard County,30833,16738,14095,14595,12660,1266,695,285,225,196,177,34,24,362,314,14910,12944,1425,857,437,347,276,227,65,46,8284,7295,6864,6311,922,526,121,89,154,142,22,15,201,212,7043,6501,1018,646,195,159,195,176,42,33,8454,6800,7731,6349,344,169,164,136,42,35,12,9,161,102,7867,6443,407,211,242,188,81,51,23,13
Texas,Hudspeth County,3608,2411,1197,2060,1024,213,64,21,32,64,39,3,2,50,36,2107,1058,236,87,43,43,72,43,3,2,697,395,394,251,200,57,8,13,62,38,2,2,31,34,422,283,214,80,21,22,69,42,2,2,1714,802,1666,773,13,7,13,19,2,1,1,0,19,2,1685,775,22,7,22,21,3,1,1,0
Texas,Hunt County,118729,58520,60209,49832,50485,5244,5893,755,921,1039,1224,131,141,1519,1545,51256,51931,5922,6611,1399,1569,1310,1484,204,210,44139,46973,36772,38436,4855,5596,356,465,888,1132,80,95,1188,1249,37884,39605,5423,6209,804,936,1121,1361,137,153,14381,13236,13060,12049,389,297,399,456,151,92,51,46,331,296,13372,12326,499,402,595,633,189,123,67,57
Texas,Hutchinson County,19721,10005,9716,9124,8892,335,277,223,210,69,72,6,8,248,257,9351,9139,425,390,355,332,106,102,18,14,7346,7341,6691,6723,284,224,147,135,57,63,2,2,165,194,6839,6907,354,318,228,219,81,87,11,7,2659,2375,2433,2169,51,53,76,75,12,9,4,6,83,63,2512,2232,71,72,127,113,25,15,7,7
Texas,Irion County,1526,752,774,699,731,15,14,14,9,5,3,0,0,19,17,718,748,19,23,23,15,11,5,0,0,542,593,504,558,14,12,5,7,5,3,0,0,14,13,518,571,16,18,12,12,10,5,0,0,210,181,195,173,1,2,9,2,0,0,0,0,5,4,200,177,3,5,11,3,1,0,0,0
Texas,Jack County,9398,5325,4073,4763,3839,371,48,69,54,55,60,4,7,63,65,4820,3902,402,79,91,81,66,67,9,9,4250,3370,3761,3196,356,39,33,20,47,60,2,2,51,53,3807,3248,384,66,47,41,57,64,6,4,1075,703,1002,643,15,9,36,34,8,0,2,5,12,12,1013,654,18,13,44,40,9,3,3,5
Texas,Jackson County,15284,7643,7641,6801,6816,512,520,76,70,76,93,2,4,176,138,6964,6947,599,590,146,123,104,113,11,9,4930,5054,4253,4390,455,456,41,24,70,87,1,3,110,94,4355,4479,518,508,78,55,84,101,8,6,2713,2587,2548,2426,57,64,35,46,6,6,1,1,66,44,2609,2468,81,82,68,68,20,12,3,3
Texas,Jasper County,32907,16334,16573,13210,13320,2531,2628,142,154,104,142,11,16,336,313,13515,13613,2738,2832,233,232,156,180,33,34,15064,15398,12100,12300,2467,2562,101,111,89,139,6,12,301,274,12373,12555,2657,2745,176,178,136,171,27,28,1270,1175,1110,1020,64,66,41,43,15,3,5,4,35,39,1142,1058,81,87,57,54,20,9,6,6
Texas,Jeff Davis County,1778,872,906,798,821,15,13,22,15,8,33,3,3,26,21,824,842,20,21,36,24,14,34,5,6,592,659,541,589,7,5,12,9,7,33,3,3,22,20,563,609,11,13,24,17,12,34,5,6,280,247,257,232,8,8,10,6,1,0,0,0,4,1,261,233,9,8,12,7,2,0,0,0
Texas,Jefferson County,253948,130895,123053,77899,70006,43256,44025,1613,1250,5308,5233,215,193,2604,2346,80181,72043,44790,45433,2417,1954,5953,5802,423,375,95476,94331,46488,44505,41574,42644,412,333,5064,4978,118,92,1820,1779,48070,46061,42699,43760,884,795,5562,5431,250,217,35419,28722,31411,25501,1682,1381,1201,917,244,255,97,101,784,567,32111,25982,2091,1673,1533,1159,391,371,173,158
Texas,Jim Hogg County,4583,2367,2216,2257,2141,51,17,18,12,14,18,0,2,27,26,2283,2166,66,29,28,22,16,21,2,4,277,222,197,173,46,13,9,6,13,16,0,0,12,14,208,187,54,20,13,12,14,16,1,1,2090,1994,2060,1968,5,4,9,6,1,2,0,2,15,12,2075,1979,12,9,15,10,2,5,1,3
Texas,Jim Wells County,38886,19369,19517,18484,18672,311,231,261,226,88,155,18,17,207,216,18672,18876,401,324,357,320,124,182,33,33,3897,3942,3463,3506,199,127,75,77,60,113,7,8,93,111,3547,3611,243,182,111,119,76,123,14,19,15472,15575,15021,15166,112,104,186,149,28,42,11,9,114,105,15125,15265,158,142,246,201,48,59,19,14
Texas,Johnson County,210547,105674,104873,91858,91610,7890,7309,1158,1083,1653,1834,534,455,2581,2582,94274,94041,9039,8488,2108,2004,2303,2443,657,577,76402,78118,64763,66725,7168,6736,503,503,1512,1710,465,397,1991,2047,66629,68660,8101,7712,1144,1147,2060,2231,561,494,29272,26755,27095,24885,722,573,655,580,141,124,69,58,590,535,27645,25381,938,776,964,857,243,212,96,83
Texas,Jones County,20850,13424,7426,10235,6792,2623,283,206,131,112,50,9,4,239,166,10421,6940,2712,356,299,200,197,80,40,19,9233,5530,6623,5085,2386,217,42,51,64,46,4,2,114,129,6723,5197,2439,279,82,102,90,70,17,14,4191,1896,3612,1707,237,66,164,80,48,4,5,2,125,37,3698,1743,273,77,217,98,107,10,23,5
Texas,Karnes County,15137,8944,6193,7227,5662,1470,272,105,87,48,59,4,2,90,111,7306,5764,1516,321,141,142,61,70,12,8,4311,2613,2845,2327,1371,176,15,26,36,41,2,1,42,42,2883,2366,1393,198,29,42,41,45,7,4,4633,3580,4382,3335,99,96,90,61,12,18,2,1,48,69,4423,3398,123,123,112,100,20,25,5,4
Texas,Kaufman County,197829,96974,100855,69105,69940,21871,24596,995,1096,2389,2501,112,119,2502,2603,71449,72378,23286,26061,1768,1916,2882,2972,256,251,68205,72485,42603,44096,21032,23614,363,375,2211,2368,71,79,1925,1953,44412,45932,22182,24769,871,899,2620,2746,181,179,28769,28370,26502,25844,839,982,632,721,178,133,41,40,577,650,27037,26446,1104,1292,897,1017,262,226,75,72
Texas,Kendall County,51828,25595,26233,23815,24290,541,463,203,196,457,620,26,27,553,637,24318,24887,699,642,480,505,615,783,56,65,18886,19523,17532,18023,442,373,116,89,404,561,17,18,375,459,17872,18454,551,508,284,279,526,698,36,47,6709,6710,6283,6267,99,90,87,107,53,59,9,9,178,178,6446,6433,148,134,196,226,89,85,20,18
Texas,Kenedy County,330,178,152,153,136,13,5,2,1,4,3,0,0,6,7,159,143,16,7,5,5,4,4,0,0,53,43,39,33,4,4,2,1,2,1,0,0,6,4,45,37,7,6,5,2,2,2,0,0,125,109,114,103,9,1,0,0,2,2,0,0,0,3,114,106,9,1,0,3,2,2,0,0
Texas,Kent County,703,358,345,326,320,5,7,8,4,0,2,1,0,18,12,341,332,11,12,19,9,4,4,2,0,293,291,271,275,4,4,6,3,0,1,1,0,11,8,281,283,8,8,13,6,2,2,1,0,65,54,55,45,1,3,2,1,0,1,0,0,7,4,60,49,3,4,6,3,2,2,1,0
Texas,Kerr County,53900,26074,27826,24118,25981,668,508,330,352,367,422,41,28,550,535,24614,26474,854,677,629,656,473,503,75,65,18672,20366,17321,19085,498,363,135,165,319,385,22,18,377,350,17658,19407,636,484,322,346,397,445,47,44,7402,7460,6797,6896,170,145,195,187,48,37,19,10,173,185,6956,7067,218,193,307,310,76,58,28,21
Texas,Kimble County,4401,2148,2253,2022,2144,39,21,44,26,14,24,2,3,27,35,2047,2177,49,32,57,43,19,30,5,6,1619,1739,1540,1661,30,16,16,15,14,24,1,2,18,21,1557,1682,36,24,24,24,16,26,4,4,529,514,482,483,9,5,28,11,0,0,1,1,9,14,490,495,13,8,33,19,3,4,1,2
Texas,King County,215,109,106,100,99,4,1,2,1,0,0,1,0,2,5,102,103,5,2,2,6,1,0,1,0,93,89,85,83,4,1,1,0,0,0,1,0,2,5,87,87,5,2,1,5,1,0,1,0,16,17,15,16,0,0,1,1,0,0,0,0,0,0,15,16,0,0,1,1,0,0,0,0
Texas,Kinney County,3191,1849,1342,1682,1197,65,50,43,29,15,18,3,4,41,44,1721,1237,90,73,58,46,18,21,5,9,743,701,641,619,39,30,26,14,6,8,0,0,31,30,670,647,58,45,36,26,9,10,2,3,1106,641,1041,578,26,20,17,15,9,10,3,4,10,14,1051,590,32,28,22,20,9,11,3,6
Texas,Kleberg County,30442,15346,15096,13580,13580,773,612,180,150,477,321,29,33,307,400,13853,13945,928,834,280,271,553,406,56,62,4598,4053,3255,2945,635,469,39,31,446,287,22,16,201,305,3436,3227,745,648,94,108,498,358,37,35,10748,11043,10325,10635,138,143,141,119,31,34,7,17,106,95,10417,10718,183,186,186,163,55,48,19,27
Texas,Knox County,3255,1632,1623,1408,1427,104,95,28,16,11,22,1,1,80,62,1482,1481,152,134,55,38,24,28,5,4,1071,1101,901,945,93,80,14,10,10,21,1,1,52,44,949,985,129,110,27,22,17,25,2,3,561,522,507,482,11,15,14,6,1,1,0,0,28,18,533,496,23,24,28,16,7,3,3,1
Texas,Lamar County,51249,24733,26516,19914,20930,3231,3778,495,536,188,252,34,37,871,983,20701,21839,3682,4305,836,902,317,381,88,103,21930,24050,17529,18846,3101,3672,324,374,166,240,18,24,792,894,18241,19672,3526,4165,627,692,282,360,64,85,2803,2466,2385,2084,130,106,171,162,22,12,16,13,79,89,2460,2167,156,140,209,210,35,21,24,18
Texas,Lamb County,12687,6368,6319,5734,5686,288,328,138,142,43,48,16,10,149,105,5872,5783,354,379,203,190,64,55,28,18,2549,2591,2188,2250,219,230,27,32,24,27,0,3,91,49,2271,2294,268,257,59,52,37,31,6,6,3819,3728,3546,3436,69,98,111,110,19,21,16,7,58,56,3601,3489,86,122,144,138,27,24,22,12
Texas,Lampasas County,23539,11760,11779,10318,10442,642,514,170,162,163,214,57,78,410,369,10678,10775,786,661,346,315,286,304,89,106,9160,9337,8037,8300,534,404,92,91,117,187,46,61,334,294,8329,8564,660,522,224,210,220,266,68,82,2600,2442,2281,2142,108,110,78,71,46,27,11,17,76,75,2349,2211,126,139,122,105,66,38,21,24
Texas,La Salle County,6679,4018,2661,3769,2478,104,75,67,37,26,31,1,2,51,38,3812,2512,123,90,93,58,37,34,5,5,772,671,601,566,83,36,37,17,22,28,0,0,29,24,623,587,94,46,52,31,30,30,2,1,3246,1990,3168,1912,21,39,30,20,4,3,1,2,22,14,3189,1925,29,44,41,27,7,4,3,4
Texas,Lavaca County,20605,10145,10460,9193,9435,612,661,81,87,64,103,14,15,181,159,9357,9585,712,746,143,149,96,120,25,22,8001,8313,7270,7495,522,585,22,29,52,94,10,14,125,96,7388,7587,591,646,60,58,74,102,17,17,2144,2147,1923,1940,90,76,59,58,12,9,4,1,56,63,1969,1998,121,100,83,91,22,18,8,5
Texas,Lee County,18451,9314,9137,7966,7945,970,812,124,103,70,60,30,18,154,199,8104,8123,1051,931,180,164,99,93,38,31,6722,6689,5584,5686,915,752,34,38,54,48,12,10,123,155,5696,5826,983,847,74,83,75,74,18,19,2592,2448,2382,2259,55,60,90,65,16,12,18,8,31,44,2408,2297,68,84,106,81,24,19,20,12
Texas,Leon County,16698,8382,8316,7492,7406,584,552,83,91,73,92,1,2,149,173,7633,7566,647,626,151,178,96,111,9,8,6764,6981,6032,6197,520,503,37,54,64,85,1,1,110,141,6137,6332,567,563,86,121,81,101,6,5,1618,1335,1460,1209,64,49,46,37,9,7,0,1,39,32,1496,1234,80,63,65,57,15,10,3,3
Texas,Liberty County,115042,57149,57893,49553,49787,5022,5394,926,962,466,593,90,70,1092,1087,50540,50780,5554,5935,1394,1406,635,755,154,144,31315,32978,25644,26761,4393,4795,230,210,347,451,41,32,660,729,26239,27433,4747,5177,471,476,461,568,75,78,25834,24915,23909,23026,629,599,696,752,119,142,49,38,432,358,24301,23347,807,758,923,930,174,187,79,66
Texas,Limestone County,22569,11320,11249,8848,8746,1865,1949,187,138,138,138,10,10,272,268,9105,8994,2027,2108,276,219,168,171,18,28,8390,8680,6241,6453,1754,1841,49,49,122,120,6,5,218,212,6446,6649,1885,1970,120,108,146,147,12,20,2930,2569,2607,2293,111,108,138,89,16,18,4,5,54,56,2659,2345,142,138,156,111,22,24,6,8
Texas,Lipscomb County,2880,1494,1386,1348,1250,47,21,32,36,10,21,4,3,53,55,1398,1296,69,51,55,58,22,27,7,9,860,872,776,785,20,14,17,18,6,19,0,0,41,36,814,816,37,33,35,32,15,24,3,3,634,514,572,465,27,7,15,18,4,2,4,3,12,19,584,480,32,18,20,26,7,3,4,6
Texas,Live Oak County,11967,7010,4957,5711,4675,853,61,116,66,105,86,129,9,96,60,5796,4731,895,90,161,92,127,92,135,13,4041,2833,2977,2633,749,44,67,33,63,78,124,5,61,40,3028,2672,777,60,96,52,77,83,127,6,2969,2124,2734,2042,104,17,49,33,42,8,5,4,35,20,2768,2059,118,30,65,40,50,9,8,7
Texas,Llano County,23163,11204,11959,10605,11348,182,162,117,125,82,103,13,9,205,212,10790,11548,251,233,228,239,116,131,29,21,9594,10118,9130,9681,153,125,79,64,70,85,8,5,154,158,9267,9829,208,177,161,147,98,108,18,15,1610,1841,1475,1667,29,37,38,61,12,18,5,4,51,54,1523,1719,43,56,67,92,18,23,11,6
Texas,Loving County,48,31,17,30,13,1,4,0,0,0,0,0,0,0,0,30,13,1,4,0,0,0,0,0,0,27,16,26,12,1,4,0,0,0,0,0,0,0,0,26,12,1,4,0,0,0,0,0,0,4,1,4,1,0,0,0,0,0,0,0,0,0,0,4,1,0,0,0,0,0,0,0,0
Texas,Lubbock County,327394,161527,165867,137683,142002,13368,13745,2036,1964,4770,4324,232,252,3438,3580,140758,145188,14927,15383,3136,3115,5843,5405,511,555,101577,104199,82104,84928,11867,12120,685,682,4520,3968,130,154,2271,2347,84108,86998,12936,13224,1258,1288,5337,4775,321,369,59950,61668,55579,57074,1501,1625,1351,1282,250,356,102,98,1167,1233,56650,58190,1991,2159,1878,1827,506,630,190,186
Texas,Lynn County,5952,3086,2866,2793,2643,120,81,77,58,19,31,3,1,74,52,2863,2694,157,104,103,78,30,36,10,7,1838,1697,1675,1579,84,58,27,12,12,21,3,1,37,26,1711,1605,106,72,37,20,17,22,4,4,1248,1169,1118,1064,36,23,50,46,7,10,0,0,37,26,1152,1089,51,32,66,58,13,14,6,3
Texas,McCulloch County,7448,3736,3712,3418,3457,158,104,57,46,32,27,4,4,67,74,3481,3528,187,136,84,82,44,32,11,8,2591,2613,2382,2449,115,76,25,19,24,23,4,1,41,45,2419,2493,133,93,40,42,33,26,8,4,1145,1099,1036,1008,43,28,32,27,8,4,0,3,26,29,1062,1035,54,43,44,40,11,6,3,4
Texas,McLennan County,270358,132918,137440,105762,107823,19194,21253,1629,1546,2827,3076,204,170,3302,3572,108812,111081,21023,23204,2413,2416,3812,4144,366,368,94760,100778,71255,74895,17789,19727,415,450,2623,2845,115,86,2563,2775,73631,77444,19239,21271,930,1033,3442,3733,230,225,38158,36662,34507,32928,1405,1526,1214,1096,204,231,89,84,739,797,35181,33637,1784,1933,1483,1383,370,411,136,143
Texas,McMullen County,565,295,270,263,247,9,8,2,4,3,5,0,0,18,6,281,253,18,11,8,7,4,5,2,0,171,173,152,159,8,7,0,0,3,4,0,0,8,3,160,162,13,8,1,2,4,4,1,0,124,97,111,88,1,1,2,4,0,1,0,0,10,3,121,91,5,3,7,5,0,1,1,0
Texas,Madison County,13877,7827,6050,5819,4809,1659,937,101,78,78,87,5,8,165,131,5964,4932,1741,1011,167,119,106,101,17,19,5576,4588,3771,3483,1574,891,33,22,68,83,3,4,127,105,3883,3581,1641,951,79,56,91,93,9,13,2251,1462,2048,1326,85,46,68,56,10,4,2,4,38,26,2081,1351,100,60,88,63,15,8,8,6
Texas,Marion County,9704,4779,4925,3629,3629,868,1016,52,67,52,63,3,4,175,146,3791,3763,948,1089,134,125,76,81,7,13,4526,4652,3445,3411,842,1000,38,47,51,58,3,4,147,132,3581,3532,918,1067,102,97,70,75,4,13,253,273,184,218,26,16,14,20,1,5,0,0,28,14,210,231,30,22,32,28,6,6,3,0
Texas,Martin County,5179,2618,2561,2393,2342,111,94,44,48,17,21,2,2,51,54,2442,2394,130,119,69,72,24,24,5,6,1370,1352,1242,1235,77,54,12,14,13,16,1,2,25,31,1266,1265,88,69,23,28,17,17,1,4,1248,1209,1151,1107,34,40,32,34,4,5,1,0,26,23,1176,1129,42,50,46,44,7,7,4,2
Texas,Mason County,3987,2030,1957,1947,1872,23,22,24,18,4,7,8,3,24,35,1970,1905,32,38,37,35,6,9,9,5,1544,1504,1503,1456,10,12,11,7,4,6,0,0,16,23,1518,1479,16,22,21,18,5,8,0,0,486,453,444,416,13,10,13,11,0,1,8,3,8,12,452,426,16,16,16,17,1,1,9,5
Texas,Matagorda County,36391,18107,18284,15051,15133,1895,2048,261,295,369,397,33,26,498,385,15497,15483,2120,2222,468,459,470,467,67,50,9846,10337,7405,7829,1722,1888,76,62,320,356,8,10,315,192,7690,8006,1867,1979,193,133,389,391,26,22,8261,7947,7646,7304,173,160,185,233,49,41,25,16,183,193,7807,7477,253,243,275,326,81,76,41,28
Texas,Maverick County,58829,29175,29654,27812,28460,386,268,607,549,168,179,18,14,184,184,27973,28623,475,346,696,632,199,212,26,29,1709,1460,943,736,224,155,348,350,136,140,4,7,54,72,989,801,258,190,366,376,148,151,4,14,27466,28194,26869,27724,162,113,259,199,32,39,14,7,130,112,26984,27822,217,156,330,256,51,61,22,15
Texas,Medina County,55619,29049,26570,26133,24589,1685,782,347,342,242,307,67,53,575,497,26655,25035,1881,955,641,586,361,412,103,87,13844,12523,11742,11236,1460,567,115,112,161,242,34,33,332,333,12040,11533,1590,690,257,254,241,327,52,57,15205,14047,14391,13353,225,215,232,230,81,65,33,20,243,164,14615,13502,291,265,384,332,120,85,51,30
Texas,Menard County,1911,958,953,867,887,37,22,16,24,5,4,0,0,33,16,897,903,52,26,34,32,10,7,1,1,611,648,562,609,26,16,3,10,4,4,0,0,16,9,577,618,34,18,11,13,5,7,0,1,347,305,305,278,11,6,13,14,1,0,0,0,17,7,320,285,18,8,23,19,5,0,1,0
Texas,Midland County,183587,93906,89681,81151,77479,7125,6921,1241,1035,2358,2259,138,141,1893,1846,82921,79198,8103,7896,1871,1621,2736,2617,224,230,47732,46976,37556,37073,6190,6109,437,390,2223,2108,66,74,1260,1222,38735,38213,6875,6799,783,699,2508,2373,118,133,46174,42705,43595,40406,935,812,804,645,135,151,72,67,633,624,44186,40985,1228,1097,1088,922,228,244,106,97
Texas,Milam County,26159,12936,13223,11168,11396,1182,1236,200,167,95,159,16,12,275,253,11424,11632,1337,1381,295,248,132,196,28,23,9420,9732,8000,8209,1046,1110,64,61,87,149,7,9,216,194,8200,8391,1178,1223,128,118,116,176,16,19,3516,3491,3168,3187,136,126,136,106,8,10,9,3,59,59,3224,3241,159,158,167,130,16,20,12,4
Texas,Mills County,4563,2287,2276,2138,2137,52,30,29,35,19,23,3,2,46,49,2182,2182,73,54,47,56,26,27,5,6,1851,1877,1749,1782,41,25,7,16,14,14,1,0,39,40,1786,1819,58,45,23,32,20,17,3,4,436,399,389,355,11,5,22,19,5,9,2,2,7,9,396,363,15,9,24,24,6,10,2,2
Texas,Mitchell County,8968,5570,3398,4241,3047,1019,125,121,66,48,37,9,7,132,116,4346,3150,1066,170,176,116,86,63,30,15,3300,2155,2279,1919,909,94,33,30,23,30,5,4,51,78,2323,1988,934,123,48,62,36,50,10,10,2270,1243,1962,1128,110,31,88,36,25,7,4,3,81,38,2023,1162,132,47,128,54,50,13,20,5
Texas,Montague County,21890,10771,11119,10165,10519,158,117,160,156,66,69,5,6,217,252,10368,10758,240,227,264,266,102,108,15,16,9385,9708,8921,9241,131,97,94,94,51,53,3,4,185,219,9093,9449,206,191,180,189,80,88,11,12,1386,1411,1244,1278,27,20,66,62,15,16,2,2,32,33,1275,1309,34,36,84,77,22,20,4,4
Texas,Montgomery County,749613,372097,377516,314412,316016,29932,32424,3782,3714,14774,15781,599,497,8598,9084,322493,324505,33342,36061,6312,6490,18079,19214,1143,1079,261357,268309,211780,215279,27343,29409,1259,1233,14010,15106,313,294,6652,6988,218039,221814,30046,32269,2901,3050,16794,17955,700,727,110740,109207,102632,100737,2589,3015,2523,2481,764,675,286,203,1946,2096,104454,102691,3296,3792,3411,3440,1285,1259,443,352
Texas,Moore County,21872,11291,10581,9556,9327,840,439,276,233,426,417,45,17,148,148,9692,9459,901,500,346,295,452,451,52,27,4151,3904,2817,2966,757,387,64,59,385,384,32,9,96,99,2906,3054,799,428,106,96,401,409,37,17,7140,6677,6739,6361,83,52,212,174,41,33,13,8,52,49,6786,6405,102,72,240,199,51,42,15,10
Texas,Morris County,12184,5866,6318,4155,4516,1315,1421,114,98,48,78,10,9,224,196,4366,4702,1457,1541,172,145,79,110,20,17,5112,5563,3552,3892,1262,1365,52,62,43,66,4,3,199,175,3740,4057,1393,1477,96,98,70,96,14,10,754,755,603,624,53,56,62,36,5,12,6,6,25,21,626,645,64,64,76,47,9,14,6,7
Texas,Motley County,1015,504,511,463,480,23,8,9,9,1,1,0,2,8,11,471,491,28,13,12,13,2,3,0,2,422,423,389,398,21,8,4,6,0,0,0,0,8,11,397,409,26,13,7,10,1,2,0,0,82,88,74,82,2,0,5,3,1,1,0,2,0,0,74,82,2,0,5,3,1,1,0,2
Texas,Nacogdoches County,65728,31615,34113,24912,26261,5227,6264,288,294,411,523,29,24,748,747,25596,26953,5631,6672,535,518,549,666,66,63,24170,26921,18121,19700,4997,5989,111,138,367,470,13,10,561,614,18642,20271,5323,6337,261,299,477,596,39,42,7445,7192,6791,6561,230,275,177,156,44,53,16,14,187,133,6954,6682,308,335,274,219,72,70,27,21
Texas,Navarro County,56533,27937,28596,22950,23243,3238,3629,332,331,292,293,429,433,696,667,23583,23854,3638,4003,552,537,402,411,473,474,18194,19274,13997,14662,3005,3394,107,112,211,223,416,424,458,459,14418,15085,3275,3658,231,236,287,311,447,453,9743,9322,8953,8581,233,235,225,219,81,70,13,9,238,208,9165,8769,363,345,321,301,115,100,26,21
Texas,Newton County,11908,5920,5988,4693,4641,965,1081,70,67,48,32,2,1,142,166,4830,4794,1048,1165,110,125,66,61,8,11,5690,5728,4503,4426,957,1068,55,59,46,31,2,0,127,144,4626,4558,1034,1142,89,108,62,56,6,9,230,260,190,215,8,13,15,8,2,1,0,1,15,22,204,236,14,23,21,17,4,5,2,2
Texas,Nolan County,14182,7162,7020,6426,6341,396,343,93,103,56,91,11,8,180,134,6593,6470,513,416,144,149,76,108,18,13,4393,4356,3837,3889,346,280,33,34,41,67,9,4,127,82,3958,3967,432,326,62,59,56,78,13,9,2769,2664,2589,2452,50,63,60,69,15,24,2,4,53,52,2635,2503,81,90,82,90,20,30,5,4
Texas,Nueces County,353125,175362,177763,157459,160420,8431,7674,1611,1521,4396,4933,322,291,3143,2924,160316,163066,9597,8784,2790,2586,5509,5963,564,510,64944,64400,51379,51195,6901,6187,506,463,4017,4596,184,161,1957,1798,53175,52830,7651,6900,1100,981,4807,5314,311,287,110418,113363,106080,109225,1530,1487,1105,1058,379,337,138,130,1186,1126,107141,110236,1946,1884,1690,1605,702,649,253,223
Texas,Ochiltree County,9717,4898,4819,4555,4482,85,63,134,172,37,34,5,5,82,63,4630,4540,132,94,153,196,52,46,13,8,1936,2009,1798,1886,34,26,29,28,23,23,2,5,50,41,1843,1924,65,48,37,40,34,32,7,7,2962,2810,2757,2596,51,37,105,144,14,11,3,0,32,22,2787,2616,67,46,116,156,18,14,6,1
Texas,Oldham County,1823,953,870,857,766,37,34,19,16,18,27,0,2,22,25,877,789,46,42,28,26,23,33,1,5,717,696,646,609,33,27,7,9,18,27,0,2,13,22,658,630,40,35,11,16,21,32,0,5,236,174,211,157,4,7,12,7,0,0,0,0,9,3,219,159,6,7,17,10,2,1,1,0
Texas,Orange County,86115,42672,43443,36956,37429,3850,4264,385,318,482,618,60,41,939,773,37847,38163,4262,4579,723,606,699,805,92,72,37837,38993,32763,33462,3570,4045,216,196,451,583,38,27,799,680,33527,34112,3928,4324,479,434,649,755,62,54,4835,4450,4193,3967,280,219,169,122,31,35,22,14,140,93,4320,4051,334,255,244,172,50,50,30,18
Texas,Palo Pinto County,30231,14944,15287,13898,14198,429,408,189,178,141,201,15,20,272,282,14149,14455,568,539,287,288,181,251,35,39,11609,12162,10791,11336,383,336,95,89,120,183,10,13,210,205,10988,11528,496,433,165,160,148,221,24,27,3335,3125,3107,2862,46,72,94,89,21,18,5,7,62,77,3161,2927,72,106,122,128,33,30,11,12
Texas,Panola County,23022,11518,11504,9323,9193,1715,1842,101,102,62,95,15,11,302,261,9599,9438,1833,1951,251,217,107,142,32,26,10167,10290,8208,8156,1657,1800,44,47,56,88,6,5,196,194,8391,8340,1749,1888,128,120,81,124,16,17,1351,1214,1115,1037,58,42,57,55,6,7,9,6,106,67,1208,1098,84,63,123,97,26,18,16,9
Texas,Parker County,179707,90068,89639,83941,83696,2173,1837,942,901,895,1105,146,95,1971,2005,85779,85568,2872,2541,1784,1764,1419,1647,240,190,75088,76084,70102,71169,1885,1588,576,575,832,1008,88,72,1605,1672,71602,72735,2477,2197,1199,1234,1294,1488,164,156,14980,13555,13839,12527,288,249,366,326,63,97,58,23,366,333,14177,12833,395,344,585,530,125,159,76,34
Texas,Parmer County,9669,5130,4539,4674,4219,117,79,121,84,38,64,27,10,153,83,4812,4294,170,113,210,121,59,81,34,16,1583,1532,1440,1391,68,50,15,13,21,46,7,1,32,31,1468,1420,85,63,27,23,27,55,8,3,3547,3007,3234,2828,49,29,106,71,17,18,20,9,121,52,3344,2874,85,50,183,98,32,26,26,13
Texas,Pecos County,14712,8367,6345,7410,5827,600,118,146,96,118,187,12,8,81,109,7481,5921,638,171,181,142,131,206,18,19,2700,1501,1987,1172,533,67,43,33,93,164,4,3,40,62,2020,1228,554,98,58,52,101,177,7,10,5667,4844,5423,4655,67,51,103,63,25,23,8,5,41,47,5461,4693,84,73,123,90,30,29,11,9
Texas,Polk County,54258,29241,25017,24561,21679,3240,1871,574,578,286,316,41,32,539,541,25061,22175,3496,2137,789,787,371,408,71,63,24066,21453,19928,18461,3054,1770,398,446,243,296,24,7,419,473,20323,18899,3264,2005,553,624,305,376,43,32,5175,3564,4633,3218,186,101,176,132,43,20,17,25,120,68,4738,3276,232,132,236,163,66,32,28,31
Texas,Potter County,114649,58856,55793,45801,44856,7760,5881,814,788,2868,2710,97,70,1516,1488,47179,46207,8620,6714,1241,1205,3188,3048,199,166,35032,33299,23905,24110,7108,5229,283,280,2691,2551,31,33,1014,1096,24835,25110,7721,5852,511,555,2920,2817,90,104,23824,22494,21896,20746,652,652,531,508,177,159,66,37,502,392,22344,21097,899,862,730,650,268,231,109,62
Texas,Presidio County,5686,2969,2717,2700,2517,97,58,70,60,52,43,3,2,47,37,2741,2549,120,74,88,76,62,49,5,7,530,458,375,370,72,34,18,13,41,23,2,1,22,17,397,384,85,40,24,19,44,27,2,5,2439,2259,2325,2147,25,24,52,47,11,20,1,1,25,20,2344,2165,35,34,64,57,18,22,3,2
Texas,Rains County,13306,6798,6508,6199,6024,211,166,104,104,91,91,3,2,190,121,6373,6137,293,212,185,153,125,120,15,10,6044,5795,5518,5381,190,144,76,71,88,90,1,1,171,108,5675,5481,262,185,149,113,119,118,13,9,754,713,681,643,21,22,28,33,3,1,2,1,19,13,698,656,31,27,36,40,6,2,2,1
Texas,Randall County,150547,74286,76261,65913,68779,3945,3071,794,758,1677,1822,98,78,1859,1753,67660,70435,4768,3842,1420,1349,2157,2271,173,158,54519,56432,47722,50446,3450,2600,373,373,1534,1676,43,40,1397,1297,49044,51678,4084,3183,785,756,1933,2042,92,97,19767,19829,18191,18333,495,471,421,385,143,146,55,38,462,456,18616,18757,684,659,635,593,224,229,81,61
Texas,Reagan County,3139,1662,1477,1455,1329,77,55,33,19,38,20,0,0,59,54,1510,1381,102,77,60,42,48,30,3,2,497,461,386,382,55,39,7,4,29,16,0,0,20,20,406,400,68,48,11,12,32,22,0,0,1165,1016,1069,947,22,16,26,15,9,4,0,0,39,34,1104,981,34,29,49,30,16,8,3,2
Texas,Real County,2772,1381,1391,1249,1279,34,25,40,39,13,8,6,7,39,33,1285,1311,53,38,59,51,17,16,7,9,965,1018,884,940,30,22,10,19,6,4,6,7,29,26,911,965,44,32,24,27,9,12,7,9,416,373,365,339,4,3,30,20,7,4,0,0,10,7,374,346,9,6,35,24,8,4,0,0
Texas,Red River County,11696,5638,6058,4450,4792,874,972,117,106,34,31,2,4,161,153,4599,4938,950,1046,184,169,57,53,12,7,5141,5566,4072,4389,838,941,73,73,28,27,2,3,128,133,4188,4516,905,1003,122,128,48,49,8,5,497,492,378,403,36,31,44,33,6,4,0,1,33,20,411,422,45,43,62,41,9,4,4,2
Texas,Reeves County,11956,6530,5426,5992,5060,256,125,99,69,103,91,4,8,76,73,6060,5124,290,156,135,105,114,105,7,9,1006,767,705,585,158,61,21,6,91,85,0,1,31,29,735,613,175,70,33,21,93,91,1,1,5524,4659,5287,4475,98,64,78,63,12,6,4,7,45,44,5325,4511,115,86,102,84,21,14,6,8
Texas,Refugio County,6739,3343,3396,2928,3023,273,226,41,45,33,30,0,3,68,69,2990,3088,308,263,66,67,43,43,4,5,1628,1660,1319,1377,224,193,22,21,26,24,0,2,37,43,1355,1418,243,215,32,35,32,33,3,3,1715,1736,1609,1646,49,33,19,24,7,6,0,1,31,26,1635,1670,65,48,34,32,11,10,1,2
Texas,Roberts County,837,402,435,378,406,2,1,12,14,0,2,0,0,10,12,387,417,7,6,16,20,1,4,1,0,349,383,330,369,2,0,7,6,0,2,0,0,10,6,339,375,7,3,11,8,1,3,1,0,53,52,48,37,0,1,5,8,0,0,0,0,0,6,48,42,0,3,5,12,0,1,0,0
Texas,Robertson County,17659,8649,9010,6702,6793,1552,1817,105,115,84,78,10,5,196,202,6881,6980,1666,1924,162,182,120,117,19,12,6627,6988,4930,5016,1447,1721,39,30,72,75,2,3,137,143,5059,5149,1528,1795,74,75,97,106,9,9,2022,2022,1772,1777,105,96,66,85,12,3,8,2,59,59,1822,1831,138,129,88,107,23,11,10,3
Texas,Rockwall County,137044,68078,68966,55066,55600,7577,7702,679,604,2863,3177,89,92,1804,1791,56719,57236,8317,8406,1130,1078,3583,3912,193,200,52945,54158,41199,41944,7183,7311,315,313,2718,3032,46,60,1484,1498,42569,43318,7796,7909,633,664,3358,3685,122,146,15133,14808,13867,13656,394,391,364,291,145,145,43,32,320,293,14150,13918,521,497,497,414,225,227,71,54
Texas,Runnels County,9751,4993,4758,4559,4428,156,112,107,85,65,48,2,2,104,83,4656,4504,211,148,143,122,83,64,6,5,3139,3123,2893,2927,106,86,30,34,53,33,0,0,57,43,2948,2968,137,107,49,49,61,41,2,1,1854,1635,1666,1501,50,26,77,51,12,15,2,2,47,40,1708,1536,74,41,94,73,22,23,4,4
Texas,Rusk County,53391,28122,25269,22009,20293,4942,3882,323,271,199,200,37,36,612,587,22589,20845,5273,4190,539,465,277,303,63,61,22339,20476,16747,15953,4810,3731,140,120,138,158,20,15,484,499,17211,16425,5087,4002,287,271,206,250,37,35,5783,4793,5262,4340,132,151,183,151,61,42,17,21,128,88,5378,4420,186,188,252,194,71,53,26,26
Texas,Sabine County,10058,5082,4976,4449,4426,371,331,57,63,41,34,1,3,163,119,4601,4539,469,394,104,107,60,53,14,4,4849,4754,4268,4250,355,318,44,52,25,34,1,0,156,100,4413,4344,450,372,87,87,44,52,14,1,233,222,181,176,16,13,13,11,16,0,0,3,7,19,188,195,19,22,17,20,16,1,0,3
Texas,San Augustine County,7767,3809,3958,2900,2950,763,869,50,30,18,21,2,2,76,86,2973,3029,800,916,79,61,26,37,9,5,3431,3635,2576,2686,752,846,29,12,12,21,0,1,62,69,2637,2749,783,883,52,36,17,36,5,4,378,323,324,264,11,23,21,18,6,0,2,1,14,17,336,280,17,33,27,25,9,1,4,1
Texas,San Jacinto County,29326,14523,14803,12539,12838,1282,1327,201,168,98,130,25,11,378,329,12889,13141,1453,1461,370,321,147,185,47,30,11580,11739,9911,10054,1190,1236,100,91,81,116,13,8,285,234,10177,10269,1327,1335,223,193,117,159,26,21,2943,3064,2628,2784,92,91,101,77,17,14,12,3,93,95,2712,2872,126,126,147,128,30,26,21,9
Texas,San Patricio County,71467,36213,35254,33667,32920,915,715,392,425,613,566,59,62,567,566,34180,33435,1142,920,622,669,755,714,97,96,15256,15036,13537,13542,685,500,124,110,527,487,38,40,345,357,13857,13868,839,638,231,243,626,595,57,60,20957,20218,20130,19378,230,215,268,315,86,79,21,22,222,209,20323,19567,303,282,391,426,129,119,40,36
Texas,San Saba County,5508,2958,2550,2680,2372,150,30,47,50,16,25,1,4,64,69,2738,2433,179,55,73,86,26,39,6,7,1961,1788,1748,1667,141,24,15,28,15,23,1,4,41,42,1787,1705,160,39,30,49,22,33,3,5,997,762,932,705,9,6,32,22,1,2,0,0,23,27,951,728,19,16,43,37,4,6,3,2
Texas,Schleicher County,2302,1174,1128,1093,1031,32,24,12,27,6,9,0,0,31,37,1124,1068,48,40,23,45,8,11,3,1,556,512,514,460,24,16,1,9,4,5,0,0,13,22,527,482,31,27,4,19,6,6,1,0,618,616,579,571,8,8,11,18,2,4,0,0,18,15,597,586,17,13,19,26,2,5,2,1
Texas,Scurry County,16211,8500,7711,7556,7081,504,231,137,102,94,105,8,11,201,181,7735,7248,624,325,193,168,125,132,25,21,4650,4309,4008,3898,418,187,49,36,69,76,5,4,101,108,4105,4000,490,244,70,71,77,94,10,8,3850,3402,3548,3183,86,44,88,66,25,29,3,7,100,73,3630,3248,134,81,123,97,48,38,15,13
Texas,Shackelford County,3169,1581,1588,1475,1494,40,31,28,14,6,12,2,1,30,36,1502,1527,57,53,37,23,12,18,3,3,1343,1395,1271,1329,31,16,10,5,5,11,2,1,24,33,1293,1359,46,36,15,13,10,17,3,3,238,193,204,165,9,15,18,9,1,1,0,0,6,3,209,168,11,17,22,10,2,1,0,0
Texas,Shelby County,24192,12014,12178,9460,9453,1923,2173,147,112,231,173,24,19,229,248,9676,9680,2060,2310,216,180,267,228,32,30,9391,9874,7092,7356,1842,2109,56,40,199,158,10,11,192,200,7275,7539,1956,2222,110,89,231,205,17,21,2623,2304,2368,2097,81,64,91,72,32,15,14,8,37,48,2401,2141,104,88,106,91,36,23,15,9
Texas,Sherman County,2771,1456,1315,1344,1239,41,19,24,24,16,13,0,0,31,20,1375,1259,60,26,33,32,20,18,1,0,722,699,661,664,28,13,7,5,7,6,0,0,19,11,680,675,40,14,10,11,11,10,1,0,734,616,683,575,13,6,17,19,9,7,0,0,12,9,695,584,20,12,23,21,9,8,0,0
Texas,Smith County,249091,120550,128541,93747,98526,20699,23433,1216,1123,2198,2546,112,178,2578,2735,96090,101011,22175,24981,1889,1859,2823,3217,259,323,93377,101918,68883,74063,19872,22609,466,451,2021,2402,59,138,2076,2255,70776,76118,21096,23921,941,999,2564,2994,161,248,27173,26623,24864,24463,827,824,750,672,177,144,53,40,502,480,25314,24893,1079,1060,948,860,259,223,98,75
Texas,Somervell County,10098,5102,4996,4774,4676,104,52,72,85,46,65,5,2,101,116,4869,4778,148,108,118,133,62,87,8,6,4111,4142,3877,3915,93,43,37,44,34,52,3,1,67,87,3942,3991,123,88,63,80,46,68,4,2,991,854,897,761,11,9,35,41,12,13,2,1,34,29,927,787,25,20,55,53,16,19,4,4
Texas,Starr County,66587,32553,34034,31982,33494,226,177,152,156,86,102,11,8,96,97,32070,33580,278,207,189,208,98,122,18,14,1027,1025,813,849,107,62,12,16,57,67,2,4,36,27,847,872,129,69,21,29,63,76,3,6,31526,33009,31169,32645,119,115,140,140,29,35,9,4,60,70,31223,32708,149,138,168,179,35,46,15,8
Texas,Stephens County,9475,5136,4339,4665,4022,240,113,84,77,54,49,4,3,89,75,4740,4093,286,144,115,114,75,61,11,3,3749,3270,3388,3027,208,97,42,37,46,48,3,3,62,58,3441,3082,245,124,60,62,61,58,6,3,1387,1069,1277,995,32,16,42,40,8,1,1,0,27,17,1299,1011,41,20,55,52,14,3,5,0
Texas,Sterling County,1387,712,675,659,628,15,8,16,15,2,2,3,4,17,18,674,645,28,18,20,21,4,5,3,4,459,418,421,391,14,6,8,4,1,1,3,4,12,12,431,402,23,14,11,7,3,3,3,4,253,257,238,237,1,2,8,11,1,1,0,0,5,6,243,243,5,4,9,14,1,2,0,0
Texas,Stonewall County,1235,591,644,537,579,27,18,8,10,10,13,0,1,9,23,545,601,33,30,10,19,12,16,0,1,463,515,420,469,23,17,4,1,8,11,0,1,8,16,427,484,28,25,6,8,10,13,0,1,128,129,117,110,4,1,4,9,2,2,0,0,1,7,118,117,5,5,4,11,2,3,0,0
Texas,Sutton County,3269,1643,1626,1546,1549,41,18,28,24,11,13,0,0,17,22,1561,1571,48,25,34,35,14,16,3,2,550,608,513,591,19,5,3,1,7,5,0,0,8,6,520,597,23,7,7,3,8,8,0,0,1093,1018,1033,958,22,13,25,23,4,8,0,0,9,16,1041,974,25,18,27,32,6,8,3,2
Texas,Swisher County,6877,3750,3127,3130,2731,439,193,65,78,23,36,4,4,89,85,3213,2811,488,238,98,108,33,49,9,6,2009,1623,1506,1360,401,150,24,31,11,26,2,3,65,53,1567,1410,439,180,44,49,20,34,5,3,1741,1504,1624,1371,38,43,41,47,12,10,2,1,24,32,1646,1401,49,58,54,59,13,15,4,3
Texas,Tarrant County,2230708,1095670,1135038,769811,779373,205725,229648,11042,10892,73991,79385,2925,3139,32176,32601,799095,808910,221386,245781,19323,19363,85786,91148,4617,4917,746440,791778,448845,464555,195193,218296,3746,4038,71550,76814,2186,2361,24920,25714,471494,487778,207529,231269,9135,9760,81417,86759,3404,3708,349230,343260,320966,314818,10532,11352,7296,6854,2441,2571,739,778,7256,6887,327601,321132,13857,14512,10188,9603,4369,4389,1213,1209
Texas,Taylor County,148813,73438,75375,61155,63445,7407,6660,783,763,1580,2116,122,126,2391,2265,63347,65511,8710,7894,1346,1304,2273,2780,253,245,54403,55957,44128,45978,6676,5887,299,312,1459,2001,67,77,1774,1702,45750,47529,7675,6838,649,656,2024,2548,149,161,19035,19418,17027,17467,731,773,484,451,121,115,55,49,617,563,17597,17982,1035,1056,697,648,249,232,104,84
Texas,Terrell County,718,383,335,333,305,22,2,14,17,5,1,0,0,9,10,341,314,30,7,14,22,7,2,0,0,189,161,159,144,12,2,5,8,5,1,0,0,8,6,166,149,19,6,5,11,7,1,0,0,194,174,174,161,10,0,9,9,0,0,0,0,1,4,175,165,11,1,9,11,0,1,0,0
Texas,Terry County,11602,6003,5599,5478,5178,306,209,76,74,38,42,2,5,103,91,5570,5265,367,252,109,107,53,59,8,7,2513,2352,2176,2101,239,160,19,15,20,25,0,1,59,50,2230,2147,279,186,36,29,26,37,2,3,3490,3247,3302,3077,67,49,57,59,18,17,2,4,44,41,3340,3118,88,66,73,78,27,22,6,4
Texas,Throckmorton County,1532,771,761,745,715,9,11,7,10,3,14,0,0,7,11,752,725,13,15,9,12,4,19,0,1,670,670,647,629,9,10,5,8,3,14,0,0,6,9,653,637,12,14,7,10,4,18,0,0,101,91,98,86,0,1,2,2,0,0,0,0,1,2,99,88,1,1,2,2,0,1,0,1
Texas,Titus County,31547,15609,15938,13164,13318,1523,1698,373,362,242,223,41,31,266,306,13403,13607,1675,1862,472,459,277,274,52,44,8201,8800,6364,6799,1381,1520,60,66,211,197,12,8,173,210,6516,6998,1489,1640,118,123,235,239,18,12,7408,7138,6800,6519,142,178,313,296,31,26,29,23,93,96,6887,6609,186,222,354,336,42,35,34,32
Texas,Tom Green County,120103,60039,60064,53856,54308,2901,2394,691,746,943,1055,106,95,1542,1466,55231,55615,3644,3058,1131,1157,1418,1534,228,259,34979,35071,30475,31006,2366,1835,217,234,842,937,56,68,1023,991,31390,31895,2875,2291,452,460,1203,1305,132,193,25060,24993,23381,23302,535,559,474,512,101,118,50,27,519,475,23841,23720,769,767,679,697,215,229,96,66
Texas,Travis County,1363767,699129,664638,534805,507484,66090,64242,9669,7944,66360,63128,944,890,21261,20950,554314,526673,74052,72389,15785,13812,76077,72605,2016,1993,467692,448162,326209,311168,59810,57716,1690,1475,64007,61378,528,538,15448,15887,340373,325672,65587,63951,5250,5160,71816,69192,1218,1324,231437,216476,208596,196316,6280,6526,7979,6469,2353,1750,416,352,5813,5063,213941,201001,8465,8438,10535,8652,4261,3413,798,669
Texas,Trinity County,14489,7071,7418,6177,6432,616,688,71,87,47,51,3,8,157,152,6323,6573,692,763,138,150,68,73,7,11,6166,6554,5363,5659,590,665,38,52,38,47,2,4,135,127,5488,5777,658,728,93,101,58,68,4,7,905,864,814,773,26,23,33,35,9,4,1,4,22,25,835,796,34,35,45,49,10,5,3,4
Texas,Tyler County,20560,11186,9374,9104,8297,1698,709,113,97,62,80,6,8,203,183,9291,8470,1812,810,183,155,91,107,14,18,9947,8748,8024,7744,1596,679,78,72,53,79,5,8,191,166,8200,7900,1704,770,144,125,80,105,12,17,1239,626,1080,553,102,30,35,25,9,1,1,0,12,17,1091,570,108,40,39,30,11,2,2,1
Texas,Upshur County,44050,21797,22253,18915,19270,1853,1871,276,278,142,240,22,21,589,573,19468,19818,2174,2183,483,477,222,313,42,44,19280,19881,16683,17205,1791,1798,158,145,117,222,11,8,520,503,17172,17686,2083,2077,336,314,186,286,26,29,2517,2372,2232,2065,62,73,118,133,25,18,11,13,69,70,2296,2132,91,106,147,163,36,27,16,15
Texas,Upton County,3128,1569,1559,1394,1396,67,80,58,44,10,16,0,0,40,23,1429,1419,91,89,72,52,15,22,2,0,720,685,622,594,38,47,21,18,7,13,0,0,32,13,649,607,57,52,33,22,11,17,2,0,849,874,772,802,29,33,37,26,3,3,0,0,8,10,780,812,34,37,39,30,4,5,0,0
Texas,Uvalde County,25138,12408,12730,11604,12062,270,191,185,169,170,139,11,15,168,154,11756,12204,345,258,254,229,204,168,18,26,3575,3571,3130,3245,150,98,45,39,136,97,6,4,108,88,3228,3326,204,140,83,69,160,116,9,9,8833,9159,8474,8817,120,93,140,130,34,42,5,11,60,66,8528,8878,141,118,171,160,44,52,9,17
Texas,Val Verde County,47999,24854,23145,23244,21818,739,512,272,249,197,237,47,46,355,283,23559,22076,899,632,405,358,287,295,73,72,4982,3839,4089,3141,463,308,59,38,145,186,26,27,200,139,4266,3267,557,370,123,82,207,220,37,41,19872,19306,19155,18677,276,204,213,211,52,51,21,19,155,144,19293,18809,342,262,282,276,80,75,36,31
Texas,Van Zandt County,65304,32183,33121,29766,30894,1180,980,367,315,200,255,31,61,639,616,30365,31478,1464,1256,663,591,281,332,53,83,27120,28594,25170,26713,1077,910,216,179,151,227,20,54,486,511,25621,27196,1302,1144,433,399,218,295,34,74,5063,4527,4596,4181,103,70,151,136,49,28,11,7,153,105,4744,4282,162,112,230,192,63,37,19,9
Texas,Victoria County,91949,45159,46790,40130,41726,3020,2955,463,393,559,769,58,52,929,895,40986,42551,3540,3454,734,662,741,937,103,97,22899,23896,19058,19900,2628,2554,113,135,497,694,14,15,589,598,19599,20452,2971,2900,256,291,629,820,39,44,22260,22894,21072,21826,392,401,350,258,62,75,44,37,340,297,21387,22099,569,554,478,371,112,117,64,53
Texas,Walker County,83722,49395,34327,35200,26118,12395,6574,397,358,542,456,44,52,817,769,35936,26810,12811,6988,650,590,747,634,92,97,38181,27086,24885,19623,12078,6309,137,140,479,414,27,32,575,568,25394,20133,12389,6623,295,295,631,557,58,64,11214,7241,10315,6495,317,265,260,218,63,42,17,20,242,201,10542,6677,422,365,355,295,116,77,34,33
Texas,Waller County,65109,32403,32706,22570,22266,7789,8384,466,440,885,967,51,45,642,604,23140,22787,8203,8768,625,611,1002,1084,90,82,20882,21783,12105,12250,7364,8049,104,91,816,916,14,28,479,449,12527,12628,7689,8340,210,210,907,1008,40,62,11521,10923,10465,10016,425,335,362,349,69,51,37,17,163,155,10613,10159,514,428,415,401,95,76,50,20
Texas,Ward County,11038,5623,5415,5016,4828,300,301,104,86,69,67,7,5,127,128,5139,4946,367,380,146,124,86,85,13,8,2380,2286,1991,1904,226,222,41,27,54,47,0,0,68,86,2056,1981,265,279,62,50,63,60,2,2,3243,3129,3025,2924,74,79,63,59,15,20,7,5,59,42,3083,2965,102,101,84,74,23,25,11,6
Texas,Washington County,37810,18424,19386,14688,15443,3011,3092,112,143,295,365,11,10,307,333,14963,15747,3194,3280,207,238,356,433,26,36,14742,15824,11316,12198,2888,2973,43,58,260,338,6,7,229,250,11521,12422,3025,3118,114,124,306,392,17,26,3682,3562,3372,3245,123,119,69,85,35,27,5,3,78,83,3442,3325,169,162,93,114,50,41,9,10
Texas,Webb County,272823,135604,137219,131602,133764,1472,1114,808,802,894,942,93,66,735,531,132261,134235,1739,1301,1101,1034,1106,1078,150,117,7869,6452,5927,4823,834,600,62,62,682,757,23,25,341,185,6234,4984,973,670,160,126,806,819,46,41,127735,130767,125675,128941,638,514,746,740,212,185,70,41,394,346,126027,129251,766,631,941,908,300,259,104,76
Texas,Wharton County,42035,20777,21258,17387,17628,2748,3037,217,146,169,162,12,18,244,267,17614,17874,2888,3195,300,232,202,196,20,29,11624,12317,8819,9229,2465,2754,49,31,142,139,7,10,142,154,8948,9369,2554,2851,95,73,160,163,11,16,9153,8941,8568,8399,283,283,168,115,27,23,5,8,102,113,8666,8505,334,344,205,159,42,33,9,13
Texas,Wheeler County,4824,2404,2420,2210,2187,84,76,46,54,9,40,0,1,55,62,2262,2244,106,115,69,73,17,48,6,2,1753,1809,1617,1650,69,63,17,19,8,29,0,0,42,48,1656,1695,86,91,34,34,14,36,6,1,651,611,593,537,15,13,29,35,1,11,0,1,13,14,606,549,20,24,35,39,3,12,0,1
Texas,Wichita County,129984,67452,62532,54055,51256,8408,6506,1033,955,1536,1588,123,91,2297,2136,56116,53180,9540,7576,1610,1494,2303,2307,295,236,52691,49602,41073,39940,7866,5997,541,565,1411,1458,57,57,1743,1585,42642,41367,8736,6798,917,917,2042,2039,187,159,14761,12930,12982,11316,542,509,492,390,125,130,66,34,554,551,13474,11813,804,778,693,577,261,268,108,77
Texas,Wilbarger County,12455,6241,6214,5094,5195,582,510,113,105,236,204,8,6,208,194,5284,5374,705,617,179,170,263,238,19,11,4264,4318,3322,3466,512,447,56,62,219,192,5,4,150,147,3458,3601,605,530,98,105,240,220,13,9,1977,1896,1772,1729,70,63,57,43,17,12,3,2,58,47,1826,1773,100,87,81,65,23,18,6,2
Texas,Willacy County,20027,11010,9017,10267,8685,460,138,69,70,129,50,15,6,70,68,10332,8747,492,170,99,100,138,61,19,7,1534,948,1004,818,373,55,14,15,104,26,1,1,38,33,1038,848,393,69,28,30,110,33,3,1,9476,8069,9263,7867,87,83,55,55,25,24,14,5,32,35,9294,7899,99,101,71,70,28,28,16,6
Texas,Williamson County,727480,363809,363671,269363,271703,29983,30432,3491,3242,48078,46187,709,572,12185,11535,280735,282406,35096,35356,6227,5912,53523,51252,1487,1359,272219,271907,186846,188825,27014,27279,1158,1107,47149,45192,454,366,9598,9138,195801,197282,31070,31215,2937,2885,51746,49504,1023,953,91590,91764,82517,82878,2969,3153,2333,2135,929,995,255,206,2587,2397,84934,85124,4026,4141,3290,3027,1777,1748,464,406
Texas,Wilson County,55415,28042,27373,26210,25612,774,578,316,291,241,366,43,25,458,501,26637,26077,934,744,535,536,335,478,66,49,16585,16185,15332,14962,627,455,115,104,174,310,26,21,311,333,15619,15268,747,572,249,247,244,396,42,39,11457,11188,10878,10650,147,123,201,187,67,56,17,4,147,168,11018,10809,187,172,286,289,91,82,24,10
Texas,Winkler County,7381,3892,3489,3513,3147,173,121,78,96,70,67,5,3,53,55,3565,3198,202,152,94,114,76,77,8,3,1404,1263,1166,1080,111,61,28,25,58,60,1,2,40,35,1205,1112,136,82,36,36,64,66,3,2,2488,2226,2347,2067,62,60,50,71,12,7,4,1,13,20,2360,2086,66,70,58,78,12,11,5,1
Texas,Wise County,81275,40800,40475,37886,37647,1114,954,497,513,300,401,39,56,964,904,38808,38504,1426,1255,958,936,519,611,70,85,31453,31746,29225,29536,943,799,273,312,242,349,25,33,745,717,29938,30213,1200,1053,595,613,435,538,43,56,9347,8729,8661,8111,171,155,224,201,58,52,14,23,219,187,8870,8291,226,202,363,323,84,73,27,29
Texas,Wood County,48742,24519,24223,22372,22389,1169,964,276,280,212,178,17,21,473,391,22824,22746,1391,1144,470,451,274,238,37,40,21271,21475,19430,19916,1089,867,145,177,195,163,11,13,401,339,19814,20223,1282,1023,301,326,250,215,28,31,3248,2748,2942,2473,80,97,131,103,17,15,6,8,72,52,3010,2523,109,121,169,125,24,23,9,9
Texas,Yoakum County,7581,3913,3668,3660,3422,68,63,80,83,23,30,3,0,79,70,3736,3489,107,101,109,109,35,34,5,5,1303,1255,1181,1126,46,45,21,14,18,22,1,0,36,48,1216,1171,66,74,30,31,25,25,2,2,2610,2413,2479,2296,22,18,59,69,5,8,2,0,43,22,2520,2318,41,27,79,78,10,9,3,3
Texas,Young County,18236,9179,9057,8582,8530,204,141,131,123,75,79,5,10,182,174,8753,8687,299,223,189,196,108,109,13,17,7135,7223,6708,6860,176,106,47,66,52,61,2,5,150,125,6850,6973,256,169,95,114,78,83,7,10,2044,1834,1874,1670,28,35,84,57,23,18,3,5,32,49,1903,1714,43,54,94,82,30,26,6,7
Texas,Zapata County,13819,6930,6889,6714,6727,95,40,33,36,50,57,4,4,34,25,6745,6751,110,50,44,48,57,62,8,4,494,367,368,273,65,24,10,13,48,49,0,1,3,7,370,280,67,25,12,16,48,52,0,1,6436,6522,6346,6454,30,16,23,23,2,8,4,3,31,18,6375,6471,43,25,32,32,9,10,8,3
Texas,Zavala County,9209,4626,4583,4394,4377,89,77,70,58,19,18,10,9,44,44,4436,4421,111,100,87,74,24,22,13,10,346,335,275,257,40,41,9,9,9,9,1,4,12,15,286,272,45,48,15,14,11,11,1,5,4280,4248,4119,4120,49,36,61,49,10,9,9,5,32,29,4150,4149,66,52,72,60,13,11,12,5
Utah,Beaver County,7424,3944,3480,3656,3295,69,19,81,61,28,31,21,7,89,67,3740,3356,106,43,116,82,52,51,27,17,3314,3001,3115,2873,61,11,37,27,27,28,16,7,58,55,3171,2922,88,29,50,43,47,45,18,17,630,479,541,422,8,8,44,34,1,3,5,0,31,12,569,434,18,14,66,39,5,6,9,0
Utah,Box Elder County,64120,32992,31128,31225,29600,310,178,362,361,246,290,101,102,748,597,31917,30150,498,311,655,593,526,529,165,157,29347,27800,28091,26688,214,107,179,195,208,251,83,83,572,476,28618,27123,360,211,358,354,462,471,133,130,3645,3328,3134,2912,96,71,183,166,38,39,18,19,176,121,3299,3027,138,100,297,239,64,58,32,27
Utah,Cache County,145487,73132,72355,66849,66546,1000,879,749,748,1902,1989,611,472,2021,1721,68740,68159,1472,1286,1425,1317,2777,2731,918,721,64259,63639,59199,58989,827,686,344,350,1803,1868,500,390,1586,1356,60683,60258,1184,1016,757,695,2579,2526,774,608,8873,8716,7650,7557,173,193,405,398,99,121,111,82,435,365,8057,7901,288,270,668,622,198,205,144,113
Utah,Carbon County,20613,10316,10297,9695,9699,78,63,198,177,65,69,42,33,238,256,9912,9922,143,136,327,313,118,127,69,67,8902,8937,8479,8520,54,52,121,98,55,65,27,21,166,181,8629,8673,100,108,202,184,97,108,46,51,1414,1360,1216,1179,24,11,77,79,10,4,15,12,72,75,1283,1249,43,28,125,129,21,19,23,16
Utah,Daggett County,956,531,425,502,390,1,0,6,11,3,2,0,1,19,21,520,411,8,9,9,17,13,6,1,3,500,396,479,375,1,0,1,9,1,2,0,1,18,9,496,384,8,2,3,13,11,4,1,2,31,29,23,15,0,0,5,2,2,0,0,0,1,12,24,27,0,7,6,4,2,2,0,1
Utah,Davis County,378470,191792,186678,174001,168807,3431,2637,1721,1660,4387,5473,1920,2008,6332,6093,179982,174606,5294,4349,3009,2935,7656,8637,3011,3004,167523,163435,153026,148717,2814,2062,838,819,4014,5118,1763,1829,5068,4890,157808,153372,4220,3383,1613,1565,6863,7865,2714,2703,24269,23243,20975,20090,617,575,883,841,373,355,157,179,1264,1203,22174,21234,1074,966,1396,1370,793,772,297,301
Utah,Duchesne County,20803,10616,10187,9610,9243,89,38,495,467,54,77,50,36,318,326,9896,9543,171,130,657,639,122,144,101,80,9649,9413,8924,8682,53,22,337,350,38,65,45,31,252,263,9149,8921,119,98,459,483,101,124,86,68,967,774,686,561,36,16,158,117,16,12,5,5,66,63,747,622,52,32,198,156,21,20,15,12
Utah,Emery County,10161,5261,4900,5018,4675,37,18,68,66,30,35,10,3,98,103,5100,4764,75,66,108,109,57,59,29,14,4829,4529,4645,4348,21,13,47,46,26,35,9,3,81,84,4713,4421,54,58,79,76,49,54,24,11,432,371,373,327,16,5,21,20,4,0,1,0,17,19,387,343,21,8,29,33,8,5,5,3
Utah,Garfield County,5290,2731,2559,2538,2362,35,15,75,70,28,26,10,11,45,75,2573,2430,51,49,96,96,38,40,18,21,2502,2360,2354,2215,26,9,52,47,27,24,10,11,33,54,2379,2264,36,36,67,62,35,36,18,18,229,199,184,147,9,6,23,23,1,2,0,0,12,21,194,166,15,13,29,34,3,4,0,3
Utah,Grand County,9788,4828,4960,4283,4275,66,34,283,236,73,260,7,13,116,142,4388,4399,107,87,332,298,99,291,21,29,4105,4317,3712,3736,47,23,195,186,66,255,7,7,78,110,3779,3830,75,64,226,232,85,284,21,19,723,643,571,539,19,11,88,50,7,5,0,6,38,32,609,569,32,23,106,66,14,7,0,10
Utah,Iron County,65936,33138,32798,30577,30378,381,268,755,755,433,432,163,142,829,823,31323,31124,587,486,1059,1072,731,709,326,294,29384,29144,27376,27264,322,206,511,528,381,384,138,128,656,634,27968,27842,479,371,711,725,643,627,279,263,3754,3654,3201,3114,59,62,244,227,52,48,25,14,173,189,3355,3282,108,115,348,347,88,82,47,31
Utah,Juab County,13297,6846,6451,6495,6160,53,36,90,70,36,34,18,22,154,129,6627,6282,112,87,165,122,60,52,44,42,6439,6046,6179,5826,30,19,65,49,28,29,15,20,122,103,6285,5922,79,61,120,90,45,44,38,37,407,405,316,334,23,17,25,21,8,5,3,2,32,26,342,360,33,26,45,32,15,8,6,5
Utah,Kane County,8525,4286,4239,3979,4008,60,32,101,63,46,50,1,8,99,78,4066,4079,94,63,145,97,68,65,17,14,4027,4021,3774,3821,50,25,74,49,44,47,1,8,84,71,3847,3886,81,54,108,78,64,62,16,13,259,218,205,187,10,7,27,14,2,3,0,0,15,7,219,193,13,9,37,19,4,3,1,1
Utah,Millard County,13572,7033,6539,6526,6086,64,25,164,150,97,126,30,16,152,136,6658,6208,118,83,234,205,131,151,53,32,5979,5691,5649,5382,42,4,80,73,86,113,13,13,109,106,5741,5474,87,50,117,113,116,133,33,29,1054,848,877,704,22,21,84,77,11,13,17,3,43,30,917,734,31,33,117,92,15,18,20,3
Utah,Morgan County,13093,6798,6295,6565,6137,36,23,37,18,58,33,9,8,93,76,6648,6209,75,61,71,44,78,45,22,15,6618,6063,6421,5929,31,18,26,16,55,28,9,8,76,64,6488,5990,66,48,51,37,71,39,21,15,180,232,144,208,5,5,11,2,3,5,0,0,17,12,160,219,9,13,20,7,7,6,1,0
Utah,Piute County,1534,772,762,737,736,1,4,6,7,3,4,0,1,25,10,761,745,13,9,16,12,6,5,1,1,702,699,680,682,0,2,3,2,3,4,0,1,16,8,695,690,8,6,9,5,5,5,1,1,70,63,57,54,1,2,3,5,0,0,0,0,9,2,66,55,5,3,7,7,1,0,0,0
Utah,Rich County,2752,1442,1310,1395,1266,14,7,9,12,3,6,1,1,20,18,1415,1284,24,12,16,20,5,8,2,4,1364,1252,1323,1220,13,7,6,10,1,2,1,1,20,12,1343,1232,23,11,13,15,3,3,2,3,78,58,72,46,1,0,3,2,2,4,0,0,0,6,72,52,1,1,3,5,2,5,0,1
Utah,Salt Lake County,1216274,616557,599717,525558,511385,17883,13750,9632,9624,31108,33867,12066,11028,20310,20063,544312,530104,23978,19513,14566,14862,39591,42213,15923,14573,480043,469714,404705,396710,14444,10732,3830,3941,29761,32562,11216,10231,16087,15538,419506,411197,19121,15052,6795,6924,37209,39790,14636,13366,136514,130003,120853,114675,3439,3018,5802,5683,1347,1305,850,797,4223,4525,124806,118907,4857,4461,7771,7938,2382,2423,1287,1207
Utah,San Juan County,14601,7265,7336,3722,3641,45,35,3277,3417,41,51,11,3,169,189,3874,3814,89,83,3366,3524,71,81,35,23,6797,6872,3447,3372,39,30,3119,3261,41,46,11,3,140,160,3570,3518,75,66,3192,3353,66,73,34,22,468,464,275,269,6,5,158,156,0,5,0,0,29,29,304,296,14,17,174,171,5,8,1,1
Utah,Sanpete County,30732,16324,14408,14963,13658,366,92,355,173,176,136,111,73,353,276,15250,13916,464,179,484,271,280,210,202,117,14278,12978,13321,12401,289,66,175,89,132,120,87,65,274,237,13533,12622,369,135,254,167,227,188,171,109,2046,1430,1642,1257,77,26,180,84,44,16,24,8,79,39,1717,1294,95,44,230,104,53,22,31,8
Utah,Sevier County,22520,11523,10997,11005,10488,85,52,172,196,43,56,37,30,181,175,11176,10654,153,112,239,264,79,97,57,47,10858,10394,10438,9988,74,40,127,140,37,48,34,30,148,148,10577,10127,134,89,177,192,65,88,53,47,665,603,567,500,11,12,45,56,6,8,3,0,33,27,599,527,19,23,62,72,14,9,4,0
Utah,Summit County,43109,22074,21035,20716,19672,289,202,161,138,457,606,38,35,413,382,21110,20037,387,277,286,268,637,774,70,62,19476,18355,18389,17234,235,148,71,53,409,580,30,24,342,316,18716,17536,312,206,164,144,571,737,56,48,2598,2680,2327,2438,54,54,90,85,48,26,8,11,71,66,2394,2501,75,71,122,124,66,37,14,14
Utah,Tooele County,84488,43152,41336,39736,37999,668,479,601,594,393,499,543,538,1211,1227,40873,39156,1018,821,1002,1012,779,907,698,681,35877,34610,33274,32066,516,352,317,319,302,443,503,479,965,951,34178,32966,804,618,571,577,654,803,642,607,7275,6726,6462,5933,152,127,284,275,91,56,40,59,246,276,6695,6190,214,203,431,435,125,104,56,74
Utah,Uintah County,38307,19426,18881,17259,16560,153,107,1244,1451,160,220,89,76,521,467,17748,17004,271,202,1474,1674,308,359,147,113,17471,17158,15722,15205,110,73,1032,1245,133,197,55,54,419,384,16113,15570,206,152,1197,1413,271,324,104,86,1955,1723,1537,1355,43,34,212,206,27,23,34,22,102,83,1635,1434,65,50,277,261,37,35,43,27
Utah,Utah County,747234,379297,367937,345179,335051,4811,4201,3911,3828,8092,9037,4304,3634,13000,12186,357452,346666,7708,6815,6454,6289,14053,14681,8026,6983,318898,310478,291479,284212,3503,2886,1663,1571,7605,8533,4007,3315,10641,9961,301517,293704,5762,4930,3204,3039,12887,13520,7345,6319,60399,57459,53700,50839,1308,1315,2248,2257,487,504,297,319,2359,2225,55935,52962,1946,1885,3250,3250,1166,1161,681,664
Utah,Wasatch County,37858,19450,18408,18352,17373,164,136,147,117,359,349,68,29,360,404,18689,17742,264,235,302,287,464,482,96,70,16368,15676,15578,14912,101,84,56,38,327,326,56,22,250,294,15809,15179,171,154,147,140,416,437,79,61,3082,2732,2774,2461,63,52,91,79,32,23,12,7,110,110,2880,2563,93,81,155,147,48,45,17,9
Utah,Washington County,207943,103445,104498,95412,96685,1272,826,1696,1860,1155,1611,1021,914,2889,2602,98016,99058,2013,1466,2609,2722,2196,2568,1754,1525,89768,91482,83672,85367,882,573,939,1056,983,1495,881,817,2411,2174,85838,87352,1509,1096,1575,1657,1915,2365,1557,1394,13677,13016,11740,11318,390,253,757,804,172,116,140,97,478,428,12178,11706,504,370,1034,1065,281,203,197,131
Utah,Wayne County,2608,1314,1294,1234,1230,11,5,14,12,16,21,4,2,35,24,1268,1253,28,10,24,24,23,27,6,4,1251,1224,1182,1171,10,5,8,5,13,19,4,2,34,22,1215,1192,26,10,18,15,20,25,6,4,63,70,52,59,1,0,6,7,3,2,0,0,1,2,53,61,2,0,6,9,3,2,0,0
Utah,Weber County,276118,139912,136206,127487,124282,3006,2191,2009,2048,2230,2886,763,583,4417,4216,131665,128309,4348,3392,3376,3423,4036,4636,1372,1133,111597,109391,102764,100747,2303,1530,725,854,1885,2585,646,470,3274,3205,105852,103799,3284,2448,1498,1673,3425,4094,1153,944,28315,26815,24723,23535,703,661,1284,1194,345,301,117,113,1143,1011,25813,24510,1064,944,1878,1750,611,542,219,189
Vermont,Addison County,38047,19091,18956,17824,17796,442,196,77,52,360,450,7,9,381,453,18186,18230,575,355,199,209,522,646,39,41,18404,18332,17247,17264,400,175,54,43,352,438,7,7,344,405,17577,17654,517,307,154,178,506,622,35,38,687,624,577,532,42,21,23,9,8,12,0,2,37,48,609,576,58,48,45,31,16,24,4,3
Vermont,Bennington County,37039,18238,18801,17201,17841,349,223,89,59,269,332,11,6,319,340,17516,18171,483,368,213,203,343,410,21,14,17721,18243,16797,17391,316,186,51,39,263,326,8,2,286,299,17079,17682,431,307,160,164,334,399,18,10,517,558,404,450,33,37,38,20,6,6,3,4,33,41,437,489,52,61,53,39,9,11,3,4
Vermont,Caledonia County,30535,15284,15251,14522,14573,203,121,84,71,186,185,1,4,288,297,14804,14862,299,228,232,229,237,235,15,12,14914,14934,14234,14310,158,102,74,63,182,182,1,4,265,273,14493,14577,244,196,214,208,229,228,13,12,370,317,288,263,45,19,10,8,4,3,0,0,23,24,311,285,55,32,18,21,8,7,2,0
Vermont,Chittenden County,170851,83592,87259,73512,77229,2951,2449,204,229,4474,5000,33,32,2418,2320,75849,79489,3916,3319,900,963,5427,5877,100,97,81177,84714,71514,75128,2838,2325,136,159,4432,4960,26,21,2231,2121,73684,77203,3691,3090,753,803,5343,5799,87,77,2415,2545,1998,2101,113,124,68,70,42,40,7,11,187,199,2165,2286,225,229,147,160,84,78,13,20
Vermont,Essex County,6037,3082,2955,2949,2816,36,12,19,20,17,34,0,0,61,73,3008,2889,54,40,55,56,28,45,2,2,3045,2882,2919,2760,31,7,19,17,17,32,0,0,59,66,2976,2826,48,31,53,49,28,43,2,2,37,73,30,56,5,5,0,3,0,2,0,0,2,7,32,63,6,9,2,7,0,2,0,0
Vermont,Franklin County,51066,25606,25460,24166,24122,254,224,225,246,267,235,9,8,685,625,24835,24737,470,414,613,601,372,331,28,16,25043,24920,23697,23667,239,191,200,231,261,223,8,6,638,602,24324,24261,430,368,562,576,360,315,25,14,563,540,469,455,15,33,25,15,6,12,1,2,47,23,511,476,40,46,51,25,12,16,3,2
Vermont,Grand Isle County,7528,3858,3670,3598,3442,44,23,65,43,17,37,2,4,132,121,3724,3562,80,58,144,112,44,54,8,10,3755,3587,3520,3370,39,21,60,37,17,37,0,4,119,118,3634,3487,72,56,128,104,43,53,5,10,103,83,78,72,5,2,5,6,0,0,2,0,13,3,90,75,8,2,16,8,1,1,3,0
Vermont,Lamoille County,26248,13227,13021,12568,12414,239,169,56,48,134,137,10,7,220,246,12779,12657,322,248,167,177,173,181,20,19,12893,12663,12295,12093,225,154,44,39,121,134,6,5,202,238,12492,12329,299,231,146,166,156,176,14,13,334,358,273,321,14,15,12,9,13,3,4,2,18,8,287,328,23,17,21,11,17,5,6,6
Vermont,Orange County,30050,15095,14955,14567,14407,147,112,63,73,80,103,3,4,235,256,14801,14659,232,182,184,214,117,142,9,19,14795,14653,14304,14140,140,107,55,64,74,99,3,3,219,240,14523,14376,214,170,169,196,109,137,9,18,300,302,263,267,7,5,8,9,6,4,0,1,16,16,278,283,18,12,15,18,8,5,0,1
Vermont,Orleans County,27726,14061,13665,13406,13086,183,128,95,89,72,89,6,2,299,271,13698,13351,286,207,238,229,128,148,23,13,13740,13390,13130,12853,163,112,89,83,69,86,6,2,283,254,13407,13103,257,184,223,212,123,144,23,12,321,275,276,233,20,16,6,6,3,3,0,0,16,17,291,248,29,23,15,17,5,4,0,1
Vermont,Rutland County,60198,29938,30260,28766,29056,325,263,86,106,178,302,13,9,570,524,29316,29564,562,463,339,332,283,419,31,27,29161,29573,28147,28513,286,239,55,63,171,290,10,5,492,463,28627,28964,471,403,276,264,265,397,26,21,777,687,619,543,39,24,31,43,7,12,3,4,78,61,689,600,91,60,63,68,18,22,5,6
Vermont,Washington County,59844,29752,30092,28301,28593,406,276,105,95,285,392,15,6,640,730,28918,29304,640,507,380,416,449,603,31,28,28893,29227,27574,27869,360,226,77,70,279,382,11,6,592,674,28148,28528,561,430,337,368,438,577,23,28,859,865,727,724,46,50,28,25,6,10,4,0,48,56,770,776,79,77,43,48,11,26,8,0
Vermont,Windham County,45627,22633,22994,21233,21676,536,295,76,74,259,434,19,11,510,504,21724,22173,739,489,306,300,363,543,43,23,21848,22283,20560,21077,504,258,58,61,254,429,13,8,459,450,21006,21521,671,417,263,265,354,534,35,19,785,711,673,599,32,37,18,13,5,5,6,3,51,54,718,652,68,72,43,35,9,9,8,4
Vermont,Windsor County,57697,28341,29356,26978,27988,390,281,97,82,297,460,9,13,570,532,27536,28509,555,435,375,342,447,610,27,25,27622,28680,26396,27417,342,250,68,55,291,453,7,11,518,494,26902,27903,482,386,323,297,433,595,21,23,719,676,582,571,48,31,29,27,6,7,2,2,52,38,634,606,73,49,52,45,14,15,6,2
Virginia,Accomack County,33411,16489,16922,11387,11623,4363,4655,237,134,169,171,33,30,300,309,11668,11904,4535,4850,343,226,212,221,41,38,14271,15225,9547,10170,4230,4544,51,57,149,155,23,18,271,281,9802,10425,4385,4727,141,137,190,200,30,25,2218,1697,1840,1453,133,111,186,77,20,16,10,12,29,28,1866,1479,150,123,202,89,22,21,11,13
Virginia,Albemarle County,117313,56393,60920,45549,48987,5303,5879,302,237,3446,3929,60,47,1733,1841,47170,50675,6159,6792,626,595,4175,4742,126,118,51678,56352,41572,45046,5065,5686,121,98,3362,3862,31,30,1527,1630,43004,46554,5805,6475,360,372,4045,4623,85,84,4715,4568,3977,3941,238,193,181,139,84,67,29,17,206,211,4166,4121,354,317,266,223,130,119,41,34
Virginia,Alleghany County,14632,7202,7430,6600,6877,377,311,25,38,33,37,6,7,161,160,6753,7024,491,422,61,77,55,59,7,13,7082,7291,6503,6770,367,297,19,29,33,37,6,6,154,152,6650,6910,475,405,53,63,55,58,7,12,120,139,97,107,10,14,6,9,0,0,0,1,7,8,103,114,16,17,8,14,0,1,0,1
Virginia,Amelia County,13716,6813,6903,5274,5322,1273,1337,51,36,34,56,2,6,179,146,5447,5449,1376,1431,110,78,60,87,5,14,6520,6599,5045,5085,1258,1314,27,23,30,39,1,0,159,138,5198,5205,1352,1402,75,63,56,69,3,7,293,304,229,237,15,23,24,13,4,17,1,6,20,8,249,244,24,29,35,15,4,18,2,7
Virginia,Amherst County,31650,15199,16451,11574,12708,2904,2988,138,163,84,110,6,9,493,473,12031,13130,3230,3306,237,268,189,226,30,25,14689,15957,11191,12329,2848,2939,117,145,81,103,6,8,446,433,11602,12713,3145,3230,199,242,182,212,27,23,510,494,383,379,56,49,21,18,3,7,0,1,47,40,429,417,85,76,38,26,7,14,3,2
Virginia,Appomattox County,16957,8396,8561,6688,6760,1421,1534,45,36,27,35,3,9,212,187,6887,6940,1582,1684,78,63,55,53,8,13,8144,8351,6482,6578,1407,1519,34,31,27,35,3,8,191,180,6662,6751,1552,1664,61,57,54,52,7,12,252,210,206,182,14,15,11,5,0,0,0,1,21,7,225,189,30,20,17,6,1,1,1,1
Virginia,Arlington County,239807,120585,119222,88808,84852,12683,12947,974,972,13178,15374,215,230,4727,4847,93198,89331,14165,14601,1962,2068,16140,18288,465,464,100820,99855,71659,68192,11887,12176,223,211,12939,15157,119,114,3993,4005,75378,71889,13075,13467,872,918,15607,17766,317,296,19765,19367,17149,16660,796,771,751,761,239,217,96,116,734,842,17820,17442,1090,1134,1090,1150,533,522,148,168
Virginia,Augusta County,78622,39952,38670,35976,36045,2723,1379,145,98,270,343,20,15,818,790,36750,36769,3199,1861,379,317,427,505,42,40,38020,37080,34447,34732,2595,1264,99,73,253,330,14,12,612,669,35029,35351,2961,1679,239,242,386,476,32,27,1932,1590,1529,1313,128,115,46,25,17,13,6,3,206,121,1721,1418,238,182,140,75,41,29,10,13
Virginia,Bath County,4071,2071,2000,1921,1888,97,52,10,9,10,12,0,0,33,39,1953,1922,117,80,18,17,17,18,0,3,2012,1953,1874,1846,87,48,9,8,9,12,0,0,33,39,1906,1880,107,76,17,16,16,18,0,3,59,47,47,42,10,4,1,1,1,0,0,0,0,0,47,42,10,4,1,1,1,0,0,0
Virginia,Bedford County,82182,40733,41449,36083,36845,2976,2939,185,175,581,704,14,18,894,768,36923,37547,3459,3387,388,373,834,913,46,43,39442,40239,35016,35855,2886,2866,136,138,561,675,12,15,831,690,35800,36486,3335,3268,311,304,803,877,41,35,1291,1210,1067,990,90,73,49,37,20,29,2,3,63,78,1123,1061,124,119,77,69,31,36,5,8
Virginia,Bland County,6186,3419,2767,3129,2673,217,40,6,5,22,15,1,0,44,34,3171,2705,234,62,23,12,33,21,2,2,3364,2737,3081,2649,216,36,6,5,22,15,1,0,38,32,3117,2679,231,56,21,12,31,21,2,2,55,30,48,24,1,4,0,0,0,0,0,0,6,2,54,26,3,6,2,0,2,0,0,0
Virginia,Botetourt County,34129,16874,17255,15737,16131,634,521,73,51,120,242,9,8,301,302,16015,16399,787,688,149,134,209,325,26,22,16415,16793,15361,15741,597,487,54,37,114,235,5,6,284,287,15624,15998,740,648,122,109,199,316,21,19,459,462,376,390,37,34,19,14,6,7,4,2,17,15,391,401,47,40,27,25,10,9,5,3
Virginia,Brunswick County,15750,8407,7343,3593,3339,4547,3742,33,38,96,82,6,4,132,138,3718,3463,4629,3834,66,67,121,109,8,11,8113,7133,3395,3213,4485,3682,21,29,93,81,3,1,116,127,3504,3328,4556,3768,48,53,118,107,5,7,294,210,198,126,62,60,12,9,3,1,3,3,16,11,214,135,73,66,18,14,3,2,3,4
Virginia,Buchanan County,18632,9677,8955,8780,8680,744,134,15,25,47,47,4,0,87,69,8865,8740,787,177,45,47,62,61,6,1,9548,8843,8679,8594,732,114,8,21,47,47,2,0,80,67,8758,8653,771,155,35,42,61,61,4,1,129,112,101,86,12,20,7,4,0,0,2,0,7,2,107,87,16,22,10,5,1,0,2,0
Virginia,Buckingham County,17115,9525,7590,5954,5119,3277,2192,45,33,44,38,4,1,201,207,6150,5302,3429,2366,72,62,67,60,10,10,9240,7395,5726,4970,3237,2158,42,33,39,37,2,0,194,197,5917,5145,3385,2325,66,59,59,58,8,8,285,195,228,149,40,34,3,0,5,1,2,1,7,10,233,157,44,41,6,3,8,2,2,2
Virginia,Campbell County,55342,26849,28493,21613,22932,4167,4339,89,107,293,363,25,14,662,738,22230,23600,4630,4858,202,266,415,497,55,43,25725,27536,20678,22153,4097,4259,74,91,267,355,6,14,603,664,21240,22753,4515,4725,169,226,385,481,36,40,1124,957,935,779,70,80,15,16,26,8,19,0,59,74,990,847,115,133,33,40,30,16,19,3
Virginia,Caroline County,33477,16692,16785,11139,11264,4506,4334,168,154,178,238,15,105,686,690,11750,11863,4965,4801,314,308,335,408,56,149,15197,15282,10022,10156,4319,4186,96,102,159,229,10,12,591,597,10550,10670,4716,4597,209,226,302,384,47,49,1495,1503,1117,1108,187,148,72,52,19,9,5,93,95,93,1200,1193,249,204,105,82,33,24,9,100
Virginia,Carroll County,29242,14610,14632,14091,14097,186,157,57,52,28,54,4,9,244,263,14315,14337,320,312,144,130,67,99,10,18,13836,14054,13452,13621,152,138,29,35,26,51,2,3,175,206,13613,13808,247,265,83,89,62,89,7,10,774,578,639,476,34,19,28,17,2,3,2,6,69,57,702,529,73,47,61,41,5,10,3,8
Virginia,Charles City County,6564,3274,3290,1593,1516,1356,1390,184,234,17,33,2,4,122,113,1700,1613,1420,1460,223,267,50,60,4,7,3202,3213,1550,1468,1345,1379,172,224,16,33,2,4,117,105,1652,1558,1407,1444,208,253,49,59,4,7,72,77,43,48,11,11,12,10,1,0,0,0,5,8,48,55,13,16,15,14,1,1,0,0
Virginia,Charlotte County,11258,5647,5611,4044,3931,1420,1522,39,33,8,22,4,5,132,98,4167,4021,1502,1582,74,64,34,38,5,6,5441,5479,3922,3839,1391,1510,25,24,8,22,0,0,95,84,4008,3918,1453,1563,44,47,30,35,1,1,206,132,122,92,29,12,14,9,0,0,4,5,37,14,159,103,49,19,30,17,4,3,4,5
Virginia,Chesterfield County,389793,188188,201605,125897,131198,46813,53904,1486,1391,7701,8377,313,286,5978,6449,131282,136944,50463,57939,2898,3059,9674,10434,518,517,163139,177438,105779,111965,44356,51338,422,457,7476,8155,127,129,4979,5394,110262,116757,47388,54711,1427,1678,9267,10007,293,305,25049,24167,20118,19233,2457,2566,1064,934,225,222,186,157,999,1055,21020,20187,3075,3228,1471,1381,407,427,225,212
Virginia,Clarke County,15598,7797,7801,7028,7026,361,329,70,59,134,152,10,9,194,226,7204,7226,467,465,124,109,182,217,19,22,6996,7145,6353,6456,326,310,23,37,114,138,8,9,172,195,6507,6630,421,428,68,72,159,196,16,20,801,656,675,570,35,19,47,22,20,14,2,0,22,31,697,596,46,37,56,37,23,21,3,2
Virginia,Craig County,4829,2418,2411,2339,2336,25,10,13,12,10,18,0,0,31,35,2365,2368,42,33,25,22,17,24,0,0,2377,2376,2309,2310,21,9,7,9,10,18,0,0,30,30,2334,2337,38,30,18,16,17,24,0,0,41,35,30,26,4,1,6,3,0,0,0,0,1,5,31,31,4,3,7,6,0,0,0,0
Virginia,Culpeper County,56125,28108,28017,22117,22475,4074,3629,294,269,566,582,44,47,1013,1015,23057,23408,4744,4321,465,437,804,815,79,92,23178,23344,18003,18548,3703,3315,87,90,498,521,10,8,877,862,18817,19343,4279,3900,214,215,724,733,43,43,4930,4673,4114,3927,371,314,207,179,68,61,34,39,136,153,4240,4065,465,421,251,222,80,82,36,49
Virginia,Cumberland County,10062,4840,5222,3304,3478,1326,1540,45,29,29,33,0,2,136,140,3426,3605,1417,1637,81,61,51,54,4,10,4673,5057,3185,3364,1308,1513,28,21,29,33,0,0,123,126,3295,3479,1389,1602,61,47,49,52,4,7,167,165,119,114,18,27,17,8,0,0,0,2,13,14,131,126,28,35,20,14,2,2,0,3
Virginia,Dickenson County,13411,6864,6547,6714,6399,52,45,20,13,16,17,0,4,62,69,6773,6463,81,93,43,27,28,26,1,8,6802,6493,6665,6359,52,41,14,10,15,17,0,0,56,66,6719,6420,76,88,37,24,26,25,0,3,62,54,49,40,0,4,6,3,1,0,0,4,6,3,54,43,5,5,6,3,2,1,1,5
Virginia,Dinwiddie County,28576,14103,14473,9381,9335,4189,4552,79,71,105,165,16,10,333,340,9677,9626,4396,4774,155,158,180,235,38,34,13336,13839,8799,8889,4083,4441,54,55,101,160,8,9,291,285,9057,9132,4264,4628,114,123,171,224,29,29,767,634,582,446,106,111,25,16,4,5,8,1,42,55,620,494,132,146,41,35,9,11,9,5
Virginia,Essex County,10683,5136,5547,2985,3141,1815,2062,62,57,43,69,18,7,213,211,3182,3327,1941,2202,118,108,85,110,26,18,4829,5313,2795,2996,1776,2035,26,38,43,69,2,1,187,174,2967,3148,1893,2150,69,76,81,105,8,11,307,234,190,145,39,27,36,19,0,0,16,6,26,37,215,179,48,52,49,32,4,5,18,7
Virginia,Fairfax County,1160925,579282,581643,368300,358685,63964,65217,3896,3302,117163,128714,730,657,25229,25068,391853,381962,71588,73201,7832,7484,133667,144718,1770,1776,473070,479092,275749,269375,59039,60153,758,693,115497,127085,209,230,21818,21556,296116,289394,65233,66662,3489,3620,130492,141548,1065,1112,106212,102551,92551,89310,4925,5064,3138,2609,1666,1629,521,427,3411,3512,95737,92568,6355,6539,4343,3864,3175,3170,705,664
Virginia,Fauquier County,75865,37789,38076,32551,32735,2925,2843,296,231,722,933,45,51,1250,1283,33685,33903,3664,3616,562,519,1064,1276,107,108,32539,32872,27997,28180,2686,2595,106,107,674,870,18,32,1058,1088,28959,29169,3307,3257,297,319,997,1180,70,79,5250,5204,4554,4555,239,248,190,124,48,63,27,19,192,195,4726,4734,357,359,265,200,67,96,37,29
Virginia,Floyd County,15658,7822,7836,7419,7451,183,149,15,25,52,39,2,4,151,168,7554,7595,268,251,62,79,83,70,9,15,7579,7608,7204,7259,172,137,13,20,52,38,2,4,136,150,7324,7387,246,227,57,65,82,68,9,14,243,228,215,192,11,12,2,5,0,1,0,0,15,18,230,208,22,24,5,14,1,2,0,1
Virginia,Fluvanna County,28746,13406,15340,10959,12159,1818,2421,81,72,105,192,13,16,430,480,11338,12585,2105,2743,174,173,199,299,33,40,12688,14623,10385,11584,1764,2375,46,34,97,183,12,12,384,435,10726,11967,2020,2670,122,122,187,283,30,32,718,717,574,575,54,46,35,38,8,9,1,4,46,45,612,618,85,73,52,51,12,16,3,8
Virginia,Franklin County,55637,27722,27915,24535,24892,2275,2170,167,144,160,184,21,14,564,511,25050,25355,2664,2532,281,257,257,261,42,36,26509,26862,23555,24042,2217,2124,84,79,157,178,10,7,486,432,24002,24431,2557,2432,169,168,247,247,27,24,1213,1053,980,850,58,46,83,65,3,6,11,7,78,79,1048,924,107,100,112,89,10,14,15,12
Virginia,Frederick County,98109,49049,49060,42954,43532,2963,2336,590,449,1128,1384,66,58,1348,1301,44199,44726,3823,3189,848,722,1471,1698,119,116,42056,42414,37078,37802,2626,2069,115,102,1045,1312,22,39,1170,1090,38165,38806,3370,2780,308,302,1368,1589,70,84,6993,6646,5876,5730,337,267,475,347,83,72,44,19,178,211,6034,5920,453,409,540,420,103,109,49,32
Virginia,Giles County,16533,8226,8307,7861,7982,162,134,30,22,43,53,4,0,126,116,7976,8084,233,211,67,58,71,72,11,2,8055,8150,7708,7845,157,128,20,13,42,53,4,0,124,111,7821,7943,226,203,57,47,70,70,11,2,171,157,153,137,5,6,10,9,1,0,0,0,2,5,155,141,7,8,10,11,1,2,0,0
Virginia,Gloucester County,40154,19965,20189,17426,17650,1596,1642,131,100,189,238,17,19,606,540,17972,18119,1921,1943,300,257,354,385,51,53,19000,19275,16657,16906,1511,1567,93,76,169,223,17,16,553,487,17157,17329,1803,1842,241,210,328,357,49,46,965,914,769,744,85,75,38,24,20,15,0,3,53,53,815,790,118,101,59,47,26,28,2,7
Virginia,Goochland County,28223,13814,14409,11297,11893,1916,1874,48,51,276,304,10,7,267,280,11526,12129,2056,2046,132,129,352,381,27,18,13255,13814,10837,11394,1874,1823,38,41,260,299,10,7,236,250,11040,11605,1996,1972,108,110,332,371,26,16,559,595,460,499,42,51,10,10,16,5,0,0,31,30,486,524,60,74,24,19,20,10,1,2
Virginia,Grayson County,15265,8035,7230,7071,6845,763,214,33,26,15,31,3,4,150,110,7208,6948,853,278,88,64,35,46,8,8,7624,6937,6711,6594,744,193,25,25,13,27,1,1,130,97,6830,6684,821,250,68,57,32,40,6,5,411,293,360,251,19,21,8,1,2,4,2,3,20,13,378,264,32,28,20,7,3,6,2,3
Virginia,Greene County,21744,10641,11103,9122,9591,893,810,61,60,220,281,15,11,330,350,9426,9902,1109,1047,135,138,281,351,35,24,9703,10218,8344,8829,833,760,27,34,209,268,4,6,286,321,8608,9115,1022,976,85,102,266,334,21,19,938,885,778,762,60,50,34,26,11,13,11,5,44,29,818,787,87,71,50,36,15,17,14,5
Virginia,Greensville County,11150,7009,4141,2569,1590,4280,2396,24,20,42,50,5,6,89,79,2644,1662,4339,2446,41,44,67,61,12,10,6792,4017,2415,1515,4233,2367,15,17,42,50,1,0,86,68,2488,1577,4291,2409,30,36,66,61,8,4,217,124,154,75,47,29,9,3,0,0,4,6,3,11,156,85,48,37,11,8,1,0,4,6
Virginia,Halifax County,33448,16003,17445,9991,10586,5465,6300,90,74,122,160,5,3,330,322,10294,10873,5679,6514,168,160,184,215,25,22,15491,16990,9645,10280,5380,6214,72,59,115,158,1,2,278,277,9900,10527,5558,6398,134,132,171,204,19,21,512,455,346,306,85,86,18,15,7,2,4,1,52,45,394,346,121,116,34,28,13,11,6,1
Virginia,Hanover County,115309,57089,58220,48449,49114,5397,5443,313,288,1540,1909,64,68,1326,1398,49665,50384,6049,6168,612,595,2019,2408,125,134,54396,55860,46263,47195,5178,5266,218,188,1496,1879,46,40,1195,1292,47365,48374,5754,5929,468,457,1952,2351,99,103,2693,2360,2186,1919,219,177,95,100,44,30,18,28,131,106,2300,2010,295,239,144,138,67,57,26,31
Virginia,Henrico County,338696,161305,177391,91590,96396,46621,57041,736,705,17085,17840,155,127,5118,5282,96085,100940,49622,60212,1864,2019,19067,19805,328,295,148284,165453,81177,86893,45178,55583,381,431,16912,17677,96,92,4540,4777,85163,91020,47810,58431,1290,1531,18774,19520,243,230,13021,11938,10413,9503,1443,1458,355,274,173,163,59,35,578,505,10922,9920,1812,1781,574,488,293,285,85,65
Virginia,Henry County,49385,23981,25404,17644,18794,5464,5801,116,96,120,127,26,18,611,568,18214,19313,5884,6191,257,254,196,192,54,41,22052,23591,16049,17243,5296,5682,43,50,110,118,13,12,541,486,16554,17689,5671,6019,162,177,177,170,40,34,1929,1813,1595,1551,168,119,73,46,10,9,13,6,70,82,1660,1624,213,172,95,77,19,22,14,7
Virginia,Highland County,2348,1182,1166,1137,1145,20,10,5,1,10,7,0,0,10,3,1145,1148,27,11,10,3,10,7,0,0,1161,1149,1117,1129,20,10,4,0,10,7,0,0,10,3,1125,1132,27,11,9,2,10,7,0,0,21,17,20,16,0,0,1,1,0,0,0,0,0,0,20,16,0,0,1,1,0,0,0,0
Virginia,Isle of Wight County,40942,20335,20607,14747,14689,4593,4891,148,109,220,287,16,12,611,619,15292,15221,4889,5216,313,281,433,488,52,52,19315,19665,14002,14001,4476,4758,95,83,208,277,11,11,523,535,14471,14463,4726,5032,221,220,403,463,43,47,1020,942,745,688,117,133,53,26,12,10,5,1,88,84,821,758,163,184,92,61,30,25,9,5
Virginia,James City County,82797,40038,42759,31379,33393,5880,6233,201,201,1158,1523,49,65,1371,1344,32598,34580,6551,6911,489,508,1736,2058,139,156,36912,39607,28897,30806,5552,5950,133,141,1107,1471,30,59,1193,1180,29964,31852,6117,6532,357,383,1645,1968,104,140,3126,3152,2482,2587,328,283,68,60,51,52,19,6,178,164,2634,2728,434,379,132,125,91,90,35,16
Virginia,King and Queen County,6747,3409,3338,2360,2312,828,809,71,53,17,26,0,4,133,134,2478,2437,908,891,113,91,36,48,10,11,3258,3246,2239,2241,821,802,58,46,16,26,0,3,124,128,2349,2360,896,879,97,83,33,45,10,10,151,92,121,71,7,7,13,7,1,0,0,1,9,6,129,77,12,12,16,8,3,3,0,1
Virginia,King George County,28816,14662,14154,11208,10729,2454,2358,126,132,284,328,27,22,563,585,11700,11243,2777,2692,262,269,453,499,61,65,13529,13120,10306,9950,2359,2253,86,84,272,311,18,17,488,505,10730,10394,2642,2544,190,190,428,463,49,55,1133,1034,902,779,95,105,40,48,12,17,9,5,75,80,970,849,135,148,72,79,25,36,12,10
Virginia,King William County,19232,9534,9698,7592,7614,1380,1514,141,147,114,139,2,4,305,280,7858,7852,1550,1675,241,240,182,195,21,26,9136,9378,7289,7388,1335,1470,127,121,108,134,1,3,276,262,7528,7609,1494,1619,210,208,173,188,19,24,398,320,303,226,45,44,14,26,6,5,1,1,29,18,330,243,56,56,31,32,9,7,2,2
Virginia,Lancaster County,11062,5236,5826,3674,4104,1380,1528,13,25,52,62,2,1,115,106,3780,4201,1455,1598,41,56,70,75,6,3,5099,5706,3564,4006,1365,1519,12,22,49,59,2,0,107,100,3663,4097,1437,1586,38,51,64,71,5,2,137,120,110,98,15,9,1,3,3,3,0,1,8,6,117,104,18,12,3,5,6,4,1,1
Virginia,Lee County,21780,11556,10224,10393,9964,888,89,70,32,36,27,8,1,161,111,10526,10059,969,143,137,80,78,48,18,8,11113,10093,10038,9852,829,79,60,29,35,26,7,1,144,106,10157,9943,902,128,117,76,73,47,17,8,443,131,355,112,59,10,10,3,1,1,1,0,17,5,369,116,67,15,20,4,5,1,1,0
Virginia,Loudoun County,443380,221824,221556,140060,138553,18925,18305,1142,1179,51769,53675,233,236,9695,9608,149175,147552,22395,21968,2480,2651,57755,59387,607,605,189847,189621,112277,110979,17460,16826,305,357,51226,53102,132,139,8447,8218,120242,118699,20318,19794,1266,1379,56709,58265,442,416,31977,31935,27783,27574,1465,1479,837,822,543,573,101,97,1248,1390,28933,28853,2077,2174,1214,1272,1046,1122,165,189
Virginia,Louisa County,42109,20966,21143,17122,17220,2956,3015,116,97,166,184,21,22,585,605,17648,17785,3349,3438,242,225,274,271,55,49,19905,20251,16195,16477,2897,2950,89,71,161,181,18,14,545,558,16684,16997,3265,3345,203,181,264,266,51,39,1061,892,927,743,59,65,27,26,5,3,3,8,40,47,964,788,84,93,39,44,10,5,4,10
Virginia,Lunenburg County,12060,6414,5646,3954,3693,2205,1677,47,39,25,39,12,13,171,185,4117,3868,2305,1797,98,96,47,59,21,17,5941,5274,3599,3425,2144,1632,29,23,24,37,4,1,141,156,3734,3572,2225,1735,70,67,42,55,13,5,473,372,355,268,61,45,18,16,1,2,8,12,30,29,383,296,80,62,28,29,5,4,8,12
Virginia,Madison County,14252,6942,7310,6045,6385,637,589,34,34,49,82,0,5,177,215,6211,6584,736,727,87,93,77,106,9,16,6618,6972,5767,6129,607,566,23,10,48,81,0,5,173,181,5929,6298,705,682,74,57,75,101,9,16,324,338,278,256,30,23,11,24,1,1,0,0,4,34,282,286,31,45,13,36,2,5,0,0
Virginia,Mathews County,8602,4233,4369,3710,3802,357,360,22,13,32,50,2,9,110,135,3807,3930,407,421,69,71,48,69,13,15,4082,4276,3587,3727,341,348,16,12,30,48,2,9,106,132,3680,3853,388,407,62,68,46,67,13,15,151,93,123,75,16,12,6,1,2,2,0,0,4,3,127,77,19,14,7,3,2,2,0,0
Virginia,Mecklenburg County,30824,15074,15750,9505,9968,4869,5201,82,60,250,157,20,10,348,354,9823,10296,5078,5423,179,166,312,210,38,21,14458,15233,9043,9588,4783,5121,52,52,246,150,14,7,320,315,9336,9879,4977,5321,140,143,303,197,30,18,616,517,462,380,86,80,30,8,4,7,6,3,28,39,487,417,101,102,39,23,9,13,8,3
Virginia,Middlesex County,10949,5394,5555,4252,4510,858,815,36,36,27,33,3,3,218,158,4447,4659,994,906,97,90,64,53,13,8,5179,5347,4077,4333,831,791,31,32,27,33,0,1,213,157,4267,4481,967,881,89,86,63,53,9,6,215,208,175,177,27,24,5,4,0,0,3,2,5,1,180,178,27,25,8,4,1,0,4,2
Virginia,Montgomery County,98998,51498,47500,43250,40970,2399,1934,174,187,4012,3069,47,28,1616,1312,44746,42184,2989,2419,414,419,4906,3751,126,86,49016,45207,41153,39094,2271,1822,97,82,3952,3012,23,22,1520,1175,42569,40190,2805,2244,307,255,4821,3660,96,72,2482,2293,2097,1876,128,112,77,105,60,57,24,6,96,137,2177,1994,184,175,107,164,85,91,30,14
Virginia,Nelson County,14766,7162,7604,6151,6319,692,922,50,50,66,120,5,3,198,190,6332,6497,818,1049,103,104,99,139,16,10,6783,7257,5850,6052,661,889,30,36,63,114,4,3,175,163,6009,6206,775,998,76,82,89,130,15,9,379,347,301,267,31,33,20,14,3,6,1,0,23,27,323,291,43,51,27,22,10,9,1,1
Virginia,New Kent County,27218,14090,13128,10883,10512,2419,1809,149,137,146,221,15,8,478,441,11311,10912,2614,1984,317,301,297,354,46,35,13396,12597,10350,10111,2345,1748,129,121,140,215,15,7,417,395,10724,10471,2513,1905,266,259,280,340,44,32,694,531,533,401,74,61,20,16,6,6,0,1,61,46,587,441,101,79,51,42,17,14,2,3
Virginia,Northampton County,12004,5674,6330,3798,4079,1618,1990,33,27,63,64,15,10,147,160,3930,4231,1701,2078,86,81,86,87,22,17,5049,5751,3269,3564,1573,1955,20,23,62,62,2,4,123,143,3378,3699,1646,2034,59,71,82,83,9,11,625,579,529,515,45,35,13,4,1,2,13,6,24,17,552,532,55,44,27,10,4,4,13,6
Virginia,Northumberland County,12397,6168,6229,4575,4529,1408,1498,17,20,36,49,11,7,121,126,4685,4646,1467,1573,62,66,55,60,20,12,5901,5998,4350,4338,1393,1481,15,14,35,47,4,3,104,115,4443,4444,1445,1550,53,56,52,57,12,8,267,231,225,191,15,17,2,6,1,2,7,4,17,11,242,202,22,23,9,10,3,3,8,4
Virginia,Nottoway County,15632,8509,7123,4812,4287,3367,2550,63,55,93,59,12,5,162,167,4958,4441,3455,2644,107,103,137,87,19,16,8059,6775,4485,4043,3312,2487,22,29,90,59,1,0,149,157,4618,4187,3397,2576,61,75,129,86,8,9,450,348,327,244,55,63,41,26,3,0,11,5,13,10,340,254,58,68,46,28,8,1,11,7
Virginia,Orange County,38986,19061,19925,15509,16112,2514,2596,123,145,218,329,29,19,668,724,16118,16780,2912,3036,271,321,384,481,64,50,17487,18409,14226,14883,2375,2473,80,82,206,314,13,12,587,645,14765,15478,2722,2865,207,224,356,460,41,42,1574,1516,1283,1229,139,123,43,63,12,15,16,7,81,79,1353,1302,190,171,64,97,28,21,23,8
Virginia,Page County,23686,11744,11942,10988,11376,376,246,40,31,74,69,7,5,259,215,11218,11579,504,365,129,97,140,109,18,13,11358,11612,10679,11093,348,220,32,26,74,67,7,5,218,201,10873,11282,462,332,101,85,131,106,14,13,386,330,309,283,28,26,8,5,0,2,0,0,41,14,345,297,42,33,28,12,9,3,4,0
Virginia,Patrick County,17308,8666,8642,7925,7999,522,396,61,54,32,41,5,6,121,146,8034,8137,590,490,106,90,49,61,9,10,8292,8352,7612,7749,510,386,27,40,32,39,1,2,110,136,7711,7877,574,475,65,72,47,58,5,6,374,290,313,250,12,10,34,14,0,2,4,4,11,10,323,260,16,15,41,18,2,3,4,4
Virginia,Pittsylvania County,59410,29761,29649,22606,22617,6354,6279,126,110,156,182,18,16,501,445,23053,23023,6642,6542,274,240,269,259,38,38,28605,28811,21648,21956,6277,6209,86,71,145,166,16,13,433,396,22034,22317,6527,6447,211,183,243,236,34,32,1156,838,958,661,77,70,40,39,11,16,2,3,68,49,1019,706,115,95,63,57,26,23,4,6
Virginia,Powhatan County,32392,16674,15718,14522,14160,1682,1066,72,53,93,127,10,18,295,294,14784,14430,1863,1249,157,128,153,179,23,31,16114,15253,14069,13763,1637,1029,58,51,93,122,8,16,249,272,14287,14015,1794,1196,123,117,145,173,20,29,560,465,453,397,45,37,14,2,0,5,2,2,46,22,497,415,69,53,34,11,8,6,3,2
Virginia,Prince Edward County,22276,11419,10857,7306,6903,3678,3485,55,60,99,161,11,12,270,236,7545,7116,3841,3629,130,133,158,195,24,25,10729,10453,6832,6618,3515,3409,32,42,95,160,9,12,246,212,7050,6812,3668,3540,98,105,149,190,19,23,690,404,474,285,163,76,23,18,4,1,2,0,24,24,495,304,173,89,32,28,9,5,5,2
Virginia,Prince George County,43589,24493,19096,14426,11664,8390,5891,193,228,432,482,113,83,939,748,15165,12265,8955,6371,461,432,721,697,178,139,21838,17000,12420,10112,7995,5640,138,143,370,425,103,73,812,607,13050,10598,8488,6027,361,279,630,618,159,121,2655,2096,2006,1552,395,251,55,85,62,57,10,10,127,141,2115,1667,467,344,100,153,91,79,19,18
Virginia,Prince William County,497003,249278,247725,151836,147344,54103,54206,3137,2623,26904,30196,520,458,12778,12898,163390,158880,60602,61029,5723,5359,32676,35770,1104,1040,180785,183136,93294,92447,50103,49974,383,444,26050,29350,235,219,10720,10702,102971,102031,55430,55522,2190,2345,31235,34316,700,670,68493,64589,58542,54897,4000,4232,2754,2179,854,846,285,239,2058,2196,60419,56849,5172,5507,3533,3014,1441,1454,404,370
Virginia,Pulaski County,33579,16999,16580,15466,15343,949,737,57,53,157,120,10,6,360,321,15792,15645,1185,948,147,132,217,165,22,20,16546,16233,15093,15049,926,715,44,44,135,114,9,6,339,305,15399,15337,1148,918,126,114,194,158,21,20,453,347,373,294,23,22,13,9,22,6,1,0,21,16,393,308,37,30,21,18,23,7,1,0
Virginia,Rappahannock County,7479,3726,3753,3416,3439,156,155,15,28,52,54,2,3,85,74,3491,3507,200,194,46,59,70,62,4,6,3495,3560,3204,3265,149,150,10,15,51,54,2,3,79,73,3274,3332,189,189,39,45,68,62,4,6,231,193,212,174,7,5,5,13,1,0,0,0,6,1,217,175,11,5,7,14,2,0,0,0
Virginia,Richmond County,9215,5184,4031,3190,2954,1782,891,27,21,36,26,3,3,146,136,3323,3078,1866,976,72,58,63,45,8,11,4736,3708,2823,2677,1742,866,13,13,34,25,1,1,123,126,2933,2792,1816,945,49,47,57,42,6,9,448,323,367,277,40,25,14,8,2,1,2,2,23,10,390,286,50,31,23,11,6,3,2,2
Virginia,Roanoke County,97334,47081,50253,40548,43128,3569,3651,136,148,1740,2196,22,31,1066,1099,41529,44134,4155,4276,369,376,2059,2511,64,82,44879,47931,38696,41204,3425,3463,91,97,1716,2170,11,22,940,975,39565,42097,3942,4019,280,283,2014,2466,43,65,2202,2322,1852,1924,144,188,45,51,24,26,11,9,126,124,1964,2037,213,257,89,93,45,45,21,17
Virginia,Rockbridge County,22368,11067,11301,10225,10521,424,375,94,68,96,127,2,2,226,208,10430,10708,542,478,180,153,141,161,6,15,10778,11040,10001,10299,385,365,83,57,96,124,2,2,211,193,10193,10472,495,462,165,133,137,157,5,14,289,261,224,222,39,10,11,11,0,3,0,0,15,15,237,236,47,16,15,20,4,4,1,1
Virginia,Rockingham County,87674,43290,44384,39779,41052,1620,1357,292,317,621,759,31,23,947,876,40665,41877,2116,1831,596,572,821,946,57,49,38683,39987,35943,37345,1377,1120,64,63,581,726,16,13,702,720,36601,38025,1752,1517,258,249,752,895,34,32,4607,4397,3836,3707,243,237,228,254,40,33,15,10,245,156,4064,3852,364,314,338,323,69,51,23,17
Virginia,Russell County,25420,12568,12852,12197,12493,164,131,44,40,34,35,1,5,128,148,12306,12625,227,200,95,102,64,65,7,13,12463,12744,12122,12410,146,123,39,37,34,35,1,3,121,136,12225,12530,207,186,85,94,63,64,6,11,105,108,75,83,18,8,5,3,0,0,0,2,7,12,81,95,20,14,10,8,1,1,1,2
Virginia,Scott County,21388,10818,10570,10466,10273,152,89,39,36,15,36,12,12,134,124,10583,10380,225,151,96,93,35,55,16,17,10616,10385,10312,10128,143,88,29,29,14,33,1,0,117,107,10413,10222,210,139,75,78,34,50,4,5,202,185,154,145,9,1,10,7,1,3,11,12,17,17,170,158,15,12,21,15,1,5,12,12
Virginia,Shenandoah County,45441,22481,22960,20706,21107,867,889,149,164,235,283,16,16,508,501,21166,21565,1154,1178,331,326,319,362,32,36,20145,20825,18702,19300,742,769,62,55,222,265,8,9,409,427,19074,19692,984,1021,191,184,293,334,19,25,2336,2135,2004,1807,125,120,87,109,13,18,8,7,99,74,2092,1873,170,157,140,142,26,28,13,11
Virginia,Smyth County,29137,14362,14775,13607,14210,427,243,29,38,72,66,7,1,220,217,13811,14408,549,361,105,116,111,100,13,12,13998,14466,13303,13943,405,224,19,33,69,64,1,1,201,201,13490,14125,517,334,85,106,105,95,7,11,364,309,304,267,22,19,10,5,3,2,6,0,19,16,321,283,32,27,20,10,6,5,6,1
Virginia,Southampton County,17941,9334,8607,5959,5549,3071,2758,49,58,43,70,9,8,203,164,6140,5697,3183,2849,115,108,82,102,22,17,9080,8333,5781,5367,3038,2710,30,44,41,69,8,7,182,136,5942,5493,3143,2784,85,85,77,95,19,14,254,274,178,182,33,48,19,14,2,1,1,1,21,28,198,204,40,65,30,23,5,7,3,3
Virginia,Spotsylvania County,152021,75520,76501,54187,54564,15100,15156,486,509,2356,2761,145,165,3246,3346,57131,57549,17042,17208,1096,1207,3428,3815,266,280,64126,65448,44877,45521,13922,14132,193,195,2230,2603,100,107,2804,2890,47418,48104,15602,15904,653,727,3219,3577,196,203,11394,11053,9310,9043,1178,1024,293,314,126,158,45,58,442,456,9713,9445,1440,1304,443,480,209,238,70,77
Virginia,Stafford County,168919,85386,83533,56889,54358,19415,19075,862,764,3440,4435,154,186,4626,4715,61051,58586,22036,21833,1790,1750,5272,6237,344,362,70058,68870,44374,42392,18120,17810,278,273,3253,4230,95,138,3938,4027,47931,46011,20340,20160,948,998,4920,5872,239,276,15328,14663,12515,11966,1295,1265,584,491,187,205,59,48,688,688,13120,12575,1696,1673,842,752,352,365,105,86
Virginia,Surry County,6579,3302,3277,2012,1845,1159,1300,23,12,22,30,0,3,86,87,2089,1927,1209,1350,52,41,37,42,4,4,3177,3161,1937,1774,1128,1274,16,12,20,24,0,3,76,74,2004,1844,1173,1315,40,36,35,36,3,4,125,116,75,71,31,26,7,0,2,6,0,0,10,13,85,83,36,35,12,5,2,6,1,0
Virginia,Sussex County,10753,6225,4528,2577,2155,3467,2212,46,35,33,30,1,1,101,95,2668,2242,3526,2270,74,63,53,46,6,3,5992,4337,2423,2027,3416,2172,22,26,32,29,1,1,98,82,2511,2102,3475,2225,49,49,51,42,5,2,233,191,154,128,51,40,24,9,1,1,0,0,3,13,157,140,51,45,25,14,2,4,1,1
Virginia,Tazewell County,38875,19569,19306,18031,18399,973,414,57,61,181,121,6,5,321,306,18326,18676,1168,601,153,145,235,174,19,20,19203,19071,17750,18210,954,404,40,49,174,116,4,4,281,288,18008,18471,1130,582,117,127,221,163,16,18,366,235,281,189,19,10,17,12,7,5,2,1,40,18,318,205,38,19,36,18,14,11,3,2
Virginia,Warren County,42461,21478,20983,18951,18683,1372,964,190,201,233,427,21,20,711,688,19615,19324,1769,1342,360,360,412,605,47,52,19560,19210,17370,17250,1279,863,85,66,204,405,11,8,611,618,17940,17825,1626,1203,214,200,370,570,32,37,1918,1773,1581,1433,93,101,105,135,29,22,10,12,100,70,1675,1499,143,139,146,160,42,35,15,15
Virginia,Washington County,54098,26882,27216,25749,26233,541,348,67,99,161,196,16,9,348,331,26062,26539,716,513,195,216,228,264,32,24,26246,26719,25205,25835,516,323,45,62,155,193,6,5,319,301,25495,26112,679,473,155,167,218,256,21,20,636,497,544,398,25,25,22,37,6,3,10,4,29,30,567,427,37,40,40,49,10,8,11,4
Virginia,Westmoreland County,19235,9531,9704,6642,6753,2320,2414,95,77,78,120,20,14,376,326,6982,7044,2534,2606,214,165,144,188,39,33,8723,9150,6011,6334,2254,2362,53,51,70,107,11,11,324,285,6308,6589,2447,2529,142,120,128,171,28,30,808,554,631,419,66,52,42,26,8,13,9,3,52,41,674,455,87,77,72,45,16,17,11,3
Virginia,Wise County,34973,18417,16556,16201,15877,1826,298,42,34,103,90,2,0,243,257,16424,16109,1967,454,105,102,153,141,15,11,18068,16318,15902,15684,1798,278,34,30,101,88,2,0,231,238,16113,15899,1934,424,96,87,145,138,15,11,349,238,299,193,28,20,8,4,2,2,0,0,12,19,311,210,33,30,9,15,8,3,0,0
Virginia,Wythe County,28100,13865,14235,13081,13476,419,375,42,23,86,98,6,5,231,258,13296,13712,564,532,105,95,122,145,13,13,13594,13996,12865,13271,394,361,39,20,83,94,0,4,213,246,13062,13497,532,512,98,86,114,139,5,11,271,239,216,205,25,14,3,3,3,4,6,1,18,12,234,215,32,20,7,9,8,6,8,2
Virginia,York County,71410,35435,35975,26410,25879,5084,5493,222,189,2080,2766,75,88,1564,1560,27790,27245,5810,6227,527,492,2808,3489,163,180,32416,33098,24152,23726,4753,5164,119,126,2015,2691,66,76,1311,1315,25313,24885,5348,5758,332,341,2670,3352,138,153,3019,2877,2258,2153,331,329,103,63,65,75,9,12,253,245,2477,2360,462,469,195,151,138,137,25,27
Virginia,Alexandria city,159102,77252,81850,50492,53073,17863,18535,725,597,4694,6217,227,237,3251,3191,53342,55848,19236,19909,1431,1337,6351,7792,394,402,62562,67021,38115,40466,16960,17604,147,132,4485,6024,69,52,2786,2743,40567,42858,18100,18773,654,679,6015,7474,204,181,14690,14829,12377,12607,903,931,578,465,209,193,158,185,465,448,12775,12990,1136,1136,777,658,336,318,190,221
Virginia,Bristol city,16316,7852,8464,6933,7523,565,549,46,45,81,103,3,8,224,236,7142,7739,720,714,95,89,109,142,12,19,7591,8248,6740,7350,543,531,32,33,80,103,1,4,195,227,6921,7559,678,689,73,74,104,142,10,14,261,216,193,173,22,18,14,12,1,0,2,4,29,9,221,180,42,25,22,15,5,0,2,5
Virginia,Buena Vista city,6581,3136,3445,2751,3112,200,143,41,39,22,29,18,21,104,101,2845,3205,261,199,72,67,38,50,24,28,3009,3311,2649,2985,197,143,30,37,19,29,18,20,96,97,2735,3075,254,196,58,63,34,49,24,26,127,134,102,127,3,0,11,2,3,0,0,1,8,4,110,130,7,3,14,4,4,1,0,2
Virginia,Charlottesville city,44767,21471,23296,15381,16408,3394,3962,107,104,1724,1825,13,26,852,971,16151,17286,3780,4401,248,283,2111,2269,52,82,19818,21766,14058,15223,3272,3861,43,41,1689,1769,9,19,747,853,14737,15995,3604,4238,145,173,2052,2180,40,58,1653,1530,1323,1185,122,101,64,63,35,56,4,7,105,118,1414,1291,176,163,103,110,59,89,12,24
Virginia,Chesapeake city,254997,124840,130157,76158,76725,37338,41053,654,681,5003,6055,189,211,5498,5432,81024,81461,40181,43943,1764,1868,7460,8431,436,419,114401,119627,68464,69129,35911,39421,404,436,4834,5842,118,139,4670,4660,72609,73203,38297,41862,1195,1329,7062,8006,312,306,10439,10530,7694,7596,1427,1632,250,245,169,213,71,72,828,772,8415,8258,1884,2081,569,539,398,425,124,113
Virginia,Colonial Heights city,18674,8722,9952,6162,6887,1860,2173,77,74,274,398,14,17,335,403,6456,7245,2053,2387,148,158,382,543,28,36,7832,9030,5497,6221,1748,2035,38,42,259,380,5,10,285,342,5747,6526,1914,2214,92,104,356,513,17,26,890,922,665,666,112,138,39,32,15,18,9,7,50,61,709,719,139,173,56,54,26,30,11,10
Virginia,Covington city,5663,2779,2884,2236,2390,413,320,10,14,19,53,1,4,100,103,2331,2488,483,385,31,35,29,74,5,6,2646,2787,2129,2310,392,311,10,12,18,53,0,0,97,101,2221,2406,460,375,30,33,28,73,4,2,133,97,107,80,21,9,0,2,1,0,1,4,3,2,110,82,23,10,1,2,1,1,1,4
Virginia,Danville city,41993,19330,22663,8626,9500,9798,12228,114,128,284,320,16,19,492,468,9069,9919,10130,12534,215,239,374,414,45,41,17867,21434,7533,8555,9622,12103,44,63,261,289,12,18,395,406,7890,8915,9892,12368,116,156,335,378,36,37,1463,1229,1093,945,176,125,70,65,23,31,4,1,97,62,1179,1004,238,166,99,83,39,36,9,4
Virginia,Emporia city,5402,2521,2881,788,804,1607,1931,17,23,24,37,4,2,81,84,867,883,1663,1986,35,44,34,51,5,3,2298,2685,642,691,1555,1878,5,7,24,37,4,1,68,71,709,757,1602,1925,17,24,33,50,5,1,223,196,146,113,52,53,12,16,0,0,0,1,13,13,158,126,61,61,18,20,1,1,0,2
Virginia,Fairfax city,26340,12990,13350,8771,8817,961,899,107,102,2497,2963,27,39,627,530,9331,9283,1187,1096,242,232,2817,3226,56,61,10354,10718,6450,6551,872,815,41,34,2452,2898,16,15,523,405,6919,6908,1055,957,125,106,2748,3131,39,30,2636,2632,2321,2266,89,84,66,68,45,65,11,24,104,125,2412,2375,132,139,117,126,69,95,17,31
Virginia,Falls Church city,15034,7422,7612,5813,5941,424,387,47,53,686,874,8,9,444,348,6220,6253,566,503,151,116,915,1071,26,22,6635,6773,5225,5243,381,344,28,26,668,853,6,6,327,301,5525,5513,483,436,70,71,869,1039,17,19,787,839,588,698,43,43,19,27,18,21,2,3,117,47,695,740,83,67,81,45,46,32,9,3
Virginia,Franklin city,8373,3840,4533,1603,1733,2060,2577,22,16,35,44,3,1,117,162,1708,1874,2138,2679,44,57,54,80,14,8,3684,4376,1513,1623,2008,2550,19,15,34,44,2,1,108,143,1610,1748,2080,2641,38,51,53,76,11,6,156,157,90,110,52,27,3,1,1,0,1,0,9,19,98,126,58,38,6,6,1,4,3,2
Virginia,Fredericksburg city,29992,14401,15591,9361,10179,3503,3846,169,152,510,603,22,26,836,785,10094,10862,4021,4318,291,279,794,889,71,65,12325,13767,7816,8771,3234,3652,55,57,469,575,13,21,738,691,8460,9368,3691,4071,147,157,736,839,58,56,2076,1824,1545,1408,269,194,114,95,41,28,9,5,98,94,1634,1494,330,247,144,122,58,50,13,9
Virginia,Galax city,6739,3187,3552,2767,3142,240,259,23,14,26,36,15,10,116,91,2878,3230,329,314,39,36,37,53,20,10,2590,2937,2284,2605,184,210,6,5,22,36,2,1,92,80,2372,2682,256,262,17,21,31,51,6,1,597,615,483,537,56,49,17,9,4,0,13,9,24,11,506,548,73,52,22,15,6,2,14,9
Virginia,Hampton city,137596,65826,71770,27679,26811,32833,39003,409,407,1623,2160,130,119,3152,3270,30200,29315,35013,41290,1251,1393,2611,3197,280,271,60567,66812,24322,23773,31718,37802,246,253,1547,2070,89,87,2645,2827,26430,25936,33553,39789,885,1065,2434,3005,200,209,5259,4958,3357,3038,1115,1201,163,154,76,90,41,32,507,443,3770,3379,1460,1501,366,328,177,192,80,62
Virginia,Harrisonburg city,51164,24870,26294,19781,21448,2683,2559,260,201,1166,1100,56,87,924,899,20627,22260,3162,3031,434,399,1506,1420,88,118,18401,20171,14338,16477,2189,1977,60,49,1080,1030,21,55,713,583,15000,17008,2547,2268,154,139,1380,1279,44,76,6469,6123,5443,4971,494,582,200,152,86,70,35,32,211,316,5627,5252,615,763,280,260,126,141,44,42
Virginia,Hopewell city,22970,10649,12321,5063,5613,4837,5854,87,99,133,246,29,28,500,481,5516,6036,5175,6180,176,197,247,357,51,45,9492,11192,4275,4807,4612,5678,52,57,114,224,17,20,422,406,4655,5163,4902,5954,117,130,216,326,35,36,1157,1129,788,806,225,176,35,42,19,22,12,8,78,75,861,873,273,226,59,67,31,31,16,9
Virginia,Lexington city,7802,3856,3946,3234,3362,354,316,18,27,122,149,1,3,127,89,3349,3443,413,349,48,53,166,188,8,4,3640,3748,3064,3196,334,308,10,11,119,147,1,3,112,83,3166,3271,386,339,35,35,160,184,6,4,216,198,170,166,20,8,8,16,3,2,0,0,15,6,183,172,27,10,13,18,6,4,2,0
Virginia,Lynchburg city,80301,37686,42615,25137,27935,10151,11934,179,211,1069,1231,81,72,1069,1232,26089,29019,10905,12804,355,419,1331,1552,136,138,35620,40385,23483,26136,9945,11750,130,114,1044,1203,63,62,955,1120,24332,27120,10621,12550,276,292,1290,1501,112,123,2066,2230,1654,1799,206,184,49,97,25,28,18,10,114,112,1757,1899,284,254,79,127,41,51,24,15
Virginia,Manassas city,43616,22164,21452,16003,15444,3208,3131,372,415,1534,1572,82,63,965,827,16850,16165,3790,3638,600,630,1804,1793,137,107,11910,11789,6982,6982,2737,2685,48,44,1427,1500,29,20,687,558,7588,7472,3164,3036,172,153,1640,1669,66,47,10254,9663,9021,8462,471,446,324,371,107,72,53,43,278,269,9262,8693,626,602,428,477,164,124,71,60
Virginia,Manassas Park city,16611,8478,8133,5795,5335,1223,1189,145,159,917,1091,37,26,361,333,6116,5628,1410,1362,245,253,1019,1193,59,41,4286,4335,2093,2013,1040,1041,26,22,872,1021,14,12,241,226,2309,2217,1159,1156,79,74,958,1099,22,22,4192,3798,3702,3322,183,148,119,137,45,70,23,14,120,107,3807,3411,251,206,166,179,61,94,37,19
Virginia,Martinsville city,13834,6530,7304,3251,3508,2921,3453,33,51,72,77,4,10,249,205,3481,3701,3114,3603,77,97,100,102,11,12,5815,6712,2670,3045,2846,3398,12,17,62,66,0,0,225,186,2879,3221,3023,3538,48,53,87,90,5,2,715,592,581,463,75,55,21,34,10,11,4,10,24,19,602,480,91,65,29,44,13,12,6,10
Virginia,Newport News city,183056,88512,94544,43451,42560,37037,42985,618,606,2944,3469,237,233,4225,4691,47031,46473,39836,46139,1588,1786,4449,5131,457,430,77849,84424,36193,35923,34942,40808,326,323,2758,3290,143,150,3487,3930,39139,39195,37248,43441,1018,1215,4073,4778,302,299,10663,10120,7258,6637,2095,2177,292,283,186,179,94,83,738,761,7892,7278,2588,2698,570,571,376,353,155,131
Virginia,Norfolk city,231105,116738,114367,60258,52586,45334,50843,1023,706,4863,5070,318,260,4942,4902,64447,56722,48330,53928,2334,2062,6724,6865,634,541,103118,103320,50841,45067,43020,48809,446,405,4498,4792,206,181,4107,4066,54319,48484,45491,51365,1397,1399,6136,6377,438,395,13620,11047,9417,7519,2314,2034,577,301,365,278,112,79,835,836,10128,8238,2839,2563,937,663,588,488,196,146
Virginia,Norton city,3478,1645,1833,1409,1642,118,100,6,6,52,22,2,0,58,63,1464,1702,155,142,22,20,59,31,3,1,1590,1806,1359,1616,117,100,5,6,52,22,2,0,55,62,1411,1676,152,141,20,20,59,30,3,1,55,27,50,26,1,0,1,0,0,0,0,0,3,1,53,26,3,1,2,0,0,1,0,0
Virginia,Petersburg city,34058,15429,18629,3108,3458,11450,14340,109,109,185,196,67,44,510,482,3546,3871,11786,14650,229,233,308,327,97,68,14157,17283,2307,2566,11175,14028,73,75,139,187,43,21,420,406,2665,2911,11459,14292,161,173,247,302,64,43,1272,1346,801,892,275,312,36,34,46,9,24,23,90,76,881,960,327,358,68,60,61,25,33,25
Virginia,Poquoson city,12854,6525,6329,5942,5798,199,135,52,36,130,184,5,5,197,171,6125,5956,276,196,99,68,220,267,8,15,6212,6058,5681,5569,183,121,37,27,127,180,5,4,179,157,5847,5715,248,177,75,54,214,258,8,13,313,271,261,229,16,14,15,9,3,4,0,1,18,14,278,241,28,19,24,14,6,9,0,2
Virginia,Portsmouth city,96482,46292,50190,19211,18550,24125,28718,262,275,796,764,90,89,1808,1794,20726,20045,25307,29895,722,767,1338,1306,179,167,43289,47360,17230,16795,23499,28032,176,186,727,724,52,75,1605,1548,18572,18074,24555,29060,555,581,1224,1216,129,140,3003,2830,1981,1755,626,686,86,89,69,40,38,14,203,246,2154,1971,752,835,167,186,114,90,50,27
Virginia,Radford city,17273,8066,9207,6866,7736,747,870,36,26,187,260,2,5,228,310,7069,8016,895,1056,78,89,248,341,7,21,7707,8776,6569,7393,717,843,26,19,183,238,2,2,210,281,6754,7650,851,1013,64,68,244,314,7,17,359,431,297,343,30,27,10,7,4,22,0,3,18,29,315,366,44,43,14,21,4,27,0,4
Virginia,Richmond city,233655,110320,123335,59571,61638,43531,54094,860,769,2963,3151,211,222,3184,3461,62213,64449,45453,56244,1821,1836,4114,4398,353,384,96853,110047,49117,51641,42072,52144,283,268,2824,3011,60,50,2497,2933,51165,54015,43580,53953,930,1095,3798,4142,167,173,13467,13288,10454,9997,1459,1950,577,501,139,140,151,172,687,528,11048,10434,1873,2291,891,741,316,256,186,211
Virginia,Roanoke city,97912,46562,51350,29675,32382,13219,15069,258,241,1635,1617,53,55,1722,1986,31282,34206,14495,16544,537,606,1966,1993,106,109,41570,46740,25696,28775,12664,14512,122,117,1575,1561,30,32,1483,1743,27076,30371,13767,15809,334,415,1879,1909,76,79,4992,4610,3979,3607,555,557,136,124,60,56,23,23,239,243,4206,3835,728,735,203,191,87,84,30,30
Virginia,Salem city,25908,12361,13547,10543,11463,1120,1149,48,62,266,411,6,9,378,453,10897,11880,1391,1463,120,165,330,489,17,21,11689,12848,10009,10933,1057,1101,29,40,266,405,6,4,322,365,10309,11264,1290,1361,81,111,322,476,16,15,672,699,534,530,63,48,19,22,0,6,0,5,56,88,588,616,101,102,39,54,8,13,1,6
Virginia,Staunton city,26361,12268,14093,10087,11684,1475,1581,74,76,186,277,7,8,439,467,10496,12113,1774,1899,172,160,263,378,22,22,11540,13448,9506,11176,1420,1517,42,58,169,272,3,4,400,421,9878,11560,1690,1805,129,129,242,369,17,17,728,645,581,508,55,64,32,18,17,5,4,4,39,46,618,553,84,94,43,31,21,9,5,5
Virginia,Suffolk city,103105,50082,53023,25743,25646,21262,23860,268,275,1016,1428,56,51,1737,1763,27270,27168,22325,24955,621,665,1642,2060,140,129,46931,50089,23579,23668,20718,23317,166,160,945,1378,37,43,1486,1523,24877,24974,21633,24261,428,466,1508,1959,105,104,3151,2934,2164,1978,544,543,102,115,71,50,19,8,251,240,2393,2194,692,694,193,199,134,101,35,25
Virginia,Virginia Beach city,454808,222422,232386,149075,151611,44013,48800,1086,1144,17173,19482,376,453,10699,10896,158758,161364,49623,54653,3040,3288,22330,24596,912,991,201271,210662,133220,135625,41339,45817,601,640,16625,18878,273,320,9213,9382,141535,144004,46056,50755,2016,2217,21274,23517,715,745,21151,21724,15855,15986,2674,2983,485,504,548,604,103,133,1486,1514,17223,17360,3567,3898,1024,1071,1056,1079,197,246
Virginia,Waynesboro city,23498,11347,12151,9060,9719,1550,1617,95,78,199,245,5,8,438,484,9473,10169,1872,1979,165,176,270,314,20,21,10042,10940,7993,8754,1409,1459,52,36,186,241,3,7,399,443,8370,9166,1708,1793,108,119,249,309,17,19,1305,1211,1067,965,141,158,43,42,13,4,2,1,39,41,1103,1003,164,186,57,57,21,5,3,2
Virginia,Williamsburg city,16030,7469,8561,5605,6286,1144,1383,43,42,426,511,8,16,243,323,5838,6586,1236,1521,93,110,541,654,17,28,6750,7821,5041,5697,1064,1304,26,28,407,487,5,13,207,292,5238,5967,1137,1430,63,84,516,620,12,24,719,740,564,589,80,79,17,14,19,24,3,3,36,31,600,619,99,91,30,26,25,34,5,4
Virginia,Winchester city,27800,13811,13989,10792,11252,1606,1451,438,356,408,400,20,15,547,515,11309,11731,1975,1820,537,463,517,489,40,27,10398,10999,8082,8875,1471,1341,34,32,343,367,3,5,465,379,8524,9227,1789,1616,104,99,442,443,20,13,3413,2990,2710,2377,135,110,404,324,65,33,17,10,82,136,2785,2504,186,204,433,364,75,46,20,14
Washington,Adams County,21039,10690,10349,9200,9003,304,227,725,687,201,229,33,34,227,169,9405,9149,390,292,813,761,260,270,57,49,3671,3546,3294,3220,110,74,57,51,75,105,10,7,125,89,3408,3298,165,112,91,85,112,124,21,16,7019,6803,5906,5783,194,153,668,636,126,124,23,27,102,80,5997,5851,225,180,722,676,148,146,36,33
Washington,Asotin County,22523,10985,11538,10084,10591,132,171,234,222,126,142,29,81,380,331,10438,10892,267,285,385,358,226,230,62,112,10429,10989,9688,10161,110,151,165,178,115,129,26,78,325,292,9989,10423,223,251,291,300,206,210,55,105,556,549,396,430,22,20,69,44,11,13,3,3,55,39,449,469,44,34,94,58,20,20,7,7
Washington,Benton County,218190,110102,108088,97692,95996,2359,1998,1865,1751,3858,4015,385,323,3943,4005,101401,99765,3741,3358,3280,3215,5233,5415,644,618,79500,78963,70204,69947,1845,1448,747,750,3555,3651,245,211,2904,2956,72958,72741,2867,2463,1625,1681,4680,4779,438,423,30602,29125,27488,26049,514,550,1118,1001,303,364,140,112,1039,1049,28443,27024,874,895,1655,1534,553,636,206,195
Washington,Chelan County,81228,41064,40164,38073,37195,495,347,887,869,518,670,135,118,956,965,38957,38063,730,575,1371,1390,778,932,213,197,27973,28545,26258,26752,276,178,266,270,399,532,72,60,702,753,26908,27430,452,362,579,650,617,756,133,120,13091,11619,11815,10443,219,169,621,599,119,138,63,58,254,212,12049,10633,278,213,792,740,161,176,80,77
Washington,Clallam County,77958,38384,39574,32956,34080,643,296,2272,2230,608,1009,83,75,1822,1884,34601,35783,1020,659,3256,3309,1176,1569,264,256,35407,36852,30967,32249,512,232,1708,1739,578,944,70,60,1572,1628,32382,33727,838,557,2510,2631,1113,1453,236,219,2977,2722,1989,1831,131,64,564,491,30,65,13,15,250,256,2219,2056,182,102,746,678,63,116,28,37
Washington,Clark County,527269,261534,265735,218194,220631,7981,6813,3756,3837,15133,17930,3153,3264,13317,13260,230755,233173,12465,11144,7620,7912,20879,23575,4772,4911,226824,232542,189588,193144,6985,5983,1759,1857,14432,17341,2924,3012,11136,11205,200104,203747,10723,9653,4572,4928,19504,22315,4283,4371,34710,33193,28606,27487,996,830,1997,1980,701,589,229,252,2181,2055,30651,29426,1742,1491,3048,2984,1375,1260,489,540
Washington,Columbia County,4025,1985,2040,1804,1802,30,16,47,34,24,43,10,72,70,73,1869,1873,57,45,70,60,39,59,20,77,1810,1875,1662,1665,25,13,33,27,21,40,10,72,59,58,1716,1721,47,38,52,46,36,53,18,76,175,165,142,137,5,3,14,7,3,3,0,0,11,15,153,152,10,7,18,14,3,6,2,1
Washington,Cowlitz County,113982,56830,57152,50872,51310,859,625,1343,1278,914,1265,356,328,2486,2346,53184,53495,1524,1215,2542,2478,1620,1900,559,514,50345,50987,45536,46260,691,475,834,789,818,1181,311,279,2155,2003,47547,48134,1272,990,1811,1771,1478,1749,496,433,6485,6165,5336,5050,168,150,509,489,96,84,45,49,331,343,5637,5361,252,225,731,707,142,151,63,81
Washington,Douglas County,45795,23892,21903,21769,20014,320,194,577,557,327,425,96,83,803,630,22479,20576,554,378,988,850,541,606,164,140,14328,14317,13200,13221,157,106,187,166,225,344,63,45,496,435,13639,13609,308,238,389,347,392,481,106,83,9564,7586,8569,6793,163,88,390,391,102,81,33,38,307,195,8840,6967,246,140,599,503,149,125,58,57
Washington,Ferry County,7543,3849,3694,2925,2815,46,24,611,577,42,57,12,10,213,211,3124,3009,95,88,738,694,75,87,30,28,3651,3556,2782,2707,43,22,569,550,42,56,11,10,204,211,2972,2901,91,86,690,667,74,86,28,28,198,138,143,108,3,2,42,27,0,1,1,0,9,0,152,108,4,2,48,27,1,1,2,0
Washington,Franklin County,101238,52244,48994,46173,43834,1811,1129,1124,935,1302,1389,281,226,1553,1481,47546,45159,2404,1701,1719,1504,1769,1832,439,367,22952,21247,19353,18171,1250,662,259,212,1038,1176,122,104,930,922,20173,18999,1626,1041,521,500,1371,1480,227,180,29292,27747,26820,25663,561,467,865,723,264,213,159,122,623,559,27373,26160,778,660,1198,1004,398,352,212,187
Washington,Garfield County,2404,1212,1192,1139,1063,2,3,12,19,20,69,0,0,39,38,1178,1100,18,22,24,34,29,74,2,1,1128,1128,1063,1018,2,3,10,13,19,69,0,0,34,25,1097,1042,15,15,20,22,28,74,2,0,84,64,76,45,0,0,2,6,1,0,0,0,5,13,81,58,3,7,4,12,1,0,0,1
Washington,Grant County,104717,53863,50854,48149,45861,1335,960,1750,1451,818,819,203,203,1608,1560,49598,47265,1869,1422,2533,2289,1202,1185,315,305,28950,28534,26042,25922,694,458,447,450,627,646,72,83,1068,975,27019,26795,1058,770,891,922,921,906,153,143,24913,22320,22107,19939,641,502,1303,1001,191,173,131,120,540,585,22579,20470,811,652,1642,1367,281,279,162,162
Washington,Grays Harbor County,77893,39790,38103,33857,32965,919,362,2416,2054,660,746,203,127,1735,1849,35440,34666,1317,768,3319,3044,1179,1261,351,285,34844,33705,30238,29644,790,276,1610,1465,567,660,164,100,1475,1560,31585,31079,1125,625,2334,2271,1048,1126,295,231,4946,4398,3619,3321,129,86,806,589,93,86,39,27,260,289,3855,3587,192,143,985,773,131,135,56,54
Washington,Island County,86478,43409,43069,36421,36005,1778,1107,516,524,2096,2919,238,233,2360,2281,38542,38041,2470,1738,1254,1280,3222,3976,462,478,39318,39125,33209,32850,1565,958,329,318,1979,2815,208,214,2028,1970,35039,34610,2141,1502,908,925,3007,3775,401,423,4091,3944,3212,3155,213,149,187,206,117,104,30,19,332,311,3503,3431,329,236,346,355,215,201,61,55
Washington,Jefferson County,33944,16480,17464,14907,15886,289,111,358,328,279,468,49,45,598,626,15444,16469,404,229,697,708,439,608,97,88,15672,16652,14314,15286,269,101,262,270,260,457,47,38,520,500,14780,15752,359,188,556,563,407,581,92,76,808,812,593,600,20,10,96,58,19,11,2,7,78,126,664,717,45,41,141,145,32,27,5,12
Washington,King County,2340211,1186138,1154073,733611,701627,91000,84137,13300,12332,270699,278500,10346,10598,67182,66879,793728,761711,113469,105989,28624,28396,308647,315881,17067,17260,1046944,1026736,621485,599835,85467,78902,6286,6269,266591,274752,9647,9906,57468,57072,673106,651257,104288,97204,17495,18289,300434,307828,15352,15435,139194,127337,112126,101792,5533,5235,7014,6063,4108,3748,699,692,9714,9807,120622,110454,9181,8785,11129,10107,8213,8053,1715,1825
Washington,Kitsap County,281420,144012,137408,117078,110700,5480,3635,2524,2599,7479,9467,1604,1424,9847,9583,126142,119537,8284,6284,5233,5380,12614,14363,2972,2734,129032,123971,105442,100338,4895,3191,1744,1864,7097,9093,1408,1236,8446,8249,113226,107961,7278,5450,3781,4025,11691,13463,2582,2346,14980,13437,11636,10362,585,444,780,735,382,374,196,188,1401,1334,12916,11576,1006,834,1452,1355,923,900,390,388
Washington,Kittitas County,48172,24266,23906,22047,21771,333,248,344,293,497,616,78,62,967,916,22926,22625,578,480,713,652,907,963,156,132,21618,21322,19768,19554,292,212,240,232,459,559,64,55,795,710,20494,20218,500,388,508,479,813,854,132,110,2648,2584,2279,2217,41,36,104,61,38,57,14,7,172,206,2432,2407,78,92,205,173,94,109,24,22
Washington,Klickitat County,24124,12527,11597,11505,10730,106,82,359,284,107,151,36,28,414,322,11879,11028,204,162,585,468,218,214,61,48,10463,10241,9668,9561,72,57,267,202,89,139,26,14,341,268,9974,9809,149,118,447,356,188,196,50,31,2064,1356,1837,1169,34,25,92,82,18,12,10,14,73,54,1905,1219,55,44,138,112,30,18,11,17
Washington,Lewis County,87049,43813,43236,39697,39431,673,376,947,878,489,691,172,128,1835,1732,41394,41048,1124,773,1872,1805,994,1115,320,261,38313,38091,35030,34999,552,268,587,584,440,635,130,89,1574,1516,36484,36421,949,625,1331,1357,901,1025,264,208,5500,5145,4667,4432,121,108,360,294,49,56,42,39,261,216,4910,4627,175,148,541,448,93,90,56,53
Washington,Lincoln County,11862,6167,5695,5693,5293,61,44,154,124,52,56,14,12,193,166,5868,5446,111,86,261,219,93,84,29,27,5891,5432,5489,5082,52,39,121,105,51,54,13,10,165,142,5638,5214,98,74,211,185,87,78,24,24,276,263,204,211,9,5,33,19,1,2,1,2,28,24,230,232,13,12,50,34,6,6,5,3
Washington,Mason County,69632,35936,33696,30892,28983,779,373,1761,1606,623,765,203,235,1678,1734,32375,30546,1130,733,2592,2539,1175,1250,408,414,30691,29156,26938,25761,686,268,995,903,490,664,143,182,1439,1378,28212,27019,988,556,1666,1594,995,1082,324,325,5245,4540,3954,3222,93,105,766,703,133,101,60,53,239,356,4163,3527,142,177,926,945,180,168,84,89
Washington,Okanogan County,44942,23608,21334,19009,17198,650,184,2818,2833,251,325,63,60,817,734,19741,17882,832,324,3340,3310,404,439,117,114,17429,17168,13992,14056,593,114,1987,2096,171,279,30,26,656,597,14590,14611,733,228,2398,2481,296,374,73,72,6179,4166,5017,3142,57,70,831,737,80,46,33,34,161,137,5151,3271,99,96,942,829,108,65,44,42
Washington,Pacific County,24245,12058,12187,10723,10967,171,116,383,351,267,264,22,29,492,460,11179,11405,276,197,670,642,369,341,60,62,10722,10987,9647,10031,131,80,252,240,253,248,15,22,424,366,10037,10381,214,143,501,465,350,315,47,49,1336,1200,1076,936,40,36,131,111,14,16,7,7,68,94,1142,1024,62,54,169,177,19,26,13,13
Washington,Pend Oreille County,14332,7330,7002,6597,6296,68,50,310,249,63,116,9,14,283,277,6856,6554,150,122,459,396,120,167,30,41,7000,6695,6391,6089,61,48,272,206,55,113,7,11,214,228,6587,6299,122,105,382,329,101,157,23,34,330,307,206,207,7,2,38,43,8,3,2,3,69,49,269,255,28,17,77,67,19,10,7,7
Washington,Pierce County,941170,471841,469329,337098,332512,42747,36989,9070,8847,34065,42364,9678,9665,39183,38952,371854,367238,60131,53806,18266,18486,51940,59954,14285,14261,405903,408117,287542,286747,39046,33341,5045,5252,32453,40790,8920,8955,32897,33032,316767,316248,53530,47514,11691,12507,48148,56230,12782,12779,65938,61212,49556,45765,3701,3648,4025,3595,1612,1574,758,710,6286,5920,55087,50990,6601,6292,6575,5979,3792,3724,1503,1482
Washington,San Juan County,18668,9202,9466,8598,8790,107,91,115,99,118,200,15,21,249,265,8829,9040,170,143,249,241,173,271,30,37,8446,8724,7950,8144,86,69,73,73,111,193,13,16,213,229,8150,8359,134,112,189,193,160,260,26,30,756,742,648,646,21,22,42,26,7,7,2,5,36,36,679,681,36,31,60,48,13,11,4,7
Washington,Skagit County,132736,66049,66687,58919,59391,955,719,1911,1992,1741,1992,244,261,2279,2332,60957,61486,1574,1312,2988,3136,2467,2745,452,463,52319,53514,47128,48073,697,485,995,1102,1580,1855,163,132,1756,1867,48717,49772,1191,961,1735,1953,2191,2504,326,303,13730,13173,11791,11318,258,234,916,890,161,137,81,129,523,465,12240,11714,383,351,1253,1183,276,241,126,160
Washington,Skamania County,12660,6494,6166,5922,5580,103,44,116,133,79,113,19,18,255,278,6149,5826,185,109,238,273,139,187,40,50,6051,5739,5554,5224,91,39,92,101,78,113,14,13,222,249,5752,5445,159,92,199,225,131,184,34,43,443,427,368,356,12,5,24,32,1,0,5,5,33,29,397,381,26,17,39,48,8,3,6,7
Washington,Snohomish County,864113,435818,428295,312090,304274,21283,18307,7238,7109,67929,72705,3257,3165,24021,22735,334190,325278,28483,24970,13399,13220,80463,84452,5968,5664,378833,375850,265563,261349,19394,16512,3979,4204,66608,71456,2902,2903,20387,19426,284346,279339,25419,22149,8514,8857,77769,81905,5192,4999,56985,52445,46527,42925,1889,1795,3259,2905,1321,1249,355,262,3634,3309,49844,45939,3064,2821,4885,4363,2694,2547,776,665
Washington,Spokane County,555947,277589,278358,241982,243715,7446,5586,5260,5197,6861,8040,2525,2472,13515,13348,254646,256267,12645,10576,9436,9568,12042,13069,3724,3623,256006,258167,224737,227598,6844,4997,3723,3845,6547,7760,2385,2338,11770,11629,235799,238580,11406,9362,7000,7345,11272,12328,3430,3326,21583,20191,17245,16117,602,589,1537,1352,314,280,140,134,1745,1719,18847,17687,1239,1214,2436,2223,770,741,294,297
Washington,Stevens County,49015,24648,24367,22017,21660,186,141,1329,1355,161,259,52,61,903,891,22845,22479,384,303,1838,1897,387,460,118,127,23480,23271,21167,20893,161,132,1188,1161,149,236,43,53,772,796,21872,21624,335,273,1609,1636,351,425,102,116,1168,1096,850,767,25,9,141,194,12,23,9,8,131,95,973,855,49,30,229,261,36,35,16,11
Washington,Thurston County,302912,148437,154475,117381,121874,7130,5889,2847,2925,9240,11881,1868,1796,9971,10110,126594,131257,10543,9188,5654,5925,13939,16599,3065,3019,131048,137658,103825,108740,6395,5210,1853,2036,8845,11448,1677,1631,8453,8593,111644,116728,9290,7991,3921,4304,13024,15635,2696,2658,17389,16817,13556,13134,735,679,994,889,395,433,191,165,1518,1517,14950,14529,1253,1197,1733,1621,915,964,369,361
Washington,Wahkiakum County,4800,2452,2348,2233,2111,22,18,58,34,35,49,12,11,92,125,2313,2220,57,63,99,99,55,72,20,19,2322,2214,2141,2004,14,15,46,29,35,47,9,8,77,111,2207,2100,42,56,81,84,53,69,16,16,130,134,92,107,8,3,12,5,0,2,3,3,15,14,106,120,15,7,18,15,2,3,4,3
Washington,Walla Walla County,62068,31664,30404,28426,27869,968,345,513,444,620,700,152,94,985,952,29274,28709,1246,612,874,815,1006,1076,282,173,23642,22985,21093,21074,853,256,246,178,538,644,126,80,786,753,21762,21746,1077,461,494,445,884,967,231,143,8022,7419,7333,6795,115,89,267,266,82,56,26,14,199,199,7512,6963,169,151,380,370,122,109,51,30
Washington,Whatcom County,234954,116181,118773,98712,100963,1889,1430,3861,3846,6013,6793,417,389,5289,5352,103527,105872,3364,2852,5645,5763,8590,9372,927,901,102904,105825,87949,90584,1558,1116,2703,2619,5805,6607,336,324,4553,4575,92128,94807,2830,2325,4081,4110,8129,8921,767,749,13277,12948,10763,10379,331,314,1158,1227,208,186,81,65,736,777,11399,11065,534,527,1564,1653,461,451,160,152
Washington,Whitman County,48399,24554,23845,20212,19711,717,518,262,269,2133,2019,82,115,1148,1213,21261,20804,1048,879,529,590,2740,2645,186,220,22574,21886,18561,18093,659,481,194,193,2106,1975,71,108,983,1036,19464,19033,942,785,384,434,2659,2536,155,197,1980,1959,1651,1618,58,37,68,76,27,44,11,7,165,177,1797,1771,106,94,145,156,81,109,31,23
Washington,Yakima County,258523,129825,128698,111479,110753,2517,2040,9230,9121,2131,2388,425,413,4043,3983,115178,114398,3635,3094,11516,11433,3330,3577,786,774,58596,60318,49214,50813,1297,987,4175,4261,1474,1755,128,107,2308,2395,51336,53007,1990,1656,5258,5465,2247,2544,339,322,71229,68380,62265,59940,1220,1053,5055,4860,657,633,297,306,1735,1588,63842,61391,1645,1438,6258,5968,1083,1033,447,452
West Virginia,Barbour County,15369,7569,7800,7200,7448,107,91,73,47,17,35,3,0,169,179,7367,7615,187,175,132,129,48,62,11,15,7484,7660,7131,7333,102,83,72,46,16,32,3,0,160,166,7289,7491,181,161,130,120,40,53,9,12,85,140,69,115,5,8,1,1,1,3,0,0,9,13,78,124,6,14,2,9,8,9,2,3
West Virginia,Berkeley County,136287,67994,68293,57834,58363,6310,5738,242,325,896,1161,42,41,2670,2665,60422,60951,8160,7572,736,935,1403,1631,125,115,63104,63483,53730,54509,5951,5366,102,110,838,1116,18,19,2465,2363,56123,56808,7673,7020,525,562,1304,1545,85,69,4890,4810,4104,3854,359,372,140,215,58,45,24,22,205,302,4299,4143,487,552,211,373,99,86,40,46
West Virginia,Boone County,20496,10260,10236,10001,10026,96,76,18,17,21,19,1,0,123,98,10122,10120,167,136,60,53,35,26,4,3,10159,10175,9912,9972,94,76,17,17,21,19,1,0,114,91,10026,10060,160,132,55,48,33,25,2,2,101,61,89,54,2,0,1,0,0,0,0,0,9,7,96,60,7,4,5,5,2,1,2,1
West Virginia,Braxton County,12051,6188,5863,5949,5691,76,30,37,39,20,23,0,2,106,78,6053,5765,131,70,81,71,33,32,5,7,6129,5827,5907,5669,72,30,34,30,18,23,0,2,98,73,6003,5739,122,65,75,62,30,32,2,6,59,36,42,22,4,0,3,9,2,0,0,0,8,5,50,26,9,5,6,9,3,0,3,1
West Virginia,Brooke County,21285,10629,10656,10083,10179,249,142,31,21,49,113,5,2,212,199,10287,10371,368,264,95,75,92,144,14,13,10446,10517,9935,10077,240,131,27,15,48,110,4,2,192,182,10120,10253,348,245,83,61,84,138,11,11,183,139,148,102,9,11,4,6,1,3,1,0,20,17,167,118,20,19,12,14,8,6,3,2
West Virginia,Cabell County,91489,44703,46786,40348,42496,2368,2202,106,104,651,622,11,8,1219,1354,41532,43806,3145,3094,380,425,873,855,42,46,43752,45993,39572,41839,2293,2139,76,81,627,615,6,6,1178,1313,40719,43114,3049,3007,336,378,840,838,35,38,951,793,776,657,75,63,30,23,24,7,5,2,41,41,813,692,96,87,44,47,33,17,7,8
West Virginia,Calhoun County,5873,2963,2910,2880,2829,26,11,14,15,4,14,3,1,36,40,2916,2867,40,27,28,37,11,18,4,2,2924,2882,2850,2809,19,11,14,13,4,11,3,1,34,37,2884,2844,31,27,28,32,11,15,4,2,39,28,30,20,7,0,0,2,0,3,0,0,2,3,32,23,9,0,0,5,0,3,0,0
West Virginia,Clay County,7689,3895,3794,3789,3693,25,20,12,18,5,10,0,3,64,50,3851,3741,53,42,39,38,16,21,1,4,3856,3763,3753,3666,25,19,12,18,4,8,0,3,62,49,3814,3713,51,40,38,38,15,19,1,4,39,31,36,27,0,1,0,0,1,2,0,0,2,1,37,28,2,2,1,0,1,2,0,0
West Virginia,Doddridge County,7615,4319,3296,4030,3130,194,53,18,17,11,30,1,1,65,65,4093,3193,219,89,42,40,25,37,5,3,4278,3264,3993,3103,194,52,18,17,11,30,1,0,61,62,4052,3163,217,87,41,39,25,37,4,1,41,32,37,27,0,1,0,0,0,0,0,1,4,3,41,30,2,2,1,1,0,0,1,2
West Virginia,Fayette County,38600,19578,19022,18187,17827,854,687,66,48,47,71,3,5,421,384,18595,18194,1111,922,204,178,87,106,10,15,19275,18762,17936,17621,831,674,55,44,46,69,3,4,404,350,18328,17958,1075,886,190,161,84,99,10,12,303,260,251,206,23,13,11,4,1,2,0,1,17,34,267,236,36,36,14,17,3,7,0,3
West Virginia,Gilmer County,7116,4366,2750,3234,2602,957,45,56,12,32,28,3,4,84,59,3305,2659,987,64,104,43,51,39,6,5,4081,2723,3025,2585,924,45,22,12,28,28,3,4,79,49,3093,2632,953,61,68,37,44,37,5,5,285,27,209,17,33,0,34,0,4,0,0,0,5,10,212,27,34,3,36,6,7,2,1,0
West Virginia,Grant County,10971,5488,5483,5304,5276,85,110,12,11,18,17,2,3,67,66,5369,5340,116,145,38,36,29,25,3,4,5408,5430,5239,5233,76,105,11,9,18,17,2,3,62,63,5299,5294,104,137,36,34,29,25,2,4,80,53,65,43,9,5,1,2,0,0,0,0,5,3,70,46,12,8,2,2,0,0,1,0
West Virginia,Greenbrier County,31851,15653,16198,14671,15300,443,370,83,67,113,141,5,2,338,318,14997,15610,632,537,210,183,146,181,13,9,15290,15901,14380,15042,426,359,62,60,110,139,5,1,307,300,14678,15335,600,516,171,170,141,177,12,7,363,297,291,258,17,11,21,7,3,2,0,1,31,18,319,275,32,21,39,13,5,4,1,2
West Virginia,Hampshire County,23793,12206,11587,11732,11190,191,131,38,29,47,41,6,7,192,189,11910,11369,288,228,111,97,79,76,12,14,11948,11358,11512,11005,175,112,36,25,46,41,6,7,173,168,11674,11163,265,197,99,85,73,72,12,12,258,229,220,185,16,19,2,4,1,0,0,0,19,21,236,206,23,31,12,12,6,4,0,2
West Virginia,Hancock County,28054,13754,14300,12919,13472,449,348,47,53,71,93,3,4,265,330,13173,13790,622,548,123,144,100,136,5,18,13441,14049,12666,13279,421,336,32,33,70,86,2,4,250,311,12905,13581,584,531,104,117,98,121,4,14,313,251,253,193,28,12,15,20,1,7,1,0,15,19,268,209,38,17,19,27,2,15,1,4
West Virginia,Hardy County,14335,7332,7003,6729,6576,350,216,32,26,84,59,2,6,135,120,6858,6691,426,280,81,67,101,77,7,14,6934,6672,6410,6341,313,167,25,7,78,49,0,1,108,107,6515,6443,374,225,62,42,92,65,3,6,398,331,319,235,37,49,7,19,6,10,2,5,27,13,343,248,52,55,19,25,9,12,4,8
West Virginia,Harrison County,64472,31754,32718,29995,31219,747,535,118,52,234,323,7,8,653,581,30630,31779,1085,831,352,276,326,408,28,21,30932,31963,29301,30564,723,507,72,41,217,309,7,2,612,540,29897,31088,1039,781,290,243,303,390,24,12,822,755,694,655,24,28,46,11,17,14,0,6,41,41,733,691,46,50,62,33,23,18,4,9
West Virginia,Jackson County,27718,13942,13776,13498,13416,133,75,50,35,56,70,21,15,184,165,13676,13576,215,150,137,107,78,94,25,24,13758,13608,13339,13266,125,73,46,31,52,66,19,15,177,157,13510,13419,204,143,130,99,73,89,23,22,184,168,159,150,8,2,4,4,4,4,2,0,7,8,166,157,11,7,7,8,5,5,2,2
West Virginia,Jefferson County,61264,30676,30588,26670,26707,2124,1946,207,125,539,788,26,37,1110,985,27712,27635,2776,2535,511,387,791,1004,76,81,27913,28074,24326,24484,1995,1831,77,83,508,771,20,27,987,878,25263,25312,2567,2354,317,304,731,966,64,58,2763,2514,2344,2223,129,115,130,42,31,17,6,10,123,107,2449,2323,209,181,194,83,60,38,12,23
West Virginia,Kanawha County,173906,84145,89761,74016,79604,6309,6417,246,141,1033,1075,27,19,2514,2505,76447,82029,7962,8086,843,746,1469,1489,89,82,82527,88330,72700,78350,6244,6352,92,90,1025,1066,22,17,2444,2455,75067,80730,7851,7990,668,671,1441,1474,82,75,1618,1431,1316,1254,65,65,154,51,8,9,5,2,70,50,1380,1299,111,96,175,75,28,15,7,7
West Virginia,Lewis County,16477,8262,8215,8011,7980,87,63,16,17,35,43,2,0,111,112,8116,8088,138,122,71,63,48,52,7,4,8133,8088,7899,7868,79,59,15,13,34,42,2,0,104,106,7998,7970,126,115,67,56,46,51,6,4,129,127,112,112,8,4,1,4,1,1,0,0,7,6,118,118,12,7,4,7,2,1,1,0
West Virginia,Lincoln County,19377,9641,9736,9410,9498,67,41,15,15,18,50,1,0,130,132,9536,9627,122,111,75,72,37,61,7,3,9560,9643,9339,9413,61,40,15,12,18,50,1,0,126,128,9461,9538,115,107,72,68,36,60,7,2,81,93,71,85,6,1,0,3,0,0,0,0,4,4,75,89,7,4,3,4,1,1,0,1
West Virginia,Logan County,30560,15103,15457,14612,14937,269,281,24,24,39,48,1,1,158,166,14764,15096,347,370,88,94,64,64,7,4,14963,15332,14500,14828,261,278,17,20,37,48,0,1,148,157,14644,14980,335,363,74,84,59,62,5,4,140,125,112,109,8,3,7,4,2,0,1,0,10,9,120,116,12,7,14,10,5,2,2,0
West Virginia,McDowell County,17147,9210,7937,8030,7143,1005,633,35,22,13,22,1,2,126,115,8153,7257,1080,689,72,72,31,32,2,3,8826,7856,7679,7072,984,626,26,21,13,22,1,2,123,113,7799,7184,1058,681,62,70,30,32,2,3,384,81,351,71,21,7,9,1,0,0,0,0,3,2,354,73,22,8,10,2,1,0,0,0
West Virginia,Marion County,55649,27822,27827,25766,26216,1028,787,85,77,233,171,8,14,702,562,26442,26757,1448,1128,306,262,355,243,49,31,27246,27405,25358,25862,998,767,73,71,218,169,8,7,591,529,25932,26371,1348,1090,241,242,312,237,32,20,576,422,408,354,30,20,12,6,15,2,0,7,111,33,510,386,100,38,65,20,43,6,17,11
West Virginia,Marshall County,29354,14931,14423,14380,13952,228,106,52,47,81,100,3,8,187,210,14566,14155,320,231,124,124,109,124,11,11,14761,14235,14234,13794,222,102,44,43,79,98,3,2,179,196,14412,13985,308,220,114,115,104,119,11,3,170,188,146,158,6,4,8,4,2,2,0,6,8,14,154,170,12,11,10,9,5,5,0,8
West Virginia,Mason County,24770,11945,12825,11527,12381,140,158,27,34,51,62,2,3,198,187,11718,12563,232,249,117,116,76,80,12,8,11824,12720,11433,12293,129,151,23,33,49,62,2,3,188,178,11615,12468,217,237,107,110,72,78,12,7,121,105,94,88,11,7,4,1,2,0,0,0,10,9,103,95,15,12,10,6,4,2,0,1
West Virginia,Mercer County,57524,27799,29725,25117,26915,1749,1850,74,77,139,194,4,5,716,684,25806,27576,2236,2308,256,249,216,268,21,26,27353,29341,24790,26650,1712,1805,51,62,132,191,3,0,665,633,25433,27266,2171,2235,214,209,200,257,17,17,446,384,327,265,37,45,23,15,7,3,1,5,51,51,373,310,65,73,42,40,16,11,4,9
West Virginia,Mineral County,26778,13307,13471,12539,12692,399,358,42,34,62,85,2,4,263,298,12793,12978,588,547,106,123,88,114,11,9,13133,13266,12409,12532,378,340,33,24,61,83,2,2,250,285,12650,12806,557,523,91,106,86,111,10,7,174,205,130,160,21,18,9,10,1,2,0,2,13,13,143,172,31,24,15,17,2,3,1,2
West Virginia,Mingo County,21712,10702,11010,10267,10620,231,189,25,13,33,35,1,2,145,151,10402,10767,311,264,82,82,51,46,3,8,10566,10915,10148,10546,222,183,22,7,33,35,0,0,141,144,10281,10686,300,255,76,75,50,44,2,5,136,95,119,74,9,6,3,6,0,0,1,2,4,7,121,81,11,9,6,7,1,2,1,3
West Virginia,Monongalia County,108697,56129,52568,49723,47427,2401,1787,101,113,2406,1860,41,32,1457,1349,51102,48740,3212,2538,406,389,2868,2273,95,78,54298,50790,48185,45876,2294,1701,76,69,2364,1850,20,22,1359,1272,49480,47117,3051,2409,337,304,2792,2244,61,64,1831,1778,1538,1551,107,86,25,44,42,10,21,10,98,77,1622,1623,161,129,69,85,76,29,34,14
West Virginia,Monroe County,12462,6272,6190,6005,5913,111,70,24,24,9,15,1,2,122,166,6119,6069,156,125,93,121,31,42,3,7,6169,6144,5920,5884,111,68,19,22,9,15,1,2,109,153,6022,6027,151,120,80,107,28,42,3,7,103,46,85,29,0,2,5,2,0,0,0,0,13,13,97,42,5,5,13,14,3,0,0,0
West Virginia,Morgan County,17780,9051,8729,8615,8314,149,101,34,42,47,67,4,2,202,203,8803,8510,236,185,132,137,88,106,8,11,8883,8533,8468,8161,145,87,29,36,46,65,3,1,192,183,8647,8337,229,164,121,118,82,99,7,9,168,196,147,153,4,14,5,6,1,2,1,1,10,20,156,173,7,21,11,19,6,7,1,2
West Virginia,Nicholas County,24017,11887,12130,11597,11705,50,128,44,54,48,79,6,2,142,162,11731,11863,97,181,126,150,74,100,9,4,11774,12010,11497,11597,47,123,40,52,45,79,6,2,139,157,11628,11750,94,172,120,146,70,100,9,4,113,120,100,108,3,5,4,2,3,0,0,0,3,5,103,113,3,9,6,4,4,0,0,0
West Virginia,Ohio County,41090,20115,20975,18499,19420,852,749,65,42,132,183,6,6,561,575,19028,19974,1243,1143,188,180,229,269,30,32,19714,20584,18186,19122,826,692,38,36,131,183,4,5,529,546,18686,19650,1197,1070,149,160,218,260,24,29,401,391,313,298,26,57,27,6,1,0,2,1,32,29,342,324,46,73,39,20,11,9,6,3
West Virginia,Pendleton County,5944,3022,2922,2836,2782,89,63,12,9,17,9,3,3,65,56,2899,2836,121,85,29,39,37,16,5,4,2976,2892,2811,2761,79,60,10,9,17,9,3,3,56,50,2866,2809,104,81,27,34,33,16,5,4,46,30,25,21,10,3,2,0,0,0,0,0,9,6,33,27,17,4,2,5,4,0,0,0
West Virginia,Pleasants County,7358,4072,3286,3854,3195,133,11,18,11,16,10,0,0,51,59,3904,3252,158,32,35,39,28,23,2,3,4021,3239,3817,3158,128,10,13,6,16,10,0,0,47,55,3864,3211,150,29,27,32,28,22,2,1,51,47,37,37,5,1,5,5,0,0,0,0,4,4,40,41,8,3,8,7,0,1,0,2
West Virginia,Pocahontas County,7653,3960,3693,3772,3551,90,59,11,12,12,12,0,0,75,59,3846,3609,114,75,49,41,26,26,2,2,3886,3626,3711,3491,81,55,9,11,11,12,0,0,74,57,3784,3547,105,70,46,40,25,25,2,2,74,67,61,60,9,4,2,1,1,0,0,0,1,2,62,62,9,5,3,1,1,1,0,0
West Virginia,Preston County,34055,18012,16043,17276,15534,473,180,40,52,56,73,10,5,157,199,17425,15728,543,257,118,150,75,100,15,16,17582,15809,16894,15315,451,176,31,51,54,72,10,5,142,190,17031,15501,512,250,101,144,70,98,14,14,430,234,382,219,22,4,9,1,2,1,0,0,15,9,394,227,31,7,17,6,5,2,1,2
West Virginia,Putnam County,57067,28281,28786,26999,27520,474,397,75,75,247,331,12,16,474,447,27456,27950,738,629,227,227,337,418,25,36,27802,28354,26596,27155,451,378,62,66,243,327,12,15,438,413,27018,27553,694,599,202,198,325,405,21,31,479,432,403,365,23,19,13,9,4,4,0,1,36,34,438,397,44,30,25,29,12,13,4,5
West Virginia,Raleigh County,72379,36418,35961,31851,32266,3335,2514,140,71,246,273,17,8,829,829,32628,33056,3816,2996,422,350,413,422,53,46,35496,35469,31122,31870,3224,2469,110,60,241,272,17,8,782,790,31859,32623,3674,2936,367,321,386,410,50,42,922,492,729,396,111,45,30,11,5,1,0,0,47,39,769,433,142,60,55,29,27,12,3,4
West Virginia,Randolph County,27190,14374,12816,13639,12357,460,152,49,41,44,84,1,1,181,181,13811,12528,552,240,126,109,79,129,8,11,14201,12655,13504,12224,444,139,46,37,43,84,0,0,164,171,13661,12385,526,223,115,100,71,128,3,8,173,161,135,133,16,13,3,4,1,0,1,1,17,10,150,143,26,17,11,9,8,1,5,3
West Virginia,Ritchie County,8170,4123,4047,3992,3933,34,19,21,5,8,31,0,0,68,59,4057,3991,67,43,49,33,22,43,2,1,4071,4004,3953,3895,31,16,12,5,8,31,0,0,67,57,4017,3951,63,39,39,32,22,43,2,1,52,43,39,38,3,3,9,0,0,0,0,0,1,2,40,40,4,4,10,1,0,0,0,0
West Virginia,Roane County,13540,6775,6765,6594,6562,36,32,20,28,23,24,4,1,98,118,6688,6671,90,91,56,74,36,52,9,7,6691,6675,6517,6486,34,28,18,19,23,24,3,0,96,118,6609,6595,86,87,54,65,36,52,8,6,84,90,77,76,2,4,2,9,0,0,1,1,2,0,79,76,4,4,2,9,0,0,1,1
West Virginia,Summers County,11544,5251,6293,4997,5671,122,430,22,33,15,26,1,3,94,130,5086,5788,167,492,60,92,28,53,6,13,5171,6125,4929,5546,120,406,20,26,14,24,1,0,87,123,5012,5656,162,465,57,82,25,49,4,8,80,168,68,125,2,24,2,7,1,2,0,3,7,7,74,132,5,27,3,10,3,4,2,5
West Virginia,Taylor County,16438,8398,8040,8081,7755,144,74,34,27,25,59,2,1,112,124,8187,7875,204,136,77,71,38,87,8,5,8311,7948,8004,7671,140,69,34,27,25,59,2,1,106,121,8104,7788,197,129,75,70,37,87,7,5,87,92,77,84,4,5,0,0,0,0,0,0,6,3,83,87,7,7,2,1,1,0,1,0
West Virginia,Tucker County,6573,3351,3222,3260,3149,18,19,8,7,9,13,0,1,56,33,3312,3179,47,33,32,24,17,19,2,1,3322,3182,3233,3112,18,18,7,6,9,13,0,1,55,32,3284,3141,46,32,31,22,17,19,2,1,29,40,27,37,0,1,1,1,0,0,0,0,1,1,28,38,1,1,1,2,0,0,0,0
West Virginia,Tyler County,7843,3964,3879,3839,3768,31,17,17,14,31,31,0,1,46,48,3881,3815,54,36,35,35,39,41,2,4,3920,3838,3807,3733,26,15,13,12,31,31,0,1,43,46,3846,3778,46,33,31,31,39,41,2,3,44,41,32,35,5,2,4,2,0,0,0,0,3,2,35,37,8,3,4,4,0,0,0,1
West Virginia,Upshur County,23650,11818,11832,11370,11468,158,106,43,51,86,49,3,0,158,158,11520,11619,245,189,102,117,105,72,9,3,11631,11639,11209,11294,150,103,36,43,85,48,1,0,150,151,11351,11439,231,181,93,105,103,69,7,2,187,193,161,174,8,3,7,8,1,1,2,0,8,7,169,180,14,8,9,12,2,3,2,1
West Virginia,Wayne County,37589,18439,19150,17826,18678,185,97,71,65,54,83,4,6,299,221,18112,18892,344,201,174,146,118,129,15,16,18247,18963,17659,18522,179,95,67,60,53,78,4,2,285,206,17933,18722,330,195,166,133,112,119,13,10,192,187,167,156,6,2,4,5,1,5,0,4,14,15,179,170,14,6,8,13,6,10,2,6
West Virginia,Webster County,7947,3983,3964,3872,3902,25,7,7,2,3,14,0,0,76,39,3943,3940,49,24,50,20,17,18,1,3,3948,3929,3839,3869,25,7,7,2,2,13,0,0,75,38,3909,3906,49,24,49,20,16,17,1,2,35,35,33,33,0,0,0,0,1,1,0,0,1,1,34,34,0,0,1,0,1,1,0,1
West Virginia,Wetzel County,13766,6818,6948,6608,6781,57,29,20,12,27,32,0,1,106,93,6710,6867,108,76,62,51,43,45,4,4,6713,6812,6515,6659,56,28,15,11,26,32,0,0,101,82,6613,6734,104,72,55,43,41,44,4,2,105,136,93,122,1,1,5,1,1,0,0,1,5,11,97,133,4,4,7,8,2,1,0,2
West Virginia,Wirt County,4924,2506,2418,2418,2333,21,15,8,9,7,13,0,0,52,48,2469,2380,51,40,28,25,11,20,1,2,2495,2410,2410,2328,21,15,8,9,7,12,0,0,49,46,2458,2373,48,39,27,24,11,19,0,1,11,8,8,5,0,0,0,0,0,1,0,0,3,2,11,7,3,1,1,1,0,1,1,1
West Virginia,Wood County,82757,40678,42079,38849,40218,706,440,83,103,205,397,9,13,826,908,39652,41082,1190,983,318,367,353,553,34,47,40046,41388,38297,39620,678,420,73,92,201,395,8,10,789,851,39063,40428,1139,933,295,331,344,543,30,41,632,691,552,598,28,20,10,11,4,2,1,3,37,57,589,654,51,50,23,36,9,10,4,6
West Virginia,Wyoming County,19964,9984,9980,9716,9743,104,67,20,18,19,22,0,1,125,129,9839,9862,162,126,77,73,32,43,2,8,9886,9876,9629,9654,100,61,17,14,19,22,0,1,121,124,9748,9768,155,116,73,67,32,42,2,8,98,104,87,89,4,6,3,4,0,0,0,0,4,5,91,94,7,10,4,6,0,1,0,0
Wisconsin,Adams County,21352,11534,9818,10519,9347,588,104,152,121,59,83,9,6,207,157,10704,9492,688,174,233,196,111,111,20,13,10904,9461,10013,9092,539,85,115,86,55,82,4,3,178,113,10171,9197,626,140,179,133,102,102,13,9,630,357,506,255,49,19,37,35,4,1,5,3,29,44,533,295,62,34,54,63,9,9,7,4
Wisconsin,Ashland County,16196,8193,8003,6885,6665,66,50,890,876,64,96,6,7,282,309,7161,6959,147,130,1064,1074,101,138,12,18,7945,7733,6758,6519,66,46,800,795,64,93,3,3,254,277,7006,6782,135,116,963,974,99,130,6,14,248,270,127,146,0,4,90,81,0,3,3,4,28,32,155,177,12,14,101,100,2,8,6,4
Wisconsin,Barron County,46810,23538,23272,22226,22051,508,294,302,335,178,188,5,3,319,401,22533,22424,642,476,421,476,257,293,18,19,22692,22369,21527,21288,488,271,221,257,173,186,3,3,280,364,21796,21627,609,438,318,379,249,284,13,18,846,903,699,763,20,23,81,78,5,2,2,0,39,37,737,797,33,38,103,97,8,9,5,1
Wisconsin,Bayfield County,16838,8603,8235,7420,7091,62,52,838,778,34,54,6,0,243,260,7657,7336,130,128,987,941,76,89,9,9,8386,8051,7317,6987,59,49,757,718,34,54,2,0,217,243,7529,7216,119,117,890,872,73,88,4,9,217,184,103,104,3,3,81,60,0,0,4,0,26,17,128,120,11,11,97,69,3,1,5,0
Wisconsin,Brown County,273909,136555,137354,117427,118721,5304,3927,4648,5000,5213,5805,159,102,3804,3799,121042,122294,7262,5874,6018,6453,6069,6640,322,237,121497,122877,105276,107137,4753,3562,3165,3400,5033,5614,79,54,3191,3110,108316,110075,6428,5204,4184,4460,5806,6354,215,159,15058,14477,12151,11584,551,365,1483,1600,180,191,80,48,613,689,12726,12219,834,670,1834,1993,263,286,107,78
Wisconsin,Buffalo County,13464,6861,6603,6628,6413,65,27,33,37,29,35,2,0,104,91,6728,6492,113,70,70,75,50,54,9,7,6626,6411,6446,6253,54,23,25,29,27,31,0,0,74,75,6517,6317,87,58,48,60,46,48,6,5,235,192,182,160,11,4,8,8,2,4,2,0,30,16,211,175,26,12,22,15,4,6,3,2
Wisconsin,Burnett County,17187,8813,8374,8073,7730,80,64,390,332,31,57,9,3,230,188,8298,7902,153,132,512,436,70,85,15,12,8622,8211,7954,7625,75,63,349,295,30,56,6,3,208,169,8159,7779,138,123,458,388,67,83,12,12,191,163,119,105,5,1,41,37,1,1,3,0,22,19,139,123,15,9,54,48,3,2,3,0
Wisconsin,Calumet County,53602,27238,26364,25305,24541,396,299,201,213,815,850,24,18,497,443,25784,24950,626,533,349,343,948,964,41,34,25559,24858,23858,23219,342,260,130,134,795,840,18,12,416,393,24263,23586,532,470,241,243,914,945,34,24,1679,1506,1447,1322,54,39,71,79,20,10,6,6,81,50,1521,1364,94,63,108,100,34,19,7,10
Wisconsin,Chippewa County,67323,35110,32213,32842,30746,966,183,267,176,465,548,18,19,552,541,33365,31246,1225,460,440,356,602,677,41,35,34340,31593,32233,30243,939,163,204,145,463,542,13,11,488,489,32695,30697,1169,415,345,297,594,665,34,26,770,620,609,503,27,20,63,31,2,6,5,8,64,52,670,549,56,45,95,59,8,12,7,9
Wisconsin,Clark County,34801,17818,16983,17190,16439,162,114,160,164,90,98,10,8,206,160,17381,16581,260,194,226,220,142,139,22,18,16552,15814,16086,15419,109,66,96,91,87,97,2,7,172,134,16249,15537,188,131,147,138,134,133,12,15,1266,1169,1104,1020,53,48,64,73,3,1,8,1,34,26,1132,1044,72,63,79,82,8,6,10,3
Wisconsin,Columbia County,58113,29492,28621,27721,27209,694,305,283,235,226,341,31,26,537,505,28225,27674,937,547,458,404,373,478,55,47,28085,27345,26588,26142,610,269,186,144,217,330,25,18,459,442,27022,26555,819,481,321,281,353,451,44,35,1407,1276,1133,1067,84,36,97,91,9,11,6,8,78,63,1203,1119,118,66,137,123,20,27,11,12
Wisconsin,Crawford County,16008,8356,7652,7853,7384,295,69,50,23,40,89,5,3,113,84,7954,7460,333,109,101,52,69,114,16,5,8162,7512,7700,7259,285,65,37,21,38,86,4,3,98,78,7787,7331,318,102,77,45,67,110,15,5,194,140,153,125,10,4,13,2,2,3,1,0,15,6,167,129,15,7,24,7,2,4,1,0
Wisconsin,Dane County,588347,294456,293891,244137,243530,17528,18292,1440,1559,22011,21425,165,146,9175,8939,252850,252051,22749,23348,3222,3392,25086,24384,492,435,268960,271004,221723,223781,16673,17295,771,841,21763,21226,89,85,7941,7776,229286,231202,21133,21663,2088,2241,24602,23934,369,332,25496,22887,22414,19749,855,997,669,718,248,199,76,61,1234,1163,23564,20849,1616,1685,1134,1151,484,450,123,103
Wisconsin,Dodge County,88635,46924,41711,43292,40133,2322,405,368,247,291,401,40,19,611,506,43854,40597,2606,640,574,423,457,542,69,39,43468,38818,40105,37457,2241,348,281,170,275,387,34,13,532,443,40596,37864,2487,550,443,313,429,521,62,30,3456,2893,3187,2676,81,57,87,77,16,14,6,6,79,63,3258,2733,119,90,131,110,28,21,7,9
Wisconsin,Door County,30512,15250,15262,14588,14701,179,114,136,134,95,93,9,5,243,215,14814,14902,281,202,254,236,135,133,18,15,14510,14633,13926,14159,162,100,108,85,89,93,9,5,216,191,14127,14337,255,180,207,173,128,128,17,14,740,629,662,542,17,14,28,49,6,0,0,0,27,24,687,565,26,22,47,63,7,5,1,1
Wisconsin,Douglas County,44276,22434,21842,20662,20230,371,210,457,381,203,278,12,11,729,732,21352,20921,630,476,825,748,343,418,41,35,21953,21417,20312,19898,353,199,404,350,200,272,11,10,673,688,20948,20547,595,443,734,694,334,410,38,32,481,425,350,332,18,11,53,31,3,6,1,1,56,44,404,374,35,33,91,54,9,8,3,3
Wisconsin,Dunn County,46135,23435,22700,21790,21231,242,181,155,145,822,775,12,22,414,346,22165,21548,437,329,295,270,938,879,33,34,22760,22154,21262,20787,232,163,105,110,800,768,8,13,353,313,21583,21072,397,297,208,217,912,869,26,23,675,546,528,444,10,18,50,35,22,7,4,9,61,33,582,476,40,32,87,53,26,10,7,11
Wisconsin,Eau Claire County,108830,53953,54877,48808,50033,895,588,397,372,2536,2518,81,108,1236,1258,49979,51217,1513,1215,730,720,2916,2901,115,152,51940,53154,47263,48694,787,505,255,239,2513,2489,77,101,1045,1126,48258,49755,1314,1069,489,525,2862,2849,107,137,2013,1723,1545,1339,108,83,142,133,23,29,4,7,191,132,1721,1462,199,146,241,195,54,52,8,15
Wisconsin,Florence County,4673,2458,2215,2357,2122,20,9,28,28,6,12,1,0,46,44,2399,2163,37,32,50,46,15,18,5,0,2405,2185,2314,2096,18,9,26,28,6,12,1,0,40,40,2351,2133,33,31,45,43,14,18,4,0,53,30,43,26,2,0,2,0,0,0,0,0,6,4,48,30,4,1,5,3,1,0,1,0
Wisconsin,Fond du Lac County,104269,51771,52498,48019,48316,1311,1510,319,343,1121,1244,33,51,968,1034,48943,49297,1855,2087,580,633,1332,1476,64,84,47725,49016,44516,45284,1082,1351,222,256,1096,1222,15,25,794,878,45274,46120,1536,1847,400,478,1289,1430,41,49,4046,3482,3503,3032,229,159,97,87,25,22,18,26,174,156,3669,3177,319,240,180,155,43,46,23,35
Wisconsin,Forest County,9506,4816,4690,3907,3800,56,32,685,693,15,18,8,5,145,142,4041,3933,106,85,765,768,40,40,14,11,4694,4587,3861,3749,55,32,620,649,15,18,8,5,135,134,3986,3874,103,81,692,719,39,40,14,11,122,103,46,51,1,0,65,44,0,0,0,0,10,8,55,59,3,4,73,49,1,0,0,0
Wisconsin,Grant County,52330,27122,25208,25815,24363,640,203,110,75,233,303,12,8,312,256,26104,24604,792,322,215,165,306,361,28,20,26264,24624,25119,23866,583,193,65,48,225,292,11,8,261,217,25358,24069,711,298,144,117,296,344,25,20,858,584,696,497,57,10,45,27,8,11,1,0,51,39,746,535,81,24,71,48,10,17,3,0
Wisconsin,Green County,37183,18878,18305,18217,17675,188,115,95,74,108,140,10,15,260,286,18464,17939,320,272,164,163,172,209,30,26,18002,17522,17432,16984,175,104,57,36,102,133,7,14,229,251,17649,17213,293,243,108,109,164,195,25,25,876,783,785,691,13,11,38,38,6,7,3,1,31,35,815,726,27,29,56,54,8,14,5,1
Wisconsin,Green Lake County,19370,9790,9580,9409,9193,98,81,73,92,83,82,8,5,119,127,9515,9315,144,132,124,143,113,109,15,13,9244,8987,8933,8691,80,61,47,43,80,80,6,2,98,110,9019,8796,121,106,84,86,107,104,13,9,546,593,476,502,18,20,26,49,3,2,2,3,21,17,496,519,23,26,40,57,6,5,2,4
Wisconsin,Iowa County,23963,12187,11776,11659,11303,155,95,56,50,97,116,7,4,213,208,11858,11492,255,199,121,124,153,162,21,15,11865,11483,11400,11068,148,87,29,28,90,109,7,4,191,187,11577,11236,241,181,82,91,142,153,20,15,322,293,259,235,7,8,27,22,7,7,0,0,22,21,281,256,14,18,39,33,11,9,1,0
Wisconsin,Iron County,6235,3137,3098,2988,2961,23,15,53,50,11,15,0,0,62,57,3043,3014,44,35,83,80,23,24,6,3,3083,3041,2947,2924,17,9,47,44,11,15,0,0,61,49,3002,2970,37,27,77,67,23,23,5,3,54,57,41,37,6,6,6,6,0,0,0,0,1,8,41,44,7,8,6,13,0,1,1,0
Wisconsin,Jackson County,21027,11347,9680,9929,8685,473,56,671,642,49,76,16,7,209,214,10122,8887,555,140,762,743,88,116,31,12,10821,9331,9530,8480,456,52,593,537,46,74,16,6,180,182,9694,8652,528,124,669,618,82,110,30,11,526,349,399,205,17,4,78,105,3,2,0,1,29,32,428,235,27,16,93,125,6,6,1,1
Wisconsin,Jefferson County,86245,43238,43007,41194,41033,646,502,270,212,426,484,20,27,682,749,41827,41747,931,817,517,481,614,683,51,48,39359,39329,37686,37687,529,414,155,115,401,461,9,15,579,637,38225,38294,774,686,342,326,572,643,37,31,3879,3678,3508,3346,117,88,115,97,25,23,11,12,103,112,3602,3453,157,131,175,155,42,40,14,17
Wisconsin,Juneau County,26590,14262,12328,13069,11757,674,76,242,173,73,112,5,10,199,200,13258,11946,749,161,333,253,115,149,14,22,13763,11967,12679,11484,654,67,193,133,68,106,4,2,165,175,12835,11648,716,143,264,200,107,140,12,13,499,361,390,273,20,9,49,40,5,6,1,8,34,25,423,298,33,18,69,53,8,9,2,9
Wisconsin,Kenosha County,168754,83501,85253,71902,73074,6319,6753,620,684,1861,1923,103,98,2696,2721,74435,75636,7898,8341,1367,1444,2506,2536,241,221,70167,71876,60275,61423,5781,6153,225,279,1736,1803,44,54,2106,2164,62261,63464,7027,7443,711,803,2288,2332,147,148,13334,13377,11627,11651,538,600,395,405,125,120,59,44,590,557,12174,12172,871,898,656,641,218,204,94,73
Wisconsin,Kewaunee County,20751,10567,10184,10188,9755,77,63,104,105,55,107,5,4,138,150,10318,9899,133,132,163,171,87,128,11,10,10101,9767,9781,9412,69,49,78,69,44,89,5,4,124,144,9897,9550,120,115,128,132,75,110,11,10,466,417,407,343,8,14,26,36,11,18,0,0,14,6,421,349,13,17,35,39,12,18,0,0
Wisconsin,La Crosse County,121060,59478,61582,53278,55841,1314,940,342,289,3084,3044,38,30,1422,1438,54629,57224,2085,1722,623,585,3521,3466,86,76,57635,59914,51799,54474,1216,871,233,210,3059,3019,36,23,1292,1317,53032,55738,1918,1600,462,453,3472,3421,80,66,1843,1668,1479,1367,98,69,109,79,25,25,2,7,130,121,1597,1486,167,122,161,132,49,45,6,10
Wisconsin,Lafayette County,17306,8849,8457,8524,8160,71,53,115,69,48,56,1,0,90,119,8608,8272,105,101,154,129,70,75,5,5,8044,7826,7835,7621,58,47,28,25,44,54,0,0,79,79,7908,7695,92,84,57,61,65,66,4,4,805,631,689,539,13,6,87,44,4,2,1,0,11,40,700,577,13,17,97,68,5,9,1,1
Wisconsin,Langlade County,19535,9921,9614,9307,9102,142,104,183,177,62,65,3,4,224,162,9518,9257,228,184,293,246,95,86,14,9,9613,9370,9121,8921,135,90,128,148,57,62,1,0,171,149,9279,9063,206,164,201,213,86,80,12,5,308,244,186,181,7,14,55,29,5,3,2,4,53,13,239,194,22,20,92,33,9,6,2,4
Wisconsin,Lincoln County,28461,14469,13992,13835,13397,152,58,158,114,86,125,7,6,231,292,14039,13674,256,186,248,225,144,185,21,19,14051,13638,13528,13135,133,51,82,81,78,123,7,6,223,242,13724,13365,233,161,168,169,136,173,21,17,418,354,307,262,19,7,76,33,8,2,0,0,8,50,315,309,23,25,80,56,8,12,0,2
Wisconsin,Manitowoc County,81513,41113,40400,38036,37511,658,523,351,356,1326,1290,44,32,698,688,38690,38166,924,805,594,583,1543,1499,72,55,38466,38090,35709,35483,579,476,227,235,1302,1256,38,21,611,619,36283,36074,815,735,422,425,1506,1454,62,39,2647,2310,2327,2028,79,47,124,121,24,34,6,11,87,69,2407,2092,109,70,172,158,37,45,10,16
Wisconsin,Marathon County,139091,70406,68685,62937,61757,922,638,496,483,4706,4496,37,34,1308,1277,64156,62967,1507,1206,838,812,5184,4948,102,88,67530,66100,60553,59567,818,563,334,319,4658,4466,20,23,1147,1162,61629,60672,1334,1080,597,597,5105,4894,74,74,2876,2585,2384,2190,104,75,162,164,48,30,17,11,161,115,2527,2295,173,126,241,215,79,54,28,14
Wisconsin,Marinette County,42343,21559,20784,20691,19982,210,191,197,188,106,153,11,10,344,260,21010,20229,322,277,354,309,198,215,29,19,20890,20039,20148,19350,176,152,142,164,101,136,6,6,317,231,20442,19569,276,226,284,268,190,196,24,15,669,745,543,632,34,39,55,24,5,17,5,4,27,29,568,660,46,51,70,41,8,19,5,4
Wisconsin,Marquette County,15743,8201,7542,7892,7209,81,49,76,83,53,91,2,3,97,107,7982,7312,120,96,117,129,74,102,7,11,7851,7256,7604,6977,63,36,59,64,51,91,1,3,73,85,7670,7058,95,73,89,98,65,102,6,11,350,286,288,232,18,13,17,19,2,0,1,0,24,22,312,254,25,23,28,31,9,0,1,0
Wisconsin,Menominee County,4286,2027,2259,311,361,17,28,1577,1787,46,25,1,0,75,58,381,415,47,51,1616,1815,59,35,1,2,1914,2156,300,344,17,27,1478,1702,46,25,1,0,72,58,367,398,46,50,1515,1730,59,35,1,2,113,103,11,17,0,1,99,85,0,0,0,0,3,0,14,17,1,1,101,85,0,0,0,0
Wisconsin,Milwaukee County,924740,448824,475916,288077,294138,114907,133442,4723,5195,26090,27029,172,173,14855,15939,301431,308351,125021,144167,8847,9909,29298,30393,657,681,366722,395444,217289,225463,109627,128136,2245,2616,25579,26431,77,87,11905,12711,228061,236863,117669,136657,5084,5912,28389,29351,457,506,82102,80472,70788,68675,5280,5306,2478,2579,511,598,95,86,2950,3228,73370,71488,7352,7510,3763,3997,909,1042,200,175
Wisconsin,Monroe County,46370,23580,22790,22104,21303,473,362,333,361,184,264,29,21,457,479,22527,21755,684,580,487,521,307,384,55,42,22082,21404,20846,20186,410,275,235,250,178,262,24,19,389,412,21209,20578,593,466,352,373,289,373,44,35,1498,1386,1258,1117,63,87,98,111,6,2,5,2,68,67,1318,1177,91,114,135,148,18,11,11,7
Wisconsin,Oconto County,40037,20683,19354,19769,18430,151,79,343,377,108,140,6,7,306,321,20064,18743,258,188,505,539,158,190,12,17,20201,18896,19395,18091,129,62,286,311,106,137,4,2,281,293,19666,18378,227,158,433,458,154,185,8,12,482,458,374,339,22,17,57,66,2,3,2,5,25,28,398,365,31,30,72,81,4,5,4,5
Wisconsin,Oneida County,38175,19450,18725,18517,17972,177,71,288,240,146,168,8,7,314,267,18820,18228,264,146,483,403,192,200,13,18,19107,18368,18264,17713,167,66,247,193,144,163,7,6,278,227,18531,17930,244,125,419,334,187,191,10,16,343,357,253,259,10,5,41,47,2,5,1,1,36,40,289,298,20,21,64,69,5,9,3,2
Wisconsin,Outagamie County,195390,98198,97192,87791,87472,2286,1806,1876,1853,4034,3926,97,87,2114,2048,89801,89434,3277,2782,2518,2469,4664,4503,171,164,92380,91946,82879,83038,2146,1674,1515,1505,3881,3829,77,67,1882,1833,84671,84801,3031,2550,2040,2012,4471,4372,143,138,5818,5246,4912,4434,140,132,361,348,153,97,20,20,232,215,5130,4633,246,232,478,457,193,131,28,26
Wisconsin,Ozaukee County,93956,46677,47279,43343,43967,1052,926,155,160,1309,1414,23,17,795,795,44089,44710,1358,1225,367,382,1648,1730,54,62,44696,45471,41593,42375,975,871,105,118,1284,1394,17,14,722,699,42273,43031,1247,1131,276,287,1607,1695,45,52,1981,1808,1750,1592,77,55,50,42,25,20,6,3,73,96,1816,1679,111,94,91,95,41,35,9,10
Wisconsin,Pepin County,7555,3844,3711,3734,3615,34,12,16,16,12,39,2,1,46,28,3778,3640,54,24,34,28,21,44,4,3,3733,3599,3648,3513,22,10,10,14,12,38,2,1,39,23,3685,3533,38,19,25,25,21,42,4,3,111,112,86,102,12,2,6,2,0,1,0,0,7,5,93,107,16,5,9,3,0,2,0,0
Wisconsin,Pierce County,43380,21732,21648,20548,20596,247,191,152,117,297,327,15,5,473,412,20996,20981,457,357,302,262,437,450,32,34,21039,20977,19968,20046,229,158,113,91,292,315,12,5,425,362,20371,20383,416,304,236,207,427,428,28,31,693,671,580,550,18,33,39,26,5,12,3,0,48,50,625,598,41,53,66,55,10,22,4,3
Wisconsin,Polk County,45831,23287,22544,22361,21616,143,92,259,283,127,238,4,7,393,308,22731,21902,291,199,426,430,215,303,29,25,22717,22045,21920,21226,127,84,218,243,118,222,4,6,330,264,22231,21471,252,176,349,364,200,282,23,21,570,499,441,390,16,8,41,40,9,16,0,1,63,44,500,431,39,23,77,66,15,21,6,4
Wisconsin,Portage County,72040,36412,35628,33765,33229,502,367,236,218,1275,1167,27,14,607,633,34338,33829,770,648,423,414,1448,1353,59,40,34682,34015,32344,31858,431,322,144,122,1245,1141,16,13,502,559,32821,32386,658,568,276,280,1403,1319,42,37,1730,1613,1421,1371,71,45,92,96,30,26,11,1,105,74,1517,1443,112,80,147,134,45,34,17,3
Wisconsin,Price County,14087,7352,6735,7011,6390,45,50,66,53,42,67,73,70,115,105,7117,6489,92,80,114,112,67,89,79,73,7215,6602,6909,6282,41,45,52,45,39,64,73,69,101,97,7002,6375,83,71,95,100,60,84,78,72,137,133,102,108,4,5,14,8,3,3,0,1,14,8,115,114,9,9,19,12,7,5,1,1
Wisconsin,Racine County,198651,99063,99588,81682,82038,11810,11768,774,738,1522,1660,64,89,3211,3295,84726,85175,14059,14040,1514,1576,2021,2173,190,200,83014,83922,67807,68509,10891,10825,333,340,1415,1590,27,42,2541,2616,70226,71013,12698,12650,827,916,1832,2025,124,130,16049,15666,13875,13529,919,943,441,398,107,70,37,47,670,679,14500,14162,1361,1390,687,660,189,148,66,70
Wisconsin,Richland County,17123,8708,8415,8290,8071,116,57,59,47,90,126,9,2,144,112,8428,8177,189,107,95,94,126,148,16,8,8417,8102,8064,7789,107,53,32,36,77,121,4,2,133,101,8191,7885,177,99,62,76,110,142,11,8,291,313,226,282,9,4,27,11,13,5,5,0,11,11,237,292,12,8,33,18,16,6,5,0
Wisconsin,Rock County,165461,82362,83099,73448,74583,4547,4196,583,432,1055,1339,74,56,2655,2493,75999,76993,6263,5763,1160,1001,1591,1862,172,133,73137,74635,65455,67171,4162,3873,254,194,997,1272,44,39,2225,2086,67605,69192,5605,5200,666,606,1476,1737,125,105,9225,8464,7993,7412,385,323,329,238,58,67,30,17,430,407,8394,7801,658,563,494,395,115,125,47,28
Wisconsin,Rusk County,14168,7315,6853,7005,6604,90,60,66,44,35,45,3,1,116,99,7115,6700,130,97,123,90,55,66,11,4,7147,6700,6863,6466,85,56,55,38,35,44,3,1,106,95,6963,6558,122,91,107,81,54,65,10,4,168,153,142,138,5,4,11,6,0,1,0,0,10,4,152,142,8,6,16,9,1,1,1,0
Wisconsin,St. Croix County,97954,49375,48579,46965,46318,524,295,295,216,554,766,24,24,1013,960,47930,47246,950,701,545,447,941,1142,64,53,47555,47183,45422,45092,495,285,193,146,529,755,18,17,898,888,46281,45949,866,657,387,343,893,1115,51,45,1820,1396,1543,1226,29,10,102,70,25,11,6,7,115,72,1649,1297,84,44,158,104,48,27,13,8
Wisconsin,Sauk County,66486,33286,33200,31471,31265,630,418,466,737,208,281,18,14,493,485,31935,31729,851,622,641,927,333,408,38,28,30779,30632,29288,29258,503,340,354,354,183,249,17,13,434,418,29698,29656,697,515,502,508,296,364,33,27,2507,2568,2183,2007,127,78,112,383,25,32,1,1,59,67,2237,2073,154,107,139,419,37,44,5,1
Wisconsin,Sawyer County,18835,9699,9136,7772,7234,69,24,1514,1563,50,44,1,1,293,270,8061,7499,147,92,1705,1745,80,76,8,2,9419,8918,7625,7119,66,22,1406,1479,48,42,1,1,273,255,7894,7370,133,82,1590,1653,75,73,7,2,280,218,147,115,3,2,108,84,2,2,0,0,20,15,167,129,14,10,115,92,5,3,1,0
Wisconsin,Shawano County,41299,20943,20356,18257,17732,169,115,1820,1838,150,143,14,14,533,514,18775,18232,306,242,2163,2172,224,221,28,22,20196,19635,17815,17283,150,101,1626,1645,147,135,12,13,446,458,18246,17727,261,208,1911,1946,214,206,23,21,747,721,442,449,19,14,194,193,3,8,2,1,87,56,529,505,45,34,252,226,10,15,5,1
Wisconsin,Sheboygan County,118331,60009,58322,52594,51548,1909,1200,402,353,3760,3955,39,33,1305,1233,53844,52733,2607,1856,718,664,4126,4298,91,65,54963,53620,48080,47311,1775,1093,225,202,3722,3912,29,27,1132,1075,49167,48345,2389,1670,461,445,4061,4225,67,54,5046,4702,4514,4237,134,107,177,151,38,43,10,6,173,158,4677,4388,218,186,257,219,65,73,24,11
Wisconsin,Taylor County,20167,10334,9833,10028,9527,72,39,55,53,39,96,11,7,129,111,10144,9632,132,90,108,97,69,128,15,9,9986,9505,9734,9238,68,37,38,36,35,94,4,4,107,96,9830,9329,119,80,77,72,62,123,8,6,348,328,294,289,4,2,17,17,4,2,7,3,22,15,314,303,13,10,31,25,7,5,7,3
Wisconsin,Trempealeau County,30801,15767,15034,14907,14111,161,107,370,410,98,155,15,8,216,243,15110,14346,258,214,469,513,128,198,24,14,13650,13112,13273,12683,102,77,49,33,77,135,5,1,144,183,13406,12858,175,163,105,103,102,171,9,5,2117,1922,1634,1428,59,30,321,377,21,20,10,7,72,60,1704,1488,83,51,364,410,26,27,15,9
Wisconsin,Vernon County,31351,15854,15497,15424,15090,95,49,78,60,71,99,4,7,182,192,15596,15271,181,146,141,125,110,145,13,11,15535,15188,15149,14828,94,45,54,36,71,98,4,7,163,174,15304,14991,171,134,107,94,108,141,12,11,319,309,275,262,1,4,24,24,0,1,0,0,19,18,292,280,10,12,34,31,2,4,1,0
Wisconsin,Vilas County,23948,12395,11553,10848,10108,71,43,1218,1132,58,74,4,3,196,193,11026,10289,140,113,1321,1226,96,114,10,9,12108,11269,10690,9939,60,40,1122,1041,54,74,1,1,181,174,10855,10103,121,104,1216,1122,92,110,7,7,287,284,158,169,11,3,96,91,4,0,3,2,15,19,171,186,19,9,105,104,4,4,3,2
Wisconsin,Walworth County,106029,53404,52625,50896,50305,752,614,328,249,591,610,33,37,804,810,51652,51072,1117,949,618,547,808,830,62,71,46302,46341,44301,44497,633,492,149,112,551,580,19,18,649,642,44914,45109,928,765,356,320,745,776,40,41,7102,6284,6595,5808,119,122,179,137,40,30,14,19,155,168,6738,5963,189,184,262,227,63,54,22,30
Wisconsin,Washburn County,16982,8556,8426,8145,8040,54,26,130,146,66,64,4,3,157,147,8295,8178,105,76,216,226,89,86,9,9,8352,8238,7979,7897,47,20,122,127,61,59,1,2,142,133,8114,8021,92,65,200,199,83,81,6,7,204,188,166,143,7,6,8,19,5,5,3,1,15,14,181,157,13,11,16,27,6,5,3,2
Wisconsin,Washington County,138727,69503,69224,65485,64984,1367,1359,273,314,1284,1423,22,32,1072,1112,66509,66044,1903,1912,538,574,1612,1768,51,73,66686,66483,63047,62582,1255,1255,180,225,1255,1401,16,30,933,990,63941,63530,1719,1750,379,433,1563,1726,38,62,2817,2741,2438,2402,112,104,93,89,29,22,6,2,139,122,2568,2514,184,162,159,141,49,42,13,11
Wisconsin,Waukesha County,417029,206892,210137,188313,191038,4665,4553,678,696,9052,9785,118,108,4066,3957,192253,194867,6351,6220,1579,1614,10772,11423,247,231,193983,197518,176593,179632,4284,4171,452,470,8991,9698,78,77,3585,3470,180076,182999,5747,5612,1156,1181,10595,11224,191,177,12909,12619,11720,11406,381,382,226,226,61,87,40,31,481,487,12177,11868,604,608,423,433,177,199,56,54
Wisconsin,Waupaca County,51171,26193,24978,25145,24150,249,94,256,212,145,198,9,8,389,316,25519,24442,406,211,423,359,229,267,20,20,25031,24005,24160,23298,222,80,189,168,124,171,4,6,332,282,24479,23559,357,183,323,294,200,239,14,16,1162,973,985,852,27,14,67,44,21,27,5,2,57,34,1040,883,49,28,100,65,29,28,6,4
Wisconsin,Waushara County,25079,13360,11719,12453,11251,516,60,119,105,63,107,16,12,193,184,12637,11424,592,141,218,187,92,140,21,16,12476,10829,11663,10467,495,49,86,63,59,101,15,7,158,142,11812,10599,558,109,166,122,85,132,20,11,884,890,790,784,21,11,33,42,4,6,1,5,35,42,825,825,34,32,52,65,7,8,1,5
Wisconsin,Winnebago County,173307,87902,85405,78398,77439,3559,2110,791,621,3101,3250,57,55,1996,1930,80307,79284,4589,3125,1279,1093,3702,3833,126,113,83062,80950,74262,73603,3367,1972,621,456,3040,3193,50,44,1722,1682,75907,75218,4265,2865,990,812,3588,3734,110,93,4840,4455,4136,3836,192,138,170,165,61,57,7,11,274,248,4400,4066,324,260,289,281,114,99,16,20
Wisconsin,Wood County,73943,36823,37120,34578,34855,427,390,464,433,740,827,24,6,590,609,35151,35448,734,722,632,602,874,956,42,22,35213,35602,33335,33647,378,351,229,281,726,798,14,3,531,522,33850,34153,658,641,370,408,850,917,29,18,1610,1518,1243,1208,49,39,235,152,14,29,10,3,59,87,1301,1295,76,81,262,194,24,39,13,4
Wyoming,Albany County,39288,20485,18803,18141,16948,410,188,249,219,1109,833,33,26,543,589,18646,17496,591,396,416,407,1351,1074,99,86,18351,16742,16296,15170,361,152,155,134,1086,816,24,19,429,451,16699,15593,498,309,265,242,1302,1026,75,70,2134,2061,1845,1778,49,36,94,85,23,17,9,7,114,138,1947,1903,93,87,151,165,49,48,24,16
Wyoming,Big Horn County,12084,6201,5883,5891,5500,50,69,127,113,26,69,4,4,103,128,5993,5620,85,107,177,178,44,99,8,15,5555,5343,5335,5058,40,60,72,67,25,64,3,2,80,92,5415,5144,65,91,109,109,41,87,6,11,646,540,556,442,10,9,55,46,1,5,1,2,23,36,578,476,20,16,68,69,3,12,2,4
Wyoming,Campbell County,47946,24445,23501,23016,22125,218,179,446,441,176,204,24,24,565,528,23553,22626,372,319,723,703,344,357,56,50,21862,21157,20793,20115,169,138,294,278,138,161,9,17,459,448,21231,20541,287,259,504,483,287,301,33,41,2583,2344,2223,2010,49,41,152,163,38,43,15,7,106,80,2322,2085,85,60,219,220,57,56,23,9
Wyoming,Carbon County,14250,7664,6586,7044,6146,138,66,185,142,77,76,14,1,206,155,7246,6290,201,116,296,218,113,107,23,14,6154,5412,5727,5100,118,55,84,74,63,67,11,1,151,115,5874,5207,163,93,156,126,98,92,19,11,1510,1174,1317,1046,20,11,101,68,14,9,3,0,55,40,1372,1083,38,23,140,92,15,15,4,3
Wyoming,Converse County,13766,6950,6816,6562,6460,67,35,127,94,30,64,6,4,158,159,6717,6611,119,97,201,172,63,92,18,12,6324,6263,6054,6007,52,22,73,48,26,64,3,4,116,118,6167,6120,87,69,126,98,54,88,13,11,626,553,508,453,15,13,54,46,4,0,3,0,42,41,550,491,32,28,75,74,9,4,5,1
Wyoming,Crook County,7775,3941,3834,3782,3695,47,21,39,43,13,12,0,6,60,57,3841,3749,62,38,64,67,32,29,5,10,3852,3738,3705,3609,47,21,32,38,12,12,0,6,56,52,3761,3658,61,38,53,58,31,28,5,10,89,96,77,86,0,0,7,5,1,0,0,0,4,5,80,91,1,0,11,9,1,1,0,0
Wyoming,Fremont County,39721,20178,19543,14963,14379,187,122,4242,4228,101,134,16,10,669,670,15611,15023,284,236,4698,4684,216,251,51,41,18589,18170,14132,13631,160,101,3624,3740,95,124,12,5,566,569,14682,14178,239,194,3998,4118,204,232,44,31,1589,1373,831,748,27,21,618,488,6,10,4,5,103,101,929,845,45,42,700,566,12,19,7,10
Wyoming,Goshen County,12635,6712,5923,6275,5627,120,49,129,99,62,48,4,5,122,95,6391,5717,148,80,192,149,90,68,16,10,5989,5333,5656,5123,110,39,73,55,54,37,3,3,93,76,5743,5194,133,67,117,90,79,54,12,8,723,590,619,504,10,10,56,44,8,11,1,2,29,19,648,523,15,13,75,59,11,14,4,2
Wyoming,Hot Springs County,4625,2335,2290,2154,2150,34,19,63,52,11,20,3,2,70,47,2223,2195,47,35,106,79,23,27,7,4,2192,2182,2041,2063,23,15,53,44,10,17,3,2,62,41,2102,2102,35,30,89,67,21,22,7,4,143,108,113,87,11,4,10,8,1,3,0,0,8,6,121,93,12,5,17,12,2,5,0,0
Wyoming,Johnson County,8803,4477,4326,4235,4071,41,40,78,91,23,52,1,3,99,69,4330,4140,72,67,128,125,37,58,9,8,4268,4149,4076,3939,32,33,53,61,22,49,1,3,84,64,4156,4003,60,58,93,92,34,55,9,8,209,177,159,132,9,7,25,30,1,3,0,0,15,5,174,137,12,9,35,33,3,3,0,0
Wyoming,Laramie County,101783,51694,50089,47192,45887,1343,924,638,676,691,842,85,78,1745,1682,48867,47491,2020,1595,1229,1238,1238,1370,182,164,43320,41906,39733,38669,1197,764,297,323,625,764,55,49,1413,1337,41090,39955,1749,1299,719,698,1109,1223,134,121,8374,8183,7459,7218,146,160,341,353,66,78,30,29,332,345,7777,7536,271,296,510,540,129,147,48,43
Wyoming,Lincoln County,21000,10839,10161,10353,9726,91,64,130,105,48,67,9,6,208,193,10548,9912,135,98,247,218,101,115,25,17,10162,9573,9804,9233,83,56,69,68,38,64,7,6,161,146,9954,9374,121,79,154,147,82,106,20,16,677,588,549,493,8,8,61,37,10,3,2,0,47,47,594,538,14,19,93,71,19,9,5,1
Wyoming,Natrona County,80410,40617,39793,38111,37150,496,516,615,568,350,420,24,41,1021,1098,39090,38201,903,940,1031,1004,601,697,106,113,36473,35970,34550,33911,398,404,416,391,281,360,20,24,808,880,35327,34763,727,754,715,703,496,592,74,79,4144,3823,3561,3239,98,112,199,177,69,60,4,17,213,218,3763,3438,176,186,316,301,105,105,32,34
Wyoming,Niobrara County,2301,1057,1244,999,1173,12,6,14,24,3,9,0,0,29,32,1025,1201,18,14,32,46,13,15,2,3,1004,1188,958,1126,11,6,12,21,3,8,0,0,20,27,977,1151,14,13,23,39,11,11,1,2,53,56,41,47,1,0,2,3,0,1,0,0,9,5,48,50,4,1,9,7,2,4,1,1
Wyoming,Park County,31082,15480,15602,14817,14917,132,93,130,183,115,161,10,10,276,238,15084,15147,197,142,286,325,183,217,27,24,14478,14654,13926,14103,116,83,90,113,108,155,10,9,228,191,14150,14289,164,119,217,222,165,203,23,20,1002,948,891,814,16,10,40,70,7,6,0,1,48,47,934,858,33,23,69,103,18,14,4,4
Wyoming,Platte County,8512,4323,4189,4118,3988,39,20,58,63,35,33,4,7,69,78,4186,4062,59,41,92,112,52,44,7,11,3858,3831,3701,3680,31,18,38,27,32,31,4,7,52,68,3752,3746,46,35,63,69,46,42,5,10,465,358,417,308,8,2,20,36,3,2,0,0,17,10,434,316,13,6,29,43,6,2,2,1
Wyoming,Sheridan County,32978,16606,16372,15769,15523,157,133,244,234,108,173,14,11,314,298,16068,15810,229,201,411,385,193,260,34,34,15794,15487,15100,14765,142,119,178,184,104,167,10,6,260,246,15349,15004,200,169,307,304,183,245,25,27,812,885,669,758,15,14,66,50,4,6,4,5,54,52,719,806,29,32,104,81,10,15,9,7
Wyoming,Sublette County,8965,4713,4252,4455,4023,61,32,54,56,38,42,7,7,98,92,4546,4115,99,61,101,100,55,63,16,9,4365,3921,4159,3725,49,27,38,40,33,40,5,7,81,82,4236,3807,77,55,75,75,49,60,12,9,348,331,296,298,12,5,16,16,5,2,2,0,17,10,310,308,22,6,26,25,6,3,4,0
Wyoming,Sweetwater County,41273,21450,19823,20092,18615,300,222,360,289,179,196,31,34,488,467,20557,19060,454,386,591,481,305,322,65,59,17636,16418,16658,15526,243,173,179,157,160,165,22,22,374,375,17015,15892,363,296,342,298,264,275,47,43,3814,3405,3434,3089,57,49,181,132,19,31,9,12,114,92,3542,3168,91,90,249,183,41,47,18,16
Wyoming,Teton County,23272,12205,11067,11462,10267,130,121,148,129,222,294,22,22,221,234,11669,10482,188,169,251,241,295,380,41,51,10144,9267,9585,8689,114,66,47,54,214,283,7,9,177,166,9750,8843,163,98,118,118,281,358,21,31,2061,1800,1877,1578,16,55,101,75,8,11,15,13,44,68,1919,1639,25,71,133,123,14,22,20,20
Wyoming,Uinta County,20621,10428,10193,9964,9680,69,58,133,152,45,74,20,16,197,213,10145,9882,127,121,249,253,89,133,30,41,9390,9094,9050,8742,49,42,66,64,43,70,15,16,167,160,9204,8896,96,85,164,137,82,115,24,35,1038,1099,914,938,20,16,67,88,2,4,5,0,30,53,941,986,31,36,85,116,7,18,6,6
Wyoming,Washakie County,7662,3998,3664,3750,3431,27,18,68,73,42,41,7,2,104,99,3851,3528,69,56,114,121,59,58,15,7,3401,3164,3244,3001,23,13,22,37,32,37,3,0,77,76,3318,3075,53,42,55,73,45,53,10,3,597,500,506,430,4,5,46,36,10,4,4,2,27,23,533,453,16,14,59,48,14,5,5,4
Wyoming,Weston County,6866,3766,3100,3502,2868,41,18,92,58,33,63,3,1,95,92,3594,2954,68,53,148,102,44,79,10,9,3533,2934,3313,2739,38,15,71,43,31,63,1,1,79,73,3390,2809,59,42,118,76,39,76,7,8,233,166,189,129,3,3,21,15,2,0,2,0,16,19,204,145,9,11,30,26,5,3,3,1
