State,Area_Name,Unemployment_rate_2023,Median_Household_Income_2022,Pct_No_HS_Grad_2019_23,Pct_HS_Grad_2019_23,Pct_Some_College_2019_23,Pct_Bachelors_or_Higher_2019_23,Pct_Poverty_2023
AL,Autauga County,2.2,70148.0,9.721097946868792,32.67593887212696,29.320283562685507,28.28267961831874,11.7
AL,Baldwin County,2.3000000000000003,71704.0,8.268600134893132,27.542037816591854,31.391725004070054,32.79763704444496,10.0
AL,Barbour County,4.4,41151.0,22.18629453142728,37.604946675743136,28.74404356705242,11.464715225777171,25.5
AL,Bibb County,2.5,54309.0,19.659782813382712,41.12736174753625,27.744648797941124,11.468206641139917,19.4
AL,Blount County,2.1,60553.0,17.303798394769583,35.61757458954405,31.499597472615942,15.57902954307043,12.8
AL,Bullock County,2.4000000000000004,35798.0,25.95554350772567,40.58010300894552,24.464624559501218,8.999728923827595,33.6
AL,Butler County,2.9000000000000004,41852.0,12.405044059556364,46.961409905803706,26.86873290793072,13.764813126709209,23.6
AL,Calhoun County,2.8000000000000003,52772.0,13.913795515535377,34.48815292456789,31.052946188968168,20.545105370928564,20.1
AL,Chambers County,2.4000000000000004,45563.0,16.378042803463487,38.45368403855579,30.58323803300114,14.585035124979578,17.1
AL,Cherokee County,2.4000000000000004,52613.0,16.13143739681525,37.35953560206636,30.56398785748522,15.945039143633169,15.6
AL,Chilton County,2.2,61823.0,15.812924838195595,41.23979575243113,27.700263440335643,15.24701596903763,15.3
AL,Choctaw County,4.0,44458.0,15.781284729939989,40.47566125805734,29.82885085574572,13.914203156256946,24.8
AL,Clarke County,5.0,44906.0,14.73130402104472,42.37128898910184,27.47087561067268,15.42653137918076,19.0
AL,Clay County,2.4000000000000004,49599.0,17.243396042499267,37.011404620333366,30.5097962764402,15.235403060727164,16.900000000000002
AL,Cleburne County,2.3000000000000003,49248.0,14.602706933063253,38.94668999171347,28.23865205782156,18.211951017401717,15.8
AL,Coffee County,2.5,62429.0,13.97680468241925,29.08085844352916,35.413505311077394,21.528831562974204,16.5
AL,Colbert County,2.9000000000000004,54593.0,12.450583239787202,34.555127141392944,32.72243642930353,20.271853189516325,15.4
AL,Conecuh County,3.5,36106.0,12.513842746400886,48.08662483081088,26.270456503014643,13.129075919773594,26.5
AL,Coosa County,2.6,49485.0,17.227473219911783,39.50850661625709,28.39319470699433,14.8708254568368,18.2
AL,Covington County,2.7,46958.0,13.817604595789712,36.83056804867909,32.17430741902566,17.177519936505536,16.7
AL,Crenshaw County,2.7,49161.0,17.42091388400703,41.30052724077329,24.47275922671353,16.805799648506152,19.5
AL,Cullman County,2.0,61774.0,15.004807692307692,30.982371794871792,34.92628205128205,19.08653846153846,15.5
AL,Dale County,2.5,50567.0,14.27642468668716,31.18053913454717,35.21518089382833,19.327855284937336,16.6
AL,Dallas County,5.4,35258.0,12.941545458109536,39.04026345709021,31.011094993531184,17.007096091269062,31.4
AL,DeKalb County,2.3000000000000003,50037.0,21.054803565533177,33.647655992076594,31.417134367778143,13.880406074612084,21.6
AL,Elmore County,2.1,71463.0,10.410879255765876,34.46766586988824,30.727114154661155,24.39434071968473,12.5
AL,Escambia County,3.1,47792.0,17.467351660849445,43.193850739244674,26.848111690654537,12.490685909251344,21.3
AL,Etowah County,2.8000000000000003,55487.0,14.22213035689679,33.96858205870194,34.33236874741629,17.476918836984982,19.6
AL,Fayette County,2.9000000000000004,49205.0,14.768270944741532,37.89661319073084,31.737967914438503,15.597147950089129,16.2
AL,Franklin County,2.6,49611.0,20.514274910190963,39.402533560219325,25.1937984496124,14.889393079977312,22.5
AL,Geneva County,2.4000000000000004,51585.0,16.790553007538616,37.35568559228214,32.53729769624123,13.316463703938004,19.200000000000003
AL,Greene County,4.800000000000001,35449.0,17.993932499051954,45.6389836935912,23.890784982935152,12.476298824421692,31.0
AL,Hale County,3.3000000000000003,44702.0,18.107945425361155,38.24237560192616,26.876003210272877,16.773675762439808,23.0
AL,Henry County,2.6,56702.0,17.764502436723788,32.37698475082534,28.17953152020123,21.678981292249645,16.400000000000002
AL,Houston County,2.6,56842.0,12.600349040139616,32.08887098939455,32.542623170895425,22.768156799570413,16.5
AL,Jackson County,2.5,51965.0,17.94404856162576,37.880707310636055,28.62496700976511,15.55027711797308,16.0
AL,Jefferson County,2.5,61996.0,9.008057757158602,25.89349154078484,29.16168968725871,35.93676101479785,16.0
AL,Lamar County,2.8000000000000003,51523.0,16.100142479136984,41.02381437003867,31.28434764909424,11.591695501730104,16.400000000000002
AL,Lauderdale County,2.5,59023.0,10.695969567694938,33.60336357055952,28.61653139486532,27.084135466880227,13.6
AL,Lawrence County,2.3000000000000003,55516.0,15.44054747647562,41.12917023096664,27.810094097519244,15.620188195038494,14.2
AL,Lee County,2.3000000000000003,59637.0,8.57428896473265,21.79658703071673,28.29579067121729,41.333333333333336,17.900000000000002
AL,Limestone County,2.1,83159.0,12.437495039288834,26.3671719977776,30.804032066036985,30.391300896896578,8.6
AL,Lowndes County,4.6000000000000005,42268.0,16.773824832118876,43.99199885697957,25.360765823689096,13.87341048721246,29.4
AL,Macon County,3.2,36601.0,15.796243889889377,31.721121687676877,31.74684846925649,20.735785953177256,28.8
AL,Madison County,2.0,80426.0,7.409038043139284,19.17419714630594,27.726473901063624,45.690290909491154,10.5
AL,Marengo County,3.3000000000000003,45587.0,14.382926074853078,34.43396226415094,30.76863594184968,20.414475719146303,23.5
AL,Marion County,2.9000000000000004,47742.0,17.89138919674264,36.09598612248831,33.18074495253698,12.831879728232062,19.0
AL,Marshall County,2.1,53388.0,15.57924815264314,32.679397170202634,30.41494477132718,21.32640990582705,16.5
AL,Mobile County,3.1,54315.0,10.991693071850648,33.81968827609831,30.03839456481402,25.150224087237017,16.3
AL,Monroe County,4.3,47498.0,16.385310232489264,45.56493410336147,26.69184066340885,11.357915000740412,19.1
AL,Montgomery County,2.8000000000000003,56862.0,11.156190653262328,26.183614656237136,28.38616714697406,34.27402754352647,18.3
AL,Morgan County,2.0,62260.0,14.91544545379761,31.45734666776351,30.38675331695909,23.240454561479797,12.0
AL,Perry County,5.0,33585.0,17.82767223181731,42.602187679907885,22.72116676261754,16.848973325657262,33.800000000000004
AL,Pickens County,3.0,45440.0,16.11813106082868,43.00617102556568,27.13047311196004,13.745224801645604,21.5
AL,Pike County,2.7,45144.0,12.417321207110376,33.965481603968584,26.30219098801157,27.315006200909465,23.8
AL,Randolph County,2.4000000000000004,49433.0,16.39898024219248,35.58317399617591,27.50159337157425,20.51625239005736,15.9
AL,Russell County,2.8000000000000003,45074.0,14.210749893800443,31.052749943776707,37.884504860191406,16.85199530223144,18.9
AL,St. Clair County,2.1,70361.0,12.415080482281656,34.668584368688414,32.97325417712222,19.943080971907705,10.8
AL,Shelby County,1.8,98263.0,5.991990141712877,20.4508112548778,27.358672211953174,46.19852639145615,8.4
AL,Sumter County,3.7,35152.0,12.048869540794833,34.12442072742593,34.79848335907878,19.028226372700463,33.5
AL,Talladega County,2.8000000000000003,55186.0,15.488651673748574,35.80681935951912,31.88067848136249,16.823850485369814,17.0
AL,Tallapoosa County,2.5,55270.0,16.191148301240045,32.73515475350337,32.348691064287394,18.725005880969185,15.1
AL,Tuscaloosa County,2.3000000000000003,60875.0,9.12916937121799,28.850408648980647,30.642740984247297,31.37768099555407,19.200000000000003
AL,Walker County,2.6,51065.0,17.120769933388285,34.32174126138971,32.55508276338361,16.002406041838395,17.5
AL,Washington County,2.6,53785.0,11.314956230210466,40.91078413112312,31.570124790463773,16.204134848202646,18.7
AL,Wilcox County,8.0,33682.0,22.132448420141397,39.07084114846342,26.460828163324194,12.335882268070986,32.7
AL,Winston County,2.7,51149.0,21.233438855668894,40.08090045726345,25.31363583069528,13.372024856372375,16.6
AK,Aleutians East Borough,2.1,85852.0,16.11047180667434,39.509014192558496,26.237054085155357,18.14345991561181,18.0
AK,Aleutians West Census Area,3.0,112218.0,9.512879367508289,38.76562101504718,34.200459066564655,17.521040550879878,10.0
AK,Bethel Census Area,9.7,59011.0,18.0728808564974,47.8931342697181,23.642078381298496,10.391906492486005,29.3
AK,Bristol Bay Borough,3.7,96382.0,5.028735632183908,30.45977011494253,39.36781609195402,25.143678160919546,11.7
AK,Denali Borough,6.0,90897.0,6.61455201443175,46.36199639206254,23.39146121467228,23.63199037883344,7.800000000000001
AK,Dillingham Census Area,6.4,69716.0,12.644079636744673,42.43800209570381,25.56758644778205,19.350331819769472,23.4
AK,Fairbanks North Star Borough,3.8,84166.0,5.11869557403565,25.562435669122813,35.610306010750406,33.70856274609113,7.6
AK,Haines Borough,6.6000000000000005,70610.0,1.644528779253637,29.79127134724858,31.62555344718533,36.93864642631246,10.0
AK,Hoonah-Angoon Census Area,5.6000000000000005,64181.0,6.477272727272728,35.79545454545455,34.43181818181818,23.295454545454543,17.2
AK,Kenai Peninsula Borough,4.7,76254.0,5.691133515499859,30.627532271742204,34.29049279185904,29.3908414208989,11.5
AK,Ketchikan Gateway Borough,3.7,82648.0,5.077616424636956,29.33400100150225,38.617926890335504,26.97045568352529,9.3
AK,Kodiak Island Borough,4.4,83222.0,7.462157048249764,28.94985808893093,34.98107852412488,28.60690633869441,8.5
AK,Kusilvak Census Area,15.1,41824.0,18.953430145217823,52.32849273910867,22.959439158738107,5.758637956935403,30.8
AK,Lake and Peninsula Borough,5.9,63038.0,8.895705521472392,47.39263803680981,25.306748466257662,18.404907975460123,20.4
AK,Matanuska-Susitna Borough,4.800000000000001,86313.0,5.706819176882662,33.86055166374781,36.15230954465849,24.280319614711036,9.7
AK,Nome Census Area,7.7,64480.0,11.393546060933838,44.22210203713719,26.93347755543537,17.4508743464936,20.700000000000003
AK,North Slope Borough,4.9,95795.0,9.819227608874282,43.71405094494659,31.539304300191727,14.927417145987402,12.0
AK,Northwest Arctic Borough,9.6,69234.0,14.079333986287953,45.91087169441724,27.61998041136141,12.389813907933398,19.1
AK,Prince of Wales-Hyder Census Area,6.7,58381.0,7.540263543191801,38.84821864324061,36.62762323084432,16.98389458272328,15.7
AK,Skagway Municipality,5.800000000000001,73603.0,6.262042389210019,36.70520231213873,29.28709055876686,27.74566473988439,5.9
AK,Southeast Fairbanks Census Area,5.2,74732.0,6.974753958065897,37.99743260590501,35.45143346170303,19.57637997432606,12.2
AK,Yukon-Koyukuk Census Area,9.0,47798.0,13.36590974417936,39.35038804254096,34.49267030755964,12.791031905720034,21.9
AZ,Apache County,7.9,40632.0,15.077814140748242,31.229251524497915,38.424410802156665,15.26852353259718,29.6
AZ,Cochise County,4.5,55254.0,10.78210600611703,25.16721002924075,36.39296877625785,27.65771518838436,16.3
AZ,Coconino County,4.2,64016.0,8.02548061555322,21.41536143202886,30.93976893922097,39.61938901319695,17.8
AZ,Gila County,4.3,51928.0,10.36682615629984,31.439393939393938,39.346590909090914,18.847188995215312,17.7
AZ,Graham County,3.7,63797.0,15.761856710393545,30.3087790110999,39.3380423814329,14.591321897073664,17.3
AZ,Greenlee County,2.9000000000000004,76338.0,11.907131011608625,30.796019900497512,36.88225538971808,20.414593698175786,9.7
AZ,La Paz County,4.800000000000001,53925.0,17.451084082496035,34.14670997960263,34.547102817859034,13.855103120042306,18.7
AZ,Maricopa County,3.4000000000000004,83668.0,10.50369984656976,21.958339678500607,31.679954675037376,35.858005799892254,11.1
AZ,Mohave County,4.5,54842.0,11.833890023251149,34.66781545434159,38.61283888252859,14.88545563987867,16.8
AZ,Navajo County,5.7,49948.0,14.00660084390536,30.07840242866493,38.28350206798591,17.631494659443803,24.700000000000003
AZ,Pima County,3.8,64007.0,10.054136590782898,21.17809550249861,32.897140477512494,35.870627429206,14.0
AZ,Pinal County,4.1000000000000005,76232.0,10.873948520840552,30.339938880312527,36.63589678964116,22.15021580920576,11.8
AZ,Santa Cruz County,7.6,53467.0,22.293217469090447,26.37295933037283,27.26430465480336,24.069518545733363,20.1
AZ,Yavapai County,3.6,64187.0,7.503168298981372,24.783786793363277,38.110792366387926,29.602252541267426,12.8
AZ,Yuma County,13.2,54209.0,23.362466491917218,26.729982401295025,33.23556275015037,16.671988356637385,15.9
AR,Arkansas County,2.7,52145.0,12.517182130584192,42.65463917525773,29.50171821305842,15.326460481099655,16.8
AR,Ashley County,5.6000000000000005,47253.0,12.1704475781729,52.08461066830166,23.56683016554261,12.178111587982832,18.4
AR,Baxter County,3.6,48573.0,10.59800354510682,34.64875454799888,36.004602419379914,18.74863948751438,16.0
AR,Benton County,2.4000000000000004,86374.0,9.425232996283368,28.13484740221353,25.832386611902475,36.60753298960063,7.800000000000001
AR,Boone County,3.1,53025.0,9.275013174734624,35.64330347060152,38.77136189113905,16.310321463524808,14.9
AR,Bradley County,4.6000000000000005,44982.0,12.73802654356607,45.152914021927295,26.341604154645125,15.767455279861512,23.200000000000003
AR,Calhoun County,2.9000000000000004,52535.0,13.319551092734793,42.58712344949793,25.98936798582398,18.103957471943296,14.3
AR,Carroll County,2.9000000000000004,50433.0,16.00058988349801,34.79329499090596,28.088285896868705,21.117829228727324,14.8
AR,Chicot County,5.800000000000001,38217.0,18.44632363480006,39.97420094596532,24.3514404471836,17.228034972051024,29.700000000000003
AR,Clark County,4.7,50519.0,10.03474185990143,32.70582532116021,31.76860305405187,25.490829764886485,18.9
AR,Clay County,4.1000000000000005,46855.0,13.35216205687573,44.5364238410596,26.490066225165563,15.621347876899105,17.5
AR,Cleburne County,3.9,52662.0,11.730738384216435,39.44287012778699,30.55659519863124,18.269796289365345,13.5
AR,Cleveland County,3.5,55533.0,8.356597803833985,44.7608412432533,30.63465475525777,16.24790619765494,15.7
AR,Columbia County,4.3,47278.0,11.53627715462161,40.593497089308535,27.488286241658383,20.381939514411474,23.3
AR,Conway County,3.8,52405.0,9.871715716539754,43.45887356794951,28.503807367771145,18.16560334773959,17.1
AR,Craighead County,2.7,60580.0,9.745928157072736,32.361390004462294,30.12605979473449,27.766622043730475,16.1
AR,Crawford County,3.4000000000000004,54741.0,13.36780803711669,36.29992992291521,31.029649856221152,19.30261218374695,13.3
AR,Crittenden County,4.2,49644.0,14.711004501692242,37.76492623139355,30.328919265271253,17.195150001642954,20.6
AR,Cross County,3.4000000000000004,48299.0,16.588132635253054,42.15532286212915,26.422338568935427,14.834205933682371,19.1
AR,Dallas County,3.9,44476.0,10.980647966949336,48.380082626657966,29.506414437921286,11.132854968471406,19.6
AR,Desha County,4.6000000000000005,41251.0,22.111155537784885,41.090230574436895,23.763827802212447,13.034786085565775,25.0
AR,Drew County,4.2,48635.0,12.864697301239971,38.41174325309993,25.39204959883297,23.33150984682713,20.6
AR,Faulkner County,2.9000000000000004,63429.0,6.316124920331421,30.40025493945188,30.08667941363926,33.19694072657744,12.9
AR,Franklin County,3.2,48248.0,12.92989417989418,41.84027777777778,32.06845238095239,13.161375661375663,19.0
AR,Fulton County,3.8,42588.0,12.27110317105851,40.83296114336758,31.1746315319339,15.721304153640018,17.5
AR,Garland County,3.7,53239.0,9.105369974219736,30.899292414020078,33.74883440294005,26.246503208820144,18.9
AR,Grant County,2.9000000000000004,63512.0,8.889412874322094,41.76687888076712,28.413110115538785,20.930598129372,11.1
AR,Greene County,3.3000000000000003,54475.0,12.6020555182019,42.59277046713412,28.31620401498415,16.488969999679824,16.2
AR,Hempstead County,3.4000000000000004,46423.0,16.56840513983371,39.49357520786092,29.342403628117918,14.595616024187452,16.6
AR,Hot Spring County,3.5,50654.0,10.603534511503836,41.01783927975992,32.59419806602201,15.78442814271424,16.900000000000002
AR,Howard County,3.5,46449.0,10.61578697099382,43.73514027579648,28.97051830718022,16.67855444602948,17.8
AR,Independence County,3.4000000000000004,57611.0,12.506406970784214,39.40779876197611,31.21476166068683,16.871032606552852,13.5
AR,Izard County,5.1000000000000005,43920.0,15.228764386949493,35.64158660705793,30.41948064301341,18.710168362979168,20.3
AR,Jackson County,5.1000000000000005,43579.0,16.22953558302706,42.94186435015035,27.572669562312065,13.255930504510523,24.6
AR,Jefferson County,4.6000000000000005,45894.0,11.43295735166522,41.09768849140137,26.82818305190327,20.641171105030143,24.3
AR,Johnson County,4.4,46660.0,16.09699769053118,41.18937644341801,24.636258660508084,18.077367205542725,17.1
AR,Lafayette County,4.9,42437.0,18.375973303670744,47.096774193548384,25.31701890989989,9.21023359288098,22.8
AR,Lawrence County,3.4000000000000004,47312.0,17.615300146412885,36.749633967789165,31.597730600292827,14.037335285505122,18.3
AR,Lee County,5.2,35213.0,17.419354838709676,47.72539288668321,27.990074441687344,6.865177832919768,38.7
AR,Lincoln County,4.0,48311.0,16.743189470462198,48.14814814814815,24.23222120191817,10.876441179471485,26.200000000000003
AR,Little River County,3.5,48883.0,8.986638287808915,43.537897599621616,30.03429111978243,17.441172992787042,17.7
AR,Logan County,4.0,48510.0,10.710059171597631,43.73438527284681,30.00657462195924,15.54898093359632,16.6
AR,Lonoke County,2.7,66160.0,9.788943923932289,37.01935509538302,32.19748960633368,20.994211374351018,9.6
AR,Madison County,2.6,51233.0,14.22601136743564,51.70511534603811,21.23035773988633,12.83851554663992,14.8
AR,Marion County,4.1000000000000005,49313.0,13.687687226361472,36.14716952146863,34.726169444657806,15.438973807512095,17.400000000000002
AR,Miller County,3.6,48652.0,13.082331751584636,40.42811125350698,30.44231235495826,16.047244639950122,21.5
AR,Mississippi County,4.9,45168.0,14.390403826127203,42.4653835769661,28.965942839510934,14.178269757395764,24.9
AR,Monroe County,3.9,33090.0,16.56804733727811,40.65934065934066,27.13440405748098,15.638207945900254,26.3
AR,Montgomery County,4.9,46069.0,12.419305256686137,36.95050722410083,33.78419920073778,16.845988318475253,18.8
AR,Nevada County,3.7,44649.0,9.885795860099927,48.786581013561744,29.657387580299787,11.670235546038544,23.200000000000003
AR,Newton County,3.4000000000000004,47996.0,14.55902047063325,38.47331165104266,32.71475033480007,14.25291754352401,18.8
AR,Ouachita County,3.9,49275.0,11.123172211225336,42.26422322967882,31.51778302790371,15.094821531192135,18.8
AR,Perry County,3.6,56640.0,8.303398728930645,44.21110804089528,30.35368886432716,17.13180436584692,14.1
AR,Phillips County,6.5,36098.0,17.36004601226994,33.59854294478527,34.50920245398773,14.532208588957054,34.2
AR,Pike County,3.5,41348.0,12.889578338739248,36.86362995346214,30.686786066845293,19.56000564095332,18.2
AR,Poinsett County,3.3000000000000003,47372.0,17.657715949530896,45.97217728890327,24.44516337754772,11.924943384018118,19.1
AR,Polk County,3.6,45289.0,12.6172019195275,35.82871908453304,34.352159468438536,17.201919527500923,18.8
AR,Pope County,3.9,57881.0,14.021686746987951,35.00240963855422,26.339759036144574,24.636144578313253,13.5
AR,Prairie County,3.1,51017.0,14.076196898179369,43.9143627781524,25.30343897505057,16.706001348617665,15.4
AR,Pulaski County,3.2,57057.0,8.038311825134835,25.12670183389584,29.473933246339417,37.36105309462992,15.7
AR,Randolph County,3.5,45638.0,13.946935900446114,40.55725131094936,31.016670579948347,14.479142208656178,18.5
AR,St. Francis County,5.0,38062.0,14.315802515021993,44.18013999876108,28.60063185281546,12.903425633401474,34.300000000000004
AR,Saline County,2.7,70330.0,7.349885785782338,32.745617962051035,31.40489227131329,28.499603980853333,9.3
AR,Scott County,3.0,42599.0,15.4169079328315,43.152866242038215,30.602200347423278,10.828025477707008,19.5
AR,Searcy County,4.3,38070.0,19.958202716823408,36.48554510623476,29.86764193660745,13.68861024033438,20.200000000000003
AR,Sebastian County,3.4000000000000004,52679.0,14.820728194092531,30.25002024689644,30.54620341767612,24.383048141334907,12.8
AR,Sevier County,3.8,49384.0,27.46405501146072,32.84017503646593,28.76640966868097,10.929360283392374,18.7
AR,Sharp County,3.9,45740.0,14.641988863618542,40.56152458630696,32.86801035212925,11.928476197945258,19.700000000000003
AR,Stone County,4.1000000000000005,41063.0,13.993435448577682,37.34135667396061,33.282275711159734,15.382932166301968,17.7
AR,Union County,4.6000000000000005,50258.0,12.043043577806609,40.09005571243227,28.94756925894833,18.91933145081279,19.0
AR,Van Buren County,4.0,47150.0,13.568304172274562,44.10329744279946,26.547779273216687,15.780619111709289,16.5
AR,Washington County,2.3000000000000003,62100.0,12.737022070251788,28.3053569578282,24.34333229717128,34.614288674748735,13.5
AR,White County,3.5,56866.0,13.252350020605608,40.60874855270129,26.3359302941696,19.8029711325235,15.7
AR,Woodruff County,3.6,41225.0,17.083237789497822,46.15913781242834,20.86677367576244,15.890850722311397,24.4
AR,Yell County,3.7,50275.0,18.49698379242677,39.712188385783854,27.472926811541537,14.31790101024784,16.5
CA,Alameda County,4.1000000000000005,121190.0,11.10015782812366,15.862314711631717,21.5681627562606,51.46936470398402,9.5
CA,Alpine County,6.5,71646.0,3.735144312393888,18.505942275042443,35.653650254668925,42.10526315789473,15.6
CA,Amador County,5.1000000000000005,74356.0,9.032734432685208,26.47058823529412,42.05328574944623,22.443391582574453,11.7
CA,Butte County,5.2,63353.0,9.672944526811795,22.25753416614066,36.34895703360099,31.720564273446563,19.9
CA,Calaveras County,4.2,73175.0,6.653779346668907,31.90172017706057,39.258698940998485,22.185801535272034,12.2
CA,Colusa County,13.0,72963.0,26.80744452397996,29.620615604867574,29.047959914101646,14.523979957050823,12.3
CA,Contra Costa County,4.1000000000000005,119667.0,10.387453328532605,17.70679714126473,26.99559056360884,44.91015896659383,8.3
CA,Del Norte County,5.7,57297.0,14.456253462952704,25.577998287412484,38.99158817307208,20.974160076562736,13.8
CA,El Dorado County,4.0,104859.0,5.083479045631451,20.73227480399345,35.36014439618704,38.82410175418806,7.0
CA,Fresno County,7.5,68693.0,21.403075168136123,23.016072942164342,31.72635598120995,23.854495908489582,17.7
CA,Glenn County,6.300000000000001,63247.0,19.67679587673145,31.42381617094384,32.41705143348008,16.482336518844626,13.5
CA,Humboldt County,4.6000000000000005,57660.0,8.481736991282956,23.23760628910637,36.1955184769239,32.085138242686774,16.7
CA,Imperial County,17.3,55523.0,28.152863938073104,25.885768027346224,29.861098551301296,16.100269483279376,17.3
CA,Inyo County,3.8,64332.0,7.195797654169965,27.408793264733397,33.57559185435706,31.819817226739584,11.8
CA,Kern County,8.3,65981.0,22.865016731984035,27.674522646337756,30.88688462983841,18.573575991839803,19.0
CA,Kings County,8.200000000000001,63683.0,25.764822858339,28.08833533936889,32.227746088230674,13.919095714061436,17.5
CA,Lake County,5.800000000000001,51848.0,12.91509144783897,28.83825482783284,40.50270767344436,17.743946050883824,17.6
CA,Lassen County,5.2,60308.0,20.85655491725971,30.2966646660379,35.63405641773129,13.212723998971104,17.1
CA,Los Angeles County,5.0,82455.0,19.33684887764977,20.29796429931905,24.89419440393902,35.47099241909216,13.7
CA,Madera County,7.5,71273.0,26.95241228726109,23.894555279713657,32.024247499975075,17.12878493305018,18.0
CA,Marin County,3.3000000000000003,135960.0,7.265481461203562,10.78056150732023,21.494790816675703,60.45916621480051,8.700000000000001
CA,Mariposa County,5.1000000000000005,66513.0,9.528076463560335,21.199223416965356,38.41099163679809,30.861708482676224,17.3
CA,Mendocino County,4.7,63621.0,13.837799696277091,26.127839732478407,35.11067478639689,24.923685784847603,13.9
CA,Merced County,9.0,65253.0,28.110749565562205,28.682807926011456,28.426227213883347,14.780215294542996,18.6
CA,Modoc County,6.300000000000001,51166.0,12.053432743087916,27.52407579993787,37.41845293569431,23.004038521279902,20.1
CA,Mono County,3.8,79105.0,10.44559585492228,17.60621761658031,37.62694300518135,34.32124352331606,7.800000000000001
CA,Monterey County,7.0,91450.0,26.665210510108352,20.635648144832675,24.81541425266942,27.88372709238956,14.0
CA,Napa County,3.5,98580.0,15.29278289399716,17.450453304986866,28.73963837811871,38.51712542289727,8.9
CA,Nevada County,3.9,80069.0,4.931399649109521,20.469032021911723,35.13953576432277,39.46003256465599,10.9
CA,Orange County,3.6,106047.0,13.055937367779723,17.20472335606974,26.33830160349041,43.40103767266013,9.2
CA,Placer County,3.7,106114.0,5.075299297160914,17.150574630008116,34.88348208325203,42.89064398957895,6.5
CA,Plumas County,7.300000000000001,66725.0,6.016570226196738,28.360073645449763,45.16044187269858,20.46291425565492,12.7
CA,Riverside County,4.800000000000001,86350.0,16.70006008967228,26.33554689305579,31.880375329337628,25.084017687934303,11.3
CA,Sacramento County,4.4,83985.0,11.632480723838048,21.929566348448247,33.154170660494856,33.28378226721884,11.9
CA,San Benito County,6.0,106560.0,16.76179516685846,26.30379746835443,34.54775604142693,22.386651323360184,9.1
CA,San Bernardino County,4.7,78779.0,17.905700453156857,27.829885328647087,31.362973880058757,22.901440338137306,13.2
CA,San Diego County,3.9,98365.0,10.982290608535852,17.946574355426186,28.981263785539426,42.08987125049854,10.1
CA,San Joaquin County,6.2,84738.0,19.569372777783283,27.75445928948489,31.103209896106726,21.572958036625103,12.6
CA,San Luis Obispo County,3.5,88578.0,8.229907534444603,18.178759731487176,34.38993234612291,39.201400387945306,12.8
CA,San Mateo County,3.0,143795.0,9.69505829849048,14.814978468313717,22.41872916102829,53.07123407216751,7.300000000000001
CA,Santa Barbara County,4.1000000000000005,89334.0,17.863863590657054,16.905363863590658,29.36083259114546,35.869939954606835,14.9
CA,Santa Clara County,3.5,150502.0,10.674076697858146,13.50843604700692,19.951860204784687,55.865627050350255,7.6
CA,Santa Cruz County,5.7,99256.0,11.506675496836165,15.206998836866328,29.728360983265347,43.55796468303216,12.6
CA,Shasta County,5.1000000000000005,66312.0,7.93025653748052,26.368548768480544,42.43450890399807,23.266685790040857,13.2
CA,Sierra County,4.7,63939.0,8.608058608058608,33.88278388278388,33.104395604395606,24.404761904761905,12.6
CA,Siskiyou County,6.4,51593.0,8.927073299568095,26.01684118944784,41.972469937544666,23.083615573439392,17.1
CA,Solano County,4.7,92711.0,11.080039494219193,24.321113482179825,36.231805586521006,28.367041437079976,10.3
CA,Sonoma County,3.6,96312.0,11.136242193264932,18.648519512243396,32.36829977862658,37.8469385158651,9.1
CA,Stanislaus County,6.4,75249.0,19.886835798459945,29.347533218940114,31.628685281563317,19.136945701036627,12.6
CA,Sutter County,7.800000000000001,66071.0,21.16504259361402,24.67058895630324,33.956916099773245,20.20745235030949,15.3
CA,Tehama County,5.800000000000001,58900.0,13.720122846842036,28.773311968665155,38.66337294698892,18.843192237503896,15.0
CA,Trinity County,5.7,49485.0,5.229342875731946,40.44404684450228,36.28009108653221,18.04651919323357,20.8
CA,Tulare County,10.0,64313.0,25.631795577782142,26.97089315314809,31.55782035793555,15.839490911134211,17.5
CA,Tuolumne County,5.0,70108.0,6.481083917752016,25.12284719240494,44.45160059157483,23.94446829826821,10.5
CA,Ventura County,4.3,101981.0,14.711447329279345,19.457069920926468,30.165722350206504,35.66576039958768,9.8
CA,Yolo County,4.7,82359.0,11.588206848379247,17.540816248205772,26.78712609092793,44.08385081248704,15.3
CA,Yuba County,6.7,63626.0,15.33869809966376,27.095847973100607,39.66904680947523,17.8964071177604,15.4
CO,Adams County,3.4000000000000004,89849.0,15.014188191238208,28.55024596741368,28.413015921011315,28.0225499203368,9.7
CO,Alamosa County,3.7,53942.0,10.899809828845962,25.222700430387345,34.57111400260234,29.30637573816435,21.700000000000003
CO,Arapahoe County,3.1,93525.0,8.035629448432982,18.791639321440645,27.430300057231623,45.74243117289475,10.1
CO,Archuleta County,3.2,66025.0,4.654157468727005,24.0710080941869,30.564753495217072,40.71008094186902,11.2
CO,Baca County,2.0,47147.0,14.20545746388443,28.531300160513645,33.18619582664527,24.077046548956663,20.200000000000003
CO,Bent County,3.0,42958.0,18.8134810710988,39.312096029547554,27.70083102493075,14.1735918744229,28.6
CO,Boulder County,2.8000000000000003,96584.0,4.47400848888686,11.020948382091188,20.59604764730044,63.90899548172151,11.0
CO,Chaffee County,3.0,75151.0,5.405746763498579,21.907167666561413,27.262393432270287,45.42469213766972,9.4
CO,Cheyenne County,2.1,62891.0,8.293075684380032,27.05314009661836,40.25764895330113,24.396135265700483,13.3
CO,Clear Creek County,2.8000000000000003,90350.0,5.438713998660416,17.468184862692564,20.830542531815137,56.26255860683188,7.7
CO,Conejos County,3.3000000000000003,49141.0,10.945865556216535,33.174697600634545,32.59964306960143,23.27979377354749,18.1
CO,Costilla County,4.4,36970.0,10.349962769918092,29.82129560685033,31.980640357408785,27.848101265822784,22.6
CO,Crowley County,4.2,49785.0,17.06339853876974,46.476549611124206,23.803912326184303,12.656139523921754,37.5
CO,Custer County,3.2,67766.0,3.546626984126984,20.78373015873016,40.40178571428572,35.267857142857146,11.8
CO,Delta County,3.6,53910.0,8.995120266010277,36.48572785766723,28.83793237465993,25.681219501662568,12.9
CO,Dolores County,2.9000000000000004,56695.0,3.8129130655821046,38.63751906456533,32.84189120488053,24.70767666497204,13.5
CO,Douglas County,2.9000000000000004,140768.0,2.0111050920910074,11.56116563635205,25.493913708495317,60.93381556306164,3.7
CO,Eagle County,2.6,105813.0,6.833153821105628,17.726623750720137,25.17095408661674,50.26926834155749,6.6000000000000005
CO,Elbert County,2.6,120394.0,3.191923312257801,25.63736487864573,35.99836834591067,35.172343463185804,5.800000000000001
CO,El Paso County,3.3000000000000003,82248.0,4.894337544488373,19.632010258012016,34.35159993753133,41.12205225996827,7.300000000000001
CO,Fremont County,4.9,57275.0,9.438430311231391,39.93442281669616,29.590402831268865,21.036744040803583,18.4
CO,Garfield County,2.9000000000000004,86566.0,11.555898524163212,24.50323140735025,30.531976463779294,33.408893604707245,9.1
CO,Gilpin County,2.7,89805.0,5.924220221896588,14.19300816411974,31.505128741888218,48.37764287209546,7.2
CO,Grand County,2.7,88059.0,5.640231477708045,24.94905860298313,27.630613741951255,41.78009617735757,8.200000000000001
CO,Gunnison County,2.6,88855.0,1.726858345021038,18.41690042075736,20.590813464235623,59.265427769985976,10.7
CO,Hinsdale County,2.9000000000000004,70675.0,0.0,12.307692307692308,40.64102564102564,47.05128205128205,5.300000000000001
CO,Huerfano County,5.800000000000001,47968.0,7.091527987897125,25.170196671709533,40.67700453857791,27.06127080181543,18.3
CO,Jackson County,2.2,62439.0,15.55352241537054,27.72186642268985,29.185727355901196,27.538883806038427,13.3
CO,Jefferson County,2.9000000000000004,102413.0,4.524621952847444,18.52940418785144,26.19994988255187,50.74602397674926,7.4
CO,Kiowa County,2.2,55573.0,9.1005291005291,27.3015873015873,42.96296296296296,20.634920634920636,13.6
CO,Kit Carson County,1.8,56720.0,11.019283746556477,30.59970332697605,39.94490358126722,18.43610934520025,12.3
CO,Lake County,2.5,71326.0,8.055502023511274,22.48988244363076,23.376373096935826,46.07824243592214,11.4
CO,La Plata County,3.0,79358.0,3.595819156487896,21.01192078917093,28.13257288326439,47.259687171076784,11.5
CO,Larimer County,2.8000000000000003,88338.0,3.357546275978327,16.816442379075426,28.087970501499125,51.73804084344712,10.2
CO,Las Animas County,5.0,49097.0,10.384001502206363,28.77664069101493,43.57337339216975,17.265984414608955,17.1
CO,Lincoln County,2.8000000000000003,54345.0,11.927480916030534,41.221374045801525,21.135496183206108,25.71564885496183,14.8
CO,Logan County,2.7,58976.0,10.621454017680431,37.75564058582926,32.71539780973743,18.90750758675287,14.0
CO,Mesa County,3.5,69578.0,7.648694619185183,28.467291233564623,33.256837387618454,30.62717675963174,11.9
CO,Mineral County,2.5,69794.0,2.1929824561403506,15.204678362573098,28.07017543859649,54.53216374269005,9.7
CO,Moffat County,3.2,69088.0,8.492545554942021,37.78023191606847,32.722252898950856,21.00496963003865,10.8
CO,Montezuma County,4.0,58345.0,9.039932921077456,28.8648988575621,31.2807881773399,30.814380044020545,14.0
CO,Montrose County,3.3000000000000003,65736.0,9.038952745849295,33.58876117496807,29.10600255427841,28.26628352490421,10.7
CO,Morgan County,3.0,65599.0,15.397133707806184,32.437398288624074,34.60024148249252,17.56522652107722,12.5
CO,Otero County,4.1000000000000005,46607.0,10.797302657675525,32.00317334391114,38.39746132487109,18.802062673542245,20.1
CO,Ouray County,3.2,90837.0,2.6806526806526807,14.195804195804197,29.16083916083916,53.96270396270396,7.4
CO,Park County,2.8000000000000003,88020.0,2.695585891483612,20.09562746864389,38.38264846510983,38.82613817476266,8.1
CO,Phillips County,2.2,68571.0,9.47961551209811,31.75339741465032,33.11236327477627,25.654623798475303,12.1
CO,Pitkin County,3.3000000000000003,111291.0,3.0006717921922816,11.204000895722924,21.82578189146824,63.96954542061656,6.4
CO,Prowers County,2.8000000000000003,48832.0,15.277044854881266,29.419525065963057,36.46437994722955,18.83905013192612,20.1
CO,Pueblo County,4.4,58314.0,9.542848393078923,30.03300610783129,35.40670670500366,25.01743879408612,13.5
CO,Rio Blanco County,3.3000000000000003,71630.0,6.751152073732719,30.50691244239631,36.15207373271889,26.58986175115207,10.8
CO,Rio Grande County,4.0,56877.0,10.650887573964498,26.977418186209395,31.26434005554885,31.107354184277263,17.8
CO,Routt County,2.5,104407.0,3.477662502646623,17.7112005081516,26.68854541604912,52.122591573152654,5.6000000000000005
CO,Saguache County,3.5,45048.0,11.73913043478261,26.304347826086957,31.245059288537547,30.711462450592887,20.6
CO,San Juan County,2.6,62732.0,0.0,28.80143112701252,23.97137745974955,47.227191413237925,12.3
CO,San Miguel County,3.2,94387.0,1.7080499762770835,13.632769255100428,19.45279139648901,65.20638937213347,7.9
CO,Sedgwick County,3.1,46980.0,8.750754375377188,25.588412794206395,38.26191913095956,27.39891369945685,14.7
CO,Summit County,2.3000000000000003,96984.0,5.0701411147650175,17.046164092744455,25.417308412771096,52.46638637971943,7.300000000000001
CO,Teller County,3.0,81466.0,3.8432093094472513,22.31409176746797,36.01286173633441,37.82983718675037,8.3
CO,Washington County,2.3000000000000003,61492.0,10.345838218053927,28.25322391559203,36.51817116060961,24.88276670574443,14.2
CO,Weld County,3.3000000000000003,90770.0,11.542687986364962,24.45336502881748,32.04772263461236,31.9562243502052,9.1
CO,Yuma County,2.0,56075.0,16.222760290556902,26.710048426150124,31.09866828087167,25.968523002421307,12.7
DE,Kent County,4.5,71866.0,9.804787208424973,33.650126021415616,29.806874187282272,26.73821258287714,11.7
DE,New Castle County,3.9,85427.0,7.408736322053078,27.322773201386045,26.047377572808955,39.22111290375192,10.9
DE,Sussex County,3.8,81188.0,10.357842587698928,29.56325373564599,27.512719080489223,32.56618459616586,10.1
FL,Alachua County,3.1,58783.0,5.773537709781565,19.823158139670166,26.733370175387567,47.6699339751607,18.5
FL,Baker County,2.9000000000000004,67375.0,14.808766199557477,42.7668317353282,27.088820988304708,15.335581076809609,12.5
FL,Bay County,2.8000000000000003,65521.0,9.233590421228628,27.85486990222441,34.87021042169092,28.041329254856034,11.8
FL,Bradford County,3.1,57664.0,17.311397658218468,37.6809446173608,30.01333926189417,14.994318462526554,15.4
FL,Brevard County,3.0,74899.0,6.8638283482916895,26.08569231663899,33.51059361733748,33.53988571773184,10.3
FL,Broward County,2.9000000000000004,70834.0,9.721509355404889,26.705454597661955,27.774120721154016,35.79891532577914,12.7
FL,Calhoun County,3.3000000000000003,46766.0,18.19827066157249,42.760908908103765,25.940076412628198,13.100744017695556,22.9
FL,Charlotte County,3.5,65040.0,7.753842743127402,32.952138141688835,33.98364370873978,25.310375406443985,9.1
FL,Citrus County,4.5,52534.0,9.11321111917458,37.96895213454075,32.51743287161203,20.40040387467264,15.7
FL,Clay County,2.9000000000000004,84364.0,6.672429140918297,27.649555558422456,36.9834737398888,28.694541560770453,7.9
FL,Collier County,2.9000000000000004,81821.0,10.018382046312082,25.376898671888814,25.063302963479444,39.54141631831966,10.5
FL,Columbia County,3.4000000000000004,54060.0,14.511226392153684,35.513090702764046,33.63054227121667,16.345140633865608,17.0
FL,DeSoto County,3.6,47097.0,27.00918148075796,36.76890017581559,25.243211564758745,10.978706778667709,18.8
FL,Dixie County,3.6,40587.0,17.6621958827199,49.85184029943856,24.399563318777293,8.086400499064254,23.700000000000003
FL,Duval County,3.1,70203.0,8.995269751243207,27.66459128687024,30.249334357546736,33.090804604339816,14.5
FL,Escambia County,3.1,61634.0,9.50619525257568,27.288158671084283,34.27585893886443,28.929787137475603,14.0
FL,Flagler County,3.7,73336.0,6.912955036657202,29.8777386955969,32.77005551553164,30.439250752214264,8.9
FL,Franklin County,2.9000000000000004,52180.0,16.93068307940672,31.06649177681364,26.717788316012516,25.28503682776713,16.6
FL,Gadsden County,3.9,45628.0,18.71281950709289,35.86324115839707,25.341570242531212,20.08236909197882,21.5
FL,Gilchrist County,3.3000000000000003,58178.0,14.460672447892897,37.87463867336072,33.1431614179218,14.521527460824585,13.5
FL,Glades County,3.8,50559.0,27.630069857157757,32.57220310707956,27.08789490147013,12.709832134292563,16.900000000000002
FL,Gulf County,2.7,55909.0,13.260423786739576,30.852699931647297,31.39952153110048,24.487354750512647,14.9
FL,Hamilton County,4.3,45484.0,21.66135499126144,41.45162948493883,25.681093862444744,11.20592166135499,21.9
FL,Hardee County,4.1000000000000005,48572.0,21.628726773017863,44.27316723427138,21.843819083467768,12.254286909242996,20.5
FL,Hendry County,4.800000000000001,55308.0,30.49715746499294,35.84264947155557,22.931054218016712,10.729138845434774,22.1
FL,Hernando County,3.8,60582.0,9.943597934796296,32.93125045565711,36.687190567400805,20.4379610421458,12.1
FL,Highlands County,4.3,51954.0,13.635629542207592,34.45307161935524,32.183365426424,19.72793341201317,18.6
FL,Hillsborough County,2.9000000000000004,74091.0,10.416792122597805,25.41487871729971,27.013106340656076,37.155222819446415,13.2
FL,Holmes County,3.2,50118.0,15.845688988827208,46.5041107441501,25.599044339821518,12.05115592720118,18.2
FL,Indian River County,3.5,69462.0,8.012299069785545,27.734402366403295,30.82006772272604,33.43323084108512,11.3
FL,Jackson County,3.4000000000000004,50625.0,16.783236828527205,38.66594049188786,29.90597947600757,14.644843203577365,20.6
FL,Jefferson County,3.2,56900.0,12.245642850625057,38.69878638561913,30.2126106396569,18.84296012409892,23.5
FL,Lafayette County,3.3000000000000003,50775.0,19.96935648621042,48.4167517875383,23.714674838270344,7.899216887980932,18.9
FL,Lake County,3.1,67637.0,9.0750353940538,30.95968448729185,33.1827681520933,26.78251196656105,10.7
FL,Lee County,3.2,71607.0,9.62029831441853,29.974115415578417,29.64626623620142,30.75932003380164,12.1
FL,Leon County,3.1,61560.0,6.289656106758191,18.81929234312552,26.308510398085215,48.58254115203107,17.6
FL,Levy County,3.5,55147.0,12.235589432760891,41.86794012305997,29.72112529463985,16.175345149539293,18.3
FL,Liberty County,3.3000000000000003,49514.0,21.0,41.07272727272727,22.163636363636364,15.763636363636364,20.8
FL,Madison County,3.3000000000000003,46141.0,19.41797390411963,36.38762644773494,31.696232224014075,12.49816742413136,19.8
FL,Manatee County,3.0,72176.0,8.953137481139612,28.19517174048105,28.507715325413024,34.34397545296631,10.4
FL,Marion County,3.6,54517.0,10.385290297620694,34.77906430486086,32.45986127614889,22.375784121369552,15.0
FL,Martin County,2.9000000000000004,80678.0,7.278371852362883,23.83259664519441,32.251698661126134,36.63733284131657,13.1
FL,Miami-Dade County,1.8,66952.0,16.944234801709715,26.651267664744992,23.198283013017125,33.206214520528164,14.1
FL,Monroe County,1.9,79459.0,6.742740197522442,27.653141909176888,27.80353183770291,37.80058605559776,10.0
FL,Nassau County,2.8000000000000003,90808.0,7.685969199295334,27.291583792691934,30.505199749957377,34.51724725805535,9.5
FL,Okaloosa County,2.6,76663.0,6.583420236466813,24.193832360469685,35.00142205127511,34.2213253517884,10.1
FL,Okeechobee County,3.2,50176.0,20.01325843480688,35.22207878301525,28.66264261540072,16.10202016677715,17.0
FL,Orange County,2.8000000000000003,72129.0,9.972537970459213,23.84763923350877,27.771397710308705,38.40842508572332,12.4
FL,Osceola County,3.4000000000000004,63782.0,11.395693999083829,28.38845625286303,31.960421438387534,28.2554283096656,10.9
FL,Palm Beach County,3.0,76713.0,10.86766822598057,22.75566750629723,26.825026988125224,39.55163727959698,10.8
FL,Pasco County,3.3000000000000003,65933.0,8.785347525438974,32.93386803590503,30.243801885201357,28.03698255345464,10.5
FL,Pinellas County,2.8000000000000003,66427.0,7.439595850064967,26.004799480790723,30.710667694045785,35.84493697509852,11.3
FL,Polk County,3.7,61941.0,12.481278556126414,33.24663014010276,31.631182816084326,22.640908487686502,13.0
FL,Putnam County,4.0,46459.0,17.786442146503173,40.63777288052589,27.48111732685389,14.094667646117044,21.1
FL,St. Johns County,2.7,103757.0,4.866306836924459,19.40307783509344,27.120613081038183,48.61000224694392,6.1000000000000005
FL,St. Lucie County,3.5,64038.0,11.373740717968122,30.74067067114412,32.51588390168535,25.369704709202416,10.4
FL,Santa Rosa County,2.8000000000000003,82537.0,7.365532381997805,26.349798755945848,35.30479326747164,30.979875594584705,8.1
FL,Sarasota County,3.0,78309.0,5.630772983821784,25.88791679141302,28.823614206668665,39.65769601809654,9.5
FL,Seminole County,2.8000000000000003,80296.0,6.114612401267559,21.15446010499929,30.3460365132668,42.38489098046635,9.2
FL,Sumter County,4.2,77851.0,6.834445216211414,28.485470140694915,29.613775501962618,35.06630914113105,9.7
FL,Suwannee County,3.4000000000000004,51295.0,15.48744390337057,40.43413221299214,27.645692097138674,16.432731786498618,17.3
FL,Taylor County,3.4000000000000004,48482.0,13.78825634144783,46.757395693565904,24.39460737333078,15.059740591655483,19.700000000000003
FL,Union County,3.0,60749.0,21.67307176691393,39.61033157565466,28.71570292251318,10.000893734918224,19.4
FL,Volusia County,3.3000000000000003,64601.0,8.059866412619261,30.699598387885057,34.05557405033255,27.184961149163133,11.9
FL,Wakulla County,2.7,63482.0,12.514927155481251,37.0074038691187,29.20149669612292,21.276172279277127,10.4
FL,Walton County,2.8000000000000003,78814.0,8.592093564051705,27.819574584501744,29.358457013884134,34.22987483756241,10.9
FL,Washington County,3.3000000000000003,49233.0,16.91006089346338,42.65236837850946,27.95171633345907,12.485854394568086,16.8
GA,Appling County,3.4000000000000004,51217.0,18.969307172514856,41.08931042904828,29.99267279980461,9.948709598632256,21.1
GA,Atkinson County,3.1,46060.0,28.386035459696583,33.39426064704807,28.404313653811,9.815390239444342,22.4
GA,Bacon County,2.9000000000000004,46044.0,15.411147902869756,41.66666666666667,31.898454746136867,11.02373068432671,22.9
GA,Baker County,3.8,50129.0,9.46341463414634,41.70731707317073,31.951219512195124,16.878048780487806,26.200000000000003
GA,Baldwin County,4.2,49883.0,14.786374554188804,33.659654996724655,27.42557682509644,24.128393623990103,21.4
GA,Banks County,2.2,66928.0,17.741084219256578,34.34366282138279,30.573776671944508,17.341476287416118,12.2
GA,Barrow County,2.8000000000000003,77583.0,12.379847243630822,34.15195968063181,32.446007031642395,21.02218604409498,11.2
GA,Bartow County,3.1,80017.0,11.353607315646764,36.86665957786166,28.841246211919824,22.938486894571746,9.7
GA,Ben Hill County,4.3,41141.0,15.724644011531405,48.76386826242683,23.403511837162576,12.107975888879183,24.4
GA,Berrien County,3.7,48725.0,17.206173328056984,37.88682231895528,32.10922041946972,12.797783933518009,18.8
GA,Bibb County,4.0,48539.0,12.595423540225436,31.157660490542305,30.25978423878864,25.98713173044362,22.1
GA,Bleckley County,4.2,56070.0,12.091179385530229,33.6595639246779,35.96382556987116,18.28543111992072,18.2
GA,Brantley County,3.5,50370.0,18.7683284457478,43.59197907585005,26.741697709439645,10.897994768962512,17.8
GA,Brooks County,3.4000000000000004,43353.0,17.04278121460312,38.877755511022045,30.51320031367082,13.566262960704018,22.8
GA,Bryan County,2.6,93057.0,7.159644402057292,25.079192070574614,33.1244252188426,34.636738308525494,8.200000000000001
GA,Bulloch County,3.4000000000000004,49471.0,10.379396767781522,28.636245786881,30.18321666234552,30.801140782991965,23.700000000000003
GA,Burke County,5.5,49431.0,15.894379286034738,37.454335704672175,32.39120681920144,14.26007819009165,21.200000000000003
GA,Butts County,2.9000000000000004,62231.0,16.249931608031954,41.139136619795366,28.70821250752312,13.90271926464956,15.5
GA,Calhoun County,2.8000000000000003,39681.0,22.861216730038024,41.77756653992395,23.21768060836502,12.143536121673003,35.5
GA,Camden County,3.0,67628.0,7.517222375310002,31.8875723339763,38.16202810691651,22.43317718379719,11.6
GA,Candler County,2.5,44493.0,20.93470790378007,34.96907216494846,30.46048109965636,13.635738831615122,21.5
GA,Carroll County,3.3000000000000003,69924.0,15.253933504884076,33.15538144435483,29.15978543354969,22.43089961721141,14.3
GA,Catoosa County,2.7,66918.0,10.183128692955622,30.784059003478188,34.56187403092654,24.47093827263965,10.7
GA,Charlton County,3.1,48147.0,14.747826086956522,43.71014492753624,30.144927536231886,11.397101449275365,26.200000000000003
GA,Chatham County,2.9000000000000004,64029.0,8.762354185125536,24.61634105627977,29.86738984643852,36.753914912156176,15.2
GA,Chattahoochee County,4.5,57507.0,2.868563367035034,26.19327533505761,43.35762990830002,27.580531389607337,16.3
GA,Chattooga County,3.7,50714.0,25.756019627981285,35.929476206778496,27.587584160675565,10.726920004564647,20.700000000000003
GA,Cherokee County,2.6,99932.0,7.857215033691253,22.955789204971524,29.73392685248709,39.453068908850135,6.6000000000000005
GA,Clarke County,3.3000000000000003,49832.0,10.035282393816154,17.763742627057017,23.530124700368983,48.67085027875785,24.1
GA,Clay County,7.800000000000001,37961.0,14.61303462321792,31.05906313645621,31.771894093686356,22.55600814663951,26.4
GA,Clayton County,4.1000000000000005,57625.0,15.198429541595926,32.57905348047538,30.87966893039049,21.3428480475382,17.3
GA,Clinch County,2.8000000000000003,45595.0,18.81166881166881,44.5945945945946,23.57357357357357,13.02016302016302,23.3
GA,Cobb County,2.8000000000000003,96798.0,7.207410193790087,17.675970143838875,24.73387039798668,50.382749264384366,8.8
GA,Coffee County,3.6,48792.0,20.35484432075144,39.81562010784484,26.32109932162115,13.508436249782571,22.5
GA,Colquitt County,2.8000000000000003,49214.0,20.281111184777565,36.86932307896307,27.153086256049857,15.696479480209508,23.4
GA,Columbia County,3.0,94224.0,6.913049572489838,22.13054244732047,33.12059057141522,37.83581740877447,6.800000000000001
GA,Cook County,3.2,44476.0,16.66081460674157,37.21910112359551,29.371488764044944,16.748595505617978,19.9
GA,Coweta County,2.9000000000000004,87618.0,8.142161635832522,25.69814995131451,31.501460564751703,34.65822784810126,9.9
GA,Crawford County,3.2,60295.0,16.417387240009347,44.391212900210334,25.18111708343071,14.010282776349614,15.8
GA,Crisp County,3.7,43884.0,15.811563788986176,37.158984007525866,31.514581373471305,15.514870830016644,26.0
GA,Dade County,2.6,59708.0,11.583924349881796,37.71998949303914,31.68724279835391,19.008843358725155,14.1
GA,Dawson County,2.6,84551.0,10.673640369993704,23.216620659596103,30.354980870744345,35.75475809966584,8.0
GA,Decatur County,3.4000000000000004,46455.0,16.861065235342693,33.562138728323696,34.94013212221304,14.636663914120565,22.3
GA,DeKalb County,3.3000000000000003,76736.0,9.1921648466665,20.062799094560283,23.9974053756178,46.74763068315541,13.3
GA,Dodge County,3.8,43783.0,13.946028868279758,42.05425005229761,28.763684540827,15.236036538595634,23.5
GA,Dooly County,3.8,46191.0,17.04918032786885,42.3536299765808,27.21311475409836,13.38407494145199,22.5
GA,Dougherty County,4.3,42629.0,14.644191343963552,30.84829157175399,31.26924829157176,23.238268792710706,26.4
GA,Douglas County,3.4000000000000004,79242.0,8.599518922723023,30.46647689673645,30.1293026480258,30.80470153251473,11.9
GA,Early County,3.9,43417.0,19.017704169046254,38.40662478583666,26.47058823529412,16.105082809822957,25.5
GA,Echols County,2.8000000000000003,47195.0,18.489583333333336,42.01388888888889,25.08680555555556,14.40972222222222,21.6
GA,Effingham County,2.6,88111.0,9.246474569365535,32.62862445958487,31.32710111138776,26.79779985966183,8.5
GA,Elbert County,3.6,49220.0,15.088271031377316,40.24015438496176,29.81202201415196,14.85955256950897,18.0
GA,Emanuel County,4.2,46975.0,20.615324319028023,41.459272323469854,25.0832843425436,12.842119014958522,26.1
GA,Evans County,2.9000000000000004,45163.0,17.60342368045649,40.37089871611983,26.93295292439372,15.092724679029956,23.700000000000003
GA,Fannin County,2.8000000000000003,60604.0,11.713828617138288,34.87151284871513,30.816918308169186,22.597740225977404,13.9
GA,Fayette County,3.0,109358.0,5.024949979509679,19.694814743388857,27.189451100450786,48.09078417665067,5.800000000000001
GA,Floyd County,3.2,56651.0,15.080280450420371,30.70841047743345,29.265183476492552,24.946125595653623,17.0
GA,Forsyth County,2.5,130909.0,5.940409248932546,14.510371217247254,22.946172332532257,56.60304720128795,5.1000000000000005
GA,Franklin County,3.2,49940.0,17.972521351652432,32.9063002846887,32.194578536947645,16.92659982671123,16.900000000000002
GA,Fulton County,3.4000000000000004,89798.0,6.366013284180781,15.415387780069398,20.22346005813859,57.99513887761123,13.0
GA,Gilmer County,3.1,68294.0,14.143351540674646,34.853854813826466,28.27002460075887,22.732769044740024,13.6
GA,Glascock County,3.4000000000000004,55539.0,16.1323155216285,39.94910941475827,29.05852417302799,14.860050890585242,15.7
GA,Glynn County,2.8000000000000003,63532.0,10.358605204068157,28.41104213446044,30.788535200105667,30.441817461365737,15.7
GA,Gordon County,3.0,63946.0,20.514628128304548,34.58885140238683,27.244574248451585,17.65194622085704,12.9
GA,Grady County,3.1,48548.0,19.629398764662547,35.60945203150677,29.466764889216297,15.294384314614382,19.700000000000003
GA,Greene County,3.3000000000000003,74488.0,9.849577580877808,27.41946562263892,26.306751837351467,36.424204959131806,14.1
GA,Gwinnett County,2.9000000000000004,83918.0,12.06993360265525,22.785213357980957,26.41655444920129,38.72829859016251,11.4
GA,Habersham County,3.1,62428.0,17.674563591022444,32.6215710723192,25.458229426433917,24.24563591022444,13.5
GA,Hall County,2.4000000000000004,76789.0,18.662694043223876,27.706889479024984,26.89869090542709,26.731725572324056,11.0
GA,Hancock County,5.5,38570.0,26.09486285800879,39.36960145476587,26.17063191392635,8.364903773298984,30.3
GA,Haralson County,3.2,57912.0,15.429003878535616,39.48538454261659,27.66058083435815,17.425030744489643,16.3
GA,Harris County,2.8000000000000003,90636.0,7.074715408048742,25.02004168670836,33.25316658649992,34.652076318742985,8.6
GA,Hart County,2.9000000000000004,56137.0,14.96201354075146,35.25246782779472,31.701896738849555,18.083621892604267,14.9
GA,Heard County,3.1,56724.0,14.085213032581454,43.80952380952381,30.73934837092732,11.365914786967418,16.5
GA,Henry County,3.5,82379.0,7.559097376500837,30.280696937170816,34.12358653054092,28.036619155787424,10.3
GA,Houston County,2.9000000000000004,71237.0,6.797830518345953,27.17130168899243,33.77347845078626,32.25738934187537,12.8
GA,Irwin County,3.9,49224.0,16.363636363636363,35.94405594405594,31.06449106449106,16.627816627816628,19.4
GA,Jackson County,2.1,82138.0,12.429118491788792,31.592900802710066,28.669268723764635,27.308711981736504,8.3
GA,Jasper County,2.9000000000000004,63718.0,10.96890405764126,44.39704209328782,24.78194918467956,19.852104664391355,14.8
GA,Jeff Davis County,4.3,46143.0,21.97962154294032,37.77292576419214,28.789769182782283,11.457683510085255,19.700000000000003
GA,Jefferson County,4.0,44459.0,18.598689831956708,42.71337700560144,27.504034937814488,11.18389822462736,22.5
GA,Jenkins County,5.0,41830.0,18.88281724347298,43.943533697632056,29.35640558591378,7.817243472981178,28.9
GA,Johnson County,2.9000000000000004,42603.0,24.652320304494214,43.44898257941736,22.778509735031477,9.120187381056946,26.200000000000003
GA,Jones County,3.1,65515.0,8.30814187827489,41.712011285771865,31.57496977025393,18.40487706569932,12.7
GA,Lamar County,3.4000000000000004,61542.0,10.2993918602838,35.18634024637456,34.99922033369718,19.515047559644472,14.2
GA,Lanier County,3.8,50671.0,10.505140813589628,40.26225599761585,30.174340634778723,19.058262554015798,17.5
GA,Laurens County,4.1000000000000005,47918.0,13.907125940582189,40.15948676439728,28.12003477530953,17.813352519711007,19.200000000000003
GA,Lee County,2.8000000000000003,84260.0,8.441110139457818,26.658075205964927,31.39411791779813,33.506696736779126,9.0
GA,Liberty County,3.3000000000000003,59807.0,7.976507722956715,31.73527204988228,40.40516416134123,19.883056065819773,16.2
GA,Lincoln County,3.8,69776.0,13.146997929606624,43.02967563837129,27.67425810904072,16.149068322981368,15.1
GA,Long County,3.2,71285.0,14.160902803057882,45.112850382235166,27.903167091372406,12.823079723334546,15.1
GA,Lowndes County,3.5,52623.0,10.178310271121612,31.184610192372595,31.512262346720664,27.124817189785126,19.5
GA,Lumpkin County,2.7,71486.0,10.914619883040936,30.47953216374269,27.111111111111114,31.494736842105265,15.1
GA,McDuffie County,4.9,50593.0,14.438103003125423,40.41309960592472,27.30669927979345,17.842098111156407,19.1
GA,McIntosh County,3.0,51411.0,18.418667874943363,33.64295423652016,29.304485727231537,18.63389216130494,18.7
GA,Macon County,4.2,40089.0,23.7777522144254,39.422523869780285,25.802369722765444,10.997354193028874,31.6
GA,Madison County,2.9000000000000004,58789.0,18.06687271705535,33.693921513533766,28.055633604945207,20.183572164465676,13.0
GA,Marion County,3.6,47174.0,23.795566953654514,33.90730903095805,28.6682542590218,13.628869756365637,24.200000000000003
GA,Meriwether County,3.9,53019.0,17.759859059493156,43.19013416452094,26.013009892939422,13.036996883046484,15.9
GA,Miller County,2.7,45201.0,16.39751552795031,28.17391304347826,33.51552795031056,21.913043478260867,21.1
GA,Mitchell County,3.7,45296.0,15.51045765168772,37.10913232553323,34.52060468005798,12.859805342721058,23.8
GA,Monroe County,2.9000000000000004,76428.0,9.202575532441804,35.27984150569589,26.835066864784547,28.68251609707776,11.7
GA,Montgomery County,3.9,48356.0,14.722753346080305,37.31965930818703,27.72466539196941,20.232921953763253,20.700000000000003
GA,Morgan County,2.8000000000000003,74340.0,8.712763791816517,38.841012417724095,22.3111895229694,30.135034267489992,11.2
GA,Murray County,4.1000000000000005,62109.0,21.337368071444388,35.065318473688095,29.924717691342533,13.672595763524985,14.4
GA,Muscogee County,4.2,53740.0,11.035982543122644,26.794673871092243,32.4310483032984,29.738295282486717,20.700000000000003
GA,Newton County,3.8,72128.0,10.483580656773729,31.71073157073717,34.229297494766875,23.576390277722226,11.8
GA,Oconee County,2.4000000000000004,114758.0,3.7631512801177776,15.87489676469532,25.50181335056914,54.86013860461776,7.5
GA,Oglethorpe County,2.8000000000000003,62504.0,12.428744977104945,36.10877488085226,26.91337258200168,24.549107560041115,13.1
GA,Paulding County,2.9000000000000004,87459.0,8.624231766979474,29.056183296481365,34.8938837334819,27.425701203057265,7.7
GA,Peach County,3.8,58471.0,12.330187135141031,32.036663211304486,31.316492989252005,24.31665666430247,17.3
GA,Pickens County,2.7,71955.0,10.086750788643531,34.353312302839115,30.6782334384858,24.881703470031542,10.1
GA,Pierce County,3.1,52695.0,13.2630328234071,41.08124164562602,27.4023466508243,18.25337888014258,16.2
GA,Pike County,2.7,80626.0,9.982723653571696,37.59483211898144,31.007286111319765,21.415158116127092,11.2
GA,Polk County,3.3000000000000003,54894.0,17.875333495027892,40.40747028862479,27.247843110079344,14.469353106267974,17.3
GA,Pulaski County,3.5,46975.0,19.892331932773107,35.08403361344538,33.02258403361344,12.001050420168069,23.0
GA,Putnam County,3.8,62241.0,12.143891839690973,29.65958474167069,29.919121197489133,28.27740222114921,15.6
GA,Quitman County,5.2,41516.0,17.77777777777778,49.2063492063492,24.063492063492063,8.952380952380953,23.700000000000003
GA,Rabun County,3.0,63387.0,9.859689040576413,29.32119833143724,30.883579825559348,29.935532802427,13.0
GA,Randolph County,4.2,39188.0,16.639170398303087,31.62856469479142,36.719302380391234,15.01296252651426,26.700000000000003
GA,Richmond County,4.6000000000000005,50079.0,12.153198616099958,31.837046504624016,31.949433291463748,24.06032158781228,22.200000000000003
GA,Rockdale County,3.7,71984.0,9.99573776185139,28.203387690024783,32.69768102672581,29.10319352139801,13.0
GA,Schley County,3.3000000000000003,57510.0,15.23474928137975,33.08847013733632,32.641328648993934,19.035451932290005,15.3
GA,Screven County,5.2,52713.0,15.376508909752824,40.45794213450853,29.421345085265376,14.744203870473273,22.5
GA,Seminole County,3.8,45223.0,10.66231066231066,41.53549153549154,31.98693198693199,15.815265815265816,22.3
GA,Spalding County,3.6,55086.0,14.63263826702486,40.65285062470684,26.84746919107927,17.867041917189034,16.3
GA,Stephens County,3.6,51980.0,16.180313588850172,40.8699912891986,28.0705574912892,14.87913763066202,15.6
GA,Stewart County,3.3000000000000003,41158.0,27.128062642081336,38.94922960343521,21.59636271785805,12.32634503662541,32.5
GA,Sumter County,4.5,44677.0,15.699251383313442,35.743734403819026,27.27568623196268,21.281327980904848,26.3
GA,Talbot County,3.3000000000000003,45163.0,17.104962268465584,41.893436999771325,25.95472215870112,15.046878573061973,27.3
GA,Taliaferro County,3.8,42138.0,16.511627906976745,44.41860465116279,29.147286821705425,9.92248062015504,24.5
GA,Tattnall County,3.2,47401.0,19.237557359689376,39.61642546181904,26.503118013883984,14.6428991646076,25.700000000000003
GA,Taylor County,4.2,44035.0,22.265974583855375,38.05262215858242,21.53212815464471,18.149275102917485,26.6
GA,Telfair County,6.6000000000000005,41547.0,21.528935460824005,46.52298166230055,21.87425577518457,10.073827101690878,30.1
GA,Terrell County,4.5,53281.0,22.17004048582996,35.67611336032389,30.623481781376515,11.530364372469636,28.1
GA,Thomas County,3.5,52236.0,11.980769230769232,32.92307692307692,31.45833333333333,23.63782051282051,18.4
GA,Tift County,2.9000000000000004,52962.0,14.327291482463895,33.89330975537872,31.58709106984969,20.192307692307693,19.200000000000003
GA,Toombs County,3.8,45125.0,16.07391910739191,35.70432357043236,28.748256624825665,19.47350069735007,22.8
GA,Towns County,4.2,59273.0,6.984354228448717,26.05583392984968,34.11391757848451,32.8458942632171,11.6
GA,Treutlen County,4.3,43533.0,25.238322211630127,44.30409914204004,17.63584366062917,12.821734985700669,24.0
GA,Troup County,2.8000000000000003,55852.0,12.097690674786117,35.76559384179943,29.66314299804876,22.473572485365697,18.1
GA,Turner County,4.0,40865.0,19.368041912246238,37.360838244924686,32.18729535036019,11.083824492468894,23.9
GA,Twiggs County,4.9,48772.0,22.17217217217217,42.459125792459126,24.457791124457792,10.91091091091091,21.3
GA,Union County,2.8000000000000003,64588.0,11.151845429774584,32.10800099083478,31.023036908595493,25.717116670795143,10.7
GA,Upson County,3.5,48061.0,14.491697464994012,40.21654260579876,30.461714642652648,14.830045286554578,17.5
GA,Walker County,3.0,53407.0,14.732926955263972,35.47473912594276,29.720012397975,20.072321520818267,15.1
GA,Walton County,3.0,83037.0,12.73319032472816,32.56749759597604,29.77735039573933,24.921961683556475,10.1
GA,Ware County,3.3000000000000003,48245.0,18.46921111202704,39.51858873959278,26.996949962904957,15.01525018547523,19.9
GA,Warren County,4.1000000000000005,44367.0,22.16577540106952,37.9144385026738,27.245989304812834,12.67379679144385,24.200000000000003
GA,Washington County,4.2,48462.0,15.282534246575342,44.18521689497717,23.059360730593607,17.47288812785388,21.6
GA,Wayne County,3.3000000000000003,51102.0,13.70390217761972,44.258781117552495,28.026501680713206,14.01081502411458,19.700000000000003
GA,Webster County,3.6,45987.0,15.905147484094853,35.280508964719495,37.478311162521685,11.336032388663968,20.700000000000003
GA,Wheeler County,5.6000000000000005,35952.0,23.29908897073076,44.69858499709246,19.79065710408994,12.21166892808684,36.3
GA,White County,2.3000000000000003,62100.0,15.596785395376523,30.86615735688064,29.26381585474749,24.273241392995335,10.8
GA,Whitfield County,3.9,61680.0,24.611318177093388,30.99950997134075,25.041949423102626,19.34722242846324,15.5
GA,Wilcox County,3.5,44905.0,21.111285512478418,38.97347355203265,25.835818552817454,14.07942238267148,28.4
GA,Wilkes County,3.7,47377.0,17.983574058340412,41.54630416312659,24.723874256584537,15.746247521948456,17.8
GA,Wilkinson County,3.8,49648.0,10.380116959064328,47.01104613385315,29.922027290448344,12.68680961663418,20.6
GA,Worth County,3.2,48956.0,13.499724214009929,44.79453943739658,30.4123000551572,11.293436293436294,21.4
HI,Hawaii County,3.0,71143.0,6.911251251793109,29.642460822258908,32.54188432078383,30.90440360516416,16.5
HI,Kauai County,2.6,81939.0,7.282010701635391,29.614138216896524,32.86796292109428,30.235888160373804,9.4
HI,Maui County,4.4,89794.0,7.209169343581292,30.11150540708724,32.605661043744426,30.073664205587043,9.4
ID,Ada County,2.7,87748.0,4.934716206583629,19.579412631934527,31.584989164693795,43.90088199678806,8.0
ID,Adams County,6.0,56374.0,7.101086048454469,35.22695627958786,36.36869952659426,21.303258145363408,12.2
ID,Bannock County,3.1,62120.0,6.249669259670847,25.683089026476868,37.8613889329876,30.20585278086469,11.9
ID,Bear Lake County,2.8000000000000003,66006.0,6.9957884885353305,36.40617688348152,36.26579316799251,20.33224145999064,10.1
ID,Benewah County,5.0,56188.0,15.571913929784824,32.85673839184598,31.766704416761044,19.804643261608152,13.0
ID,Bingham County,3.1,70052.0,10.80416209567501,31.973671088062236,36.43495894418404,20.78720787207872,11.1
ID,Blaine County,2.7,98707.0,8.820083682008368,21.67921896792189,23.9721059972106,45.52859135285914,6.9
ID,Boise County,4.2,74121.0,4.424223407593348,27.580796987762785,38.04518355820521,29.94979604643866,10.1
ID,Bonner County,4.3,64860.0,8.379813003529762,29.07067604343492,33.618947538598334,28.93056341443699,10.5
ID,Bonneville County,2.6,74505.0,7.940459386629025,24.41678429359682,35.429231361478244,32.213524958295906,10.2
ID,Boundary County,4.7,62801.0,12.769353551476456,32.56185155626496,35.09291984950404,19.57587504275453,11.5
ID,Butte County,3.9,57085.0,12.408347433728144,28.313592780597855,45.45967287084039,13.818386914833615,14.6
ID,Camas County,3.2,73311.0,13.975576662143826,28.222523744911804,30.39348710990502,27.408412483039346,8.200000000000001
ID,Canyon County,3.4000000000000004,70594.0,12.28440850078988,29.98745294855709,34.89770577489419,22.83043277575884,10.1
ID,Caribou County,3.1,70354.0,9.45414847161572,35.54585152838428,39.47598253275109,15.524017467248909,9.7
ID,Cassia County,2.6,68170.0,14.62242104560326,27.10823262335581,37.370634973626224,20.898711357414705,11.5
ID,Clark County,3.2,53366.0,24.261603375527425,30.168776371308013,28.270042194092827,17.29957805907173,15.3
ID,Clearwater County,5.7,57081.0,8.885754583921015,35.811001410437235,35.85331452750353,19.449929478138223,14.5
ID,Custer County,3.8,57405.0,6.393931183960986,28.799783256570034,39.609861826063394,25.19642373340558,14.6
ID,Elmore County,3.3000000000000003,63009.0,11.881563278120602,30.39948035076324,36.51618490852008,21.202771462596083,11.8
ID,Franklin County,2.7,71669.0,5.957639596783328,42.73417148034885,29.83350322799864,21.47468569486918,7.1000000000000005
ID,Fremont County,2.6,61115.0,9.332615715823463,31.80839612486545,37.104413347685686,21.754574811625403,11.2
ID,Gem County,3.8,60771.0,10.95743156084277,32.58563852658736,34.176580192059625,22.280349720510248,10.9
ID,Gooding County,3.0,59838.0,20.21139978267312,30.435641608218905,32.30267707201423,17.05028153709375,12.8
ID,Idaho County,4.0,60907.0,8.158929976396537,34.075531077891426,35.767112509834774,21.99842643587726,13.7
ID,Jefferson County,2.6,76474.0,6.7325146823278175,26.711158569140416,39.37533368926856,27.180993059263216,7.800000000000001
ID,Jerome County,3.1,61509.0,26.60189075630252,27.15992647058824,32.878151260504204,13.360031512605042,12.3
ID,Kootenai County,3.6,75583.0,5.634559271491327,26.572770705742776,39.03309071087312,28.75957931189277,9.3
ID,Latah County,2.7,60108.0,3.0592411053832502,21.482295275923267,30.558607284712245,44.89985633398123,14.3
ID,Lemhi County,3.8,55554.0,7.325157441166722,32.21743453762016,37.53728869738151,22.92011932383162,13.0
ID,Lewis County,3.4000000000000004,55128.0,9.22092585622883,31.990967256304103,38.80316146029356,19.984945427173503,13.5
ID,Lincoln County,3.9,61658.0,17.480719794344473,36.760925449871465,34.13310482719223,11.625249928591831,12.1
ID,Madison County,2.2,52224.0,2.9659607495287723,14.98503159995565,41.72857301252911,40.32043463798647,20.6
ID,Minidoka County,2.7,60834.0,17.929515418502202,34.6769456681351,30.55800293685757,16.835535976505138,11.2
ID,Nez Perce County,2.8000000000000003,65558.0,7.070299360914902,28.718466195761856,37.45375042045072,26.75748402287252,11.0
ID,Oneida County,3.0,66175.0,5.769864820309924,35.77316188592153,32.27827233761952,26.178700956149022,10.0
ID,Owyhee County,3.9,57142.0,22.27090178897408,37.76317390775223,26.286966046002192,13.678958257271509,11.8
ID,Payette County,3.8,61725.0,13.307486173670108,33.040652260676204,34.02132390672216,19.630537658931523,11.2
ID,Power County,3.8,57426.0,11.980830670926515,33.98562300319489,37.36022364217252,16.673322683706072,12.4
ID,Shoshone County,5.2,47005.0,11.234354329907395,39.01495878701537,38.22122723109799,11.52945965197924,15.7
ID,Teton County,2.3000000000000003,95580.0,7.40566037735849,16.474056603773583,27.86556603773585,48.25471698113207,6.6000000000000005
ID,Twin Falls County,3.2,63860.0,11.347374785851052,28.89079243508348,36.75803688400685,23.00379589505862,10.5
ID,Valley County,3.7,74166.0,9.01387564876602,22.50820887617837,33.121491367439894,35.35642410761572,7.800000000000001
ID,Washington County,4.0,55072.0,11.27000787194962,30.2807662030963,39.41222776174232,19.03699816321176,13.5
IL,Adams County,3.6,61747.0,6.548884165781084,34.87646121147715,31.61751682607156,26.95713779667021,12.2
IL,Alexander County,6.300000000000001,41378.0,13.342696629213483,40.89887640449438,33.20224719101124,12.5561797752809,25.8
IL,Bond County,4.2,66071.0,10.69050122677883,32.09779179810725,35.970907816333686,21.240799158780234,13.6
IL,Boone County,7.0,83695.0,14.39498715741342,30.381890541646676,31.987919500973774,23.235202799966128,10.8
IL,Brown County,2.4000000000000004,78081.0,20.38917089678511,40.29187817258883,24.238578680203045,15.080372250423013,13.7
IL,Bureau County,5.7,63042.0,9.036093418259023,34.67091295116773,34.874734607218684,21.418259023354565,11.4
IL,Calhoun County,4.2,68525.0,6.6028708133971294,33.301435406698566,41.72248803827751,18.373205741626798,9.9
IL,Carroll County,4.4,64157.0,12.306488084884329,35.788832840494,33.744999130283524,18.159679944338144,12.9
IL,Cass County,4.4,62129.0,13.256616800920598,42.40506329113924,24.36133486766398,19.97698504027618,11.6
IL,Champaign County,4.1000000000000005,61205.0,4.862972212772665,22.34262339968305,26.237315699078184,46.5570886884661,16.2
IL,Christian County,5.1000000000000005,56888.0,9.088299224869786,44.10039781815199,30.262888077759094,16.548414879219127,12.1
IL,Clark County,4.6000000000000005,63655.0,7.961075069508805,35.26413345690454,32.502316960148285,24.272474513438368,12.0
IL,Clay County,5.300000000000001,55282.0,12.291169451073984,36.60229984812324,35.52831416793231,15.57821653287047,14.9
IL,Clinton County,3.3000000000000003,79612.0,7.964065046813995,32.09127781357795,35.49903339524658,24.445623744361477,7.5
IL,Coles County,4.4,57712.0,8.504669812877463,30.71845813669516,33.63255338107653,27.14431866935085,17.3
IL,Cook County,4.4,76614.0,11.66152495424234,22.182234185585248,24.20755112933156,41.94868973084085,13.2
IL,Crawford County,4.0,66333.0,11.831526148852992,29.41653758206093,38.113151877258986,20.6387843918271,14.2
IL,Cumberland County,3.5,79140.0,6.131749758320674,38.641071675182985,36.62477558348294,18.6024029830134,11.2
IL,DeKalb County,4.7,71882.0,7.643206499212468,25.86752880709608,33.819116306059854,32.670148387631606,12.5
IL,De Witt County,4.4,64262.0,7.247033245765015,40.01268230818009,31.37059516260531,21.36968928344959,10.8
IL,Douglas County,3.6,67796.0,13.932448733413752,32.99909529553679,32.87092882991556,20.197527141133897,9.0
IL,DuPage County,3.4000000000000004,102383.0,6.809837330578615,18.097128704245332,23.646184673976624,51.44684929119943,6.6000000000000005
IL,Edgar County,3.7,63430.0,9.921734876895483,41.51312571335399,28.42002282732757,20.14511658242296,13.6
IL,Edwards County,4.7,58387.0,8.128763316350163,36.22047244094488,41.732283464566926,13.918480778138026,13.9
IL,Effingham County,3.2,74800.0,6.839553025511281,31.62977018764495,35.53025511279781,26.000421674045963,9.8
IL,Fayette County,4.9,57729.0,12.691060676239,40.528022232515056,30.166082180903857,16.61483491034209,17.0
IL,Ford County,4.4,67135.0,8.10025817555938,36.0907917383821,36.37048192771085,19.43846815834768,11.0
IL,Franklin County,5.5,49108.0,10.786271333308218,32.33997664167577,39.75059337678484,17.123158648231172,17.900000000000002
IL,Fulton County,5.300000000000001,57362.0,9.103635689875242,37.66624119899535,35.59105694404414,17.63906616708527,11.8
IL,Gallatin County,5.4,51367.0,13.609796827163931,35.263011411077095,35.819649318118564,15.307542443640411,17.5
IL,Greene County,4.4,58196.0,9.592610137375653,44.07863571766935,29.997631454287067,16.33112269066793,13.8
IL,Grundy County,4.6000000000000005,93882.0,5.806689760917712,33.96842523709467,36.00147651768982,24.2234084842978,6.800000000000001
IL,Hamilton County,3.8,56984.0,10.976909413854353,31.91829484902309,38.6145648312611,18.490230905861456,11.3
IL,Hancock County,4.1000000000000005,63324.0,5.977267307845163,33.789046975598126,36.04641920356092,24.187266512995787,13.0
IL,Hardin County,5.5,46568.0,11.543624161073826,40.738255033557046,35.53691275167785,12.181208053691275,19.200000000000003
IL,Henderson County,4.2,61892.0,7.936507936507936,43.44973544973545,29.375661375661377,19.23809523809524,13.2
IL,Henry County,4.9,70517.0,7.926304310394307,33.71692590254261,34.0153819663663,24.34138782069678,9.6
IL,Iroquois County,4.6000000000000005,65181.0,10.857717339541775,39.82750410074607,32.5837345891317,16.731043970580455,12.3
IL,Jackson County,4.4,44756.0,7.92667588982518,22.8902024902528,34.13092692743051,35.05219469249151,20.700000000000003
IL,Jasper County,4.0,66290.0,6.932676012940996,34.40147897088276,38.09890617778463,20.566938838391614,9.4
IL,Jefferson County,4.7,58623.0,8.62162371333488,32.71031653896757,40.29486881820293,18.37319092949462,15.4
IL,Jersey County,3.9,72363.0,6.290484140233723,37.40901502504174,35.792988313856426,20.50751252086811,10.8
IL,Jo Daviess County,4.1000000000000005,67217.0,6.565687043630438,31.60943817512522,33.063786132399976,28.761088648844368,8.6
IL,Johnson County,5.800000000000001,59794.0,14.066047471620228,32.683178534571724,34.437564499484004,18.813209494324045,15.2
IL,Kane County,5.1000000000000005,93475.0,12.994820220046128,22.728793003661615,26.79729057663951,37.47909619965274,8.4
IL,Kankakee County,5.800000000000001,70494.0,9.03963457092722,35.802022115143586,34.77564548923488,20.382697824694315,11.5
IL,Kendall County,3.8,102509.0,6.39207820353207,23.52100336607184,33.64227417346798,36.44464425692812,5.1000000000000005
IL,Knox County,5.5,57666.0,10.682226211849192,34.907627265882894,34.11420628945387,20.29594023281404,16.3
IL,Lake County,5.0,101621.0,9.412675518601793,19.65893182878717,23.97446230857337,46.95393034403767,8.200000000000001
IL,Lawrence County,5.300000000000001,57460.0,14.868778280542983,35.00452488687783,35.529411764705884,14.597285067873305,18.3
IL,Lee County,4.4,67371.0,9.514865728900256,37.24824168797954,33.88347186700768,19.35342071611253,10.1
IL,Livingston County,4.1000000000000005,74418.0,9.714331121617862,40.36711828042433,31.447415471413247,18.47113512654456,11.1
IL,Logan County,4.7,53775.0,8.502602837603348,40.37460447075635,31.25446565275084,19.86832703888945,14.4
IL,McDonough County,4.6000000000000005,52812.0,5.7293224089468335,32.737276478679505,29.72908318880449,31.804317923569165,19.9
IL,McHenry County,3.7,99128.0,6.280639398476601,26.87777824421962,31.65041116848345,35.19117118882032,6.300000000000001
IL,McLean County,3.9,71825.0,4.197101010483291,22.781289028497905,26.14767437459789,46.87393558642092,11.0
IL,Macon County,6.0,60648.0,6.950669475589237,37.54011904930225,31.382640292957426,24.12657118215109,15.7
IL,Macoupin County,4.1000000000000005,69880.0,9.169431057144646,39.91362583714089,32.13995117982099,18.776991925893476,13.0
IL,Madison County,4.1000000000000005,67441.0,6.300241212022657,28.32154375694501,34.59414044502263,30.7840745860097,11.1
IL,Marion County,4.9,58489.0,9.65869514743441,36.11175605603281,36.93986533550035,17.28968346103243,16.0
IL,Marshall County,5.2,69593.0,8.989292857983292,37.40440051770796,34.88645723026239,18.71984939404636,10.2
IL,Mason County,5.2,60784.0,7.919520547945205,38.07791095890411,36.93279109589041,17.069777397260275,14.9
IL,Massac County,5.0,52880.0,10.745766069129443,34.257700307021885,38.724373576309794,16.272160047538872,17.7
IL,Menard County,3.9,78115.0,5.833817547937246,33.48053457292272,34.22428820453225,26.461359674607788,10.3
IL,Mercer County,4.7,70430.0,6.689383070301291,40.19906743185079,34.18220946915351,18.929340028694405,9.8
IL,Monroe County,3.1,100487.0,4.2255784061696655,24.22879177377892,33.31458868894602,38.2310411311054,4.9
IL,Montgomery County,5.1000000000000005,56381.0,10.048455777984437,41.17272771768391,30.57608536048162,18.20273114385003,14.7
IL,Morgan County,4.2,64842.0,10.37326388888889,39.44878472222222,26.91840277777778,23.25954861111111,13.9
IL,Moultrie County,3.6,75505.0,14.31215299198026,34.639111659469464,32.264034546576184,18.78470080197409,11.0
IL,Ogle County,5.4,78577.0,8.959875340864823,32.86493405309144,34.13378596471701,24.04140464132673,9.2
IL,Peoria County,5.5,65421.0,6.647561156901934,27.674633719297663,31.211080094481424,34.46672502931897,16.8
IL,Perry County,5.300000000000001,53051.0,14.653058519451257,33.79945655775731,39.28689774007555,12.260587182715886,17.0
IL,Piatt County,3.8,85430.0,3.963389033504072,33.20178016626081,30.951381308254263,31.88344949198085,6.800000000000001
IL,Pike County,4.5,54244.0,8.209247648902823,42.36873040752351,30.58385579937304,18.838166144200628,15.0
IL,Pope County,3.9,54878.0,8.26648064178584,38.12347401464946,36.763167073596094,16.846878269968606,16.1
IL,Pulaski County,7.7,44873.0,12.595097210481828,42.32178078331925,33.16427162581009,11.91885038038884,22.4
IL,Putnam County,5.6000000000000005,83029.0,6.413359148112294,34.874152952565346,34.14811229428848,24.56437560503388,8.8
IL,Randolph County,4.0,62575.0,12.11940572267058,39.59556126192223,34.07465150403522,14.210381511371972,11.8
IL,Richland County,4.2,56831.0,8.085340170314073,33.055580990751764,39.996337331746176,18.862741507187984,13.1
IL,Rock Island County,5.1000000000000005,62652.0,9.774053294504576,30.70899815699172,35.45296255943956,24.063985989064136,14.8
IL,St. Clair County,4.6000000000000005,67185.0,7.255069162665323,27.011497541964022,34.98995610445652,30.743477190914135,13.4
IL,Saline County,5.0,50979.0,11.238990017615972,30.58132706987669,37.94480328831474,20.2348796241926,18.5
IL,Sangamon County,4.3,73684.0,6.291906436682436,28.20572815746949,30.382486491229358,35.11987891461872,11.9
IL,Schuyler County,4.3,62968.0,7.9689570319894,40.015142911224686,33.08726102593224,18.92863903085368,13.7
IL,Scott County,5.1000000000000005,64853.0,6.816195747159918,45.441304981066125,25.517040489367897,22.22545878240606,11.4
IL,Shelby County,4.4,65396.0,5.507631055076311,42.52156602521566,34.379562043795616,17.59124087591241,10.6
IL,Stark County,5.6000000000000005,59234.0,8.289334741288279,38.09398099260824,34.34530095036959,19.271383315733896,11.3
IL,Stephenson County,5.0,60988.0,8.524120362999522,31.96624741283235,37.77742397707372,21.73220824709441,12.7
IL,Tazewell County,4.5,73285.0,5.999717148420927,30.326040839416457,35.3205469914383,28.35369502072432,8.9
IL,Union County,5.4,51116.0,12.964478638074972,34.87477492224586,31.265346210509087,20.89540022917008,15.9
IL,Vermilion County,5.800000000000001,52083.0,9.265449046993751,41.47865186423142,33.02295969121802,16.2329393975568,19.5
IL,Wabash County,3.4000000000000004,63777.0,7.183170856849666,32.324268855823505,41.790661877886095,18.70189840944074,14.4
IL,Warren County,4.2,57357.0,13.428703276419013,34.37009690816797,30.170742962621134,22.030456852791875,12.1
IL,Washington County,2.8000000000000003,71958.0,6.817027329066342,31.768769684039416,37.01107385959565,24.403129127298588,8.700000000000001
IL,Wayne County,4.6000000000000005,53359.0,9.845799361928394,33.65827720666431,40.287132222616094,16.208791208791208,12.7
IL,White County,4.1000000000000005,54611.0,13.455502683000912,34.35253619520097,37.26840133643819,14.923559785359927,14.9
IL,Whiteside County,4.7,62038.0,8.987635239567233,37.83616692426584,33.10407006697579,20.07212776919114,11.4
IL,Will County,4.2,97076.0,8.496645357504153,25.6751525469404,29.369643747019104,36.45855834853634,7.2
IL,Williamson County,4.4,64152.0,7.563865003851679,28.08394578501385,36.8949220295226,27.45726718161188,16.8
IL,Winnebago County,6.2,62557.0,11.353313756868594,30.799268730999696,33.25150578230764,24.59591172982407,14.7
IL,Woodford County,4.0,85892.0,5.203829524397777,27.11164298949969,31.60515750463249,36.079369981470045,6.9
IN,Adams County,2.7,60620.0,13.031976609272752,45.65832830556458,26.07787627047849,15.231818814684178,11.4
IN,Allen County,3.1,65967.0,9.670854646457505,27.99581987758213,31.198485098492167,31.1348403774682,13.0
IN,Bartholomew County,2.8000000000000003,68910.0,7.854402712106342,31.37835667766973,25.386742795967525,35.3804978142564,10.0
IN,Benton County,2.6,62248.0,10.412773908612197,40.63190079836929,30.151180567351798,18.804144725666724,9.9
IN,Blackford County,4.0,54825.0,10.481856038072577,49.4824509220702,26.543723973825102,13.491969066032125,15.7
IN,Boone County,2.5,102805.0,5.005866249511145,19.37714838523764,25.1301895724842,50.48679579276701,4.7
IN,Brown County,3.3000000000000003,74161.0,6.422474517278529,39.16466395955913,28.43291621778404,25.979945305378305,9.9
IN,Carroll County,2.9000000000000004,64731.0,10.273117981422432,44.35047830306391,29.90433938721752,15.472064328296131,9.2
IN,Cass County,3.7,60452.0,14.219320145957363,43.24563088150566,26.89456500864221,15.640483963894756,13.1
IN,Clark County,3.1,68493.0,9.25035228900509,33.095368418600856,32.19280981052092,25.461469481873127,9.4
IN,Clay County,3.4000000000000004,59057.0,9.212312035177243,42.21812062320178,31.561804462298465,17.007762879322513,12.6
IN,Clinton County,2.6,60916.0,13.64639586757455,43.63935196055412,26.001408781404084,16.712843390467246,11.4
IN,Crawford County,3.6,53547.0,14.41429516876241,46.88285903375248,27.557908669755125,11.14493712772998,17.7
IN,Daviess County,2.4000000000000004,63777.0,22.823585810162992,33.7823585810163,28.28379674017258,15.11025886864813,10.6
IN,Dearborn County,3.3000000000000003,77621.0,8.75017534015991,37.977275915275634,27.23523635853556,26.03731238602889,7.9
IN,Decatur County,2.7,65847.0,9.456840706494656,44.02856984663086,26.438181717512872,20.07640772936161,10.6
IN,Delaware County,3.8,54059.0,9.053486218930276,34.15426251691475,31.10177337796453,25.690477886190443,19.4
IN,Dubois County,2.5,71171.0,10.765606595995289,37.42217735150597,27.5012619888945,24.31095406360424,7.7
IN,Elkhart County,4.0,63777.0,17.79906574209283,36.91159718346471,25.55753484353856,19.731802230903902,11.7
IN,Fayette County,4.4,54892.0,14.123705020535768,42.30981425856679,27.125605345430024,16.440875375467417,16.1
IN,Floyd County,2.8000000000000003,74264.0,7.454496548013988,30.531695507935087,30.705639738187035,31.308168205863897,10.2
IN,Fountain County,3.1,63973.0,10.341865658821508,43.98728740766191,31.99622058065624,13.674626352860331,10.6
IN,Franklin County,3.1,74779.0,11.27542743042556,40.7962061649819,28.4412829152627,19.48708348932984,8.8
IN,Fulton County,3.5,62412.0,12.701226863343026,41.70626196723637,29.35252818949011,16.239982979930502,11.0
IN,Gibson County,2.4000000000000004,66247.0,9.277846864451943,40.255818084917394,31.47983656066797,18.986498489962692,11.0
IN,Grant County,3.5,51053.0,11.236032240337058,37.28704891005678,31.09543872504122,20.381480124564938,20.0
IN,Greene County,3.9,61663.0,11.858463500159388,39.710369324650486,33.79479939887973,14.636367776310395,11.9
IN,Hamilton County,2.5,117068.0,2.7090296763615926,14.200960900559046,21.25559363287176,61.83441579020761,4.800000000000001
IN,Hancock County,2.8000000000000003,87845.0,6.507855521736835,29.34956631890076,29.94598779007372,34.19659036928869,5.7
IN,Harrison County,2.8000000000000003,72259.0,8.218447981807845,39.742040932347926,30.03126776577601,22.00824332006822,8.6
IN,Hendricks County,2.7,94760.0,6.512523447894028,26.461619825969112,27.44167981952352,39.58417690661334,5.6000000000000005
IN,Henry County,3.4000000000000004,54714.0,9.367407026269902,42.94085698767973,30.99505474087414,16.69668124517623,12.7
IN,Howard County,5.0,56960.0,7.932750457891282,38.18467705705498,33.902961606248056,19.97961087880568,12.7
IN,Huntington County,3.0,59491.0,6.963821234334358,42.87459604319382,27.047371324978325,23.1142113974935,8.9
IN,Jackson County,2.8000000000000003,66082.0,10.83131557707829,39.52865213882163,29.365617433414045,20.27441485068604,10.1
IN,Jasper County,3.6,75738.0,6.932681393521348,45.07552606304025,29.909194097616343,18.08259844582205,8.700000000000001
IN,Jay County,3.1,57690.0,13.133194278903456,46.98301549463647,27.19755661501788,12.686233611442194,13.4
IN,Jefferson County,3.1,64214.0,11.368040304870172,38.82788614735392,31.70133057744477,18.102742970331136,12.1
IN,Jennings County,3.4000000000000004,63597.0,12.39838464362511,42.8541459065401,31.12183353437877,13.625635915456025,13.4
IN,Johnson County,2.7,83036.0,7.254674590520366,30.83327293810697,28.597441658211338,33.31461081316133,7.2
IN,Knox County,3.0,58238.0,9.90429832522069,35.999504991337346,36.30888540549459,17.787311277947364,15.7
IN,Kosciusko County,3.4000000000000004,71611.0,11.9672494732562,35.935016449192325,27.47384763242524,24.623886445126235,9.4
IN,Lake County,5.0,66169.0,9.776864012576327,34.652068583227255,30.67503915438265,24.89602824981376,14.3
IN,Lawrence County,3.8,60141.0,9.649013240069948,38.427429427929056,31.45453409942543,20.46902323257557,12.1
IN,Madison County,3.6,58926.0,9.518888755941829,39.43088988720046,30.999749817802098,20.050471539055614,13.0
IN,Marion County,3.3000000000000003,62776.0,12.302238612572229,27.0709875622164,26.56556026568701,34.06121355952435,15.6
IN,Marshall County,3.4000000000000004,70938.0,13.881275594105697,38.1066004578725,27.562635024022185,20.449488923999613,10.6
IN,Martin County,2.8000000000000003,64216.0,11.28773516114919,40.688347673909874,34.86947644742599,13.154440717514948,13.2
IN,Miami County,3.9,60835.0,12.54671225252445,40.87620259203308,30.46433966764729,16.112745487795184,15.2
IN,Monroe County,3.3000000000000003,64299.0,5.17303619561032,21.426164805544857,24.280419715055835,49.12037928378899,17.7
IN,Montgomery County,2.8000000000000003,66283.0,11.058506543494996,41.08160123171671,28.32178598922248,19.53810623556582,10.9
IN,Morgan County,3.0,75542.0,9.560641728155725,39.45718185594746,30.420763189650057,20.56141322624676,9.8
IN,Newton County,3.9,66837.0,11.64259927797834,48.15483353389491,26.534296028880867,13.668271159245888,10.2
IN,Noble County,3.7,69567.0,17.368042301555022,39.43869090453991,25.41534995776102,17.77791683614405,10.6
IN,Ohio County,3.0,70618.0,6.522727272727273,42.93181818181818,31.590909090909093,18.954545454545453,9.2
IN,Orange County,3.4000000000000004,54128.0,14.24938235721552,43.10419997093446,27.452405173666616,15.194012498183405,13.7
IN,Owen County,3.7,62460.0,12.960358056265983,43.15856777493606,26.886189258312022,16.994884910485933,12.5
IN,Parke County,3.3000000000000003,64700.0,15.937256261374468,39.70881358869919,30.141260074529857,14.21267007539648,15.2
IN,Perry County,3.0,55503.0,8.80708632832353,46.30073331881217,28.41065853481449,16.481521818049806,14.3
IN,Pike County,3.3000000000000003,63487.0,9.76321007815234,48.06952058789221,26.44348536101715,15.723783972938293,10.8
IN,Porter County,3.7,84352.0,6.190515463917526,34.15092783505155,29.57773195876289,30.08082474226804,9.3
IN,Posey County,2.7,75907.0,6.734739426403304,35.26392143733958,32.72514228322732,25.2761968530298,9.3
IN,Pulaski County,2.9000000000000004,60487.0,10.466582597730138,46.658259773013874,29.22159807405709,13.6535595551989,11.3
IN,Putnam County,3.2,68301.0,9.178038968210146,38.56590676027452,32.3735899660803,19.88246430543504,10.8
IN,Randolph County,3.2,56920.0,9.36747518646855,44.04768896458566,32.17830504492864,14.406530804017148,14.6
IN,Ripley County,3.5,63571.0,9.37641780511166,42.2140444623683,29.05177194132177,19.35776579119827,10.3
IN,Rush County,2.7,61653.0,9.161147902869756,44.81236203090508,29.266428935303107,16.760061130922058,10.8
IN,St. Joseph County,3.9,61028.0,8.80519392993137,29.697732148674,28.872701539982256,32.62437238141238,14.2
IN,Scott County,3.5,57837.0,15.962386129885395,42.90919776667646,28.76285630326183,12.365559800176316,14.5
IN,Shelby County,2.8000000000000003,66045.0,9.63630613535737,41.31878557874763,29.62681846932321,19.41808981657179,11.2
IN,Spencer County,2.9000000000000004,70440.0,6.921392753725546,38.35016597217318,33.48400310756409,21.244438166537183,8.700000000000001
IN,Starke County,4.1000000000000005,58523.0,14.152505981228144,43.58014845714987,29.70983375253052,12.557511809091467,13.1
IN,Steuben County,2.7,73250.0,7.872922364822217,37.285924679150014,30.166210814222595,24.67494214180517,10.2
IN,Sullivan County,3.8,55497.0,11.904604611217549,42.10874017308582,31.697165884917748,14.289489330778888,15.6
IN,Switzerland County,3.2,63246.0,17.605736865212936,47.02180594175326,25.37684765110493,9.995609541928877,12.8
IN,Tippecanoe County,2.9000000000000004,56088.0,8.049313864988493,27.18278789499317,24.703725278608054,40.06417296141028,17.1
IN,Tipton County,3.0,65025.0,8.266860043509789,37.1464829586657,29.70449601160261,24.882160986221898,9.0
IN,Union County,2.9000000000000004,61171.0,10.141181149333864,36.011135414595344,33.26705110359913,20.580632332471662,11.2
IN,Vanderburgh County,3.2,57997.0,8.628031995854787,32.549629197836715,31.740017487612946,27.082321318695552,13.8
IN,Vermillion County,4.1000000000000005,58280.0,7.393749423803817,43.20088503733752,32.21167142988845,17.193694108970224,12.5
IN,Vigo County,3.8,52286.0,9.58797994709072,33.56231456174454,30.978237039418875,25.871468451745866,20.200000000000003
IN,Wabash County,3.1,64025.0,8.18656681921139,41.977534322562754,28.23464151990015,21.601257338325706,11.8
IN,Warren County,2.9000000000000004,73539.0,7.980132450331126,42.51655629139073,32.2682119205298,17.235099337748345,9.6
IN,Warrick County,2.9000000000000004,84567.0,4.505349683933078,28.868190042216717,31.12421541691796,35.50224485693225,8.3
IN,Washington County,3.1,65342.0,11.926698905573938,42.88114023924663,31.37185034359888,13.820310511580557,13.0
IN,Wayne County,3.4000000000000004,51622.0,11.65500651056035,36.67983491867317,31.449316942905696,20.215841627860783,17.3
IN,Wells County,2.7,68879.0,6.690436241610738,43.95973154362416,30.48972315436241,18.860109060402685,8.6
IN,White County,2.7,66167.0,9.703250117757891,41.19759773904851,30.781912388130007,18.31723975506359,10.8
IN,Whitley County,2.7,72448.0,7.906724058673575,36.48710769359354,32.830456767938486,22.775711479794392,8.5
IA,Adair County,2.4000000000000004,66997.0,5.459387483355526,40.51740536427621,34.011793798744534,20.011413353623738,9.8
IA,Adams County,2.2,58973.0,7.425555974368639,34.41387108933283,33.697700716170374,24.46287222012816,11.6
IA,Allamakee County,3.8,60743.0,7.456049638055842,41.2306101344364,31.458117890382624,19.855222337125127,11.1
IA,Appanoose County,3.3000000000000003,53589.0,10.31267765776009,36.6685616827743,33.67822626492325,19.340534394542352,16.1
IA,Audubon County,2.2,60504.0,7.972270363951472,36.24659569200297,35.1572171329537,20.623916811091856,10.2
IA,Benton County,3.3000000000000003,82762.0,5.298050139275766,33.19777158774374,36.57381615598886,24.930362116991645,8.0
IA,Black Hawk County,3.2,62020.0,6.747536012130402,30.789318507286666,32.32607675367342,30.137068726909515,14.2
IA,Boone County,2.5,74896.0,4.271803999581196,31.515024604753428,35.47796042299235,28.73521097267302,8.200000000000001
IA,Bremer County,2.5,83797.0,4.138513513513513,30.501930501930502,30.13392857142857,35.22562741312741,7.800000000000001
IA,Buchanan County,2.9000000000000004,70498.0,5.363708456491962,36.104102083483525,36.21224136688054,22.319948093143967,8.8
IA,Buena Vista County,2.4000000000000004,67552.0,19.45379436964504,31.754895960832314,26.72123623011016,22.07007343941249,12.2
IA,Butler County,3.1,67233.0,6.431535269709543,36.92946058091287,36.198379766844496,20.44062438253309,7.9
IA,Calhoun County,2.7,64634.0,6.287170773152082,35.57065986972529,36.64684225431889,21.49532710280374,11.6
IA,Carroll County,2.4000000000000004,73643.0,4.982561036372696,38.59349419887537,33.02726172681329,23.396683037938644,9.3
IA,Cass County,2.7,61204.0,6.986093003042155,37.48370273794003,33.96349413298566,21.56671012603216,14.8
IA,Cedar County,3.0,71563.0,4.232484317134003,40.994633814526495,33.29302395888444,21.47985790945507,7.9
IA,Cerro Gordo County,3.1,63279.0,5.525997976303163,35.868394425041615,34.34082971570324,24.264777882951982,10.7
IA,Cherokee County,2.5,65985.0,6.930098486668268,39.46673072303627,31.972135479221716,21.631035311073745,9.9
IA,Chickasaw County,2.5,74077.0,6.805962854349951,42.37536656891496,31.732649071358747,19.086021505376344,8.8
IA,Clarke County,2.9000000000000004,65129.0,13.89841071985042,42.92614521657837,27.157993144281704,16.017450919289498,10.5
IA,Clay County,2.9000000000000004,68542.0,5.10230965135681,32.695178712566964,36.16404671994379,26.03846491613243,10.5
IA,Clayton County,4.0,64486.0,9.192861820563197,43.84413883431565,31.221349050425676,15.74165029469548,10.5
IA,Clinton County,3.7,61136.0,7.335464051881963,36.205666056412326,34.35938809073137,22.09948180097434,13.3
IA,Crawford County,4.800000000000001,67363.0,16.006398795520845,35.663875035287475,30.06492895454973,18.264797214641952,11.2
IA,Dallas County,2.2,109138.0,3.919423536962483,18.0217632300601,26.43240562459887,51.62640760837856,6.0
IA,Davis County,2.4000000000000004,65201.0,19.6916608269096,31.867554309740715,30.816398037841623,17.624386825508058,11.6
IA,Decatur County,2.4000000000000004,51749.0,10.966659677081148,37.53407422939819,27.238414762004616,24.260851331516044,18.3
IA,Delaware County,2.6,74017.0,7.824944576730437,43.57500615814106,28.86115444617785,19.73889481895065,8.700000000000001
IA,Des Moines County,4.2,59688.0,6.035985902429976,36.25672416991282,33.87126692635874,23.83602300129846,14.3
IA,Dickinson County,2.9000000000000004,75406.0,2.6868808165716,27.319123386370457,37.68387871510057,32.310117081957365,7.9
IA,Dubuque County,2.9000000000000004,73492.0,5.925391745917279,32.52505220774928,28.68496567058788,32.86459037574556,9.6
IA,Emmet County,3.1,56834.0,12.331260427726376,34.46079174882451,37.5549825572577,15.652965266191416,9.8
IA,Fayette County,3.2,56599.0,6.569343065693431,43.58180343581803,31.65966231659662,18.18919118189191,13.9
IA,Floyd County,3.4000000000000004,64553.0,5.314143371159701,42.88218470338592,33.30565550327521,18.49801642217917,11.5
IA,Franklin County,2.8000000000000003,63775.0,8.36758661186142,37.80093951849677,35.598943041691136,18.23253082795068,11.3
IA,Fremont County,2.3000000000000003,69018.0,5.0371944739638685,35.19659936238045,38.61849096705632,21.14771519659936,9.8
IA,Greene County,2.2,63562.0,6.996148908857509,31.91591784338896,41.28690629011553,19.801026957638,10.7
IA,Grundy County,2.8000000000000003,79386.0,2.794271742927,34.56747001979276,37.94388170916289,24.69437652811736,6.7
IA,Guthrie County,3.0,72701.0,5.103502148157792,32.93841947663065,37.69040489519594,24.267673480015624,9.9
IA,Hamilton County,2.7,68795.0,7.437858508604206,31.921606118546848,38.67112810707457,21.96940726577438,8.5
IA,Hancock County,2.8000000000000003,67498.0,8.439531859557867,34.91547464239272,35.266579973992194,21.378413524057216,9.9
IA,Hardin County,3.1,59622.0,6.30527350147396,33.59810022928267,38.90435637078284,21.19226989846053,10.4
IA,Harrison County,2.7,73457.0,6.488287758502401,38.88072135646379,33.401940605704205,21.22905027932961,9.8
IA,Henry County,3.3000000000000003,63702.0,8.561099060014461,33.48517715112075,35.42299349240781,22.530730296456976,12.7
IA,Howard County,3.2,66979.0,8.199559332703808,41.02927289896128,32.05854579792257,18.71262197041234,9.9
IA,Humboldt County,2.7,71521.0,6.422018348623854,35.448939690178975,38.862986915325614,19.26605504587156,9.6
IA,Ida County,2.1,67696.0,6.636980491942324,38.16793893129771,34.499575911789655,20.69550466497031,9.4
IA,Iowa County,2.8000000000000003,72948.0,5.256355019388194,34.674709177078846,35.82076691081431,24.248168892718656,7.6
IA,Jackson County,3.5,64792.0,6.167464809171383,41.61224785952692,33.863009722826874,18.357277608474824,9.3
IA,Jasper County,3.0,69047.0,6.630373568612728,39.90613853951567,33.549840435517176,19.913647456354425,9.6
IA,Jefferson County,2.7,59603.0,4.616169344554961,23.607923148856585,30.145371078806427,41.630536427782026,14.1
IA,Johnson County,2.4000000000000004,74909.0,3.755349693916247,15.804756487350344,25.87139064954765,54.56850316918577,15.5
IA,Jones County,3.5,70671.0,5.602874634016502,39.33324461006122,34.315943571998936,20.747937183923344,10.3
IA,Keokuk County,3.3000000000000003,65653.0,5.691756272401434,44.28673835125448,34.13620071684588,15.885304659498209,11.1
IA,Kossuth County,2.5,65510.0,5.317406800886235,33.12782968885464,39.39890183989982,22.15586167035931,10.2
IA,Lee County,4.1000000000000005,59017.0,5.836772509054156,37.58106628484798,35.54282826581319,21.03933294028468,14.4
IA,Linn County,3.5,74134.0,4.719914694182475,26.06999418949896,34.37709513258797,34.8329959837306,9.9
IA,Louisa County,3.2,70953.0,12.395041983206715,39.42423030787685,31.72064507530321,16.460082633613222,9.8
IA,Lucas County,2.4000000000000004,60245.0,7.460239383505493,47.31923266109198,30.74274471224791,14.477783243154615,13.7
IA,Lyon County,2.0,74061.0,4.603646708909867,40.87676192939351,33.751454804086386,20.76813655761024,7.800000000000001
IA,Madison County,3.5,80887.0,4.704748554406868,33.69546171368495,36.10478359908883,25.49500613281934,7.0
IA,Mahaska County,2.6,68759.0,5.9704554780467785,38.72931199562304,32.300642866912874,22.99958965941732,11.7
IA,Marion County,2.2,73451.0,5.419314418687908,32.690414391837464,28.823950595184822,33.066320594289806,8.0
IA,Marshall County,6.300000000000001,69818.0,12.970853286075185,34.54620866483164,31.03578296444327,21.4471550846499,12.0
IA,Mills County,2.7,75835.0,4.37548942834769,27.36883320281911,36.207909162098666,32.04776820673453,8.5
IA,Mitchell County,2.3000000000000003,65132.0,7.077688692286426,34.019905999447055,36.1902128836052,22.71219242466132,9.2
IA,Monona County,2.8000000000000003,60237.0,6.405462526418469,39.4082263046659,35.441391643635185,18.744919525280444,12.6
IA,Monroe County,2.8000000000000003,66176.0,5.413707045498176,41.29391437895949,33.30773660971396,19.984641965828374,10.2
IA,Montgomery County,2.6,58895.0,7.371041349744158,35.52758954501452,38.37643479463421,18.724934310607107,13.0
IA,Muscatine County,3.2,69096.0,9.517375186224578,35.155735717007936,32.612687523819424,22.714201572948063,11.7
IA,O'Brien County,2.4000000000000004,67470.0,9.711857379767826,35.61359867330017,32.21393034825871,22.4606135986733,9.1
IA,Osceola County,1.9,64993.0,14.425087108013935,36.23693379790941,33.983739837398375,15.354239256678282,10.5
IA,Page County,2.6,60567.0,6.8181818181818175,41.82879377431907,32.543332154227095,18.80969225327202,13.8
IA,Palo Alto County,2.5,65438.0,6.086527389373252,32.25859516367824,41.12518506333279,20.52969238361573,10.7
IA,Plymouth County,2.1,79431.0,5.809556548642146,36.31259310186777,33.99793743554486,23.87991291394523,8.700000000000001
IA,Pocahontas County,2.3000000000000003,61927.0,8.587825374052061,36.03197376511581,36.72883787661407,18.65136298421808,11.1
IA,Polk County,2.9000000000000004,77369.0,7.507765614162068,24.27063542326367,28.67607587683585,39.54552308573841,11.5
IA,Pottawattamie County,2.9000000000000004,68712.0,8.957399454562553,33.91899940440739,33.58358672141939,23.54001441961067,11.6
IA,Poweshiek County,2.9000000000000004,69566.0,5.359927768201592,39.046211934663056,27.43166707707461,28.16219322006074,10.3
IA,Ringgold County,2.2,60061.0,6.55534941249227,34.941249226963514,33.27149041434756,25.231910946196663,14.1
IA,Sac County,2.4000000000000004,72499.0,7.823571945046999,33.10195227765726,37.88864786695589,21.18582791033984,10.0
IA,Scott County,3.5,68576.0,5.84370794078062,25.7478129205922,32.181191117092865,36.22728802153432,11.0
IA,Shelby County,2.4000000000000004,71628.0,4.700751150957112,36.64889750424037,35.32832566028592,23.3220256845166,8.8
IA,Sioux County,1.9,75994.0,9.381003701794668,27.59008481327023,32.64139449885198,30.387516986083124,6.9
IA,Story County,2.1,68720.0,2.905338511918361,15.830858274312694,27.926281319016063,53.33752189475287,14.9
IA,Tama County,3.9,66295.0,8.520639261601573,40.26151610973422,31.817793350995643,19.400051277668577,12.3
IA,Taylor County,2.2,56021.0,7.950401167031364,41.2837345003647,35.27838560661318,15.48747872599076,13.0
IA,Union County,3.0,55812.0,6.960157402852926,33.98917855386129,34.948352188883426,24.10231185440236,13.7
IA,Van Buren County,3.1,64550.0,10.740375123395854,36.72260612043436,33.16880552813426,19.36821322803554,14.8
IA,Wapello County,3.5,61555.0,12.309486133089033,38.069459481968856,30.194886316315483,19.426168068626637,13.8
IA,Warren County,2.6,90943.0,3.2841785332357745,28.991951370518372,35.03968030618563,32.68418979006022,5.800000000000001
IA,Washington County,2.6,70539.0,6.752516668845601,35.82821283827952,32.52059092691855,24.89867956595633,9.5
IA,Wayne County,2.9000000000000004,58000.0,11.556064073226544,39.45080091533181,32.951945080091534,16.041189931350115,14.7
IA,Webster County,3.1,67110.0,7.678679283269579,32.583048117576006,39.22689752365613,20.51137507549829,14.0
IA,Winnebago County,3.8,66776.0,5.302505883981725,30.652083621763808,38.93119202547418,25.114218468780287,11.4
IA,Winneshiek County,3.2,72032.0,4.593929450369156,31.76970691326721,32.11276008650906,31.52360354985457,7.9
IA,Woodbury County,2.9000000000000004,66830.0,12.89658441212193,32.55621056373493,31.149095002518,23.398110021625143,12.9
IA,Worth County,3.0,71329.0,5.781424841477061,34.9869451697128,39.1644908616188,20.067139127191343,9.2
IA,Wright County,2.6,67291.0,7.296636797393227,35.20307226812522,33.992784824857445,23.507506109624117,11.0
KS,Allen County,2.8000000000000003,50995.0,6.467079873698983,35.34089580166063,36.919658519471405,21.272365805168985,16.0
KS,Anderson County,2.1,59683.0,10.526315789473683,44.52554744525548,29.13945447560507,15.808682289665771,11.6
KS,Atchison County,3.4000000000000004,59085.0,5.697347266881029,40.72548231511254,30.65715434083601,22.92001607717042,13.6
KS,Barber County,2.4000000000000004,59845.0,5.984419263456091,32.259206798866856,34.63172804532578,27.124645892351275,11.7
KS,Barton County,2.7,56711.0,9.747292418772563,28.199604052637707,40.380808198439496,21.672295330150227,15.0
KS,Bourbon County,3.4000000000000004,44954.0,8.997456549385333,31.35862653666808,35.332768122085625,24.31114879186096,15.4
KS,Brown County,2.8000000000000003,56391.0,4.957528957528957,38.87258687258687,37.86872586872587,18.301158301158303,12.2
KS,Butler County,2.7,80214.0,5.947567207287269,28.153743612530548,33.32814930015552,32.57053988002666,9.2
KS,Chase County,2.3000000000000003,58580.0,7.4252136752136755,32.37179487179488,30.929487179487182,29.27350427350428,11.4
KS,Chautauqua County,2.8000000000000003,49457.0,10.62681610626816,38.72976338729763,32.29555832295558,18.34786218347862,14.7
KS,Cherokee County,2.7,54965.0,9.10179640718563,34.371257485029936,36.40718562874252,20.119760479041915,15.2
KS,Cheyenne County,2.5,56500.0,12.150537634408602,29.89247311827957,36.344086021505376,21.61290322580645,12.2
KS,Clark County,2.0,58914.0,7.559395248380129,26.421886249100076,35.06119510439165,30.95752339812815,12.2
KS,Clay County,2.5,59021.0,6.790665028952447,35.14651693279523,34.70784348131251,23.354974556939812,11.0
KS,Cloud County,2.8000000000000003,52483.0,4.187689202825428,30.92835519677094,42.48234106962664,22.401614530776992,12.1
KS,Coffey County,3.3000000000000003,69100.0,7.798784604996624,32.4780553679946,38.50438892640108,21.218771100607697,9.8
KS,Comanche County,2.6,53657.0,4.837430610626488,30.84853291038858,45.12291831879461,19.191118160190328,12.1
KS,Cowley County,3.0,56416.0,8.413969035890217,30.977304714989444,36.35204081632653,24.256685432793805,15.2
KS,Crawford County,2.8000000000000003,51835.0,5.776620271539578,28.78490308257194,33.4642643668346,31.97421227905388,17.3
KS,Decatur County,2.9000000000000004,51152.0,5.847145488029466,29.51197053406998,36.83241252302026,27.80847145488029,13.9
KS,Dickinson County,2.8000000000000003,63136.0,7.583774250440917,31.868721723794184,38.61667050072848,21.930833525036423,10.5
KS,Doniphan County,2.5,64608.0,7.078222400965212,35.27046048662779,36.15523828674844,21.49607882565856,12.3
KS,Douglas County,2.6,67482.0,4.113633474127336,19.450762124058823,24.40492166862083,52.03068273319301,13.3
KS,Edwards County,2.3000000000000003,55777.0,12.305374183827222,32.79758915118031,34.20391762933199,20.693119035660477,12.0
KS,Elk County,2.5,47094.0,7.975460122699387,37.646402677077525,33.798103736754044,20.580033463469046,17.1
KS,Ellis County,1.9,61675.0,4.719218090336013,27.58082239315251,28.15337458793592,39.54658492857556,15.6
KS,Ellsworth County,2.4000000000000004,63636.0,6.919642857142858,33.563311688311686,37.45941558441558,22.05762987012987,12.3
KS,Finney County,2.1,69966.0,28.851963746223564,22.91629642793673,28.496534565487824,19.735205260351872,11.9
KS,Ford County,2.1,67714.0,23.045185663866384,27.96639658000696,28.27459362728041,20.71382412884625,11.6
KS,Franklin County,2.5,67263.0,7.770787281074647,35.1414158589809,31.79164541177804,25.29615144816641,11.1
KS,Geary County,3.8,60026.0,6.586000918976873,25.557767907285445,43.47781691938531,24.37841425435237,11.0
KS,Gove County,2.3000000000000003,64037.0,5.555555555555555,37.93650793650794,35.55555555555556,20.952380952380956,9.4
KS,Graham County,2.6,53233.0,4.631217838765009,30.53173241852487,37.44997141223556,27.38707833047456,12.7
KS,Grant County,2.7,66022.0,18.87661141804788,30.386740331491712,25.16114180478821,25.57550644567219,11.2
KS,Gray County,2.0,77761.0,22.231520223152025,23.82147838214784,29.009762900976288,24.93723849372385,8.700000000000001
KS,Greeley County,1.8,72300.0,10.361445783132533,22.289156626506024,33.855421686746986,33.49397590361446,11.1
KS,Greenwood County,2.7,52145.0,7.534562211981568,37.16589861751152,36.31336405529954,18.986175115207374,14.3
KS,Hamilton County,1.8,63442.0,14.163372859025031,36.56126482213439,28.458498023715418,20.816864295125164,11.5
KS,Harper County,2.3000000000000003,52893.0,10.277324632952691,37.302882001087546,30.75040783034258,21.669385535617185,14.1
KS,Harvey County,2.9000000000000004,73854.0,8.17161716171617,25.232123212321238,35.106710671067106,31.48954895489549,8.200000000000001
KS,Haskell County,2.0,69971.0,25.17123287671233,23.886986301369863,28.72431506849315,22.21746575342466,10.8
KS,Hodgeman County,2.2,67478.0,4.675324675324675,29.783549783549784,37.142857142857146,28.3982683982684,10.4
KS,Jackson County,2.3000000000000003,70445.0,6.015121191905715,38.34778741383144,34.61196353124305,21.02512786301979,10.5
KS,Jefferson County,2.5,75774.0,4.813284358738904,35.55249464340374,35.070400979491886,24.563820018365472,8.3
KS,Jewell County,2.8000000000000003,56144.0,6.213151927437642,35.69160997732426,39.27437641723356,18.820861678004537,12.1
KS,Johnson County,2.4000000000000004,99174.0,3.5291845585658197,14.131520658437784,25.46415619776976,56.87513858522664,5.300000000000001
KS,Kearny County,2.0,75773.0,14.68416735028712,39.6636587366694,31.0090237899918,14.64315012305168,10.2
KS,Kingman County,2.7,65597.0,9.36278342455043,28.909304143862396,37.9007036747459,23.82720875684128,11.9
KS,Kiowa County,2.5,61700.0,10.72289156626506,27.7710843373494,33.91566265060241,27.59036144578313,12.1
KS,Labette County,2.9000000000000004,52318.0,10.197947214076246,31.71554252199413,37.016129032258064,21.070381231671558,15.5
KS,Lane County,2.7,64934.0,4.962546816479401,22.00374531835206,48.40823970037454,24.625468164794007,10.2
KS,Leavenworth County,2.7,79117.0,6.600424567850581,26.874431382342973,29.91062668355424,36.61451736625221,8.3
KS,Lincoln County,2.1,58049.0,3.811338732729872,27.4892806098142,47.16531681753216,21.53406383992377,11.8
KS,Linn County,3.9,59651.0,5.874692519172334,36.98451743597164,34.65489798871364,22.485892056142383,11.0
KS,Logan County,1.8,63204.0,7.772561293688055,29.473135106937924,36.098069900886806,26.65623369848722,10.2
KS,Lyon County,2.6,55863.0,10.826650215916102,33.3847419288505,28.0742340119268,27.7143738433066,13.7
KS,McPherson County,2.0,73766.0,7.672340637947387,24.145160485199423,35.09708980182699,33.085409075026206,8.3
KS,Marion County,2.5,64337.0,7.690390128380904,31.2975196310607,32.244796210893675,28.767294029664715,10.9
KS,Marshall County,2.1,58942.0,9.04232269247436,38.89932110356782,33.17925754730608,18.879098656651745,9.2
KS,Meade County,2.1,68038.0,15.363457760314342,24.67583497053045,37.21021611001965,22.75049115913556,9.6
KS,Miami County,2.6,82606.0,5.235092471116001,31.53751745736172,31.08045198696517,32.146938084557114,7.0
KS,Mitchell County,2.0,63929.0,5.614837398373983,26.143292682926827,42.8099593495935,25.431910569105693,10.5
KS,Montgomery County,3.0,54955.0,10.126461465044144,31.57241708422811,36.993557623478885,21.307563827248867,17.3
KS,Morris County,2.5,60741.0,7.110665998998497,35.25287931897847,30.320480721081623,27.315973960941413,11.7
KS,Morton County,2.6,62896.0,13.301023155627355,40.87237479806139,29.24071082390953,16.58589122240172,12.0
KS,Nemaha County,1.7000000000000002,72719.0,6.32166566083283,36.089318044659024,27.459263729631868,30.129752564876284,8.4
KS,Neosho County,3.5,49322.0,7.670944263551044,30.157058034859222,40.36583030070868,21.80616740088106,14.9
KS,Ness County,2.4000000000000004,61539.0,8.451472191930206,35.38713195201745,33.151581243184296,23.00981461286805,10.2
KS,Norton County,2.0,56604.0,7.715658993169744,34.35365545155578,38.50240323804705,19.42828231722742,13.9
KS,Osage County,2.6,62995.0,7.641286570961293,39.66018535344358,31.70089042340541,20.99763765218972,10.8
KS,Osborne County,2.2,53971.0,4.752396166134186,30.1517571884984,42.05271565495208,23.04313099041533,12.1
KS,Ottawa County,2.3000000000000003,69542.0,5.204736063147509,31.52442032560434,38.99851998026641,24.272323630981745,10.2
KS,Pawnee County,2.6,47939.0,10.579293344289235,28.69761709120789,41.94741166803615,18.77567789646672,12.8
KS,Phillips County,2.2,58834.0,7.647231174919426,33.196601230588925,36.829768532083214,22.32639906240844,10.1
KS,Pottawatomie County,2.3000000000000003,85822.0,3.686384064132151,26.42414672658812,33.34750394752824,36.541965261751486,7.9
KS,Pratt County,2.1,65812.0,7.710760795065114,30.03769705277588,35.69225496915696,26.559287183002056,9.5
KS,Rawlins County,1.9,59116.0,4.582651391162029,27.76868521549373,50.35460992907801,17.29405346426623,10.9
KS,Reno County,2.9000000000000004,57663.0,8.814790359854738,30.906003867377255,39.73022685469038,20.54897891807763,11.8
KS,Republic County,2.1,53974.0,5.171889260724064,30.66626102829328,38.78916945543048,25.372680255552176,11.9
KS,Rice County,2.5,61727.0,7.060755336617405,29.09688013136289,39.57307060755337,24.269293924466336,10.6
KS,Riley County,2.6,55876.0,3.883924866524662,17.12080555478713,31.0188386953996,47.97643088328861,18.0
KS,Rooks County,2.6,57029.0,7.810750279955207,32.2508398656215,35.91825307950728,24.02015677491601,11.2
KS,Rush County,2.2,56629.0,8.615819209039548,30.69679849340866,39.1713747645951,21.516007532956685,12.4
KS,Russell County,2.3000000000000003,48754.0,7.476051645147855,30.882965431070385,43.56518117451062,18.075801749271136,13.1
KS,Saline County,2.4000000000000004,57563.0,7.10091492557695,29.425099003140787,34.38754608766899,29.08643998361327,11.5
KS,Scott County,2.0,71121.0,10.858806404657932,23.522561863173216,32.22707423580786,33.39155749636099,7.9
KS,Sedgwick County,2.9000000000000004,64720.0,10.494319836877366,25.936207398776578,31.983979027090008,31.585493737256044,13.6
KS,Seward County,2.5,63579.0,28.052831382473904,27.92628914900348,31.35874723188865,12.662132236633978,14.4
KS,Shawnee County,2.7,61255.0,6.546139793617617,30.262010170997844,30.857787067362285,32.33406296802225,12.6
KS,Sheridan County,2.1,62918.0,3.4650455927051675,33.9209726443769,38.35866261398176,24.25531914893617,11.0
KS,Sherman County,2.4000000000000004,57044.0,8.256639495135419,26.68945569287405,39.91585590323429,25.138048908756243,13.7
KS,Smith County,2.0,52101.0,5.1070221554637625,37.92714983101765,32.40705970709726,24.55876830642133,11.9
KS,Stafford County,2.3000000000000003,58019.0,7.373774064656738,28.18743189248093,38.10388666908827,26.334907373774065,14.0
KS,Stanton County,2.1,76137.0,23.61963190184049,29.29447852760736,23.38957055214724,23.696319018404907,10.7
KS,Stevens County,2.1,69320.0,26.20435716477447,31.113838600797788,26.44983123657564,16.2319729978521,10.5
KS,Sumner County,2.7,62921.0,5.975070896260634,33.62791004418651,33.68067005210051,26.71634900745235,11.2
KS,Thomas County,1.9,62916.0,6.543760129659644,20.94813614262561,42.26094003241492,30.24716369529984,9.4
KS,Trego County,3.0,54628.0,3.5697510568341944,30.06106153123532,37.6232973226867,28.745890089243776,10.7
KS,Wabaunsee County,2.6,68435.0,3.719958202716824,36.90700104493208,32.72727272727273,26.64576802507837,9.0
KS,Wallace County,2.2,62309.0,7.821782178217822,30.99009900990099,38.51485148514852,22.673267326732677,13.4
KS,Washington County,2.1,63797.0,5.525006546216287,38.02042419481539,33.15003927729772,23.304529981670598,11.3
KS,Wichita County,2.2,68225.0,12.218430034129693,28.9419795221843,40.0,18.839590443686006,10.5
KS,Wilson County,3.1,52064.0,8.38101649276338,36.82261864692023,33.540895321440594,21.2554695388758,14.3
KS,Woodson County,3.4000000000000004,49477.0,8.863443596268024,36.25954198473282,32.27311280746395,22.6039016115352,13.9
KS,Wyandotte County,3.4000000000000004,58701.0,18.096181046676097,32.31023102310231,29.123055162659124,20.47053276756247,17.1
KY,Adair County,5.0,44153.0,14.21208808371076,38.48977042011557,28.541308761518035,18.756832734655628,22.1
KY,Allen County,4.0,61655.0,15.045395590142672,40.93112157826473,26.64345689125537,17.380025940337223,16.400000000000002
KY,Anderson County,3.3000000000000003,66846.0,8.30236182711905,33.748950965112094,32.23234624145786,25.716340966311,9.0
KY,Ballard County,4.9,56605.0,6.331640058055152,39.94920174165457,35.068940493468794,18.650217706821483,14.4
KY,Barren County,4.4,50658.0,13.465526179367547,42.88491446345257,25.83916537065837,17.810393986521515,18.0
KY,Bath County,5.6000000000000005,48260.0,18.612838868677382,43.52775495833822,23.45968783006689,14.399718342917495,17.8
KY,Bell County,5.6000000000000005,33923.0,20.631992382766008,38.240895024994046,27.184003808617,13.943108783622945,28.9
KY,Boone County,3.6,90265.0,6.414193108154214,28.23983887476475,29.969954105721925,35.37601391135911,7.4
KY,Bourbon County,3.6,56879.0,13.431760893050054,33.53258912495499,27.57652142599928,25.45912855599568,14.2
KY,Boyd County,5.6000000000000005,55397.0,10.952436465376543,33.97936581953835,35.69305199347167,19.37514572161343,18.1
KY,Boyle County,4.5,57975.0,8.562189294850137,35.74014189874028,28.326656691925283,27.371012114484287,14.7
KY,Bracken County,4.7,58301.0,11.83533447684391,42.469982847341335,28.696397941680964,16.99828473413379,14.3
KY,Breathitt County,7.5,36300.0,19.37242798353909,40.85390946502058,23.25102880658436,16.522633744855966,30.3
KY,Breckinridge County,4.9,52400.0,13.591825307950728,42.63717805151176,28.856382978723406,14.91461366181411,16.5
KY,Bullitt County,4.1000000000000005,77192.0,10.426364433650408,39.502799703164,31.16440666531741,18.906429197868174,8.4
KY,Butler County,4.5,50824.0,18.03410924176077,49.66582161788431,22.78174694630099,9.51832219405393,15.0
KY,Caldwell County,3.9,51553.0,10.153321976149916,43.18001135718342,28.597387847813746,18.06927881885293,15.8
KY,Calloway County,4.4,51949.0,8.618477331052182,31.42429426860565,27.634730538922152,32.32249786142002,17.6
KY,Campbell County,3.6,74149.0,6.891439575723303,26.89174525057696,26.761833437772243,39.45498173592749,10.3
KY,Carlisle County,3.9,54535.0,9.090909090909092,44.69948655995168,31.591664149803684,14.61794019933555,12.9
KY,Carroll County,3.5,59226.0,16.052484645449468,40.50809603573423,34.57565605806812,8.863763260748184,16.2
KY,Carter County,7.6,48285.0,17.214774281805745,39.365253077975375,27.9890560875513,15.43091655266758,19.200000000000003
KY,Casey County,4.1000000000000005,43539.0,22.132632723319443,45.74198224316,20.32071027360029,11.804674759920276,21.1
KY,Christian County,5.1000000000000005,56610.0,13.119014389527887,32.40531305645122,34.50117907502767,19.97449347899321,17.8
KY,Clark County,3.8,61641.0,10.058875591641977,37.04929387770808,30.653788432677874,22.238042097972063,10.8
KY,Clay County,6.4,34473.0,25.9272001651414,37.10176838918324,20.394963187229067,16.576068258446295,37.2
KY,Clinton County,5.2,41739.0,20.75098814229249,38.67436910915172,24.0650653694132,16.509577379142595,23.6
KY,Crittenden County,4.1000000000000005,50452.0,16.222187154805113,43.45905002367051,27.75761401293988,12.561148808584504,17.900000000000002
KY,Cumberland County,3.4000000000000004,48864.0,18.02862419205909,40.14312096029548,24.37673130193906,17.451523545706372,23.1
KY,Daviess County,4.3,65949.0,9.09824956022724,34.22008824292759,31.44014764829714,25.24151454854803,16.2
KY,Edmonson County,5.1000000000000005,51402.0,15.97321330552201,44.582281260292014,29.13601932155012,10.308486112635856,16.0
KY,Elliott County,8.200000000000001,40312.0,25.057963260210453,49.13500980916712,19.58266452648475,6.224362404137685,25.8
KY,Estill County,5.0,39402.0,21.880846873461348,45.08124076809453,23.180699162973905,9.857213195470212,22.700000000000003
KY,Fayette County,3.4000000000000004,63667.0,7.616611466913555,19.00955417052429,26.06350994072788,47.31032442183429,15.7
KY,Fleming County,4.800000000000001,50012.0,16.581411060708426,41.11572242061577,25.93379017469356,16.369076343982243,18.1
KY,Floyd County,6.0,37296.0,18.937182614258862,38.3381982486305,27.63805030189132,15.08656883521932,26.5
KY,Franklin County,3.6,58456.0,7.522136099081456,30.49954486525253,30.14647063691281,31.831848398753205,11.8
KY,Fulton County,5.0,40409.0,18.81494583241212,39.90714127791289,24.01061242538138,17.267300464293612,25.9
KY,Gallatin County,4.0,59175.0,15.55888722305514,43.44494419456938,27.80276528402465,13.193403298350823,13.1
KY,Garrard County,3.9,57748.0,14.17450535192994,37.7392150502757,29.013947453778787,19.07233214401557,17.6
KY,Grant County,4.0,66458.0,11.202656173143138,43.66084604033448,30.023364485981308,15.113133300541074,13.0
KY,Graves County,4.2,53408.0,11.299071804556595,41.63619560413067,29.633945433358782,17.430787157953954,17.6
KY,Grayson County,4.6000000000000005,52130.0,14.952453820089628,44.42562028637009,25.991911684337087,14.63001420920319,17.8
KY,Green County,3.8,46169.0,15.033557046979864,42.23306894447834,26.12568639414277,16.607687614399026,17.6
KY,Greenup County,6.5,54462.0,9.706378141048258,37.96307185699165,34.00760515896351,18.322944842996588,15.9
KY,Hancock County,4.6000000000000005,66300.0,13.427734375,39.87630208333333,29.899088541666668,16.796875,11.9
KY,Hardin County,4.1000000000000005,61920.0,7.578364428195064,30.79869885477714,37.19823646432604,24.42470025270176,14.2
KY,Harlan County,6.6000000000000005,36022.0,20.75028668159231,34.511003112543,32.03735051602686,12.70135968983782,29.700000000000003
KY,Harrison County,3.8,60962.0,10.88574901245822,45.80674567000912,23.176845943482224,20.13065937405044,13.9
KY,Hart County,4.4,47229.0,21.06300705133065,44.19592084312684,24.02759875653954,10.713473349002957,17.7
KY,Henderson County,4.0,55530.0,10.887745255709232,38.42071405596655,31.65969765197813,19.031843036346093,13.2
KY,Henry County,3.7,65068.0,13.908872901678656,44.44751890795056,26.83084301789338,14.812765172477402,14.6
KY,Hickman County,4.5,53838.0,12.797800855222969,42.85277947464875,29.99389126450825,14.355528405620037,18.7
KY,Hopkins County,4.4,52198.0,12.273885350318473,39.1624203821656,31.93630573248408,16.627388535031848,16.0
KY,Jackson County,5.6000000000000005,41007.0,26.711572438162545,41.77340989399293,21.179328621908127,10.335689045936396,23.9
KY,Jefferson County,3.9,64719.0,8.484342844429612,25.940819845375163,28.996977955763203,36.57785935443202,16.2
KY,Jessamine County,3.5,69216.0,9.49325071918566,29.309581765877407,28.786789112635542,32.41037840230139,10.3
KY,Johnson County,6.6000000000000005,42877.0,17.651151024538326,39.9000758917278,25.853781937768783,16.59499114596509,25.0
KY,Kenton County,3.7,77284.0,7.537429013939081,27.72156255377732,27.140767509895024,37.60024092238857,10.6
KY,Knott County,6.7,38456.0,27.206931702344544,28.705402650356778,26.238532110091743,17.84913353720693,26.1
KY,Knox County,5.800000000000001,36573.0,24.267188646929288,38.49767555664301,23.68974798140445,13.545387815023243,35.0
KY,Larue County,4.4,53939.0,14.023054205963607,35.49585595884538,34.85757835572068,15.623511479470324,16.1
KY,Laurel County,4.5,50721.0,16.91264367816092,39.48275862068966,27.082758620689656,16.52183908045977,21.8
KY,Lawrence County,5.7,42776.0,20.20426287744227,40.746003552397866,24.857904085257548,14.19182948490231,20.6
KY,Lee County,5.800000000000001,34632.0,25.774316247056696,44.39413149791704,22.29668538308277,7.534866871943488,31.1
KY,Leslie County,6.9,36666.0,18.607837763770892,40.5042477391066,30.460400109619076,10.427514387503424,26.700000000000003
KY,Letcher County,6.300000000000001,37854.0,20.196362677912493,34.67975751186083,31.450975224037958,13.67290458618872,23.8
KY,Lewis County,8.0,44098.0,19.355193661971832,47.150088028169016,22.205105633802816,11.289612676056338,22.1
KY,Lincoln County,5.1000000000000005,49814.0,16.802039485385663,43.6236438015059,24.33153494990217,15.242781763206262,19.1
KY,Livingston County,5.0,55355.0,10.478995504572934,43.1560998294838,32.46008370795225,13.90482095799101,14.3
KY,Logan County,4.1000000000000005,56823.0,13.010859870940664,41.215046429883,29.20623262158334,16.56786107759299,14.8
KY,Lyon County,4.4,58938.0,9.86235277423017,44.65730097914006,29.17553568894565,16.30481055768412,15.9
KY,McCracken County,4.0,60026.0,7.159663865546219,32.3109243697479,32.59033613445378,27.939075630252105,15.7
KY,McCreary County,5.9,35443.0,22.53781512605042,39.991596638655466,28.336134453781515,9.134453781512605,35.9
KY,McLean County,4.6000000000000005,55555.0,7.904267044559912,40.85970713273501,32.813730121240745,18.422295701464336,14.7
KY,Madison County,3.9,60994.0,8.74665220191884,28.7334305183578,28.34017018679866,34.17974709292471,13.8
KY,Magoffin County,9.8,35669.0,25.10795805058606,41.554595928439234,20.14805675508945,13.189389265885255,29.200000000000003
KY,Marion County,3.4000000000000004,53676.0,13.691054480233166,45.91585083327105,27.666093714968987,12.727000971526792,14.6
KY,Marshall County,4.0,64395.0,7.680298365063533,36.90966650765428,34.36402272431589,21.046012402966305,13.8
KY,Martin County,8.3,34435.0,26.271496523966334,37.98024149286498,25.01524576167825,10.733016221490423,48.1
KY,Mason County,5.2,49029.0,14.83779025903261,32.643138569871745,31.45276217620924,21.066308994886413,17.0
KY,Meade County,4.6000000000000005,69632.0,9.4201861130995,41.10236220472441,31.06179909329516,18.41565258888093,11.7
KY,Menifee County,6.2,43226.0,21.64095685222446,41.40397943214845,26.089872568745808,10.865191146881289,25.1
KY,Mercer County,4.1000000000000005,65292.0,8.914120820525689,34.62768960541999,34.006649520105384,22.45154005394894,13.4
KY,Metcalfe County,4.800000000000001,44973.0,15.731741183004722,42.668703138017214,28.505970563732298,13.093585115245766,24.200000000000003
KY,Monroe County,4.3,45872.0,17.55128205128205,46.179487179487175,21.397435897435894,14.871794871794872,23.700000000000003
KY,Montgomery County,4.800000000000001,55924.0,15.046892713593737,38.97248273729774,25.157167886220755,20.823456662887764,14.6
KY,Morgan County,5.1000000000000005,41863.0,18.90629561155979,39.88518050014596,23.625571664882745,17.582952223411503,24.700000000000003
KY,Muhlenberg County,6.1000000000000005,48190.0,15.384264538198403,42.77765108323831,28.866590649942985,12.971493728620295,20.200000000000003
KY,Nelson County,3.6,66681.0,8.103602630197884,36.7486802704288,32.31562374587102,22.8320933535023,12.9
KY,Nicholas County,4.3,51100.0,16.25796485808071,43.2902104653408,30.99053871403746,9.461285962541032,17.2
KY,Ohio County,5.6000000000000005,50275.0,16.17976131277971,39.57608155146693,30.065887618100444,14.178269517652907,16.0
KY,Oldham County,3.4000000000000004,116173.0,5.859485902727729,20.26687632400795,28.24695887658608,45.62667889667824,5.800000000000001
KY,Owen County,3.7,60592.0,15.905052043665904,45.163747143945166,21.65524244732165,17.275958365067275,15.4
KY,Owsley County,6.6000000000000005,32783.0,27.01884253028264,42.22745625841184,19.34724091520861,11.406460296096904,33.1
KY,Pendleton County,4.0,65727.0,15.255071892850108,41.71754973409494,26.47232617687611,16.555052196178845,13.2
KY,Perry County,5.6000000000000005,43945.0,20.49390306383851,35.034327287631925,30.23363049492776,14.238139153601804,29.700000000000003
KY,Pike County,5.7,41837.0,19.17684856155381,38.97921433091564,25.83361729056126,16.010319816969286,23.4
KY,Powell County,4.4,42434.0,17.35097839610904,40.79855219997738,24.533423820834745,17.317045583078837,22.1
KY,Pulaski County,4.800000000000001,46380.0,15.093241349574216,35.513635873666054,31.480004311738707,17.913118465021018,17.0
KY,Robertson County,5.2,53456.0,14.795244385733158,42.8005284015852,28.86393659180977,13.54029062087186,19.6
KY,Rockcastle County,4.7,45161.0,18.635809987819734,44.0142683139029,23.655820428049417,13.694101270227948,21.8
KY,Rowan County,5.2,50498.0,12.7056546384626,33.35407161620351,26.9182911654915,27.02198257984239,24.0
KY,Russell County,5.300000000000001,44425.0,18.211629208989844,38.22282652163481,27.761337279053027,15.804206990322324,22.3
KY,Scott County,3.3000000000000003,86169.0,5.699711110532754,28.74840590271452,32.30617078312469,33.24571220362804,10.0
KY,Shelby County,3.5,81815.0,11.827256301649832,28.92686827996801,28.20117887503332,31.04469654334883,11.6
KY,Simpson County,3.8,58550.0,10.839500635419002,40.45002616431188,31.95783808028706,16.75263511998206,13.7
KY,Spencer County,3.7,101552.0,6.730217889908256,38.27408256880734,32.89134174311927,22.104357798165136,7.0
KY,Taylor County,3.8,52414.0,11.309696512505075,36.83049962281669,29.884523878605,21.975279986073232,19.4
KY,Todd County,3.8,53280.0,20.186915887850468,39.50155763239876,24.373831775700936,15.937694704049845,16.3
KY,Trigg County,4.7,56433.0,12.46182642104226,32.085508816865335,35.14924637966703,20.303418382425377,13.6
KY,Trimble County,3.9,65828.0,14.361613813714095,41.20869998339698,29.736011954175662,14.693674248713265,13.2
KY,Union County,4.9,58223.0,7.968550786230343,45.25074373140672,34.98725031874203,11.79345516362091,14.5
KY,Warren County,3.9,60651.0,11.075180934105637,26.456060552219174,29.10936593108513,33.359392582590054,14.2
KY,Washington County,3.3000000000000003,59937.0,10.833826138379656,40.41395623891189,29.863985807214664,18.888231815493796,13.1
KY,Wayne County,5.6000000000000005,39863.0,20.599729979393164,40.23307041853194,25.4458892915512,13.721310310523698,25.0
KY,Webster County,4.2,56052.0,13.38835396607061,44.65841357175607,29.355800091701056,12.597432370472262,15.4
KY,Whitley County,4.800000000000001,43604.0,16.89592525304957,39.55792023531448,23.73475214118868,19.81140237044727,26.9
KY,Wolfe County,6.300000000000001,37718.0,34.01420959147424,32.08259325044405,26.50976909413854,7.393428063943161,28.6
KY,Woodford County,3.1,76633.0,8.61315424794798,25.54631702377145,24.12855772305724,41.711971005223326,10.6
LA,Acadia Parish,3.7,42981.0,19.31742963806296,43.519817840027535,23.7363975747306,13.426354947178904,25.0
LA,Allen Parish,4.2,51423.0,20.7408331254677,42.47318533300074,25.162135195809427,11.623846345722123,20.1
LA,Ascension Parish,3.0,81284.0,11.332944661915356,30.47699501469416,29.71670612871369,28.473354194676787,10.7
LA,Assumption Parish,4.3,54403.0,21.782245466277253,43.95164029070162,20.61400529783332,13.652108945187802,18.3
LA,Avoyelles Parish,4.2,41587.0,22.959202857680012,36.98063545779282,29.13705583756345,10.923105846963717,27.0
LA,Beauregard Parish,3.6,64394.0,12.766391769412918,40.70792847227892,28.692741079448027,17.83293867886013,15.7
LA,Bienville Parish,4.3,41807.0,13.974187805963506,50.15576323987538,22.36315086782376,13.506898086337335,25.3
LA,Bossier Parish,3.2,63812.0,9.308655416439846,28.517819293714314,34.85446901168649,27.319056278159348,13.8
LA,Caddo Parish,4.1000000000000005,47699.0,12.497488699146157,31.66059768960321,30.553114013058764,25.288799598191865,22.8
LA,Calcasieu Parish,3.4000000000000004,61797.0,10.605668062812152,34.39915367675634,30.289880104207143,24.70529815622436,17.6
LA,Caldwell Parish,4.0,46464.0,17.1990171990172,48.04162451221275,24.0352652117358,10.724093077034254,20.3
LA,Cameron Parish,2.8000000000000003,63413.0,11.867219917012449,38.118948824343015,34.965421853388655,15.048409405255878,13.8
LA,Catahoula Parish,4.3,41676.0,25.78453574894856,38.25622775800712,19.362665803946943,16.59657068909738,30.0
LA,Claiborne Parish,4.0,37788.0,20.62051077414206,48.802873104549086,19.5830007980846,10.993615323224262,29.200000000000003
LA,Concordia Parish,4.7,41101.0,16.43724036816812,40.90575873584752,25.28304960495235,17.37395129103201,25.200000000000003
LA,De Soto Parish,4.1000000000000005,52776.0,14.996480970169454,39.46727302257592,30.64262898597802,14.893617021276595,17.7
LA,East Baton Rouge Parish,3.4000000000000004,61376.0,9.175165453225546,25.80506473643777,26.789326416836406,38.23044339350028,20.0
LA,East Carroll Parish,8.8,30688.0,30.92546063651591,33.87772194304858,24.246231155778894,10.950586264656618,46.5
LA,East Feliciana Parish,3.5,56830.0,15.308607612553056,42.6762229489945,24.98086424048431,17.03430519796813,19.9
LA,Evangeline Parish,3.9,40933.0,20.87985177443109,42.66235925697183,23.88712052829113,12.570668440305951,22.200000000000003
LA,Franklin Parish,5.2,38584.0,21.497047319579725,41.10744689009893,21.19794462765549,16.19756116266585,23.9
LA,Grant Parish,3.7,52832.0,18.51310099211397,41.92953446960061,26.787077079623504,12.77028745866192,20.4
LA,Iberia Parish,4.1000000000000005,45077.0,16.816612041090163,42.1922087063637,26.336860165856447,14.654319086689693,22.1
LA,Iberville Parish,4.2,53205.0,18.974141185352963,36.84409211023028,27.538693846734617,16.643072857682146,20.200000000000003
LA,Jackson Parish,3.3000000000000003,43813.0,14.336951392166116,44.690891930155736,27.61680037753657,13.355356300141578,19.4
LA,Jefferson Parish,3.5,61157.0,13.44951040290893,27.66643501516713,28.938102938899995,29.945951643023943,17.1
LA,Jefferson Davis Parish,3.8,52414.0,17.25957049486461,43.10457516339869,24.640522875816995,14.9953314659197,17.8
LA,Lafayette Parish,3.2,58641.0,10.083643402905508,28.9193899519367,26.139920276439337,34.85704636871845,16.900000000000002
LA,Lafourche Parish,3.2,59575.0,17.149883117277394,38.58040620541,23.82585992288776,20.443850754424847,19.4
LA,Lincoln Parish,3.8,44752.0,10.609215857029268,29.5747983794631,23.86505622657226,35.95092953693537,28.4
LA,Livingston Parish,3.0,72887.0,12.44136327784466,37.31786292498651,29.960770476150937,20.28000332101789,14.1
LA,Madison Parish,5.5,33403.0,23.889063977308545,35.15600378190987,28.159470532618972,12.795461708162623,34.1
LA,Morehouse Parish,5.9,39493.0,16.928994082840237,39.10650887573964,31.272189349112427,12.692307692307692,31.3
LA,Natchitoches Parish,4.1000000000000005,42178.0,12.668926553672316,36.06779661016949,25.64971751412429,25.613559322033897,24.3
LA,Orleans Parish,4.5,51913.0,10.853618494694269,21.264346372550484,25.930555348267987,41.95147978448726,23.1
LA,Ouachita Parish,3.8,47283.0,12.04671409668821,31.22614915527259,29.182886839127853,27.544249908911343,21.4
LA,Plaquemines Parish,3.3000000000000003,71876.0,14.35884144365969,32.87112032657293,32.92295729929372,19.84708093047366,15.6
LA,Pointe Coupee Parish,3.8,56457.0,18.462603878116344,35.186980609418285,30.844875346260388,15.505540166204987,20.1
LA,Rapides Parish,3.5,55870.0,12.582410529877826,37.06110923114622,27.93731548792868,22.419164751047276,19.9
LA,Red River Parish,3.5,44139.0,18.759904912836767,50.99049128367671,19.07686212361331,11.172741679873218,24.5
LA,Richland Parish,4.6000000000000005,44470.0,20.48639430562764,36.31645288055165,25.090828204938088,18.10632460888263,25.1
LA,Sabine Parish,3.8,45072.0,14.319698671776912,45.51642106654332,25.69219586334501,14.471684398334764,19.3
LA,St. Bernard Parish,4.2,51485.0,18.73197858025539,28.161471920911712,35.915831388164214,17.190718110668683,18.0
LA,St. Charles Parish,3.2,75223.0,10.934206778695527,30.190828823696958,31.66049558530333,27.214468812304187,12.9
LA,St. Helena Parish,5.300000000000001,45024.0,18.89837289943985,44.99866631101627,24.35316084289144,11.74979994665244,22.8
LA,St. James Parish,4.5,67938.0,11.377072819033886,40.77144917087239,27.65681326604182,20.19466474405191,15.1
LA,St. John the Baptist Parish,4.4,60569.0,13.262156371427531,39.906307876675015,28.11489995279079,18.71663579910666,16.8
LA,St. Landry Parish,4.5,42765.0,19.41863949655379,39.91609229847168,26.335406053341327,14.329862151633204,23.200000000000003
LA,St. Martin Parish,3.6,54265.0,17.1213974793024,44.675524196989954,22.8598253150872,15.343253008620444,18.1
LA,St. Mary Parish,4.2,48242.0,19.41385273505051,46.021055186432456,21.44352416492218,13.121567913594854,21.4
LA,St. Tammany Parish,3.3000000000000003,78629.0,8.595870780744729,24.002033245730725,30.83665898791949,36.565436985605054,11.9
LA,Tangipahoa Parish,4.3,54942.0,16.130052287434076,34.9580458277338,26.68353115224339,22.228370732588736,19.0
LA,Tensas Parish,5.1000000000000005,33290.0,19.14008321775312,44.34812760055479,23.370319001386964,13.14147018030513,30.8
LA,Terrebonne Parish,3.4000000000000004,57376.0,16.73424872060181,39.91163063844067,25.615928857070948,17.738191783886574,16.1
LA,Union Parish,4.2,48003.0,13.611859838274937,43.67924528301887,26.745283018867926,15.963611859838275,18.3
LA,Vermilion Parish,3.6,50554.0,15.93298032087252,42.43525909533971,24.78727047603994,16.844490107747834,17.5
LA,Vernon Parish,4.6000000000000005,52626.0,12.43590597323034,39.44196577212493,29.03376173669841,19.08836651794633,16.7
LA,Washington Parish,4.3,41779.0,15.913049087273432,45.429916790298655,25.946590982390504,12.71044314003741,23.3
LA,Webster Parish,4.4,43698.0,13.757692000319668,43.88236234316311,29.561256293454807,12.798689363062415,20.3
LA,West Baton Rouge Parish,3.3000000000000003,71362.0,10.59779812737936,36.18685049902253,30.157423603251367,23.057927770346744,13.6
LA,West Carroll Parish,6.2,41380.0,16.311951183211786,45.304360767971424,24.259562434886146,14.124125613930644,19.6
LA,West Feliciana Parish,2.6,68266.0,15.405057865409344,37.30818688384055,24.723531933133305,22.563223317616803,22.3
LA,Winn Parish,4.2,45646.0,15.64731449860292,46.79706095415502,21.452964917727414,16.102659629514644,24.200000000000003
ME,Androscoggin County,3.0,62848.0,7.534903958128048,36.36154230065393,32.663194400010234,23.440359341207788,13.0
ME,Aroostook County,3.9,51562.0,8.817671194677928,38.774250089630726,30.03425885352348,22.373819862167867,12.1
ME,Cumberland County,2.4000000000000004,88571.0,3.4984267982786013,20.240230350554736,24.097801077876824,52.16354177328984,6.9
ME,Franklin County,3.5,52159.0,6.156038802813664,35.52020596754172,28.42168176175808,29.902073467886535,13.6
ME,Hancock County,3.2,63879.0,5.046064630781462,28.53434971706496,27.243604732731608,39.17598091942197,10.1
ME,Kennebec County,2.6,63191.0,5.16116949787384,33.96787626412849,29.977746931940864,30.8932073060568,11.5
ME,Knox County,2.9000000000000004,65615.0,5.704826181077295,30.07131032726347,25.120972876607667,39.10289061505157,8.6
ME,Lincoln County,2.8000000000000003,72657.0,5.143869288606131,29.77154424522845,25.04699248120301,40.037593984962406,9.8
ME,Oxford County,3.2,58842.0,7.389912467259172,41.23889050571985,28.872372338758424,22.49882468826255,14.5
ME,Penobscot County,3.1,60761.0,5.468799336021723,32.42667821411495,31.62828042256444,30.476242027298888,12.6
ME,Piscataquis County,4.2,52529.0,8.002080392302549,37.45449141838175,32.736458875102166,21.806969314213536,15.3
ME,Sagadahoc County,2.3000000000000003,73587.0,5.226283570998904,27.74494886946676,25.91557269735678,41.11319486217756,8.700000000000001
ME,Somerset County,4.2,55093.0,7.147547873597941,41.42215450891802,31.11980876828916,20.310488849194883,13.3
ME,Waldo County,3.0,63619.0,6.295480339141464,31.617597970492024,27.26817544562387,34.81874624474264,12.7
ME,Washington County,4.1000000000000005,55381.0,8.84242293597758,34.757490838542786,31.48954516059496,24.910541064884672,20.1
ME,York County,2.6,81315.0,4.903735498118254,29.78880905726105,30.73683555721439,34.5706198874063,8.1
MD,Allegany County,2.8000000000000003,50582.0,10.27497287824418,40.75356755403488,27.84778436117833,21.123675206542604,18.8
MD,Anne Arundel County,1.8,112525.0,6.220528326835387,21.994497000573634,26.544680271844285,45.24029440074669,6.300000000000001
MD,Baltimore County,2.2,86198.0,8.301364458773755,24.157416098709,26.119080656790327,41.42213878572692,9.8
MD,Calvert County,1.9,118110.0,5.091813253849361,28.61577427375639,31.02963660792884,35.26277586446541,4.9
MD,Caroline County,2.1,65981.0,15.992292870905588,39.17936591346996,27.25521107023997,17.57313014538448,13.3
MD,Carroll County,1.7000000000000002,105096.0,5.125945932592782,27.59776352302764,27.535181693167875,39.7411088512117,6.4
MD,Cecil County,2.2,84513.0,8.45804584299255,35.817066981248544,28.824021618359147,26.90086555739976,10.0
MD,Charles County,2.2,112932.0,5.675528933725655,30.08529494185232,32.60123301106908,31.63794311335295,7.800000000000001
MD,Dorchester County,2.3000000000000003,54206.0,13.182457486254956,40.11848442228189,27.89498359118612,18.804074500277032,15.7
MD,Frederick County,2.0,116796.0,6.582939502336875,23.179195279250116,25.355231207081125,44.88263401133189,6.4
MD,Garrett County,2.3000000000000003,59080.0,10.14978137501163,39.66415480509815,25.54656247092753,24.639501348962696,10.8
MD,Harford County,2.0,100334.0,5.372011087090292,26.34708691603544,28.79811802632367,39.48278397055059,7.300000000000001
MD,Howard County,1.7000000000000002,133068.0,4.748813456437686,12.413510981301217,18.362283969895444,64.47539159236565,5.6000000000000005
MD,Kent County,2.4000000000000004,69695.0,8.195780106215015,32.711353523754845,21.171235826037037,37.92163054399311,13.0
MD,Montgomery County,1.9,118020.0,8.752052903528538,13.458317192009908,17.503832995956937,60.28579690850462,7.2
MD,Prince George's County,2.2,93833.0,13.26143417494954,25.288244030618078,25.37156784340607,36.07875395102632,11.0
MD,Queen Anne's County,1.8,109436.0,6.406441927118875,27.858605159000955,28.505527501023607,37.22942541285656,6.5
MD,St. Mary's County,2.0,112154.0,7.630595314066915,28.64957086855163,28.61961632132113,35.100217496060324,8.4
MD,Somerset County,3.2,53590.0,15.046745457752689,40.442170870817904,27.38284235902864,17.128241312400778,22.9
MD,Talbot County,2.2,76583.0,8.032269379165205,23.535601543318137,27.10627849877236,41.3258505787443,10.1
MD,Washington County,2.3000000000000003,69271.0,11.324577722927296,36.35819410930391,28.795888669896296,23.5213394978725,11.5
MD,Wicomico County,2.5,68851.0,10.602157706527668,33.37020425480332,26.891023698405963,29.136614340263044,15.4
MD,Worcester County,3.3000000000000003,75969.0,6.303682495804126,30.2028828117287,30.81992299338533,32.67351169908184,10.1
MD,Baltimore city,2.9000000000000004,54735.0,12.797180311649765,27.934701953994555,23.84071234232006,35.42740539203562,20.200000000000003
MA,Barnstable County,4.2,89774.0,3.617343911390457,21.432103377799265,27.544887150297782,47.405665560512496,8.9
MA,Berkshire County,3.6,71102.0,6.304104925701994,29.29315079936928,26.142664703486734,38.260079571442,12.5
MA,Bristol County,4.1000000000000005,80702.0,13.752098591652553,30.126856352470533,25.48906044188337,30.631984613993545,12.7
MA,Dukes County,4.4,89136.0,4.754139488208731,22.11490215755143,24.10311088810838,49.027847466131455,8.5
MA,Essex County,3.5,92118.0,9.859877959930351,24.424067190838,23.401950735892093,42.31410411333955,9.6
MA,Franklin County,2.9000000000000004,69929.0,6.078062109966397,27.168494516450647,26.452125106162995,40.30131826741996,11.9
MA,Hampden County,4.3,64030.0,12.822701154815272,30.78267339423155,27.469535260318,28.925090190635174,17.6
MA,Hampshire County,2.9000000000000004,81878.0,4.515361228898311,20.364629170333625,23.999919993599487,51.12008960716857,12.4
MA,Middlesex County,2.9000000000000004,118494.0,6.564039901898839,17.48388624025037,16.965356504423777,58.98671735342701,7.7
MA,Norfolk County,3.1,115770.0,5.640597638928431,17.371660121134592,19.342144776509404,57.64559746342756,7.7
MA,Plymouth County,3.5,102647.0,6.764512758892945,26.463637354486945,25.561914990336792,41.20993489628332,8.0
MA,Suffolk County,3.2,84548.0,12.392798607493615,20.50552773487201,17.209396877024915,49.89227678060946,15.1
MA,Worcester County,3.5,86078.0,8.689943211339804,26.52052011175132,25.76389130972479,39.02564536718409,10.9
MI,Alcona County,7.300000000000001,53788.0,7.109338338808072,37.55279211637729,34.690286250586574,20.64758329422806,15.8
MI,Alger County,7.7,59390.0,6.376133372331092,41.137759578824216,32.23164668031588,20.25446036852881,12.9
MI,Allegan County,3.4000000000000004,75893.0,7.947680074948653,36.32367248399534,29.662370731590137,26.066276709465868,9.9
MI,Alpena County,4.5,54161.0,6.902302311576412,36.086533561865934,39.27363691110391,17.737527215453746,15.9
MI,Antrim County,5.4,71945.0,5.603377378145732,29.667196666483907,30.390920554854983,34.33850540051538,10.1
MI,Arenac County,6.9,53615.0,11.375661375661377,36.10229276895944,36.71957671957672,15.802469135802468,15.0
MI,Baraga County,6.2,52491.0,7.905329254548382,39.10803413298986,36.87006923200773,16.116567380454033,15.6
MI,Barry County,3.5,71173.0,6.915610676732273,36.08340073694617,32.744675114586144,24.256313471735417,8.3
MI,Bay County,4.9,56388.0,8.170543460903817,33.70814925214244,36.718209400117104,21.40309788683664,12.8
MI,Benzie County,5.0,65846.0,6.0823411275283314,26.703485870033,32.87189786257352,34.34227513986516,9.7
MI,Berrien County,4.2,61790.0,7.677413377802483,27.91550861589772,34.15786548082268,30.24921252547712,13.6
MI,Branch County,3.9,63634.0,11.352135374697824,38.994359387590656,32.75745366639807,16.896051571313457,14.9
MI,Calhoun County,4.3,59652.0,9.0857541655762,35.12278635610224,33.58741167233708,22.204047805984477,14.0
MI,Cass County,4.4,65703.0,9.805086118460126,34.0451379515145,34.58776523945792,21.562010690567465,12.3
MI,Charlevoix County,4.6000000000000005,71362.0,4.682426948051948,27.58725649350649,33.86262175324675,33.8676948051948,9.1
MI,Cheboygan County,8.200000000000001,60849.0,10.309433206489086,34.71359903865412,32.02984177848989,22.947125976366912,14.0
MI,Chippewa County,5.9,58924.0,7.161855589454745,36.29038566846593,34.69451615426738,21.853242587811938,13.6
MI,Clare County,6.300000000000001,47973.0,11.820835693433835,40.84789333798092,34.342730164263,12.988540804322252,21.1
MI,Clinton County,3.3000000000000003,80212.0,4.483427299170467,24.548425324092364,36.73286170862211,34.235285668115054,7.0
MI,Crawford County,5.9,57600.0,8.563291760777766,33.51664538937445,37.71972896003143,20.20033388981636,14.0
MI,Delta County,5.2,57019.0,7.565801549135494,35.11618516207188,37.30039279027936,20.01762049851327,14.1
MI,Dickinson County,3.8,56349.0,4.211408517102299,33.51317374679168,37.95505735686973,24.320360379236288,11.8
MI,Eaton County,3.6,71499.0,5.487789186546231,27.36045703697985,36.74567024370159,30.40608353277233,10.1
MI,Emmet County,5.7,69805.0,3.9872219592995743,24.637166745543464,31.132670768259977,40.24294052689699,9.4
MI,Genesee County,5.0,57443.0,9.10861284293724,31.55486282510379,36.4982951221948,22.83822920976417,17.900000000000002
MI,Gladwin County,5.9,55017.0,11.083795376085364,37.65561251176901,35.81441573386338,15.446176378282248,14.2
MI,Gogebic County,4.7,50142.0,4.176334106728538,32.2684276280564,41.64733178654292,21.90790647867214,17.3
MI,Grand Traverse County,3.4000000000000004,74746.0,4.87413038800832,21.686867962418415,33.17506992756222,40.26393172201104,7.4
MI,Gratiot County,4.4,58074.0,8.134155744024673,40.17312679610289,32.673302025653605,19.019415434218825,16.3
MI,Hillsdale County,4.2,60070.0,9.505824102580378,40.57828419081474,29.28555559082109,20.63033611578379,14.8
MI,Houghton County,4.6000000000000005,55623.0,5.482284821469602,28.969256927530907,28.950875419328156,36.59758283167134,17.1
MI,Huron County,4.3,50177.0,8.114877996113151,41.105592744547614,33.159144893111645,17.620384366227597,14.3
MI,Ingham County,3.9,60571.0,6.50083468636374,21.21418280774772,31.032038235495897,41.252944270392646,16.2
MI,Ionia County,3.6,74391.0,8.634421759945042,38.23232648504755,35.11088211931904,18.02236963568837,13.3
MI,Iosco County,6.0,46129.0,10.924284112911444,36.894935289921534,34.60205849383471,17.578722103332314,18.8
MI,Iron County,5.6000000000000005,54149.0,6.557377049180328,41.03898980948161,31.823216659282235,20.580416482055828,17.900000000000002
MI,Isabella County,4.5,54642.0,8.048289738430583,30.43466277114743,30.71304539566164,30.804002094760342,21.0
MI,Jackson County,4.0,61299.0,7.21182511502078,35.69248293598882,34.1066645308843,22.98902741810609,13.7
MI,Kalamazoo County,3.7,69689.0,5.670683601630864,22.502062669003355,30.98399850644697,40.84325522291881,13.0
MI,Kalkaska County,5.6000000000000005,59160.0,10.072540426175005,38.24996221852803,33.43660269004081,18.24089466525616,14.0
MI,Kent County,3.2,76923.0,7.7169302753666225,23.537532785788933,29.11378057267734,39.6317563661671,10.5
MI,Keweenaw County,5.9,57103.0,2.4760832864378166,26.95554305008441,27.011817670230727,43.556555993247045,12.0
MI,Lake County,7.0,48545.0,17.387237580544586,40.20993556433174,29.91062149241322,12.492205362710456,21.200000000000003
MI,Lapeer County,4.1000000000000005,72737.0,7.667701717977125,37.00126390687659,35.52670588418868,19.804328490957605,9.4
MI,Leelanau County,3.8,89007.0,3.4171249018067558,18.58377286499832,28.10571204129727,49.89339019189765,7.2
MI,Lenawee County,4.2,67486.0,8.62272348016227,35.86184078027448,33.24222458785281,22.27321115171045,10.6
MI,Livingston County,2.7,101227.0,3.84890388822949,24.55204564629839,32.398575698208184,39.20047476726394,5.6000000000000005
MI,Luce County,5.9,49371.0,7.252927881651941,40.41504006574892,33.01828641873844,19.31374563386069,20.200000000000003
MI,Mackinac County,8.9,56942.0,7.821620359561056,37.88232547279944,30.831193088956336,23.464861078683168,13.6
MI,Macomb County,3.5,73927.0,9.24475797047275,29.02852724769089,34.557458650027634,27.169256131808726,10.6
MI,Manistee County,5.7,55788.0,9.695935463853552,32.80070327851898,34.11417933602234,23.38918192160513,14.1
MI,Marquette County,4.6000000000000005,61598.0,4.496151942031594,26.641613033889914,33.03028939196184,35.83194563211666,14.3
MI,Mason County,4.9,64014.0,6.638345548760562,33.3737920731992,34.95635124410625,25.031511133933996,14.6
MI,Mecosta County,5.300000000000001,56096.0,8.267363704256908,36.657953696788645,32.35250186706497,22.72218073188947,18.4
MI,Menominee County,4.0,50564.0,7.608881785490039,40.17352588618072,34.22569781380216,17.991894514527086,14.8
MI,Midland County,4.0,77595.0,4.965575146935349,27.445843828715365,31.239294710327453,36.34928631402183,12.1
MI,Missaukee County,4.800000000000001,59230.0,8.947319520579763,40.16538139923813,32.93691349995355,17.950385580228563,11.5
MI,Monroe County,4.2,72166.0,8.24473383927116,33.16639800039847,35.179583778594846,23.409284381735525,11.3
MI,Montcalm County,4.3,61590.0,11.743615549125677,39.83939279573951,33.53042311401854,14.886568541116285,13.8
MI,Montmorency County,7.5,50680.0,10.584433072986805,39.56369512523566,33.82709399407487,16.024777807702666,17.7
MI,Muskegon County,4.4,58303.0,7.506033325371265,34.695121448986484,36.35315339060531,21.445691835036943,14.0
MI,Newaygo County,4.3,57992.0,10.252887742514298,39.64618145116071,31.69507681955815,18.40585398676685,14.0
MI,Oakland County,2.9000000000000004,90801.0,5.068500366535124,17.780355473225377,26.94296537889197,50.208178781347534,8.3
MI,Oceana County,5.7,56853.0,9.407243630237945,37.639503053274375,31.975152663718674,20.978100652769005,14.8
MI,Ogemaw County,6.6000000000000005,53480.0,10.325534079348932,37.80518819938962,35.993133265513734,15.876144455747712,15.7
MI,Ontonagon County,7.0,45694.0,5.889595731582188,41.124563923660986,36.30207264518777,16.683767699569056,13.0
MI,Osceola County,4.800000000000001,54727.0,10.343350266234165,40.17381724707754,33.12932247995594,16.353510006732357,16.8
MI,Oscoda County,7.6,46626.0,13.881293228245134,36.062409522277626,35.209908315907995,14.846388933569246,18.7
MI,Otsego County,4.800000000000001,65915.0,6.057461219139174,32.903648678173475,35.19226567620712,25.846624426480226,10.4
MI,Ottawa County,3.0,85968.0,5.895876516450795,26.15555391883503,30.427394492903066,37.52117507181112,9.0
MI,Presque Isle County,7.7,56375.0,8.225899557436984,35.328073888781994,36.29016740427169,20.15585914950933,13.1
MI,Roscommon County,7.2,49151.0,9.202518363064009,32.36096537250787,38.11647429171039,20.320041972717732,15.7
MI,Saginaw County,5.2,54064.0,8.93234390134153,32.78319694323477,34.83781908037737,23.44664007504633,16.2
MI,St. Clair County,3.8,64894.0,7.907979245791363,33.184137109880844,38.58214338481327,20.32574025951452,11.7
MI,St. Joseph County,4.4,60489.0,13.693650024236549,36.303926320891904,32.87687833252545,17.1255453223461,11.7
MI,Sanilac County,4.800000000000001,56079.0,9.301525009466763,41.69506695583325,33.02006953767771,15.983338497022274,13.3
MI,Schoolcraft County,7.300000000000001,56707.0,10.271660504742004,35.91062530139849,33.16187108181964,20.655843112039864,14.5
MI,Shiawassee County,4.3,61959.0,7.331673900968918,34.61973627368291,38.55917384954023,19.489415975807944,12.2
MI,Tuscola County,5.0,61978.0,7.7995439469320065,46.23237976782753,30.43635986733001,15.531716417910449,14.3
MI,Van Buren County,4.7,61638.0,11.167358124310129,33.40501655692155,32.544817873862904,22.882807444905417,14.7
MI,Washtenaw County,3.3000000000000003,80941.0,4.2301033657518206,14.192847565218866,23.44654344246992,58.13050562655939,14.6
MI,Wayne County,4.4,55928.0,12.100506284133496,29.522475594912915,31.48957791943623,26.88744020151736,20.6
MI,Wexford County,4.800000000000001,56379.0,9.966707404441824,36.0740022756964,32.78267099329934,21.176619326562435,13.4
MN,Aitkin County,4.800000000000001,59064.0,6.437699680511182,37.61182108626198,36.99680511182108,18.95367412140575,12.1
MN,Anoka County,2.8000000000000003,92249.0,5.7843815338628,27.51913949772234,35.03581451183349,31.66066445658136,6.5
MN,Becker County,3.0,67448.0,6.6838572364112645,28.89652914210871,36.881958087753766,27.537655533726262,11.8
MN,Beltrami County,3.5,59882.0,7.2053988579339,26.288285170444716,34.21699255926631,32.28932341235508,17.1
MN,Benton County,3.6,71493.0,7.677236775270299,29.624120165445177,38.20114650605907,24.497496553225456,13.7
MN,Big Stone County,3.4000000000000004,57821.0,6.709608158883522,38.00322061191627,33.95061728395062,21.3365539452496,11.8
MN,Blue Earth County,2.3000000000000003,68279.0,5.020940997820176,24.803448529231677,35.6903181562125,34.48529231673565,14.3
MN,Brown County,2.9000000000000004,64093.0,7.125556244015097,35.1320903509266,33.54925928012167,24.193094124936632,8.1
MN,Carlton County,3.7,78478.0,6.478109259976753,30.73614877954281,37.28787291747385,25.497869043006588,9.1
MN,Carver County,2.4000000000000004,117602.0,3.68810440854554,17.667433289922137,28.16647731995899,50.47798498157333,4.6000000000000005
MN,Cass County,4.4,67121.0,5.557764523967308,31.91075767616523,37.09299757013474,25.43848022973271,14.7
MN,Chippewa County,2.8000000000000003,61878.0,9.896446222640622,33.40786067309956,37.05577783007767,19.63991527418216,13.5
MN,Chisago County,3.3000000000000003,98183.0,4.433924853772182,32.28660652324775,39.29067116090017,23.988797462079905,5.6000000000000005
MN,Clay County,2.1,79357.0,4.999626707811761,22.16857875220865,33.78543165020033,39.04636288977926,13.1
MN,Clearwater County,6.0,64716.0,11.472602739726028,37.602739726027394,32.6541095890411,18.27054794520548,13.0
MN,Cook County,3.6,69279.0,2.700290113813881,23.83396563267128,27.828609685338098,45.63713456817675,10.7
MN,Cottonwood County,4.6000000000000005,59981.0,7.591014717273431,35.21817712367674,34.3144848954299,22.87632326361993,11.2
MN,Crow Wing County,3.4000000000000004,67373.0,5.431911713519379,28.254949734853916,37.73673757703569,28.57640097459102,9.2
MN,Dakota County,2.6,97727.0,4.501061007076702,19.652374895808773,31.23843933995065,44.60812475716388,6.0
MN,Dodge County,2.8000000000000003,88994.0,5.045675135598058,28.739651727091065,36.46874107907508,29.7459320582358,7.4
MN,Douglas County,2.6,73521.0,3.974167908594138,29.973032432048825,37.01653537719112,29.03626428216592,8.700000000000001
MN,Faribault County,3.1,67302.0,7.953971939033007,33.38043807408903,37.1050772181286,21.56051276874937,11.3
MN,Fillmore County,2.8000000000000003,72065.0,7.170119956379499,31.788440567066523,37.3159760087241,23.72546346782988,9.6
MN,Freeborn County,2.7,65632.0,10.134610997033995,33.059548254620125,38.71777321469313,18.088067533652747,10.5
MN,Goodhue County,2.6,82091.0,6.334668394392744,32.95735657910237,32.81010719754977,27.89786782895512,7.300000000000001
MN,Grant County,3.2,68381.0,5.710982658959537,30.751445086705203,44.48554913294798,19.052023121387283,10.7
MN,Hennepin County,2.6,89418.0,6.035065467048685,15.172579558572782,25.466529597560744,53.32582537681779,10.1
MN,Houston County,2.5,76170.0,5.568773234200743,30.80297397769517,35.63568773234201,27.99256505576208,7.800000000000001
MN,Hubbard County,4.3,67797.0,5.430178898792591,28.130728870345788,35.982046905619825,30.4570453252418,10.7
MN,Isanti County,3.8,83212.0,7.706554172239942,35.26425901155812,37.42497513461605,19.604211681585895,7.7
MN,Itasca County,4.6000000000000005,66958.0,5.347577399146567,30.6086009139606,38.89779983657658,25.14602185031625,12.7
MN,Jackson County,2.9000000000000004,66694.0,6.106977397164116,31.72820440825495,37.25958163695072,24.90523655763021,8.0
MN,Kanabec County,5.0,69588.0,8.83825306404281,37.76972207837045,37.61436216122907,15.777662696357671,10.0
MN,Kandiyohi County,2.9000000000000004,72281.0,9.171087757239889,27.682222147129387,36.049065657418986,27.09762443821174,12.1
MN,Kittson County,3.0,65244.0,4.114671163575042,32.81618887015177,35.07588532883643,27.99325463743676,9.2
MN,Koochiching County,4.3,63035.0,6.493649917172832,31.319712865819987,41.85532854776366,20.331308669243512,12.4
MN,Lac qui Parle County,2.8000000000000003,67556.0,4.812061131763734,36.03882693102024,37.05080545229244,22.098306484923587,9.5
MN,Lake County,3.9,73724.0,6.83615131979078,30.84782873129789,36.54056684101691,25.77545310789442,8.700000000000001
MN,Lake of the Woods County,3.5,62143.0,3.9029535864978895,34.985935302391,39.69760900140647,21.41350210970464,10.5
MN,Le Sueur County,3.9,86864.0,4.970513900589722,32.429753704346105,37.20699737350712,25.392735021557066,7.4
MN,Lincoln County,3.0,64860.0,5.733130390664637,34.500253678335866,35.36276002029427,24.403855910705225,9.7
MN,Lyon County,2.5,70958.0,8.146204539907249,27.117402977788625,36.08738101049549,28.64901147180864,11.2
MN,McLeod County,3.2,80874.0,6.510093167701863,34.91459627329193,38.982919254658384,19.592391304347824,7.9
MN,Mahnomen County,4.7,52926.0,13.27188940092166,34.77726574500768,37.665130568356375,14.285714285714285,19.3
MN,Marshall County,4.2,70606.0,7.222222222222221,38.03174603174603,35.87301587301587,18.873015873015877,9.1
MN,Martin County,2.8000000000000003,61721.0,5.32679041319963,34.0871915226513,36.79681388236968,23.78920418177939,13.2
MN,Meeker County,3.1,76506.0,6.295580627064763,34.69425917845789,38.6461385027738,20.364021691703545,8.4
MN,Mille Lacs County,5.1000000000000005,65294.0,8.702624685946438,36.98615491527236,36.75629443523815,17.55492596354306,10.7
MN,Morrison County,4.4,64588.0,7.170428799194428,37.68146345556767,36.15842913484937,18.989678610388523,10.2
MN,Mower County,2.6,68718.0,10.31001619768712,32.83610200775982,33.38606998907598,23.46781180547708,13.1
MN,Murray County,3.9,68665.0,9.131633356305995,32.6671261199173,34.286698828394215,23.914541695382493,10.5
MN,Nicollet County,2.2,78091.0,5.040035587188612,25.43594306049822,33.84341637010676,35.680604982206404,8.700000000000001
MN,Nobles County,2.7,65374.0,22.20362419037916,29.98326177134124,30.10697911360163,17.706134924677972,11.3
MN,Norman County,3.5,64319.0,6.642809214940729,33.616640572578845,38.85036904495639,20.890181167524045,12.3
MN,Olmsted County,2.1,88032.0,4.966809769472203,19.75901006529817,26.749702370215378,48.52447779501425,8.0
MN,Otter Tail County,3.3000000000000003,65076.0,6.033444506207152,28.108208263850287,38.48897535667964,27.369371873262928,10.6
MN,Pennington County,3.3000000000000003,76423.0,5.434220060035193,30.18321084773833,45.04709657385364,19.33547251837284,10.3
MN,Pine County,4.9,65139.0,8.61018191815974,39.65082710901343,35.389268203271776,16.349722769555054,11.3
MN,Pipestone County,2.8000000000000003,65499.0,7.350591243208693,34.73953339725152,36.33748801534036,21.572387344199427,10.3
MN,Polk County,2.9000000000000004,69538.0,6.786091633848813,28.11929689751225,36.99452502161176,28.100086447027184,10.7
MN,Pope County,2.8000000000000003,68888.0,5.085568636970506,29.457458429421045,41.60699113970142,23.849981793907027,8.700000000000001
MN,Ramsey County,2.7,75041.0,8.525447979832391,20.10111058118144,25.85651018600532,45.51693125298085,11.9
MN,Red Lake County,3.9,74120.0,4.598540145985401,35.94890510948905,41.824817518248175,17.627737226277375,9.9
MN,Redwood County,2.9000000000000004,66582.0,7.367716008037509,35.518132236149654,36.3218830733901,20.792268682422733,11.9
MN,Renville County,3.7,66568.0,8.454438334642576,34.41673212882954,38.73723487824038,18.39159465828751,11.2
MN,Rice County,2.6,77962.0,7.022914927173208,32.952964096855,30.32516931069673,29.698951665275068,10.3
MN,Rock County,1.8,69835.0,6.658521686010996,34.46854001221747,32.54428833231521,26.328649969456325,9.8
MN,Roseau County,2.8000000000000003,71794.0,7.035175879396985,36.52223381056224,35.95335166398028,20.48923864606049,9.0
MN,St. Louis County,3.2,63141.0,5.015710293500137,25.25230586565889,37.23122366534903,32.50076017549194,13.3
MN,Scott County,2.5,115687.0,5.046915552006388,20.16370533040527,31.71191854661609,43.07746057097225,5.300000000000001
MN,Sherburne County,3.2,97999.0,5.615861593814591,27.860368981091632,38.39853019980096,28.125239225292813,5.7
MN,Sibley County,3.3000000000000003,75596.0,7.4827981651376145,36.36276758409786,37.586009174311926,18.5684250764526,8.8
MN,Stearns County,2.8000000000000003,72378.0,7.212619805069806,27.885959757654355,36.313347247269554,28.58807319000628,11.0
MN,Steele County,3.0,75474.0,6.347521911724247,30.1811893251582,33.789254411822505,29.68203435129505,7.800000000000001
MN,Stevens County,2.4000000000000004,69171.0,6.838487972508592,28.16151202749141,34.22680412371134,30.77319587628866,8.9
MN,Swift County,3.1,67166.0,5.502002076227199,32.86371051460774,38.67714667062139,22.957140738543675,10.5
MN,Todd County,3.6,66300.0,11.053079761566844,41.32841328413284,32.46097076355379,15.157536190746525,11.7
MN,Traverse County,3.0,63913.0,5.267740531127558,36.874183717892905,40.40052242054854,17.457553330430997,13.6
MN,Wabasha County,2.7,78953.0,5.097024579560156,32.29624838292368,36.04139715394567,26.565329883570502,8.1
MN,Wadena County,4.7,57527.0,8.629977817682475,34.75229745431499,39.1253829090525,17.492341818950035,13.5
MN,Waseca County,3.9,71519.0,7.129284791365813,35.47161206962073,36.47488029185985,20.924222847153608,9.4
MN,Washington County,2.4000000000000004,107649.0,3.745178951910888,18.67465005259325,28.701890659977884,48.87828033551798,5.0
MN,Watonwan County,2.9000000000000004,61295.0,11.622308412464893,33.288752173331545,36.89982613347599,18.189113280727565,10.0
MN,Wilkin County,2.5,71924.0,6.558108409547178,31.385233102832927,40.530894490296674,21.52576399732322,10.1
MN,Winona County,2.3000000000000003,65699.0,6.149458437479972,26.36351983592899,35.42908415048388,32.05793757610716,12.1
MN,Wright County,2.9000000000000004,95259.0,5.050653973335581,26.807641272983844,34.132985109206174,34.0087196444744,5.4
MN,Yellow Medicine County,3.0,67543.0,7.459066100667071,32.42874469375379,41.13098847786537,18.98120072771377,9.7
MS,Adams County,4.4,39547.0,16.386182462356068,34.53892333431749,29.770691861037303,19.304202342289145,25.200000000000003
MS,Alcorn County,3.0,49627.0,16.57582691907635,34.944872061576866,30.04368629082588,18.435614728520907,18.7
MS,Amite County,4.0,45433.0,12.952968388589053,43.99162903403459,35.069941623526816,7.985460953849543,22.8
MS,Attala County,3.6,44404.0,14.792646430098332,37.203933304831125,32.23599828986746,15.767421975203078,19.4
MS,Benton County,3.7,43247.0,19.058996507994856,36.574159161918764,32.255100165410774,12.111744164675612,20.0
MS,Bolivar County,3.6,39984.0,16.76022859454812,24.87735801345269,31.81105547969453,26.551357912304656,38.7
MS,Calhoun County,3.4000000000000004,44172.0,20.983356901990646,33.48199717176112,32.45948003916023,13.075165887088003,17.5
MS,Carroll County,3.9,49397.0,19.98122569397881,29.93160788520853,31.59447498994233,18.492691430870323,17.2
MS,Chickasaw County,4.2,43776.0,19.33862433862434,35.24691358024691,33.01587301587301,12.398589065255733,19.6
MS,Choctaw County,2.7,49225.0,14.158829676071056,38.47091605712296,28.78787878787879,18.582375478927204,17.1
MS,Claiborne County,7.300000000000001,35591.0,16.305189775367932,30.55770720371805,32.571649883811,20.56545313710302,32.7
MS,Clarke County,3.6,46524.0,13.623699851411589,33.28380386329866,37.98291233283804,15.109583952451707,18.3
MS,Clay County,3.3000000000000003,43451.0,17.232417106403087,33.91352287942034,30.645034260061436,18.209025754115142,20.700000000000003
MS,Coahoma County,4.9,36071.0,18.02715898687824,26.869087580103752,36.13060726274031,18.97314617027769,30.8
MS,Copiah County,3.5,43308.0,13.652395680720602,31.982201964295403,34.038743285039885,20.326659069944107,21.4
MS,Covington County,2.7,46630.0,15.290269828291086,31.602616516762065,37.19542109566639,15.911692559280455,19.3
MS,DeSoto County,2.8000000000000003,79967.0,8.565580349975919,28.90512120725638,34.21335687911382,28.31594156365388,9.2
MS,Forrest County,3.0,51344.0,9.161867392359134,27.64382001139169,33.73204227580533,29.462270320443857,19.0
MS,Franklin County,4.3,47165.0,13.20007542900245,33.15104657740902,35.583631906468035,18.0652460871205,18.7
MS,George County,3.9,61956.0,12.116914349139792,39.05777887402109,31.68280199790344,17.142504778935685,14.4
MS,Greene County,4.1000000000000005,52585.0,19.360252739658407,39.53006219765031,29.19340507453845,11.916279988152828,22.1
MS,Grenada County,3.5,46718.0,15.527992873295416,31.426026176934148,29.383951209484,23.66202974028644,20.9
MS,Hancock County,3.3000000000000003,59874.0,10.257320319432122,30.72759538598048,34.424726412304054,24.59035788228335,15.6
MS,Harrison County,2.9000000000000004,55916.0,10.836181104036982,28.7026927385392,34.98929427279044,25.471831884633385,16.0
MS,Hinds County,3.1,47479.0,11.544551605009357,23.59565965439004,33.80081844167061,31.05897029893,21.0
MS,Holmes County,5.7,31972.0,17.56744054892377,37.77610677695272,30.93335839834571,13.723094275777797,35.6
MS,Humphreys County,6.6000000000000005,33148.0,23.07692307692308,27.48397435897436,30.028044871794872,19.411057692307693,32.800000000000004
MS,Issaquena County,7.5,36922.0,32.70440251572327,41.299790356394126,21.59329140461216,4.40251572327044,49.6
MS,Itawamba County,2.9000000000000004,56484.0,14.792168488666544,35.40856031128405,35.031807794453705,14.767463405595702,14.0
MS,Jackson County,3.3000000000000003,61515.0,11.23773282595634,26.77548567995193,37.08792309232926,24.898858401762467,13.4
MS,Jasper County,3.7,44810.0,10.425778809247523,45.82701062215478,30.75069177898777,12.996518789609926,20.1
MS,Jefferson County,11.9,33852.0,19.245990418662775,35.034367840033326,25.78629452197459,19.933347219329303,30.200000000000003
MS,Jefferson Davis County,4.0,36642.0,12.427890644594934,41.40958113870078,32.61851015801354,13.544018058690746,25.0
MS,Jones County,3.2,58000.0,12.913475825808666,32.00137158532404,35.060006857926616,20.02514573094068,19.0
MS,Kemper County,4.6000000000000005,39856.0,20.43064596895343,30.996494742113168,30.81288599566016,17.759973293273244,25.9
MS,Lafayette County,2.5,61736.0,8.077691051007442,21.45277424819992,26.190476190476197,44.279058510316446,14.1
MS,Lamar County,2.5,62326.0,8.622814625462182,26.85671246633496,31.282238553886888,33.23823435431597,13.1
MS,Lauderdale County,3.2,49351.0,14.782184060064704,27.611044417767104,35.90860072842696,21.698170793741227,23.6
MS,Lawrence County,3.8,46407.0,17.901706137000254,39.26661573720398,30.137509549274256,12.694168576521516,19.0
MS,Leake County,3.2,46429.0,17.774810233342706,35.41608096710711,29.06241214506607,17.746696654484115,20.6
MS,Lee County,2.8000000000000003,58266.0,12.189081706435283,27.8470715835141,31.214750542299345,28.749096167751265,13.5
MS,Leflore County,4.9,35520.0,17.1869539895166,30.81537565521258,32.00931857891672,19.988351776354104,28.8
MS,Lincoln County,3.1,48596.0,12.947991331888648,36.68528088014669,31.95949324887481,18.40723453908985,18.9
MS,Lowndes County,3.3000000000000003,49344.0,11.930232558139537,32.05167958656331,29.4625322997416,26.555555555555557,19.9
MS,Madison County,2.5,80641.0,7.820746439900114,17.412431666329216,25.916177363838838,48.85064452993184,10.0
MS,Marion County,3.2,44129.0,17.456626721516724,34.88344362964288,35.181541763548566,12.478387885291838,21.5
MS,Marshall County,3.6,52162.0,18.40766491436324,35.8105816516873,31.248940139053754,14.53281329489571,21.1
MS,Monroe County,3.8,51754.0,14.699924031400355,40.32244450071748,28.581075377732763,16.396556090149407,17.3
MS,Montgomery County,3.5,42195.0,18.601878074228647,29.95975555224325,30.839171262483237,20.599195111044864,21.6
MS,Neshoba County,3.5,50331.0,17.769921131357087,33.12483002447647,32.7604025020397,16.344846342126733,20.5
MS,Newton County,3.6,47320.0,14.07727839284405,33.140259549820364,35.25185130874697,17.530610748588607,18.3
MS,Noxubee County,4.7,36608.0,20.06817844968134,41.57403290351267,27.212094264117383,11.1456943826886,28.9
MS,Oktibbeha County,3.3000000000000003,47284.0,9.001518602885346,22.505694760820045,22.73348519362187,45.75930144267274,25.5
MS,Panola County,3.9,40595.0,16.30533794862452,33.503370377117875,34.69666605939151,15.494625614866097,26.200000000000003
MS,Pearl River County,3.0,55830.0,12.185229868829737,36.00379906050261,35.85235002695279,15.958621043714864,18.9
MS,Perry County,3.8,45071.0,11.260974678712303,42.93167069601731,34.419137294821226,11.388217330449168,19.6
MS,Pike County,4.0,40945.0,17.037295765902122,34.39282803585982,32.692979392245896,15.87689680599216,23.6
MS,Pontotoc County,2.7,51086.0,21.139080571484108,27.354456215375645,33.79337156186219,17.713091651278067,13.3
MS,Prentiss County,2.8000000000000003,49217.0,16.139316650625602,30.010827718960535,35.292348411934555,18.55750721847931,17.7
MS,Quitman County,4.800000000000001,40255.0,23.18092428711898,30.039331366764998,31.53883972468044,15.240904621435597,32.1
MS,Rankin County,2.3000000000000003,72906.0,9.661739185739076,22.60523518348582,34.94634890926106,32.78667672151404,9.8
MS,Scott County,2.6,45764.0,21.34767514654829,31.529224290023333,35.04069204939958,12.082408514028796,21.1
MS,Sharkey County,6.2,36375.0,19.00860303154445,40.96681687832856,24.58009012699713,15.444489963129865,34.5
MS,Simpson County,3.0,50994.0,18.259929441219985,33.12848526231934,32.109935131444175,16.5016501650165,20.1
MS,Smith County,2.8000000000000003,51746.0,17.70192701927019,37.13612136121361,31.119311193111933,14.042640426404263,16.8
MS,Stone County,3.4000000000000004,54283.0,12.033160961996224,35.705491258310765,37.67544939670032,14.585898382992696,15.6
MS,Sunflower County,4.6000000000000005,38423.0,24.233677769439478,30.906886797898743,27.957051319055594,16.90238411360619,32.5
MS,Tallahatchie County,3.3000000000000003,39009.0,18.91329479768786,35.29479768786128,33.872832369942195,11.91907514450867,31.200000000000003
MS,Tate County,3.3000000000000003,58623.0,15.517806423421456,31.876775180249076,31.685601922656765,20.91981647367271,15.1
MS,Tippah County,2.8000000000000003,52635.0,18.225738692059934,32.78252345609858,32.62848340568548,16.363254446156,17.3
MS,Tishomingo County,3.2,51652.0,16.71024127885262,33.666990363785764,33.24120415328304,16.381564204078582,15.4
MS,Tunica County,3.5,37694.0,18.122815776335496,37.97636878016309,27.84157097686803,16.05924446663338,27.6
MS,Union County,2.3000000000000003,56050.0,21.428571428571427,31.681940700808624,29.800539083557958,17.088948787061994,14.9
MS,Walthall County,4.1000000000000005,40828.0,19.96587030716724,33.88438566552901,32.988481228668945,13.161262798634812,20.6
MS,Warren County,3.4000000000000004,52117.0,11.946679233850608,28.128050627798164,33.45339482276904,26.47187531558219,20.8
MS,Washington County,4.9,39690.0,20.79077658138005,32.500086556105664,26.17456635391061,20.53457050860368,35.5
MS,Wayne County,3.6,43562.0,16.031733563742048,39.15638991438222,28.104626502238627,16.707250019637108,21.0
MS,Webster County,3.1,51249.0,15.75998820580864,37.47604304879847,26.66961521450685,20.09435353088604,16.400000000000002
MS,Wilkinson County,5.5,36798.0,12.491760052735662,41.41397495056032,34.50889914304548,11.585365853658535,32.2
MS,Winston County,3.4000000000000004,50082.0,16.369930761622157,36.70458292120013,28.363006923837787,18.562479393339927,27.4
MS,Yalobusha County,3.5,45658.0,15.838163174320108,45.0624164065983,26.772180115916186,12.327240303165404,20.700000000000003
MS,Yazoo County,3.4000000000000004,39620.0,25.31807976050465,35.74788837806052,25.68159948679568,13.252432374639152,30.9
MO,Adair County,3.6,46433.0,7.269099201824401,33.15992018244014,24.522519954389963,35.0484606613455,18.2
MO,Andrew County,2.6,72630.0,5.994978028876334,38.245448838669176,28.837099811676083,26.922473320778405,8.4
MO,Atchison County,2.7,57883.0,8.158995815899582,42.80857740585774,26.98744769874477,22.04497907949791,11.3
MO,Audrain County,3.3000000000000003,56305.0,11.554364917593617,41.4303185603634,30.895113854755117,16.12020266728787,15.1
MO,Barry County,3.5,49968.0,14.829364105082249,42.89630902692528,28.89352647516164,13.38080039283084,15.5
MO,Barton County,3.0,49857.0,13.945113622252578,40.432137091767046,27.66670805910841,17.956041226871974,15.5
MO,Bates County,3.2,57291.0,10.994529638597434,46.20213433772756,27.53116312438346,15.272172899291544,13.9
MO,Benton County,4.3,51473.0,10.904480135249363,43.175759152090514,30.7302165290331,15.189544183627024,18.1
MO,Bollinger County,3.0,53932.0,13.763412372499667,47.91363094449597,24.14889389323089,14.17406278977348,14.6
MO,Boone County,2.5,63981.0,5.416703569214419,20.139048799929142,23.43990789124081,51.00433973961562,14.4
MO,Buchanan County,2.9000000000000004,56751.0,10.1993006993007,38.22027972027972,28.234265734265733,23.346153846153847,15.1
MO,Butler County,4.4,44853.0,15.517776475050866,39.78068209248595,29.473430118279943,15.228111314183248,18.6
MO,Caldwell County,3.1,56660.0,9.193892628468232,40.74864554260384,31.669676571991463,18.387785256936464,11.5
MO,Callaway County,2.8000000000000003,72398.0,9.30622781542433,34.798322039367534,30.5324298160697,25.36302032913843,13.0
MO,Camden County,3.8,63703.0,7.644114032195209,35.06400071944603,32.83072034533409,24.46116490302467,10.9
MO,Cape Girardeau County,2.7,64118.0,7.173695820214551,32.07141645142437,26.88109198544522,33.87379574291586,12.6
MO,Carroll County,2.8000000000000003,56818.0,10.34540576794098,44.53386988598256,24.88262910798122,20.23809523809524,12.9
MO,Carter County,4.4,42907.0,14.798206278026909,47.22533632286996,24.635650224215247,13.340807174887892,19.4
MO,Cass County,3.0,77805.0,6.334853662752815,32.16095102588992,32.65428240894645,28.849912902410807,7.0
MO,Cedar County,3.5,45952.0,11.884753901560623,40.19607843137255,30.16206482593037,17.757102841136454,15.0
MO,Chariton County,2.7,56633.0,8.720030935808198,45.746326372776494,26.1600928074246,19.37354988399072,10.4
MO,Christian County,2.5,73616.0,6.654266073594823,27.03113627173473,33.74201374848362,32.57258390618682,7.4
MO,Clark County,3.8,63249.0,10.010695187165776,49.3048128342246,28.427807486631018,12.25668449197861,14.5
MO,Clay County,2.7,78930.0,5.576029482454735,26.77226634925722,31.646141872868363,36.00556229541969,7.800000000000001
MO,Clinton County,3.0,68337.0,6.279148360932747,41.8316998986144,29.158499493071982,22.730652247380878,9.7
MO,Cole County,2.5,70837.0,6.396124016450395,29.45296801937992,26.683066984657565,37.467840979512125,9.4
MO,Cooper County,3.0,63247.0,9.314997405293202,39.448192354263966,27.201176267081824,24.03563397336101,10.2
MO,Crawford County,3.4000000000000004,52536.0,15.054829316647048,40.1276253020259,32.05501517873738,12.762530202589678,14.7
MO,Dade County,3.0,49386.0,9.043415600792647,41.86633039092055,33.88578634480274,15.204467663484056,14.2
MO,Dallas County,3.1,49830.0,9.68947193623381,47.79973430753902,27.715044835602797,14.795748920624376,15.9
MO,Daviess County,2.8000000000000003,53639.0,14.328410689170182,39.73277074542897,27.531645569620256,18.40717299578059,12.8
MO,DeKalb County,2.9000000000000004,66880.0,11.073295247356263,43.05336088489121,31.056278108666582,14.817065759085937,11.6
MO,Dent County,3.5,52945.0,14.367872112291646,38.99015498586607,28.52129837216103,18.120674529681256,17.5
MO,Douglas County,3.3000000000000003,43694.0,16.373509621060087,36.4419785149333,31.66096092551057,15.523550938496044,16.3
MO,Dunklin County,5.0,39688.0,20.01089918256131,41.06811989100817,26.283378746594003,12.637602179836511,23.0
MO,Franklin County,2.8000000000000003,65779.0,8.951257541861569,33.60450138973629,34.48579757304589,22.95844349535625,9.8
MO,Gasconade County,2.7,59287.0,10.123272319760924,39.60590212924916,31.71460590212925,18.556219648860665,10.5
MO,Gentry County,2.6,52653.0,11.590424271154305,45.93505570040294,21.995733586157854,20.478786442284903,14.5
MO,Greene County,2.6,55751.0,6.655329596796104,28.24137896336248,32.67541432294549,32.42787711689593,14.1
MO,Grundy County,3.1,48457.0,14.5899410965111,37.97009515178976,31.536021748980517,15.90394200271862,16.0
MO,Harrison County,3.0,51910.0,9.26689370854992,43.825058254167416,29.342176017207382,17.565872020075282,16.2
MO,Henry County,3.1,54177.0,9.945174040545709,43.75239066683668,30.173403034553104,16.129032258064516,16.3
MO,Hickory County,3.6,43468.0,12.039770079229454,46.85412459220134,29.11294081093677,11.993164517632437,17.5
MO,Holt County,2.4000000000000004,51295.0,7.568438003220612,43.47826086956522,28.47020933977456,20.483091787439616,12.2
MO,Howard County,3.1,53862.0,10.402581438229872,35.63306699446835,25.98340503995083,27.98094652735095,12.0
MO,Howell County,3.7,44858.0,14.065242832065536,39.29564072557051,29.121562317144527,17.517554125219426,16.7
MO,Iron County,4.9,44329.0,14.087995337995338,37.82051282051282,29.778554778554778,18.312937062937063,19.0
MO,Jackson County,3.4000000000000004,62509.0,8.31616231269605,28.218108452643797,30.00873727008396,33.4569919645762,12.0
MO,Jasper County,3.0,53548.0,11.235733720744124,34.46437585412998,29.1530724055994,25.14681801952649,15.5
MO,Jefferson County,2.8000000000000003,78297.0,8.548910174221284,31.71242175126329,36.1232621866908,23.615405887824625,9.2
MO,Johnson County,3.3000000000000003,60086.0,6.857320484923841,32.897109107864466,31.14392290954305,29.10164749766864,13.6
MO,Knox County,3.2,49552.0,17.131474103585656,41.03585657370518,24.940239043824704,16.89243027888446,16.6
MO,Laclede County,3.2,53224.0,14.159616010413275,42.79612756264237,27.387731858119103,15.656524568825253,17.0
MO,Lafayette County,2.9000000000000004,70457.0,9.198554699403596,38.23516607896914,28.148535109485877,24.4177441121414,11.2
MO,Lawrence County,3.1,58031.0,14.49661275795904,39.13928809178839,29.77248697967655,16.591612170576028,14.9
MO,Lewis County,2.9000000000000004,57053.0,12.545540947251702,44.85981308411215,26.05734199271345,16.537303975922697,15.3
MO,Lincoln County,3.1,77913.0,8.91310623556582,40.567263279445726,32.084776751347185,18.434853733641265,8.4
MO,Linn County,3.8,52831.0,8.52495107632094,47.19911937377691,24.20499021526419,20.070939334637966,15.3
MO,Livingston County,2.4000000000000004,56654.0,12.02018203403245,43.15393747526712,26.513652552433715,18.31222793826672,13.9
MO,McDonald County,3.3000000000000003,50100.0,18.65915348658513,40.80169046551835,27.11788435679068,13.421271691105844,18.2
MO,Macon County,3.3000000000000003,52847.0,8.323798627002288,44.336384439359264,28.861556064073223,18.47826086956521,12.5
MO,Madison County,3.7,47068.0,11.916980271410653,42.88972516820618,29.86657543619569,15.32671912418748,16.0
MO,Maries County,3.2,54815.0,13.917441670745635,43.400228422254855,26.67645619187469,16.005873715124817,11.8
MO,Marion County,3.1,57635.0,9.645301804604854,39.18792781580585,25.42522298278366,25.741547396805643,12.4
MO,Mercer County,2.8000000000000003,49715.0,9.369747899159664,43.8655462184874,28.823529411764703,17.941176470588236,12.8
MO,Miller County,3.1,61711.0,10.450772423334104,38.04473138113904,30.52801475674429,20.976481438782567,14.4
MO,Mississippi County,3.8,42364.0,18.07525495252608,49.61903645528074,18.23936232563592,14.06634626655726,20.5
MO,Moniteau County,2.6,64519.0,13.533980582524272,42.6990291262136,26.57281553398058,17.19417475728155,10.2
MO,Monroe County,3.2,50276.0,10.115091586967091,47.1551304911655,25.368779380774843,17.36099854109256,12.3
MO,Montgomery County,3.0,56538.0,11.4918094285357,45.15443291234213,26.860072527197698,16.493685131924472,14.7
MO,Morgan County,3.7,51700.0,19.94964553104088,38.01099847611476,27.138408533757367,14.900947459086996,14.9
MO,New Madrid County,3.7,48162.0,16.610874875599386,46.249886908531614,23.88491812177689,13.2543200940921,19.9
MO,Newton County,3.0,57423.0,10.662988917051836,34.39441379653098,31.939267432036186,23.003329854380997,13.0
MO,Nodaway County,2.8000000000000003,57507.0,5.8185010775002,39.21302578018996,29.371857291084684,25.59661585122516,15.1
MO,Oregon County,3.5,45273.0,13.07541625857003,46.80052236369573,25.693764283382304,14.430297094351944,18.9
MO,Osage County,2.4000000000000004,69094.0,7.994699646643109,39.49867491166078,27.69434628975265,24.81227915194346,10.5
MO,Ozark County,4.7,44242.0,16.661654135338345,38.93233082706767,32.03007518796993,12.37593984962406,20.200000000000003
MO,Pemiscot County,4.9,38456.0,16.666666666666664,48.27517047733655,22.292418772563177,12.765744083433614,27.4
MO,Perry County,2.5,63127.0,12.095790115924345,41.40482001220256,24.44325808419768,22.05613178767541,10.0
MO,Pettis County,3.1,58827.0,12.763286371878923,34.11214953271028,34.495745571209376,18.628818524201424,14.0
MO,Phelps County,3.1,54740.0,8.404281626452821,33.005970254707314,27.046313632670365,31.54343448616949,15.8
MO,Pike County,3.2,59081.0,12.681218439485258,50.94477928001303,19.767063039582997,16.606939240918717,14.6
MO,Platte County,2.6,93925.0,3.299699298362847,21.10791847644504,29.99264951553625,45.59973270965587,6.1000000000000005
MO,Polk County,3.1,53693.0,11.224586737602127,36.56659699790994,31.18943568307049,21.019380581417444,14.6
MO,Pulaski County,3.6,61718.0,5.947727967916256,30.904394521292865,35.25133399041566,27.896543520375214,11.4
MO,Putnam County,3.1,49532.0,6.136230182031708,39.988256018790366,34.58602466236054,19.28948913681738,15.3
MO,Ralls County,2.8000000000000003,65016.0,8.881797633293445,46.23055444754687,27.36338252891903,17.52426539024066,10.0
MO,Randolph County,3.5,48762.0,10.249226638650558,43.524193077686334,29.13091694390941,17.095663339753692,13.8
MO,Ray County,3.3000000000000003,70506.0,9.766781836130306,43.17620927936821,32.02122408687068,15.0357847976308,9.9
MO,Reynolds County,3.4000000000000004,44409.0,19.44692239072257,39.674397859054416,25.446030330062445,15.43264942016057,19.8
MO,Ripley County,4.1000000000000005,41587.0,16.30969801782626,38.911799920180925,31.84781162697885,12.93069043501397,20.5
MO,St. Charles County,2.5,98925.0,4.54847347930842,22.5176816386516,30.536066303495343,42.39777857854463,5.5
MO,St. Clair County,3.8,45174.0,12.0692162280064,43.79816780572924,30.46386505743784,13.668750908826524,18.2
MO,Ste. Genevieve County,2.8000000000000003,63786.0,7.274931797514399,40.92906941497424,33.38132767505304,18.41467111245832,9.6
MO,St. Francois County,3.9,48574.0,13.280486249840608,36.83427551324011,33.90147490117737,15.983763335741912,15.3
MO,St. Louis County,3.0,79609.0,5.576535114004445,20.89554394178545,26.60089274238851,46.92702820182159,9.7
MO,Saline County,3.0,54623.0,12.4135593220339,34.8,26.752542372881354,26.033898305084747,17.6
MO,Schuyler County,3.9,49508.0,6.259541984732825,54.045801526717554,29.04580152671756,10.64885496183206,14.5
MO,Scotland County,2.4000000000000004,54961.0,21.607869742198098,38.26322930800543,25.64450474898236,14.484396200814112,13.1
MO,Scott County,3.0,57678.0,13.572178783988797,39.82572840082468,24.927062667755862,21.67503014743066,15.1
MO,Shannon County,4.6000000000000005,39671.0,13.433417820237864,44.35562487814389,27.646714759212323,14.564242542405928,22.9
MO,Shelby County,2.7,54264.0,10.036014405762304,44.96998799519808,26.986794717887157,18.007202881152462,15.3
MO,Stoddard County,3.9,53391.0,17.63148693871435,42.69517007142501,23.2955396833325,16.377803306528147,13.7
MO,Stone County,4.6000000000000005,56418.0,8.213619024429835,35.52065579092606,33.27651976300625,22.989205421637852,12.3
MO,Sullivan County,3.3000000000000003,52384.0,14.154810706534846,46.92548830479865,24.234386303351823,14.685314685314683,12.9
MO,Taney County,4.9,53009.0,9.2967542503864,33.23029366306028,32.09428129829985,25.37867078825348,13.6
MO,Texas County,3.8,46622.0,14.35579362841838,40.59768818720045,29.29235974062588,15.754158443755289,20.3
MO,Vernon County,3.5,51900.0,11.805555555555555,38.76941457586619,31.39187574671445,18.0331541218638,16.900000000000002
MO,Warren County,2.9000000000000004,74355.0,10.761582819646051,37.76894014714655,31.88705508053291,19.58242195267449,8.6
MO,Washington County,3.8,47636.0,16.817183304857213,43.64779106663412,27.141811081278984,12.39321454722968,19.700000000000003
MO,Wayne County,4.5,41724.0,19.27815805849409,41.76726820161792,27.9900435594275,10.964530180460486,22.4
MO,Webster County,2.7,59784.0,11.519626894675476,39.64632724446172,30.198212203653323,18.63583365720948,12.9
MO,Worth County,2.5,48397.0,6.223175965665236,50.21459227467812,25.9656652360515,17.59656652360515,13.4
MO,Wright County,3.5,45017.0,17.183348095659877,41.43650857556969,27.11973588855785,14.260407440212578,17.5
MO,St. Louis city,3.7,52278.0,9.525643434153674,24.50450873567537,25.795603982716514,40.17424384745444,20.1
MT,Beaverhead County,2.4000000000000004,57497.0,6.988847583643122,26.61710037174721,30.88475836431227,35.5092936802974,12.9
MT,Big Horn County,4.4,49113.0,11.547714514835604,30.058807805399624,37.51670676289762,20.876770916867148,21.700000000000003
MT,Blaine County,3.6,53577.0,9.43134535367545,26.88395746648174,37.8409616273694,25.84373555247342,20.5
MT,Broadwater County,3.5,67927.0,9.031318281136198,26.911871813546977,37.70939548434086,26.34741442097597,8.700000000000001
MT,Carbon County,2.8000000000000003,67062.0,3.28593619309356,33.38511172183056,33.05054367307922,30.27840841199665,10.6
MT,Carter County,2.0,50597.0,6.666666666666667,28.823529411764703,44.2156862745098,20.294117647058822,13.7
MT,Cascade County,2.9000000000000004,59184.0,6.102219927723283,31.526415419032865,33.63448631905008,28.73687833419377,12.1
MT,Chouteau County,3.2,51137.0,7.710843373493977,38.3855421686747,31.27710843373494,22.626506024096383,15.0
MT,Custer County,2.8000000000000003,64743.0,5.2894675656824,29.90002325040688,35.01511276447338,29.795396419437346,13.6
MT,Daniels County,1.9,57141.0,3.342128408091469,29.463500439753737,39.66578715919085,27.528583992963934,10.7
MT,Dawson County,2.6,60763.0,5.666720025612293,24.45974067552425,44.341283816231794,25.532255482631665,12.7
MT,Deer Lodge County,2.8000000000000003,52848.0,7.2012661566868905,38.24848324980216,32.27380638353996,22.276444209970983,13.0
MT,Fallon County,1.7000000000000002,65637.0,3.0434782608695654,39.02173913043478,41.41304347826087,16.52173913043478,9.1
MT,Fergus County,3.1,60466.0,5.764470116703997,33.46693386773547,37.00341860190971,23.765177413650832,11.2
MT,Flathead County,3.5,66395.0,4.377607251377659,27.37163310501107,32.21661430705052,36.03414533656075,9.9
MT,Gallatin County,2.1,83520.0,2.8358491757721214,18.174698414703467,25.847280995389376,53.14217141413503,8.8
MT,Garfield County,3.4000000000000004,50762.0,3.603603603603604,33.18318318318318,41.891891891891895,21.32132132132132,16.900000000000002
MT,Glacier County,5.4,46270.0,14.4248106743599,30.027647553792526,37.492487077773774,18.055054694073807,28.0
MT,Golden Valley County,2.9000000000000004,45622.0,10.8955223880597,33.88059701492537,36.26865671641792,18.95522388059701,16.400000000000002
MT,Granite County,4.1000000000000005,58186.0,7.04828660436137,33.138629283489095,28.58255451713396,31.23052959501557,11.6
MT,Hill County,2.5,50518.0,8.779806445176094,33.90202534171406,31.73700488875586,25.581163324353984,19.0
MT,Jefferson County,2.9000000000000004,83697.0,6.021341463414634,26.20862369337979,35.093641114982574,32.676393728223,8.5
MT,Judith Basin County,2.8000000000000003,60677.0,5.921938088829071,28.532974427994617,37.28129205921938,28.26379542395693,13.7
MT,Lake County,3.6,57225.0,7.010400531090949,25.895109537508297,36.57888913476433,30.51560079663642,13.9
MT,Lewis and Clark County,2.6,72491.0,5.149556474310449,23.496185873173005,28.54286767988509,42.81138997263146,9.3
MT,Liberty County,2.5,53601.0,18.8580015026296,21.78812922614576,32.006010518407216,27.347858752817427,16.5
MT,Lincoln County,5.2,48432.0,8.11812755262331,39.79893182532203,34.037071944706256,18.045868677348416,15.2
MT,McCone County,2.0,59086.0,3.524229074889868,32.08516886930984,43.02496328928047,21.365638766519822,14.6
MT,Madison County,3.0,72487.0,4.615602435225825,25.258388786634573,35.792156307518056,34.33385247062155,9.1
MT,Meagher County,2.6,53724.0,4.506858262573481,31.54800783801437,35.40169823644676,28.543435662965383,13.8
MT,Mineral County,4.9,55979.0,6.679654884497634,34.038408015585865,32.70247703868633,26.57946006123017,13.4
MT,Missoula County,2.9000000000000004,68210.0,3.4218776581524777,20.47536879966948,30.208763700877345,45.8939898413007,11.4
MT,Musselshell County,3.1,55291.0,9.627492130115426,31.79433368310598,36.64742917103882,21.93074501573977,16.3
MT,Park County,2.9000000000000004,68594.0,3.3112582781456954,26.60044150110376,32.00147167034584,38.08682855040471,11.3
MT,Petroleum County,3.3000000000000003,48991.0,1.2195121951219512,44.51219512195122,27.134146341463417,27.134146341463417,13.0
MT,Phillips County,4.2,56043.0,4.650395778364117,33.83905013192612,40.89709762532981,20.613456464379947,16.8
MT,Pondera County,2.9000000000000004,51057.0,13.209817131857552,30.05293551491819,37.223291626564006,19.51395572666025,19.3
MT,Powder River County,2.5,54102.0,10.491071428571429,36.23511904761904,28.05059523809524,25.223214285714285,11.7
MT,Powell County,3.0,60350.0,6.856005788712012,45.91172214182345,28.20188133140376,19.03039073806078,16.8
MT,Prairie County,2.5,49838.0,11.542497376705144,34.73242392444911,33.68310598111228,20.041972717733472,13.4
MT,Ravalli County,3.1,65789.0,6.749283377247589,30.416654602310565,33.051509974809626,29.782552045632222,10.7
MT,Richland County,2.6,72974.0,3.76585623678647,41.38477801268499,35.438689217758984,19.41067653276956,9.5
MT,Roosevelt County,3.8,48712.0,8.178559791463018,33.105246008471816,38.85630498533724,19.859889214727925,24.3
MT,Rosebud County,3.4000000000000004,64003.0,8.638388533798178,35.405771838078635,37.07147007553748,18.884369552585703,20.200000000000003
MT,Sanders County,4.800000000000001,47976.0,7.778450363196127,37.66142050040355,33.000403551251004,21.55972558514932,14.5
MT,Sheridan County,2.3000000000000003,62982.0,8.544423440453686,34.291115311909266,32.514177693761816,24.650283553875237,11.9
MT,Silver Bow County,3.4000000000000004,58898.0,5.9918795882377065,32.51855801172948,33.7817331747529,27.707829225279905,15.8
MT,Stillwater County,2.4000000000000004,81147.0,6.926341315550166,33.237344649893906,30.069718096392844,29.76659593816308,8.3
MT,Sweet Grass County,2.3000000000000003,68006.0,3.636363636363636,31.32575757575757,41.96969696969697,23.068181818181817,10.0
MT,Teton County,2.9000000000000004,57054.0,9.090909090909092,30.179028132992325,34.85235991629854,25.87770285980005,13.3
MT,Toole County,2.2,49850.0,13.801652892561982,35.37190082644628,29.311294765840216,21.51515151515152,17.0
MT,Treasure County,2.7,60454.0,5.107084019769357,28.500823723229,33.60790774299836,32.78418451400329,12.6
MT,Valley County,2.5,79703.0,5.347196435202377,30.820646119569258,42.31340512439659,21.518752320831787,15.4
MT,Wheatland County,4.0,44002.0,7.395069953364423,39.24050632911392,35.57628247834777,17.788141239173886,18.5
MT,Wibaux County,2.7,56317.0,2.6854219948849107,37.084398976982094,34.39897698209718,25.83120204603581,12.7
MT,Yellowstone County,2.6,78216.0,4.731792789979529,29.641580791783767,31.704312827452203,33.9223135907845,9.9
NE,Adams County,2.1,64212.0,8.13270698766882,25.24466627520063,37.80583284400078,28.816793893129773,11.9
NE,Antelope County,1.9,63250.0,6.903765690376569,31.54346815434681,41.63179916317992,19.9209669920967,10.6
NE,Arthur County,2.8000000000000003,57018.0,2.083333333333333,21.13095238095238,44.04761904761904,32.73809523809524,13.3
NE,Banner County,2.9000000000000004,66584.0,9.541984732824428,19.46564885496183,38.3587786259542,32.63358778625955,11.6
NE,Blaine County,3.6,54936.0,3.986710963455149,38.87043189368771,31.56146179401993,25.58139534883721,16.3
NE,Boone County,1.7000000000000002,68533.0,6.196351931330472,39.16309012875536,35.756437768240346,18.88412017167382,9.7
NE,Box Butte County,2.2,66762.0,7.649757150566648,32.096600107933085,40.17808958445764,20.075553157042638,12.0
NE,Boyd County,2.4000000000000004,54443.0,4.314329738058552,41.21725731895224,34.89984591679507,19.568567026194145,12.6
NE,Brown County,2.5,55394.0,7.727503812913065,31.825114387391967,39.24758515505846,21.1997966446365,11.6
NE,Buffalo County,1.8,67809.0,6.532759445241511,24.32010202454966,34.509803921568626,34.6373346086402,8.1
NE,Burt County,2.5,58125.0,7.779408681065212,33.94841685888027,32.543510169846925,25.728664290207597,10.3
NE,Butler County,1.7000000000000002,76417.0,8.2201203783319,34.96130696474635,31.590713671539124,25.22785898538263,8.3
NE,Cass County,2.3000000000000003,93195.0,4.212051295809411,27.456135644148738,36.448999302462845,31.882813757579008,6.6000000000000005
NE,Cedar County,1.8,69033.0,3.853737228894067,37.15719663022047,34.00250941028858,24.98655673059688,8.6
NE,Chase County,1.7000000000000002,64985.0,11.491053677932406,26.123260437375745,38.290258449304176,24.095427435387677,9.8
NE,Cherry County,1.9,58017.0,2.5660964230171075,32.50388802488336,40.72058061171592,24.209434940383616,11.0
NE,Cheyenne County,2.4000000000000004,56604.0,7.079778476276006,31.776680137703934,39.05104026343362,22.09250112258644,12.3
NE,Clay County,2.4000000000000004,64251.0,5.852842809364549,35.80984233158146,35.47539417104634,22.861920688007643,9.6
NE,Colfax County,1.8,69549.0,23.27467482785004,32.134659525631214,30.4973221117062,14.093343534812549,9.7
NE,Cuming County,1.9,65809.0,7.919973544973545,33.87896825396825,33.382936507936506,24.818121693121693,8.6
NE,Custer County,1.7000000000000002,60328.0,5.985241869363215,31.415687346269472,36.97731620661383,25.621754577753485,8.9
NE,Dakota County,2.7,65986.0,18.90967153284672,35.53071776155718,30.43643552311436,15.123175182481752,13.6
NE,Dawes County,2.0,52621.0,4.300019634792853,26.506970351462797,34.02709601413705,35.165913999607305,15.6
NE,Dawson County,2.4000000000000004,62089.0,22.16953556349464,31.07502435855797,29.217278337122444,17.538161740824943,10.5
NE,Deuel County,2.6,56099.0,8.708272859216255,29.46298984034833,39.33236574746009,22.49637155297533,11.9
NE,Dixon County,2.0,61144.0,15.733047440364514,31.868131868131865,28.65183596890914,23.74698472259448,8.4
NE,Dodge County,2.2,68267.0,10.795593635250915,35.94451244390045,31.71358629130967,21.54630762953896,9.8
NE,Douglas County,2.6,74424.0,8.519183026307555,20.29603822001544,28.9482193895646,42.23655936411241,11.5
NE,Dundy County,1.7000000000000002,58441.0,4.84375,29.062500000000004,42.8125,23.28125,13.5
NE,Fillmore County,1.9,68532.0,5.338510070371269,34.87017714147051,37.85488958990536,21.936423198252854,8.8
NE,Franklin County,2.1,59400.0,5.824330671676844,32.5974635979333,41.56881164866134,20.00939408172851,12.6
NE,Frontier County,2.0,58241.0,7.10161662817552,27.136258660508084,39.66512702078522,26.096997690531172,13.1
NE,Furnas County,1.9,54213.0,9.446652399877712,32.06970345460104,36.227453378171816,22.256190767349437,12.0
NE,Gage County,2.6,64406.0,7.248666798340904,35.76930673513727,34.8541707814866,22.12785568503522,10.3
NE,Garden County,2.0,51734.0,4.815409309791333,32.18298555377207,42.29534510433387,20.70626003210273,15.9
NE,Garfield County,2.0,51530.0,4.556166535742341,26.78711704634721,35.97800471327572,32.67871170463472,10.9
NE,Gosper County,2.2,67697.0,4.458161865569274,26.817558299039774,39.91769547325103,28.80658436213992,8.9
NE,Grant County,1.5,63469.0,7.352941176470589,24.369747899159663,38.8655462184874,29.411764705882355,10.3
NE,Greeley County,2.0,58561.0,6.51890482398957,37.67926988265971,37.35332464146023,18.44850065189048,10.8
NE,Hall County,2.3000000000000003,66277.0,15.30420865738078,32.16884643276901,31.413638750656432,21.11330615919378,10.8
NE,Hamilton County,1.9,75369.0,2.917442582247052,28.07262569832402,39.432029795158286,29.57790192427064,7.4
NE,Harlan County,1.9,62104.0,7.492931196983978,28.65221489161169,39.67954759660697,24.17530631479736,10.1
NE,Hayes County,1.6,60141.0,5.3125,37.1875,41.5625,15.937499999999998,13.5
NE,Hitchcock County,2.7,54488.0,6.789788158609452,29.766431287343835,43.67191743617599,19.771863117870723,14.2
NE,Holt County,1.8,60502.0,6.953113659457105,33.662360284511536,32.37044563797358,27.014080418057773,11.8
NE,Hooker County,2.5,53537.0,6.293706293706294,45.92074592074592,27.03962703962704,20.745920745920746,9.6
NE,Howard County,1.9,69423.0,4.755495737999103,35.890533871691346,36.384028712427096,22.969941677882456,10.1
NE,Jefferson County,2.0,59478.0,6.890389197776013,39.793486894360605,33.61795075456712,19.698173153296267,11.0
NE,Johnson County,3.1,60549.0,11.605003992547246,42.4008517434123,27.016236358796917,18.977907905243548,12.9
NE,Kearney County,1.7000000000000002,74686.0,5.980861244019139,24.923879947803396,36.18964767290126,32.90561113527621,7.9
NE,Keith County,1.8,60608.0,9.216589861751151,30.052666227781437,39.38446346280448,21.34628044766293,11.2
NE,Keya Paha County,2.2,51579.0,3.1746031746031744,32.53968253968254,38.57142857142858,25.71428571428571,17.3
NE,Kimball County,2.0,55797.0,10.77414205905826,37.43016759776536,37.50997605746209,14.285714285714285,12.3
NE,Knox County,2.2,54880.0,7.251176573121841,35.035732961478125,38.03381558305735,19.67927488234269,13.7
NE,Lancaster County,2.1,68358.0,6.512692980080271,20.524462610494176,31.88831162435673,41.07453278506882,10.8
NE,Lincoln County,2.2,62442.0,6.5584797780206845,29.37442192886572,43.65172790717229,20.41537038594131,12.5
NE,Logan County,2.4000000000000004,68723.0,1.818181818181818,27.27272727272727,44.18181818181818,26.727272727272727,9.2
NE,Loup County,2.9000000000000004,60487.0,0.0,33.33333333333333,40.71428571428572,25.95238095238096,16.6
NE,McPherson County,2.1,52774.0,3.614457831325301,22.89156626506024,49.09638554216868,24.397590361445783,12.0
NE,Madison County,2.0,63482.0,7.802883580804821,31.172799655691847,37.52958898213902,23.49472778136432,11.6
NE,Merrick County,2.0,68754.0,7.597042513863217,36.61737523105361,38.22550831792976,17.56007393715342,9.3
NE,Morrill County,2.2,58889.0,9.114004445855828,32.899333121625915,36.17021276595745,21.81644966656081,14.5
NE,Nance County,2.1,62863.0,7.351676698194325,33.19002579535684,41.05760963026655,18.400687876182285,11.3
NE,Nemaha County,2.2,61933.0,10.565057371725482,30.61268672872916,29.66009958865555,29.1621563108898,11.8
NE,Nuckolls County,2.0,57278.0,7.858990944372575,29.560155239327297,35.93143596377749,26.64941785252264,10.8
NE,Otoe County,2.2,70433.0,6.52351182386518,33.41487723113165,32.88031167889825,27.18129926610492,8.0
NE,Pawnee County,2.0,55584.0,12.122936824132042,39.55606146841207,27.945361411496872,20.375640295959023,13.7
NE,Perkins County,1.7000000000000002,67296.0,7.341772151898734,26.22784810126582,40.70886075949367,25.72151898734177,9.3
NE,Phelps County,1.8,66287.0,7.943006878480184,27.66131673763511,37.65149033737308,26.744186046511626,8.3
NE,Pierce County,1.8,70906.0,5.599353143319184,30.20012128562765,41.27754194461289,22.922983626440267,9.2
NE,Platte County,2.0,67132.0,10.209915140687809,30.5895489057615,35.113890129522105,24.086645824028587,8.4
NE,Polk County,1.9,70813.0,6.688687035507845,36.0858794384806,38.645747316267546,18.57968620974401,7.300000000000001
NE,Red Willow County,1.9,60108.0,4.6576102023842525,30.71804823953424,38.591627391183806,26.032714166897694,11.5
NE,Richardson County,2.1,56121.0,8.319885242962165,40.90012551551013,28.402366863905325,22.377622377622377,11.1
NE,Rock County,1.5,55648.0,5.74468085106383,34.25531914893617,30.957446808510635,29.04255319148936,13.7
NE,Saline County,2.4000000000000004,72948.0,20.17036147209785,28.994212078191552,30.70874740635579,20.12667904335481,10.5
NE,Sarpy County,2.2,98619.0,4.326590354066072,19.934611927357192,33.87054434377262,41.86825337480411,4.9
NE,Saunders County,1.9,86179.0,3.910973883957288,29.59603756593336,36.18937347227583,30.30361507783353,6.5
NE,Scotts Bluff County,2.6,56853.0,10.507945632981563,27.31080359709276,36.27889787705827,25.90235289286741,15.5
NE,Seward County,2.0,77778.0,5.082144791478607,28.200036107600653,35.09658783173858,31.621231269182164,6.9
NE,Sheridan County,2.0,55388.0,10.013793103448275,32.60689655172414,35.64137931034483,21.73793103448276,14.6
NE,Sherman County,2.2,58456.0,8.699719363891488,35.64078578110384,36.81010289990645,18.84939195509822,12.3
NE,Sioux County,2.1,60806.0,4.631828978622328,25.29691211401425,45.01187648456057,25.05938242280285,14.4
NE,Stanton County,1.9,75068.0,4.818976279650436,31.585518102372035,41.24843945068664,22.347066167290887,7.2
NE,Thayer County,1.8,61125.0,5.561926605504588,34.86238532110092,36.553899082568805,23.021788990825687,9.3
NE,Thomas County,3.4000000000000004,58818.0,6.930693069306932,24.95049504950495,41.18811881188119,26.930693069306933,13.0
NE,Thurston County,2.7,57129.0,7.634001082837033,33.91987005955603,38.19707634001082,20.249052517596105,19.6
NE,Valley County,2.2,55050.0,5.637676177380543,32.691646613956685,34.03231350979718,27.638363698865597,11.9
NE,Washington County,2.1,87368.0,4.050950093965337,25.26623512215494,34.168580775388044,36.51423400849168,6.1000000000000005
NE,Wayne County,2.0,65664.0,4.891005678695732,32.66165964462356,33.08298223117787,29.36435244550284,12.4
NE,Webster County,2.5,62679.0,6.0606060606060606,33.706932337069325,38.35616438356164,21.87629721876297,12.5
NE,Wheeler County,1.7000000000000002,55951.0,2.2151898734177213,31.64556962025317,36.550632911392405,29.58860759493671,12.8
NE,York County,2.2,68440.0,8.253338898163607,29.53881469115192,38.34515859766277,23.8626878130217,9.4
NV,Churchill County,4.3,70149.0,7.979023344987031,33.20175933235593,40.210894327280926,18.608322995376117,10.8
NV,Clark County,5.4,70838.0,13.1861100488714,27.61387889964943,31.89142926394009,27.308581787539083,12.9
NV,Douglas County,4.5,91960.0,6.258440995846392,24.17501210406952,37.5149708228219,32.05157607726219,8.200000000000001
NV,Elko County,3.8,88757.0,12.78607960227435,32.903797251350035,36.772479213691824,17.537643932683793,9.0
NV,Esmeralda County,4.0,57501.0,22.685185185185187,22.10648148148148,31.134259259259263,24.074074074074076,14.8
NV,Eureka County,3.7,80291.0,4.488330341113106,35.727109515260324,41.651705565529625,18.13285457809695,11.5
NV,Humboldt County,3.9,80255.0,12.764835164835164,35.49010989010989,31.947252747252747,19.7978021978022,10.4
NV,Lander County,3.6,90190.0,10.753794700282992,35.554412143040906,37.12374581939799,16.56804733727811,11.5
NV,Lincoln County,4.7,63978.0,5.911792305286205,46.043165467625904,29.05849233656553,18.986549890522365,13.9
NV,Lyon County,5.800000000000001,74741.0,12.33004199296334,32.24605606628079,38.218136420383615,17.205765520372264,9.6
NV,Mineral County,6.800000000000001,55704.0,9.273947528981086,46.76632092739476,32.489322757779135,11.470408785845027,17.3
NV,Nye County,6.4,51933.0,13.344594594594597,35.51640926640927,38.465250965250966,12.673745173745171,15.4
NV,Pershing County,4.7,65315.0,14.366653176851475,44.111695669769325,32.17320922703359,9.34844192634561,16.8
NV,Storey County,4.3,90171.0,10.125448028673835,14.575866188769416,43.66786140979689,31.630824372759857,7.4
NV,Washoe County,4.1000000000000005,80245.0,11.31114110756432,23.47100160474588,32.03495681090068,33.182900476789115,9.9
NV,White Pine County,3.4000000000000004,67639.0,11.706438541197658,40.32717994897194,33.81359747861324,14.15278403121717,12.1
NV,Carson City,4.5,62859.0,10.906115867106168,27.278332424292728,37.3093978989305,24.50615380967061,10.4
NH,Belknap County,2.1,77531.0,6.192895480804688,29.526365386979148,31.706067931331177,32.57467120088499,8.0
NH,Carroll County,2.3000000000000003,71981.0,4.425496363278946,25.636426184391585,31.14310988794968,38.79496756437979,8.8
NH,Cheshire County,2.3000000000000003,76227.0,6.011403746945425,31.360304099918544,27.31287899357408,35.31541315956196,9.0
NH,Coos County,2.6,52292.0,10.466587745438218,38.73943748214067,30.624158060170632,20.16981671225048,13.5
NH,Grafton County,1.9,81205.0,6.105585541876402,25.814179149736187,23.242767905876647,44.83746740251077,9.4
NH,Hillsborough County,2.3000000000000003,96415.0,7.014328338634053,25.594281779730483,26.771041673497493,40.620348208137976,6.5
NH,Merrimack County,1.9,84898.0,6.284913708482804,28.20581463832521,27.429458692509503,38.07981296068248,7.7
NH,Rockingham County,2.3000000000000003,107445.0,3.895590018507881,24.998829961495098,26.32501542323484,44.78056459676218,5.4
NH,Strafford County,2.1,82845.0,5.343048647677643,26.1448988986067,30.017177693698144,38.49487476001752,9.3
NH,Sullivan County,1.9,74700.0,8.856290705459857,37.00773023312436,23.61981861342748,30.516160447988312,9.1
NJ,Atlantic County,5.9,76108.0,11.143672199170124,32.13900414937759,25.55601659751037,31.16130705394191,11.9
NJ,Bergen County,3.9,113885.0,7.085893233900824,20.06210108676902,20.2369631212136,52.61504255811656,6.6000000000000005
NJ,Burlington County,3.9,100188.0,5.599959043052979,26.111258341966412,26.292553063338715,41.99622955164189,6.800000000000001
NJ,Camden County,4.800000000000001,81372.0,10.165238205543972,29.101172551485263,25.458045159226533,35.27554408374422,12.3
NJ,Cape May County,7.6,80845.0,5.361225108105875,31.652298454843415,25.5391522295976,37.44732420745311,9.4
NJ,Cumberland County,6.5,60892.0,18.728402251989905,39.13414870898855,24.19530188312949,17.94214715589206,17.0
NJ,Essex County,5.5,74747.0,13.203400070834808,27.665854149739232,21.24280366952089,37.88794210990506,14.2
NJ,Gloucester County,4.3,97851.0,6.00367357648911,31.091815557834973,27.121490422461296,35.78302044321462,8.4
NJ,Hudson County,4.4,82361.0,12.110837577210718,22.692324880552903,17.293840823995506,47.90299671824087,15.2
NJ,Hunterdon County,3.5,137334.0,4.195648485876665,18.939265416914072,20.36538298413776,56.49970311307151,4.800000000000001
NJ,Mercer County,3.9,94832.0,10.074404016506826,24.5298213301789,20.49559008819824,44.90018456511604,10.6
NJ,Middlesex County,4.1000000000000005,102073.0,10.69938695731924,23.369496625152085,20.80356887432709,45.12754754320159,8.6
NJ,Monmouth County,3.8,117699.0,5.814895565055297,21.36717231930548,22.21665997000775,50.60127214563147,6.7
NJ,Morris County,3.7,131562.0,4.892823729739725,18.954482857592307,18.90535867552374,57.24733473714423,4.800000000000001
NJ,Ocean County,4.2,81152.0,6.65809088503891,33.0838145806534,26.561887036884983,33.696207497422705,10.0
NJ,Passaic County,5.5,78779.0,14.892759232381875,33.67745985670514,21.11871357154376,30.311067339369224,13.9
NJ,Salem County,5.5,76005.0,9.90895663867028,38.648237550426565,27.465114741088552,23.977691069814608,10.6
NJ,Somerset County,3.8,134735.0,6.150579340141398,17.97345509295627,18.524973815134853,57.35099175176748,5.5
NJ,Sussex County,4.3,111308.0,4.57866444579043,27.69155057540884,27.757798304058145,39.97198667474258,5.4
NJ,Union County,4.7,96483.0,13.72420997649517,26.71767061486386,20.99432094592865,38.56379846271232,8.9
NJ,Warren County,4.0,97729.0,6.013148685131487,30.794420557944207,26.76232376762324,36.430106989301066,8.3
NM,Bernalillo County,3.5,65034.0,9.590970825744098,22.305303165896337,30.66086901590844,37.44285699245113,13.5
NM,Catron County,4.9,44247.0,2.410832232496697,36.39365918097754,40.52179656538969,20.673712021136065,18.6
NM,Chaves County,3.8,47855.0,19.05737216890138,27.55245421419896,35.19016885374741,18.20000476315225,20.1
NM,Cibola County,5.2,45674.0,14.597949271451698,31.840259039395573,34.72746896923907,18.83432271991365,23.700000000000003
NM,Colfax County,3.4000000000000004,49966.0,9.488261386995564,32.5435464675971,33.97165422481878,23.996537920588555,17.8
NM,Curry County,2.9000000000000004,52463.0,17.843540395699215,26.590043479726315,34.274832316559376,21.291583808015098,18.9
NM,Dona Ana County,4.3,52011.0,17.345464315018262,22.84071188434421,28.41510612188587,31.39871767875166,19.8
NM,Eddy County,2.6,65063.0,15.692762778571607,27.28936351557996,37.19636008122133,19.82151362462711,16.5
NM,Grant County,3.5,47099.0,10.337808365240148,26.95197014491349,33.96016090728445,28.750060582561915,19.9
NM,Guadalupe County,4.0,43862.0,16.846652267818573,42.30175871644554,25.331687750694236,15.519901265041655,24.9
NM,Harding County,3.7,45217.0,11.22047244094488,36.61417322834646,21.8503937007874,30.314960629921263,15.1
NM,Hidalgo County,3.3000000000000003,43610.0,15.102182196051263,37.651541392448905,29.476965708347763,17.769310703152062,24.0
NM,Lea County,3.5,59194.0,24.41812611459143,32.61237367963785,27.6921669943756,15.277333211395124,17.0
NM,Lincoln County,3.2,54344.0,8.210659898477157,27.29060913705584,35.723350253807105,28.7753807106599,16.2
NM,Los Alamos County,1.9,139217.0,1.689141234918382,10.170333569907736,19.893541518807663,68.24698367636621,3.8
NM,Luna County,10.0,38796.0,24.094103269172013,35.062633669416435,26.11671249618087,14.726550565230676,26.4
NM,McKinley County,5.2,43720.0,19.11927662780905,36.59190638712823,31.82704667346305,12.461770311599665,34.300000000000004
NM,Mora County,5.0,45155.0,6.204156479217604,37.37775061124695,31.02078239608802,25.39731051344744,20.9
NM,Otero County,4.0,52787.0,12.708071521485106,29.02308353727098,36.67350133386247,21.59534360738144,19.4
NM,Quay County,4.2,39885.0,12.304320601127111,35.95804633688166,31.3243581715717,20.413274890419537,22.8
NM,Rio Arriba County,3.4000000000000004,56353.0,13.612377499371792,33.47453063861866,34.084790178411176,18.82830168359838,18.5
NM,Roosevelt County,3.6,47854.0,14.114811177573433,29.44379966074457,35.09508079635747,21.346308365324525,19.3
NM,Sandoval County,3.6,82862.0,7.386662656943087,24.781031501390878,34.437260356364185,33.39504548530186,11.7
NM,San Juan County,4.2,51898.0,13.554649001334882,30.352932370223435,39.446336564492185,16.6460820639495,19.9
NM,San Miguel County,4.6000000000000005,47675.0,14.28356260668742,25.805803795561804,33.673059544130936,26.23757405361984,24.700000000000003
NM,Santa Fe County,3.4000000000000004,72836.0,8.556897219555735,20.129170245372944,27.148486838781388,44.165445696289936,12.2
NM,Sierra County,6.0,40420.0,9.814150635800456,35.25703727855668,38.59363112705141,16.335180958591458,23.5
NM,Socorro County,4.2,42280.0,15.303230682032872,38.8532023427168,24.84413376157189,20.999433213678444,25.200000000000003
NM,Taos County,4.4,48462.0,6.646163078538744,26.468381966844195,29.825219413397345,37.06023554121972,18.5
NM,Torrance County,5.1000000000000005,48322.0,13.460655587182076,33.00890643650721,38.65577081994307,14.874667156367645,23.0
NM,Union County,3.1,48545.0,11.079545454545457,41.690340909090914,29.154829545454547,18.07528409090909,18.4
NM,Valencia County,4.1000000000000005,53275.0,14.080768144591923,31.335780852866424,33.77388684928928,20.809564153252374,17.3
NY,Albany County,3.3000000000000003,76997.0,6.842307981361792,21.58283856906659,26.42135127010371,45.15350217946791,12.9
NY,Allegany County,4.3,55466.0,8.375293722725747,35.03860355824102,32.02416918429003,24.5619335347432,15.0
NY,Bronx County,6.800000000000001,45864.0,24.700365606737652,28.40430624815411,24.93919882118749,21.956129323920745,27.700000000000003
NY,Broome County,3.9,60533.0,8.98838630806846,29.57518337408313,30.84963325183374,30.58679706601467,16.8
NY,Cattaraugus County,4.3,52383.0,10.779144698301112,40.117542566660994,28.42942721620651,20.673885518831376,18.6
NY,Cayuga County,3.6,64129.0,11.071701407835862,31.059696605915093,33.98995962021172,23.87864236603733,13.3
NY,Chautauqua County,4.3,55644.0,10.026319653890903,32.98993527398421,31.88631716877337,25.097427903351523,16.7
NY,Chemung County,4.0,56664.0,9.11517142270581,32.94155888592349,31.05796208855129,26.88530760281941,16.900000000000002
NY,Chenango County,3.5,60755.0,11.270066939162373,41.26236597357976,28.289200876725317,19.178366210532552,14.3
NY,Clinton County,3.5,65272.0,11.809489117566706,32.4542391403333,28.91539932610873,26.82087241599126,13.7
NY,Columbia County,3.0,83533.0,8.483697372586262,28.04051915163026,25.38356019837501,38.09222327740846,13.7
NY,Cortland County,4.2,58274.0,9.088108441158347,31.73820770863285,30.84137742178408,28.33230642842473,16.0
NY,Delaware County,4.0,61424.0,9.585984380182737,37.09857371166662,26.620028344842144,26.695413563308502,16.3
NY,Dutchess County,3.3000000000000003,90740.0,8.19235500047308,25.06954300312234,27.01248935566279,39.725612640741794,8.0
NY,Erie County,3.8,69888.0,7.564461220647223,25.841152560824888,29.6675545561222,36.92683166240569,14.1
NY,Essex County,3.8,62376.0,8.496438204578464,33.131613527906495,27.06964520367937,31.302303063835677,13.0
NY,Franklin County,3.8,59192.0,12.678454094737472,33.88985126336539,29.660713219043068,23.77098142285407,14.6
NY,Fulton County,4.4,61512.0,11.5041928721174,35.86477987421384,31.475366876310275,21.15566037735849,14.0
NY,Genesee County,3.3000000000000003,68973.0,7.457148329024227,36.67767882792301,32.251268792492574,23.613904050560183,10.4
NY,Greene County,3.8,71433.0,11.199360194147982,32.73489423898955,27.133835249993105,28.931910316869363,13.5
NY,Hamilton County,5.0,62149.0,10.689238210399033,30.9552599758162,31.46311970979444,26.892382103990325,10.6
NY,Herkimer County,4.1000000000000005,62197.0,8.299934756268058,34.02460620747507,35.05918538540405,22.61627365085283,14.1
NY,Jefferson County,4.4,58763.0,8.696176415422952,32.08247367433884,33.54679670962729,25.67455320061092,13.3
NY,Kings County,5.5,73244.0,15.816235740437149,24.129795488755963,18.728050509317427,41.325918261489456,19.1
NY,Lewis County,4.4,64452.0,8.637765871082967,42.77209503707312,29.182226551929425,19.407912539914488,11.0
NY,Livingston County,3.5,75077.0,7.422858375890096,31.343355151166413,30.636073749070945,30.597712723872544,11.3
NY,Madison County,3.7,69851.0,6.718895809370864,33.80064671542351,31.463356409644305,28.01710106556132,11.0
NY,Monroe County,3.7,68169.0,8.224741308045344,22.888988132001785,27.70973289877519,41.17653766117768,13.1
NY,Montgomery County,4.6000000000000005,58176.0,11.475984574032957,35.4066845857193,32.60196330489657,20.51536753535117,15.8
NY,Nassau County,3.1,135528.0,7.854121142537335,21.00272424620272,22.429352724040445,48.713801887219496,5.800000000000001
NY,New York County,4.6000000000000005,95514.0,10.826798516059624,11.81074999920662,13.35966830314782,64.00278318158594,16.5
NY,Niagara County,4.1000000000000005,63565.0,7.96842809715643,32.42746729303082,32.440589447163646,27.163515162649094,13.8
NY,Oneida County,3.7,63894.0,11.068152814187554,30.09197266595,31.089652917916123,27.75022160194632,15.7
NY,Onondaga County,3.5,70939.0,8.255736614566013,24.397085812117407,29.21300915148604,38.13416842183055,13.6
NY,Ontario County,3.3000000000000003,76601.0,6.673784045485016,25.904362291133896,30.250515182362143,37.17133848101894,8.200000000000001
NY,Orange County,3.4000000000000004,88532.0,10.323548516811533,28.0189613040923,29.415153577283554,32.24233660181262,12.7
NY,Orleans County,4.0,62900.0,13.274791616643228,41.14842383288169,28.076012760264813,17.50077179021027,11.7
NY,Oswego County,4.3,59335.0,9.99340081929451,36.692689850958125,31.389687846301342,21.92422148344602,14.9
NY,Otsego County,3.8,68962.0,7.880254777070064,30.698089171974523,27.56942675159236,33.85222929936306,14.2
NY,Putnam County,3.1,112167.0,6.7337559206735165,24.802878466317164,24.919535060225723,43.5438305527836,7.300000000000001
NY,Queens County,4.6000000000000005,80180.0,17.308030926821168,25.61868659356812,21.81213646292003,35.26114601669069,13.8
NY,Rensselaer County,3.3000000000000003,80040.0,7.275292043200353,25.46352215120124,29.988979501873487,37.27220630372493,12.4
NY,Richmond County,4.9,91582.0,11.463701319004551,29.40517411091682,23.355586951235047,35.775537618843586,13.1
NY,Rockland County,3.1,99839.0,12.300449677363682,21.62957707316605,23.95035331792861,42.119619931541656,15.2
NY,St. Lawrence County,4.4,59451.0,10.889322788633075,33.766452682296425,30.70418182584388,24.640042703226623,19.0
NY,Saratoga County,2.9000000000000004,93341.0,5.772688778292092,24.39065418392325,26.070488056705997,43.76616898107867,7.2
NY,Schenectady County,3.5,74206.0,8.156638013371538,26.287351616864512,30.49711192977669,35.05889843998726,14.0
NY,Schoharie County,4.2,67975.0,8.019108575669032,34.58559436018738,32.38254255368489,25.012754510458706,13.5
NY,Schuyler County,3.9,63233.0,9.207644081879296,33.42397462043961,32.00392778910794,25.364453508573156,13.3
NY,Seneca County,3.5,65354.0,15.385258930812348,32.23458545971722,28.24395549234502,24.13620011712541,14.1
NY,Steuben County,4.0,60558.0,8.2074445585836,34.93262432775394,30.838721372892625,26.021209740769837,14.2
NY,Suffolk County,3.4000000000000004,119253.0,9.51633969830091,24.81767441686645,25.80418521999593,39.86180066483672,7.0
NY,Sullivan County,3.3000000000000003,63733.0,12.34554617026237,29.811158336471728,28.15767292552142,29.68562256774448,14.5
NY,Tioga County,3.4000000000000004,76197.0,8.010985834056084,35.86585718415727,30.52327262214513,25.59988435964152,13.3
NY,Tompkins County,3.1,72025.0,4.121013102708327,16.323113437591445,20.30594661377898,59.24992684592125,15.7
NY,Ulster County,3.4000000000000004,79340.0,8.252372975991067,27.96947701470315,26.72771263726037,37.050437372045415,12.7
NY,Warren County,3.7,69849.0,8.11718528709586,28.02978189616801,29.23764820135151,34.61538461538461,10.5
NY,Washington County,3.4000000000000004,67013.0,9.68440594059406,39.87137553041018,29.21455091937765,21.229667609618105,11.5
NY,Wayne County,3.4000000000000004,70917.0,9.006914275224867,31.158600012237653,34.30214770849906,25.532338004038422,11.0
NY,Westchester County,3.4000000000000004,108037.0,10.645408360848077,17.922209058493806,18.922349620339585,52.51003296031853,9.3
NY,Wyoming County,3.9,65526.0,13.34817213004182,38.07163091865641,30.3487117226494,18.231485228652367,10.6
NY,Yates County,3.2,62637.0,15.55874955084441,35.02814708348305,24.386154030422805,25.02694933524973,12.3
NC,Alamance County,3.4000000000000004,61034.0,11.458200301397154,28.72553276629801,32.107311009510184,27.708955922794647,12.5
NC,Alexander County,3.2,67717.0,14.425335252670656,39.4688991590272,30.699295401166754,15.40647018713539,12.4
NC,Alleghany County,4.5,49524.0,16.883267579484798,29.70526804362961,30.587143188674865,22.82432118821072,16.3
NC,Anson County,4.0,48284.0,17.575175943698014,43.25655790147153,28.285348688419703,10.882917466410747,24.1
NC,Ashe County,3.0,54379.0,12.498787937554544,30.941530107631145,34.15107146320178,22.408610491612528,15.3
NC,Avery County,3.0,53894.0,13.624583487597183,32.04738985560903,32.454646427249166,21.873380229544612,15.9
NC,Beaufort County,4.0,54415.0,11.921740720424207,31.6998841957701,35.79264947888097,20.585725604924725,19.3
NC,Bertie County,4.4,44434.0,18.02833886041604,35.63460958697618,28.48959903527284,17.84745251733494,24.3
NC,Bladen County,4.2,46002.0,11.444012515407223,33.44078884990992,34.545368351189914,20.569830283492937,19.3
NC,Brunswick County,4.2,73536.0,6.670587032112907,26.223835821913134,33.88388900252267,33.22168814345128,10.3
NC,Buncombe County,2.7,67906.0,7.6950475653374095,22.68740446119826,24.99270318536877,44.62484478809556,12.9
NC,Burke County,3.3000000000000003,60629.0,14.8778109668333,33.097054772259455,31.85427081237522,20.170863448532028,15.9
NC,Cabarrus County,3.2,79649.0,8.189060425398974,24.860066126890736,29.28913592460493,37.66173752310536,9.1
NC,Caldwell County,3.4000000000000004,53586.0,17.218826510520998,31.682846234184257,32.5132261543993,18.58510110089544,13.6
NC,Camden County,3.3000000000000003,82620.0,7.019671247642146,30.88116410670978,36.33791430881164,25.761250336836437,8.0
NC,Carteret County,3.2,67806.0,7.296202627925992,23.611401623913743,36.75483466124094,32.33756108691932,10.6
NC,Caswell County,3.6,54215.0,16.348757446296407,35.76629159395872,31.83705397436669,16.04789698537818,16.5
NC,Catawba County,3.3000000000000003,63934.0,12.501215985567358,28.82018447606498,33.74514711214482,24.93345242622284,11.9
NC,Chatham County,3.0,84516.0,9.613351588360688,18.037815635777545,24.347931578308867,48.000901197552906,8.4
NC,Cherokee County,3.9,51607.0,8.573686290003952,32.262171298125466,34.9576364195092,24.206505992361382,14.6
NC,Chowan County,3.6,55818.0,12.622654091645233,35.11479470324855,27.741259407449743,24.52129179765647,15.1
NC,Clay County,3.7,57698.0,10.064457763202531,24.901051679294355,33.61981228090015,31.414678276602963,12.1
NC,Cleveland County,3.5,53170.0,12.53578140812491,33.823912100621655,32.56903281769553,21.0712736735579,17.2
NC,Columbus County,4.0,45379.0,13.48953084760945,36.66722651438808,34.77774045459635,15.065502183406112,20.1
NC,Craven County,3.5,63076.0,8.227047308794228,26.618286528700864,39.12683061619232,26.027835546312588,15.5
NC,Cumberland County,4.7,58013.0,7.399905636548204,26.453220986812948,38.95733151596315,27.189541860675696,15.3
NC,Currituck County,3.1,76217.0,6.097045422518672,33.35525388698389,31.26027525952369,29.28742543097374,7.800000000000001
NC,Dare County,4.0,82052.0,4.771427569027821,22.34150791144792,30.077535697996705,42.80952882152756,8.9
NC,Davidson County,3.4000000000000004,63590.0,12.300173941853725,32.476600679201525,34.50095253872277,20.722272840221983,14.0
NC,Davie County,3.1,63436.0,9.269563539287896,31.73265575246856,32.22797594159081,26.76980476665273,9.7
NC,Duplin County,3.3000000000000003,51270.0,18.08693553738952,30.65970860607523,33.75463786914422,17.49871798739103,19.8
NC,Durham County,3.1,79524.0,9.288325562049868,16.27503776187036,20.89402596265406,53.54261071342571,10.6
NC,Edgecombe County,5.7,48770.0,15.614304260592473,38.06503009559778,29.59400448483418,16.72666115897557,22.6
NC,Forsyth County,3.5,62992.0,10.077757984525352,24.132292456205825,28.917428792385024,36.8725207668838,14.8
NC,Franklin County,3.5,72415.0,12.336062316191082,29.321993482235115,33.94801685080677,24.39392735076703,11.3
NC,Gaston County,3.4000000000000004,65430.0,11.947903462331915,28.994233589342084,33.08975219347302,25.96811075485298,13.5
NC,Gates County,3.3000000000000003,66561.0,10.391845379931162,40.61424410908128,38.20492454328833,10.788985967699231,14.0
NC,Graham County,4.4,50301.0,15.244852050527774,36.736459595085655,31.268385533829385,16.750302820557188,16.900000000000002
NC,Granville County,3.0,74120.0,13.380522890740954,30.67473455873958,31.91003539216805,24.03470715835141,11.4
NC,Greene County,2.9000000000000004,49992.0,22.161159579583707,33.44095624098372,32.176959538366425,12.220924641066151,22.0
NC,Guilford County,3.9,63822.0,9.722025106512056,22.61506223754623,29.56123434321509,38.10167831272663,14.8
NC,Halifax County,5.2,44804.0,19.092622119147705,36.35309465139876,29.09697057544572,15.457312654007826,25.5
NC,Harnett County,3.9,65242.0,11.337651803868846,28.957456028266357,35.78182464639282,23.92306752147198,13.7
NC,Haywood County,3.0,62374.0,8.396284305634905,27.53972788251973,34.662180748640466,29.40180706320489,11.0
NC,Henderson County,2.9000000000000004,65252.0,8.883764469508435,24.630699331034958,31.424233429986987,35.06130276946962,10.6
NC,Hertford County,4.7,43871.0,15.280504908835905,34.77559607293127,33.19775596072931,16.746143057503506,22.700000000000003
NC,Hoke County,4.4,60903.0,11.137592280416206,28.96006510492356,38.58629308841481,21.316049526245425,18.5
NC,Hyde County,5.800000000000001,48068.0,13.17365269461078,40.44637996733805,32.6619488296135,13.718018508437671,23.3
NC,Iredell County,3.2,73446.0,8.785949670461354,27.117285799880168,30.765428400239664,33.331336129418816,9.2
NC,Jackson County,3.6,58491.0,10.217701641684512,29.760885082084226,30.01427551748751,30.00713775874376,17.0
NC,Johnston County,3.2,80612.0,10.52287624844048,27.512888724593864,34.33384602182337,27.630389005142288,10.8
NC,Jones County,3.2,56079.0,13.544083526682137,37.87703016241299,30.72795823665893,17.85092807424594,19.1
NC,Lee County,4.0,58244.0,14.862087861905197,26.87460042012969,36.64946570463056,21.613846013334552,14.7
NC,Lenoir County,3.4000000000000004,46410.0,17.52077380796351,32.69286219822276,33.97467823534038,15.811685758473354,23.1
NC,Lincoln County,3.0,78615.0,10.005830724851164,29.29325477198797,33.67397041674339,27.02694408641748,10.7
NC,McDowell County,3.2,54042.0,13.879711209006365,35.01590797846305,33.54747919725894,17.55690161527166,15.1
NC,Macon County,3.2,53832.0,9.963138867229034,30.61600623803785,34.858580846388314,24.562274048344797,13.5
NC,Madison County,3.2,54137.0,9.14576055890759,33.00095268339155,26.382978723404253,31.4703080342966,13.8
NC,Martin County,4.4,44445.0,16.69185241153507,31.33106661629518,36.82785543382446,15.149225538345297,19.700000000000003
NC,Mecklenburg County,3.4000000000000004,80645.0,9.20501710138389,16.396986818308065,25.78951280289269,48.60848327741535,10.2
NC,Mitchell County,3.6,53555.0,10.290827740492167,29.73601789709172,36.87695749440716,23.09619686800895,14.8
NC,Montgomery County,3.6,55313.0,16.04315388331276,33.58917932478128,31.06113466802641,19.30653212387956,15.6
NC,Moore County,3.4000000000000004,84458.0,7.265430764241704,19.97486758188304,31.84655712895903,40.91314452491622,10.5
NC,Nash County,4.6000000000000005,55406.0,13.60126201923077,33.20612980769231,31.46935096153846,21.72325721153846,14.4
NC,New Hanover County,3.1,70995.0,6.435336320643471,18.02440326204337,30.773431972493576,44.76682844481958,12.1
NC,Northampton County,4.6000000000000005,51550.0,15.462649861666156,33.753458346142025,31.739932370119888,19.043959422071936,20.700000000000003
NC,Onslow County,4.0,62190.0,6.773035218368033,29.848053349371163,37.32156439601649,26.05734703624432,12.4
NC,Orange County,2.9000000000000004,87780.0,6.77786234175519,12.638145976481685,18.761054357962887,61.82293732380023,11.7
NC,Pamlico County,3.3000000000000003,59845.0,9.969450101832994,31.26272912423625,33.39103869653768,25.376782077393077,15.0
NC,Pasquotank County,4.1000000000000005,59066.0,10.00071433673834,28.352025144653187,34.79177084077434,26.85548967783413,15.5
NC,Pender County,3.2,73663.0,9.466938537722108,27.681552353850638,33.025611149700865,29.825897958726387,11.4
NC,Perquimans County,4.0,60665.0,13.275968039336204,31.643105920917847,34.67527146076624,20.40565457897972,15.1
NC,Person County,3.5,61302.0,10.914285714285716,34.83928571428571,34.41428571428571,19.832142857142856,14.3
NC,Pitt County,3.9,57319.0,9.086382171110737,24.658473795967453,32.38908619426123,33.86605783866058,19.4
NC,Polk County,3.3000000000000003,61585.0,8.126686367724528,27.168187074392907,31.80007709109598,32.905049466786586,12.8
NC,Randolph County,3.6,58037.0,16.0401126805269,34.992461514045395,31.337287732106017,17.630138073321692,15.5
NC,Richmond County,4.6000000000000005,44383.0,15.82152194853447,30.60066052015963,37.39163341131141,16.186184119994497,22.6
NC,Robeson County,5.0,39931.0,21.117962894051352,34.913082770719264,29.409653925894425,14.559300409334964,27.700000000000003
NC,Rockingham County,4.0,52494.0,15.611884416800024,34.61155228116791,33.64835894803587,16.128204353996196,13.6
NC,Rowan County,3.4000000000000004,61105.0,11.935401980120682,32.32732527485403,34.21566521509891,21.52160752992638,14.6
NC,Rutherford County,4.6000000000000005,53485.0,13.402740890258151,31.08467013704451,34.82842876872411,20.684160203973228,15.2
NC,Sampson County,3.5,52248.0,15.709680668882845,35.74594540143044,32.723884355797324,15.820489573889391,18.5
NC,Scotland County,6.300000000000001,45996.0,17.64125868129984,36.067049644173885,31.47989368087113,14.811797993655148,28.6
NC,Stanly County,3.0,58642.0,12.86731768500269,31.64307471779251,35.79107686794482,19.69853072925999,11.0
NC,Stokes County,3.1,56259.0,10.097788476004212,38.14954114638183,33.26312622235595,18.489544155258013,10.5
NC,Surry County,3.2,49524.0,17.35031947621677,28.52212668612448,34.72627593279167,19.401277904867083,13.9
NC,Swain County,2.9000000000000004,55462.0,12.854209445585216,35.154004106776185,30.718685831622174,21.27310061601643,15.6
NC,Transylvania County,3.2,62173.0,6.168487839266831,23.851486311831746,31.339834723690917,38.64019112521051,12.5
NC,Tyrrell County,5.1000000000000005,42514.0,19.477989871445267,40.78691079080639,25.00973899493572,14.72536034281262,21.4
NC,Union County,3.0,95079.0,9.558317170096222,22.849868272249985,28.564388650564503,39.02742590708929,8.4
NC,Vance County,5.4,49961.0,14.56290350724132,35.808759378816966,31.15337637410574,18.47496073983598,23.200000000000003
NC,Wake County,3.0,97099.0,6.04998284927327,14.52538563537043,23.147721513154863,56.27691000220144,7.2
NC,Warren County,5.4,47170.0,13.274966189764395,39.077514413837285,28.599900348779272,19.047619047619047,20.3
NC,Washington County,4.800000000000001,46072.0,14.440251572327046,36.10062893081761,37.283018867924525,12.176100628930818,22.6
NC,Watauga County,3.0,57888.0,7.555698028530212,20.753325853502165,24.02628626382433,47.66468985414329,18.6
NC,Wayne County,3.7,55635.0,13.591960619277168,30.407835335526816,34.66600351977963,21.33420052541638,17.1
NC,Wilkes County,3.7,48229.0,18.125013105198047,32.36459709379128,32.84267471850035,16.667715082510327,16.3
NC,Wilson County,4.9,51535.0,15.576208865320302,34.236248406348736,29.923689510541195,20.26385321778977,18.8
NC,Yadkin County,3.1,61464.0,13.488232873124556,36.038462977513376,34.72144273581023,15.75186141355184,12.9
NC,Yancey County,3.1,54455.0,11.886120996441282,35.131672597864764,29.98576512455516,22.99644128113879,15.9
ND,Adams County,1.8,57593.0,7.623318385650224,37.09160794362588,34.52914798206278,20.755925688661115,11.8
ND,Barnes County,2.1,67058.0,4.6650717703349285,29.82456140350877,35.5130249867092,29.9973418394471,11.5
ND,Benson County,2.7,56605.0,11.516601854621596,29.40472629374813,36.97277894107089,22.105892910559376,22.700000000000003
ND,Billings County,1.7000000000000002,85947.0,5.382436260623229,33.42776203966006,28.753541076487256,32.436260623229465,10.5
ND,Bottineau County,2.4000000000000004,69351.0,5.992844364937388,29.762969588550988,36.80679785330948,27.437388193202143,10.8
ND,Bowman County,1.3,75386.0,9.805873568939772,32.50373320059731,30.413140866102538,27.277252364360372,9.5
ND,Burke County,1.6,75931.0,7.2666666666666675,27.53333333333333,41.66666666666667,23.53333333333333,9.0
ND,Burleigh County,1.7000000000000002,83111.0,4.805807079248671,22.71795255556387,33.75439646785902,38.72184389732845,7.7
ND,Cass County,1.7000000000000002,70002.0,4.17110148255546,18.10997225970282,34.434005749197546,43.284920508544175,9.7
ND,Cavalier County,2.2,73221.0,6.911362748926201,25.14642717688403,45.72432643498633,22.21788363920344,9.2
ND,Dickey County,1.7000000000000002,56326.0,8.64696734059098,26.00311041990669,38.28926905132193,27.060653188180407,11.5
ND,Divide County,1.2000000000000002,70513.0,11.614550095724317,20.485003190810467,47.54307594128909,20.35737077217613,9.8
ND,Dunn County,1.1,82490.0,7.274011299435028,32.309322033898304,39.86581920903955,20.55084745762712,11.2
ND,Eddy County,2.6,58848.0,7.259425998874508,30.05064715813168,34.49634214969049,28.19358469330332,11.5
ND,Emmons County,4.1000000000000005,60952.0,11.13811259619279,31.02470635884973,37.14054272985014,20.69663831510733,13.7
ND,Foster County,1.8,83156.0,6.824568446407066,24.6487354476114,41.30871136089924,27.217984745082298,11.4
ND,Golden Valley County,1.6,64823.0,3.4454470877768664,31.17309269893355,47.33388022969648,18.04757998359311,11.7
ND,Grand Forks County,1.7000000000000002,64914.0,4.27860696517413,21.27733425893787,37.28335068841837,37.16070808746963,12.5
ND,Grant County,1.6,43988.0,10.6158357771261,32.72727272727273,35.42521994134897,21.2316715542522,16.3
ND,Griggs County,1.9,59332.0,6.45352279455299,31.675547661338072,34.517465956187095,27.353463587921844,11.6
ND,Hettinger County,1.6,66192.0,6.9421487603305785,33.7741046831956,40.55096418732783,18.732782369146005,12.7
ND,Kidder County,3.2,56951.0,8.19672131147541,31.99757134183364,38.554948391013966,21.25075895567699,14.2
ND,LaMoure County,1.8,77744.0,8.011049723756907,31.25,36.53314917127072,24.205801104972377,9.4
ND,Logan County,2.3000000000000003,60695.0,10.074074074074074,30.444444444444446,33.25925925925926,26.222222222222225,14.1
ND,McHenry County,2.8000000000000003,65378.0,8.575268817204302,33.95161290322581,36.58602150537634,20.887096774193548,12.3
ND,McIntosh County,1.9,57614.0,11.569416498993965,36.670020120724345,34.75855130784708,17.002012072434606,13.5
ND,McKenzie County,1.3,84206.0,7.650946566595721,26.6606922818416,42.892349053433406,22.79601209812927,8.1
ND,McLean County,2.4000000000000004,79935.0,6.403803131991051,31.25,38.47874720357942,23.86744966442953,9.9
ND,Mercer County,2.6,90092.0,9.58003035925114,24.99578343734188,42.85714285714285,22.567043346264125,8.1
ND,Morton County,2.3000000000000003,75133.0,5.529534218058808,28.723219706826264,36.49058894960534,29.256657125509584,7.9
ND,Mountrail County,1.2000000000000002,74094.0,11.404660321627832,31.982277650147683,34.246800131276665,22.36626189694782,11.6
ND,Nelson County,2.5,59947.0,6.7286409915892,27.534307215582118,37.58300132802125,28.15405046480744,9.8
ND,Oliver County,3.1,79521.0,5.435651478816946,28.85691446842526,45.24380495603517,20.46362909672262,10.8
ND,Pembina County,2.8000000000000003,69141.0,8.138351983723297,32.16683621566633,36.76500508646999,22.929806714140387,8.9
ND,Pierce County,2.5,59007.0,6.143465909090909,31.676136363636363,34.268465909090914,27.911931818181817,11.0
ND,Ramsey County,2.1,71307.0,6.873586328223172,28.02211610957527,37.45916059311385,27.64513696908771,12.4
ND,Ransom County,1.5,76130.0,9.35910478128179,30.82400813835198,38.860630722278735,20.956256358087487,9.3
ND,Renville County,1.7000000000000002,71271.0,7.961783439490445,33.12101910828025,36.87898089171974,22.038216560509557,8.3
ND,Richland County,1.7000000000000002,74253.0,5.076378539493294,25.475037257824145,44.4672131147541,24.981371087928466,10.9
ND,Rolette County,5.5,50598.0,16.077441077441076,26.12233445566779,41.2317620650954,16.568462401795735,23.5
ND,Sargent County,1.5,75325.0,7.764198418404026,33.716750539180445,39.43206326383896,19.086987778576564,8.700000000000001
ND,Sheridan County,2.6,56922.0,9.205426356589149,36.53100775193799,34.01162790697674,20.251937984496124,16.5
ND,Sioux County,2.4000000000000004,43721.0,13.056092843326883,36.60541586073501,39.16827852998066,11.170212765957446,34.9
ND,Slope County,2.4000000000000004,69249.0,8.723747980613894,33.764135702746366,34.733441033925686,22.77867528271405,14.3
ND,Stark County,1.5,86963.0,8.812099077585803,30.23364704780634,33.787516973357675,27.16673690125017,9.6
ND,Steele County,2.0,81081.0,5.471847739888977,27.99365582870737,36.95479777954005,29.5796986518636,8.3
ND,Stutsman County,1.8,65633.0,7.232810290255236,37.38972321368442,30.951579230924644,24.4258872651357,11.0
ND,Towner County,2.0,70656.0,10.484406104844062,28.400796284007964,42.20305242203053,18.91174518911745,9.4
ND,Traill County,1.7000000000000002,79065.0,6.301824212271974,26.01805785885388,36.46581905288373,31.21429887599042,8.4
ND,Walsh County,2.9000000000000004,67249.0,12.439928600851298,34.58739530413291,33.43402444047783,19.538651654537965,9.6
ND,Ward County,2.1,72091.0,4.919988296459679,28.729940807094145,36.68609754450721,29.66397335193896,7.4
ND,Wells County,2.8000000000000003,66294.0,8.19373634377276,37.76402039329935,31.79169701383831,22.250546249089584,12.1
ND,Williams County,1.6,84145.0,9.357128371527072,33.672683025755425,33.2265260596228,23.743662543094707,7.7
OH,Adams County,5.0,49068.0,14.837095400340717,45.19271720613288,25.718696763202725,14.25149063032368,19.0
OH,Allen County,3.7,60384.0,7.6070749890366915,40.74111971933928,31.71758514837012,19.93422014325391,14.1
OH,Ashland County,3.4000000000000004,62037.0,9.049421193232412,43.41607301869991,25.47028049866429,22.06422528940338,13.5
OH,Ashtabula County,4.0,52468.0,12.481049562682216,42.23906705539358,29.309037900874635,15.970845481049562,17.8
OH,Athens County,4.4,48265.0,8.179992848694887,29.774183788541407,26.619358032841,35.42646532992271,25.3
OH,Auglaize County,2.6,71669.0,6.407576333460027,41.49562903838845,31.34106170024072,20.75573292791081,8.5
OH,Belmont County,4.4,55573.0,7.950811201818746,45.85305363232407,27.477524026041127,18.71861113981606,15.3
OH,Brown County,4.1000000000000005,64034.0,12.233676975945016,45.90410734740632,26.084110620193098,15.778105056455573,15.1
OH,Butler County,3.2,74841.0,8.817891882003929,32.0146659985843,26.63700062831556,32.53044149109621,11.9
OH,Carroll County,3.9,62482.0,10.225798079418636,48.13392161951726,27.60965481443031,14.030625486633792,11.9
OH,Champaign County,3.2,72784.0,8.175294720656073,42.91938200190378,29.797905835835103,19.10741744160504,8.8
OH,Clark County,3.6,57264.0,10.737415838409747,37.60286416586513,33.123864486480706,18.535855509244417,15.2
OH,Clermont County,3.2,79492.0,8.145919877763454,31.865403373783263,28.596667144153177,31.392009604300107,8.9
OH,Clinton County,4.0,65927.0,8.39791909969211,40.3015182078777,31.24535513324132,20.055207559188872,12.5
OH,Columbiana County,4.2,54167.0,10.315737745198412,44.653753224947785,28.99518134785754,16.035327681996257,15.7
OH,Coshocton County,4.5,50731.0,14.968897341416062,41.54681247276041,26.73640001584849,16.747890169975037,16.2
OH,Crawford County,4.3,55912.0,9.500323140242866,46.11041191877275,28.88533623592639,15.503928705057996,12.4
OH,Cuyahoga County,3.8,60808.0,8.755747395021007,27.217117805973125,28.109674317097426,35.91746048190845,16.0
OH,Darke County,3.1,65643.0,9.307249322493224,45.42400632339657,28.785569105691057,16.48317524841915,9.8
OH,Defiance County,3.5,63904.0,7.682959249553758,39.360449660096464,32.83961870039118,20.116972389958605,8.9
OH,Delaware County,2.8000000000000003,121528.0,2.9263027851125787,16.42422226596705,22.612833375192608,58.03664157372776,5.0
OH,Erie County,4.4,67925.0,7.569200169432218,34.24740787123152,30.25838413230446,27.92500782703181,12.4
OH,Fairfield County,3.1,82447.0,5.980099774731639,32.79706695121617,29.314071520424637,31.90876175362755,8.4
OH,Fayette County,3.6,56901.0,14.230846977966443,47.77137659187387,24.156054174247014,13.841722255912677,14.4
OH,Franklin County,3.1,69762.0,8.777054630490518,24.00540951736962,25.247006451976446,41.97052940016341,15.1
OH,Fulton County,3.5,75383.0,5.241784117667133,42.29601064737399,33.62454356209262,18.83766167286626,8.0
OH,Gallia County,4.3,51449.0,13.14608441329232,41.85366345620493,27.09898643537895,17.901265695123797,17.400000000000002
OH,Geauga County,3.1,101636.0,8.779694697859272,26.48360581699937,26.01240478126035,38.72429470388101,6.300000000000001
OH,Greene County,3.2,82769.0,5.539243957426729,22.960030759013613,30.21374019119523,41.286985092364425,9.9
OH,Guernsey County,4.3,56004.0,14.313820112105129,41.36753405842831,28.969152529789525,15.349493299677048,15.4
OH,Hamilton County,3.2,67033.0,7.542817795362959,25.50836376350627,25.589173934527707,41.35964450660307,13.6
OH,Hancock County,2.9000000000000004,72658.0,5.0931870355239095,35.720399984436405,29.454106844091672,29.73230613594801,10.6
OH,Hardin County,3.8,58844.0,8.287590140996663,47.37380260467119,25.4601226993865,18.878484554945647,14.8
OH,Harrison County,4.1000000000000005,55129.0,10.183943284154052,49.09944433799578,27.735198313853225,12.981414063996937,14.5
OH,Henry County,4.2,72122.0,7.40895772289661,41.727710339054,32.19443281707828,18.668899120971115,8.5
OH,Highland County,4.6000000000000005,59464.0,13.14759848893686,40.35348084187804,30.89584457636266,15.603076092822448,12.1
OH,Hocking County,3.7,57353.0,11.900801451686071,42.11905842028328,31.62457785170624,14.355562276324411,15.9
OH,Holmes County,2.8000000000000003,75226.0,42.94360177024625,33.11268298218406,12.989370957370353,10.95434429019934,8.8
OH,Huron County,4.5,61482.0,9.346428212599216,44.78549181151411,28.92344016879333,16.94463980709334,13.2
OH,Jackson County,4.6000000000000005,54893.0,12.545730347104488,47.033104309806376,23.80654947800482,16.61461586508432,17.3
OH,Jefferson County,5.1000000000000005,54272.0,7.125797906986843,41.56064093100005,30.75687177037648,20.55668939163663,16.1
OH,Knox County,3.3000000000000003,68334.0,8.906931360975257,38.04659455031681,28.70118293299925,24.34529115570868,11.4
OH,Lake County,3.4000000000000004,76163.0,6.138797937155477,31.571468326099957,31.762121579935226,30.52761215680934,10.1
OH,Lawrence County,4.1000000000000005,51062.0,9.96895481200414,42.72409205144631,28.72911841521707,18.57783472133248,16.900000000000002
OH,Licking County,3.1,76596.0,6.856005200715098,33.8330895498131,30.0300666341622,29.280838615309605,9.7
OH,Logan County,3.0,62449.0,7.135094855155712,44.00285652187413,30.564784053156146,18.29726456981401,11.2
OH,Lorain County,3.8,67124.0,8.53607049306101,31.11536837708885,32.45322934305443,27.89533178679572,11.0
OH,Lucas County,4.2,57971.0,9.03334177197868,29.94054176103125,32.52584620226749,28.500270264722584,18.2
OH,Madison County,3.0,78533.0,11.070814444270752,37.78646240425199,28.79162107237768,22.351102079099576,9.3
OH,Mahoning County,4.2,54774.0,8.386596701464716,36.321413411910896,28.93139022004589,26.36059966657849,19.5
OH,Marion County,3.4000000000000004,59012.0,10.938690230047664,43.81352427797245,31.549393866846582,13.698391625133304,16.0
OH,Medina County,3.1,89108.0,5.478607379317255,29.00625091528507,29.268311482106657,36.24683022329101,7.6
OH,Meigs County,5.4,46393.0,13.253316487681618,46.854074542008846,28.111181301326592,11.781427668982944,20.8
OH,Mercer County,2.3000000000000003,72077.0,5.336958076978108,43.46830734010588,29.038489054228076,22.156245528687936,7.6
OH,Miami County,3.2,72887.0,7.193413260147335,37.88819875776397,29.9948787309758,24.92350925111289,9.6
OH,Monroe County,5.5,56384.0,9.963598543941758,50.722828913156526,28.580343213728547,10.733229329173168,14.8
OH,Montgomery County,3.8,62794.0,7.918047178862738,27.635702423631287,33.92513025964954,30.52112013785643,15.2
OH,Morgan County,4.5,58803.0,11.463934259916812,43.431064218322,30.9018971289439,14.203104392817286,15.2
OH,Morrow County,3.5,71835.0,8.608021841249448,46.416670012446296,26.779620187096,18.195687959208254,10.8
OH,Muskingum County,3.8,58791.0,9.66227625802094,41.93684566024992,28.07666328942925,20.324214792299895,17.3
OH,Noble County,4.9,57054.0,14.660931637228884,50.22421524663677,21.369085750892285,13.74576736524206,15.0
OH,Ottawa County,4.800000000000001,72780.0,5.884086444007859,35.229207596594634,30.35036018336608,28.536345776031435,8.8
OH,Paulding County,3.1,66332.0,9.606650758217228,44.16904010468786,30.490339465784004,15.733969671310907,10.1
OH,Perry County,4.0,60448.0,11.748177709003544,46.89497902838294,26.318361363358715,15.038481899254794,13.7
OH,Pickaway County,3.3000000000000003,75916.0,11.60215674947044,40.99268245715386,26.14818024263432,21.256980550741385,11.6
OH,Pike County,4.6000000000000005,55029.0,14.395610307170909,48.90526655548981,22.142127064392923,14.556996072946363,19.5
OH,Portage County,3.5,72965.0,7.069936252384719,35.79451863570797,25.61444325531618,31.52110185659113,12.9
OH,Preble County,3.1,67605.0,7.364895509890799,46.08729023479747,28.650176185326032,17.897638069985696,10.4
OH,Putnam County,2.6,81780.0,5.340691812967148,37.858508604206506,30.50147749000521,26.299322092821136,6.5
OH,Richland County,4.1000000000000005,54906.0,10.530279689158194,41.91001106888957,29.67831752878482,17.881391713167414,14.4
OH,Ross County,3.4000000000000004,60352.0,11.093424086068724,45.04336370622462,26.757419402056577,17.10579280565009,16.5
OH,Sandusky County,3.5,62473.0,6.700424776212532,42.712808082747365,31.48143703952579,19.10533010151432,10.3
OH,Scioto County,4.800000000000001,48465.0,11.310937898808238,43.459054051400855,27.278974338837298,17.951033710953606,18.6
OH,Seneca County,3.6,63221.0,6.759309228278468,43.07879114948732,29.44954128440367,20.712358337830544,12.8
OH,Shelby County,3.1,72498.0,8.622031313225635,40.87838889407664,29.887633454726554,20.611946337971176,10.4
OH,Stark County,3.7,64557.0,7.214142924722651,36.99012681021196,30.812897712533,24.98283255253239,12.3
OH,Summit County,3.7,66034.0,7.111328313859132,29.173668406321298,28.428848822531705,35.286154457287864,12.9
OH,Trumbull County,4.4,54406.0,9.977077721068412,43.00039473410849,26.72903927258121,20.293488272241884,17.2
OH,Tuscarawas County,3.6,59626.0,11.075142700758464,45.09187583079209,24.24114473375557,19.59183673469388,13.4
OH,Union County,2.8000000000000003,104512.0,4.773999235800499,30.131936796205977,25.991773617136047,39.10229035085748,5.4
OH,Van Wert County,2.8000000000000003,59377.0,6.44385428671644,44.52573032018841,32.033872826577145,16.996542566518013,10.9
OH,Vinton County,4.800000000000001,51015.0,16.893702545779366,44.11567664135775,23.872264403751675,15.118356409111213,18.8
OH,Warren County,3.0,104523.0,4.973976498363471,24.619484537926347,24.71964371948275,45.68689524422743,5.9
OH,Washington County,4.2,59196.0,7.057469644660514,37.04408276380376,35.19575377533526,20.702693816200476,12.8
OH,Wayne County,2.8000000000000003,70121.0,13.690375479924514,37.99960955293811,23.59471594976248,24.715299017374896,9.2
OH,Williams County,3.1,60983.0,8.60169327714849,43.78165229829513,33.38230177446167,14.234352650094714,11.1
OH,Wood County,3.2,67254.0,4.825219300877204,28.38251353005412,29.427717710870844,37.36454945819784,9.8
OH,Wyandot County,2.6,65631.0,5.183727034120735,46.95538057742782,27.18503937007874,20.675853018372703,8.8
OK,Adair County,3.8,47799.0,17.163653439774595,45.17492369100728,25.85896532832433,11.802457540893792,23.1
OK,Alfalfa County,2.7,58045.0,14.163979732842009,35.5366190695532,29.594656840165825,20.70474435743897,19.8
OK,Atoka County,3.8,46160.0,16.3623803414586,41.30070068094345,27.010756932793846,15.326162044804107,20.0
OK,Beaver County,2.1,64431.0,14.898688915375446,31.525625744934445,30.60190703218117,22.973778307508937,13.5
OK,Beckham County,3.0,53119.0,15.687570210797594,41.96788475517082,29.055706072820985,13.2888389612106,21.8
OK,Blaine County,2.3000000000000003,54616.0,15.33721898417985,36.56952539550375,30.108243130724397,17.985012489592005,16.3
OK,Bryan County,2.9000000000000004,53782.0,12.355874598989931,34.34551980433885,28.910840771209863,24.38776482546136,18.1
OK,Caddo County,3.4000000000000004,51071.0,13.261767134599506,46.47949353151665,24.789430222956238,15.46930911092761,21.1
OK,Canadian County,2.7,81761.0,7.834336427624197,27.28663767121382,33.12436823606873,31.754657665093244,7.9
OK,Carter County,3.7,56052.0,12.193308550185874,36.84944237918216,30.954151177199503,20.003097893432468,17.1
OK,Cherokee County,3.5,49403.0,10.087490206320188,32.067772264298775,28.427787934186476,29.41694959519457,18.7
OK,Choctaw County,3.9,41999.0,13.69764330554698,39.33312750849027,31.727899557476587,15.241329628486158,23.5
OK,Cimarron County,2.0,50900.0,14.723127035830618,33.615635179153095,20.0,31.66123778501629,17.400000000000002
OK,Cleveland County,2.8000000000000003,70923.0,7.728882356325747,24.735980416259107,31.91197777998629,35.62315944742885,12.9
OK,Coal County,4.0,44040.0,15.624123422159888,41.486676016830295,26.05890603085554,16.830294530154276,21.3
OK,Comanche County,3.9,55600.0,9.427403644142252,32.953894342793845,33.44792900161707,24.170773011446837,19.5
OK,Cotton County,3.1,51036.0,14.708939708939708,34.64137214137214,29.703742203742205,20.945945945945947,17.3
OK,Craig County,3.4000000000000004,48922.0,13.783020770316597,40.91550715870135,30.42952208106473,14.871949989917322,18.8
OK,Creek County,3.4000000000000004,57545.0,9.51919974185221,40.34164246531139,31.73806066473056,18.40109712810584,15.7
OK,Custer County,2.8000000000000003,54056.0,11.563194903539875,28.391129274595823,26.720355790612416,33.32532003125188,18.2
OK,Delaware County,3.3000000000000003,54799.0,12.558728466229049,38.932391456465965,29.295924827563223,19.21295524974176,21.0
OK,Dewey County,2.0,55444.0,7.443820224719102,45.4002808988764,27.3876404494382,19.76825842696629,13.8
OK,Ellis County,2.3000000000000003,54087.0,11.778290993071591,37.25943033102386,30.98537336412625,19.97690531177829,14.0
OK,Garfield County,3.2,55515.0,12.47617397331485,36.76510631977622,28.457558729608635,22.30116097730029,14.4
OK,Garvin County,3.1,49245.0,12.35481074833863,43.0511412886449,26.911297312915345,17.682750650101127,18.0
OK,Grady County,2.9000000000000004,66930.0,9.509638681133469,39.56072895817972,28.989781944590757,21.93985041609607,13.1
OK,Grant County,2.0,55657.0,8.84401114206128,40.28551532033426,28.13370473537605,22.73676880222841,14.0
OK,Greer County,3.8,40545.0,18.29360100376412,35.15683814303638,31.292346298619822,15.257214554579674,25.700000000000003
OK,Harmon County,2.6,41170.0,16.500877706260972,34.52311293153891,32.70918665886483,16.266822703335286,25.1
OK,Harper County,2.3000000000000003,65228.0,12.363138686131386,29.97262773722628,31.02189781021898,26.64233576642336,12.5
OK,Haskell County,4.800000000000001,44536.0,14.342679127725855,41.1214953271028,29.308411214953274,15.22741433021807,17.400000000000002
OK,Hughes County,4.0,43773.0,15.914185078450208,40.13235137154446,28.85046429715017,15.10299925285516,24.200000000000003
OK,Jackson County,2.9000000000000004,53513.0,13.343808925204272,27.09616593337524,35.36140791954745,24.19861722187304,16.5
OK,Jefferson County,3.6,44188.0,15.216201423097974,42.337164750957854,26.7104542966612,15.736179529282978,24.200000000000003
OK,Johnston County,3.8,48452.0,12.478057343475715,36.4979520187244,29.68110005851375,21.34289057928613,19.9
OK,Kay County,3.6,53066.0,9.470415732275317,35.37691909608418,36.62929101259272,18.523374159047783,18.8
OK,Kingfisher County,2.3000000000000003,73023.0,9.830920319935204,41.9054368735446,25.442948263642805,22.820694542877398,12.0
OK,Kiowa County,3.6,44959.0,13.955479452054794,32.68835616438356,34.93150684931507,18.42465753424657,21.700000000000003
OK,Latimer County,4.7,42409.0,15.299708722980224,39.32239766978384,34.9685727426031,10.409320864632836,23.1
OK,Le Flore County,4.0,47026.0,14.668948027742982,40.933117418802894,29.570106022182163,14.827828531271962,21.0
OK,Lincoln County,3.2,54922.0,10.955860359782934,41.81515190360211,31.756612400119643,15.47237533649532,20.5
OK,Logan County,3.1,76331.0,8.256479103432174,32.09491010973617,29.190987625496145,30.457623161335512,11.2
OK,Love County,2.7,64723.0,14.729473530698556,36.57576199504156,32.72568178503719,15.969082689222692,14.4
OK,McClain County,2.9000000000000004,75474.0,11.353101567825494,31.155419222903884,29.4478527607362,28.043626448534425,9.5
OK,McCurtain County,4.2,44465.0,14.2948623220531,41.51519629574898,28.67346436136151,15.516477020836412,22.200000000000003
OK,McIntosh County,5.4,43700.0,13.373451327433628,42.08141592920354,30.10265486725664,14.442477876106194,19.200000000000003
OK,Major County,2.6,63840.0,9.87322320399539,42.56626968882059,29.600461006530924,17.960046100653095,12.3
OK,Marshall County,3.2,51341.0,15.296951727971834,37.72815713888632,30.03798758454554,16.936903548596312,15.7
OK,Mayes County,3.2,50174.0,10.654950897142436,39.41519604223584,33.471165915971355,16.458687144650373,16.900000000000002
OK,Murray County,3.4000000000000004,60307.0,14.23056859676578,41.53364632237872,26.43714136671883,17.798643714136674,12.6
OK,Muskogee County,3.9,53035.0,13.015880187038334,34.13449592265468,33.820506449208246,19.029117441098737,20.8
OK,Noble County,2.6,61415.0,8.919814446653412,35.25513585155732,35.54671968190855,20.27833001988072,13.3
OK,Nowata County,3.0,54339.0,9.61803957662218,41.75487037889247,32.1828501303881,16.444239914097253,17.400000000000002
OK,Okfuskee County,4.1000000000000005,43544.0,16.715282181357008,40.83703233988586,29.346861128725426,13.100824350031706,25.0
OK,Oklahoma County,3.2,61580.0,11.50812740894638,24.135175073262637,29.261930453682105,35.09476706410888,16.0
OK,Okmulgee County,4.2,45754.0,11.818402132643994,34.25559415138541,36.626544955166,17.29945876080459,19.3
OK,Osage County,3.7,58677.0,10.4485810192249,36.313701556301496,31.73939578883125,21.498321635642355,14.2
OK,Ottawa County,3.0,47855.0,12.765849191004374,35.3108781927343,36.95430955530681,14.968963060954511,21.6
OK,Pawnee County,3.5,54690.0,12.141016200294551,43.45544918998527,28.08357879234168,16.3199558173785,17.2
OK,Payne County,3.0,51236.0,6.825450072682545,27.04237951470424,26.02706027060271,40.10511014201051,22.0
OK,Pittsburg County,4.5,47930.0,12.730681930326655,35.70512187900918,31.856311062863917,19.707885127800257,18.4
OK,Pontotoc County,3.1,56077.0,9.546085232903865,32.24975222993062,28.471754212091177,29.73240832507433,13.9
OK,Pottawatomie County,3.6,52695.0,11.45469488391206,35.220875282514896,32.32586809122663,20.99856174234641,17.1
OK,Pushmataha County,3.9,39267.0,14.583603160212409,42.98665975909856,28.092216034192464,14.337521046496567,23.6
OK,Roger Mills County,2.4000000000000004,55183.0,6.429489927132448,35.96228032576082,33.733390484354906,23.87483926275182,18.3
OK,Rogers County,2.9000000000000004,72952.0,7.829106280193236,33.013285024154584,33.555253623188406,25.60235507246377,9.6
OK,Seminole County,4.800000000000001,44114.0,14.731601455288184,37.25027127082402,32.89717240058722,15.120954873300567,19.0
OK,Sequoyah County,3.7,47450.0,15.520432336393249,38.28842167604383,31.04086467278649,15.150281314776429,22.3
OK,Stephens County,3.5,55309.0,11.694257373187805,40.76900109478154,28.046312576717646,19.490428955313007,14.9
OK,Texas County,2.1,60719.0,25.001976128369297,28.96213738044424,21.61884436012964,24.417042131056835,11.5
OK,Tillman County,4.7,44333.0,18.475010679196924,38.40239214011106,25.84365655702691,17.2789406236651,19.700000000000003
OK,Tulsa County,3.2,63442.0,10.209907488817516,25.062325821084773,31.01192722965963,33.71583946043808,15.1
OK,Wagoner County,3.2,73851.0,8.273617890400526,30.685083255443622,34.18146571121958,26.859833142936267,10.4
OK,Washington County,3.4000000000000004,61704.0,8.514315983160948,33.232038807884244,27.79558950625889,30.45805570269592,15.1
OK,Washita County,3.1,54789.0,11.102172164119068,39.68892464467686,28.82810404934299,20.38079914186109,17.400000000000002
OK,Woods County,1.9,54020.0,11.422172452407615,31.709593131765583,24.337439343038447,32.53079507278835,18.0
OK,Woodward County,3.0,61248.0,12.032710280373832,38.157126168224295,28.190712616822427,21.61945093457944,14.7
OR,Baker County,4.3,54382.0,7.610690067810132,27.419226166733143,37.997606701236535,26.972477064220183,16.2
OR,Benton County,3.0,70117.0,3.986811560071325,14.041314806715338,27.61497829963328,54.356895333580056,16.2
OR,Clackamas County,3.4000000000000004,96915.0,5.3294538440960535,21.251432515712263,33.730749796062604,39.688363844129086,6.9
OR,Clatsop County,3.7,63667.0,7.155951500337697,25.684237609751392,40.861287106422665,26.298523783488243,15.3
OR,Columbia County,4.4,77572.0,9.603978347017534,32.81618275531612,38.40555310937864,19.174285788287705,9.8
OR,Coos County,4.5,55983.0,8.980250393154014,30.54755631803607,38.78030349447542,21.6918897943345,16.0
OR,Crook County,5.5,69563.0,8.86691776522285,31.669805398618955,36.937643858547816,22.52563297761038,12.8
OR,Curry County,4.6000000000000005,54595.0,9.441925902766922,27.03871606482205,39.33614715231098,24.18321088010005,15.8
OR,Deschutes County,3.7,84281.0,5.242039951372789,19.38644682561299,32.00560674403619,43.36590647897803,8.700000000000001
OR,Douglas County,4.7,55837.0,8.371310046293514,31.90284374436361,40.77917393134131,18.946672278001564,16.0
OR,Gilliam County,4.2,69038.0,12.941961307538358,30.4869913275517,35.62374916611074,20.9472981987992,11.8
OR,Grant County,5.0,58348.0,10.376019865200426,31.748847108903867,38.22277403334516,19.65235899255055,15.3
OR,Harney County,4.2,56001.0,8.184925346285302,37.380823889188704,38.80194279546681,15.632307969059184,15.2
OR,Hood River County,3.0,75818.0,15.77906907086803,19.38537111364045,25.453783022823934,39.38177679266758,10.0
OR,Jackson County,4.3,68239.0,8.706771034259617,26.020757370235327,34.68895055813432,30.58352103737073,12.6
OR,Jefferson County,4.6000000000000005,65600.0,11.28735632183908,31.408045977011493,37.2816091954023,20.02298850574713,13.9
OR,Josephine County,5.1000000000000005,54983.0,9.763372137259378,31.355093966369928,39.1676177432854,19.713916153085293,15.1
OR,Klamath County,5.2,54961.0,10.411686048867455,33.581182381782085,34.49491470480976,21.512216864540704,19.3
OR,Lake County,5.0,54707.0,10.75496257728604,33.82687927107062,34.55906280507647,20.85909534656687,17.0
OR,Lane County,4.0,64192.0,6.857209230872992,22.811901666248264,36.89801301674491,33.43287608613383,14.7
OR,Lincoln County,4.2,57216.0,8.246119621821123,23.87127761767531,39.07174275747005,28.81086000303352,15.4
OR,Linn County,4.1000000000000005,67265.0,8.716603367653839,29.00814471691072,41.5007354393976,20.77451647603785,14.2
OR,Malheur County,3.7,49380.0,16.191809928530038,32.113192968900904,36.23720301332818,15.457794089240872,19.700000000000003
OR,Marion County,3.7,70861.0,13.95,25.14008620689655,34.92758620689655,25.9823275862069,14.1
OR,Morrow County,3.4000000000000004,67524.0,23.98635349691641,32.672877575121376,33.55202729300616,9.788741634956043,13.2
OR,Multnomah County,3.6,79432.0,7.746749943098901,16.547341714530532,27.087600915772985,48.61830742659758,12.8
OR,Polk County,3.8,77156.0,8.192899144537211,23.815809775248155,37.35920865406045,30.632082426154188,11.8
OR,Sherman County,3.8,71460.0,11.730205278592376,33.35777126099707,38.78299120234604,16.129032258064516,14.5
OR,Tillamook County,3.8,64877.0,9.420669300709289,27.924025324891705,37.55890893511686,25.09639643928214,11.5
OR,Umatilla County,4.1000000000000005,71012.0,15.576962877946904,31.774821727596,34.65540273570528,17.99281265875181,16.5
OR,Union County,3.9,57091.0,6.451796594726952,32.96509310403736,35.66995045840214,24.91315984283355,13.6
OR,Wallowa County,4.4,61648.0,7.074468085106384,25.053191489361705,30.93971631205673,36.93262411347518,13.0
OR,Wasco County,4.0,60506.0,13.071409609769049,27.17281656490576,37.97717016193257,21.77860366339262,13.6
OR,Washington County,3.2,98706.0,7.091376754522677,17.014973671749896,29.20377565903905,46.68987391468838,8.1
OR,Wheeler County,2.8000000000000003,49716.0,8.556611927398444,31.979256698357823,39.06655142610199,20.397579948141743,18.4
OR,Yamhill County,3.5,77969.0,10.249699847563033,25.60941062202377,34.89862267128924,29.24226685912396,10.6
PA,Adams County,2.6,76554.0,9.277250064181382,40.605872258779335,25.35097082787229,24.765906849166992,9.3
PA,Allegheny County,3.3000000000000003,71973.0,4.530216805929545,25.393220997695916,25.29983621575105,44.77672598062349,11.6
PA,Armstrong County,3.9,57609.0,6.938144329896907,48.53814432989691,25.6659793814433,18.857731958762887,11.9
PA,Beaver County,4.1000000000000005,67135.0,4.9198078645282095,36.34942603598469,30.435561344948304,28.295204754538798,10.4
PA,Bedford County,3.5,55517.0,10.040103122314523,48.38155256373532,25.230592953308506,16.34775136064165,11.2
PA,Berks County,3.5,72157.0,11.620313525684413,36.85712439330501,24.35317045960865,27.16939162140192,11.9
PA,Blair County,3.3000000000000003,57884.0,6.782403157701487,45.2118138424821,23.92142463741509,24.08435836240132,14.4
PA,Bradford County,3.3000000000000003,63529.0,8.93448981030957,46.51293984909386,23.3434407540606,21.209129586535973,13.9
PA,Bucks County,3.0,105202.0,5.107825438141346,27.538689799786447,23.403844751952175,43.94964001012003,6.7
PA,Butler County,3.1,81507.0,4.327015397745457,31.93627538138757,25.09796948899399,38.63873973187298,9.3
PA,Cambria County,4.1000000000000005,54612.0,7.118942916216245,44.17459934299598,25.71446563323223,22.991992107555543,13.2
PA,Cameron County,5.0,50338.0,9.01803607214429,50.042943028914976,29.687947323217863,11.251073575722874,15.3
PA,Carbon County,3.9,64766.0,9.739801635058306,44.50139021454953,27.416275884964936,18.34253226542723,12.0
PA,Centre County,2.7,67654.0,5.427437630097516,28.454826041036476,19.62101247910749,46.49672384975852,17.1
PA,Chester County,2.6,117326.0,5.086962137029942,19.33427685816992,18.997137137568075,56.58162386723207,6.2
PA,Clarion County,4.2,57844.0,9.000236537096901,45.92761964834818,21.785066624615627,23.28707718993929,14.2
PA,Clearfield County,3.9,59318.0,9.566590808736116,46.47939947691994,23.89694643524337,20.05706327910057,15.4
PA,Clinton County,4.0,58892.0,10.321110089175033,45.771184068460826,22.61766705322509,21.29003878913904,15.5
PA,Columbia County,3.6,59127.0,8.191523335918609,44.83553081801177,22.09498608513162,24.877959760938,12.6
PA,Crawford County,3.7,54774.0,8.974838490309418,46.81740904454267,22.98367902074124,21.224073444406663,12.6
PA,Cumberland County,2.7,81295.0,6.548262800063043,30.624500687488798,23.264294603892328,39.56294190855584,8.200000000000001
PA,Dauphin County,3.2,67813.0,8.520406373263967,32.07732519383924,25.112644784258297,34.28962364863849,12.9
PA,Delaware County,3.2,83856.0,6.405873323371357,27.22037945456906,24.776810147978622,41.59693707408096,10.8
PA,Elk County,3.3000000000000003,57570.0,6.491451676701973,48.6177646903705,24.946160945809343,19.944622687118184,10.0
PA,Erie County,3.8,56489.0,7.418034765166183,37.51870464626095,25.4361735791173,29.627087009455565,14.5
PA,Fayette County,4.5,51494.0,10.042511375531392,47.49524684369059,23.53186216914828,18.930379611629743,18.9
PA,Forest County,5.2,43362.0,14.357767316745123,51.5803631472764,21.956960322797578,12.1049092131809,24.8
PA,Franklin County,2.9000000000000004,73709.0,9.335384336967833,43.32534045152242,23.38687056055739,23.95240465095236,8.200000000000001
PA,Fulton County,3.1,64405.0,10.70555032925682,48.34430856067733,23.82878645343368,17.121354656632175,12.7
PA,Greene County,3.7,63082.0,10.08097965633024,44.3333991704523,24.4835078016986,21.102113371518865,15.5
PA,Huntingdon County,4.3,58170.0,9.299110929596932,50.08953535861267,22.421538751531525,18.189814960258868,13.0
PA,Indiana County,4.1000000000000005,53040.0,7.633840052875082,40.12264081662627,25.32496144525226,26.918557685246387,16.5
PA,Jefferson County,3.8,54248.0,8.601092202184404,51.61290322580645,22.29489458978918,17.491109982219967,18.8
PA,Juniata County,3.4000000000000004,62661.0,16.744752053544264,49.02951019166413,19.22725889869181,14.998478856099789,10.8
PA,Lackawanna County,3.7,61168.0,8.356688566984124,35.42797508483365,26.079536877202887,30.135799470979347,16.1
PA,Lancaster County,2.7,82434.0,12.851686452754423,34.457193712950755,21.715959717962168,30.975160116332663,8.6
PA,Lawrence County,4.2,58730.0,7.620796697492239,43.2478993645273,26.351801589494382,22.77950234848608,13.6
PA,Lebanon County,2.8000000000000003,69490.0,11.954382600797295,41.622849068981175,22.47060604531463,23.952162284906898,8.700000000000001
PA,Lehigh County,3.6,72590.0,9.706650522549372,32.158227872663275,24.756771021309454,33.378350583477896,12.1
PA,Luzerne County,4.3,59358.0,9.324688193352433,37.13159425284881,28.558688581091268,24.985028972707493,16.400000000000002
PA,Lycoming County,3.5,61729.0,8.863940390313426,38.44749771837924,27.889532048957957,24.79902984234938,12.8
PA,Mercer County,3.8,57702.0,8.694878863720097,40.468537598617765,25.760674856758097,25.07590868090405,12.6
PA,Mifflin County,3.5,57096.0,15.649268277590425,48.584511617833606,22.52405556758764,13.242164536988335,15.2
PA,Monroe County,4.5,79824.0,9.684073390511346,35.46428601254353,26.971931553410226,27.879709043534906,9.6
PA,Montgomery County,2.8000000000000003,106743.0,5.096745532923097,22.0176708677482,20.632959294481555,52.25262430484715,6.9
PA,Montour County,2.7,76229.0,7.1811118654295845,33.951874481406044,22.23730859168741,36.62970506147696,9.8
PA,Northampton County,3.5,75468.0,7.344986465731954,32.917772002756394,25.969580550288477,33.76766098122317,9.8
PA,Northumberland County,4.0,57822.0,9.987245854902843,47.65548803361092,23.18403481131368,19.17323130017256,12.3
PA,Perry County,2.9000000000000004,67834.0,10.13314055063558,46.34616543165251,24.91716368455931,18.6035303331526,10.1
PA,Pike County,4.6000000000000005,81886.0,6.793370165745856,33.533701657458565,30.80220994475138,28.8707182320442,10.0
PA,Potter County,4.800000000000001,53935.0,9.175543068019794,46.77514048477733,26.97307724565965,17.076239201543235,12.7
PA,Schuylkill County,4.0,63680.0,10.0046064374964,45.05575708719603,25.819082167328844,19.120554307978736,14.2
PA,Snyder County,3.4000000000000004,62382.0,15.68627450980392,42.96854497056949,19.92276834251865,21.422412177107937,10.9
PA,Somerset County,4.0,50516.0,9.945022937449938,49.31005606932207,23.45991407558436,17.285006917643635,12.0
PA,Sullivan County,3.9,59957.0,8.182936833470057,48.974569319114025,23.092698933552093,19.749794913863823,13.8
PA,Susquehanna County,3.2,63413.0,8.523581442506032,46.285354683075205,25.423906583225538,19.767157291193232,12.0
PA,Tioga County,3.8,61190.0,8.034501494159196,43.68038576473784,26.80997011681609,21.47514262428688,13.0
PA,Union County,2.9000000000000004,65521.0,13.315273300870995,41.327755297990535,18.9321720046636,26.424799396474864,11.3
PA,Venango County,4.2,52449.0,8.466376390904692,46.37424071386336,25.50663871418589,19.652744181046067,13.8
PA,Warren County,3.7,56707.0,6.084919057086055,46.43567168418063,28.01050837830162,19.468900880431693,11.4
PA,Washington County,3.4000000000000004,70751.0,5.955560233118019,35.23213134595398,26.0271269388131,32.7851814821149,9.5
PA,Wayne County,3.9,56973.0,8.570342205323193,43.30291508238277,26.539923954372625,21.58681875792142,12.8
PA,Westmoreland County,3.5,71152.0,4.605375596750487,35.21710893616052,28.333732116475066,31.843783350613936,10.8
PA,Wyoming County,3.7,67643.0,7.565929391748193,45.6242024670353,25.308379413015736,21.50148872820077,13.5
PA,York County,3.0,79938.0,8.630413796742644,38.01088268981851,26.14794374276376,27.210759770675093,8.5
RI,Bristol County,2.5,101158.0,6.478984041357609,20.89514497639919,20.872668015284333,51.75320296695887,7.9
RI,Kent County,2.7,84230.0,7.212685161938237,28.188551343208637,30.30222194325885,34.29654155159428,9.0
RI,Newport County,2.6,92795.0,4.661927850742989,19.651963784148503,22.638045473803132,53.04806289130537,11.3
RI,Providence County,3.3000000000000003,74190.0,13.717241845780578,28.692990284102187,25.38875591561373,32.20101195450351,12.7
RI,Washington County,2.5,99015.0,4.744713205771987,20.203047906615467,24.571422319953616,50.48081656765893,9.1
SC,Abbeville County,3.7,50325.0,13.805104408352667,37.48259860788863,29.385150812064964,19.32714617169373,15.3
SC,Aiken County,3.0,67728.0,10.17325085639648,29.746736657055312,29.027117168182304,31.052895318365906,14.1
SC,Allendale County,5.300000000000001,35249.0,20.382963493199718,41.83965640658554,24.44523979957051,13.332140300644236,32.6
SC,Anderson County,2.8000000000000003,62708.0,12.179374960611176,30.471195389581744,30.93475810009313,26.414671549713947,13.5
SC,Bamberg County,5.300000000000001,37952.0,23.113892925002794,29.909466860400137,28.143511791662007,18.83312842293506,27.700000000000003
SC,Barnwell County,4.3,45080.0,19.18408388996625,40.42950513538749,27.54435107376284,12.842059900883427,27.200000000000003
SC,Beaufort County,2.8000000000000003,83687.0,5.807787485480532,21.37482233942009,28.041152322754265,44.77623785234512,9.5
SC,Berkeley County,2.7,79259.0,9.435318531853186,28.648489848984894,31.974447444744477,29.94174417441744,9.8
SC,Calhoun County,3.3000000000000003,55642.0,11.69971671388102,34.57034938621341,31.964117091595845,21.76581680830973,14.6
SC,Charleston County,2.4000000000000004,79969.0,7.0977021105796565,18.56641134561996,25.30120078937686,49.03468575442352,11.0
SC,Cherokee County,4.2,50403.0,14.49264055754928,36.91423519009726,30.189317106152807,18.403807146200656,16.8
SC,Chester County,3.9,53488.0,15.61127135566896,39.87131129354338,30.774351009540712,13.743066341246948,20.1
SC,Chesterfield County,3.2,44574.0,18.025596543484664,41.13776963110864,27.635756603711823,13.20087722169487,20.3
SC,Clarendon County,4.0,46202.0,18.070105644697872,36.79441276576935,27.467621447199758,17.667860142333026,20.0
SC,Colleton County,3.1,47933.0,14.434402548336914,40.1474183272835,28.750277798355437,16.66790132602415,23.0
SC,Darlington County,3.3000000000000003,50427.0,13.48184512782512,36.61541311596888,30.203316042978884,19.69942571322712,22.3
SC,Dillon County,4.4,37752.0,18.37108953613808,43.90507011866235,26.035598705501616,11.688241639697951,24.4
SC,Dorchester County,2.6,74730.0,8.736490540020236,26.10202272544121,35.19399002516095,29.9674967093776,10.2
SC,Edgefield County,3.1,61318.0,18.1892208254873,32.54109623899435,27.82838821314062,21.44129472237773,16.8
SC,Fairfield County,4.0,50743.0,15.431214174048986,38.750651380927565,30.478113600833765,15.340020844189684,20.700000000000003
SC,Florence County,3.0,52650.0,12.266931539682368,33.35780529674055,30.72886863953877,23.646394524038307,18.8
SC,Georgetown County,3.3000000000000003,59457.0,8.08598797973375,27.39430986031056,32.028060962852045,32.49164119710365,13.8
SC,Greenville County,2.6,71833.0,9.507528776900145,22.80800530931088,27.65220749831364,40.03225841547533,11.3
SC,Greenwood County,3.5,49867.0,11.123024467651662,32.83940557116205,30.471983359423582,25.565586601762703,16.900000000000002
SC,Hampton County,2.8000000000000003,43987.0,17.499240813847557,44.43516550258123,26.305800182204678,11.759793501366534,24.200000000000003
SC,Horry County,3.4000000000000004,61375.0,8.621866770701258,31.406887234449897,33.3752361549104,26.596009839938446,12.9
SC,Jasper County,2.6,61838.0,9.83518692214927,34.08370181785698,30.15320023225691,25.927911027736837,16.2
SC,Kershaw County,3.0,61015.0,10.841322848217173,33.42023052892384,32.9117742109232,22.8266724119358,12.6
SC,Lancaster County,3.3000000000000003,70113.0,10.958490566037735,27.72555746140652,30.121440823327617,31.19451114922813,10.8
SC,Laurens County,3.2,53847.0,16.283447911158117,37.20782654680063,28.6409307244844,17.86779481755685,16.7
SC,Lee County,3.9,41583.0,18.97754338210276,42.0466144947261,26.190881252126573,12.784960871044571,24.5
SC,Lexington County,2.5,73022.0,8.485095761532184,26.6351461623386,31.771708347333558,33.10804972879566,11.2
SC,McCormick County,3.3000000000000003,56636.0,14.837827761898843,34.38548527401516,27.69976388716292,23.07692307692308,17.6
SC,Marion County,4.4,37244.0,16.0019816695566,48.86797126579143,21.35248947238048,13.777557592271489,25.4
SC,Marlboro County,7.2,39160.0,18.46861128725428,49.640667934897486,23.16106531388713,8.729655463961107,27.200000000000003
SC,Newberry County,2.9000000000000004,55050.0,13.729405891163257,32.512769307577095,30.277660432428284,23.480164368831367,17.5
SC,Oconee County,2.8000000000000003,61716.0,12.862290994176018,30.274461580502464,28.346228074669945,28.51701935065157,14.6
SC,Orangeburg County,4.4,42209.0,16.685548396233095,33.392338738228425,30.56007930326418,19.362033562274306,21.700000000000003
SC,Pickens County,2.9000000000000004,55333.0,12.748178831595483,29.962386325762985,29.97547969337714,27.31395514926439,16.8
SC,Richland County,3.0,61010.0,8.03216174136725,21.01720156747121,29.83385106014908,41.11678563101246,15.9
SC,Saluda County,2.8000000000000003,57291.0,15.963990997749436,37.7569392348087,26.4291072768192,19.84996249062265,16.1
SC,Spartanburg County,2.9000000000000004,58535.0,12.156347067072664,31.113887663225587,30.992437778777727,25.737327490924024,14.0
SC,Sumter County,3.8,56937.0,10.876693416170506,32.21157994650099,33.7532717807116,23.158454856616903,17.5
SC,Union County,4.1000000000000005,46461.0,19.267285861713106,37.73477812177502,29.54076367389061,13.45717234262126,23.4
SC,Williamsburg County,4.800000000000001,39757.0,16.62842488864894,43.04674494983578,24.956134431097315,15.36869573041796,24.8
SC,York County,2.8000000000000003,83692.0,7.460267297360668,23.567940627771605,30.85949048352074,38.11230159134698,9.6
SD,Aurora County,1.6,61013.0,8.900523560209423,36.41652123327516,36.00930773705643,18.673647469458988,11.0
SD,Beadle County,1.8,59508.0,14.937056165267917,31.06843124596514,27.60652033570045,26.387992253066493,16.3
SD,Bennett County,3.1,49152.0,13.14655172413793,34.91379310344828,31.68103448275862,20.25862068965517,27.700000000000003
SD,Bon Homme County,1.9,62963.0,10.214741729541498,36.97040046430645,32.75295028051848,20.061907525633583,13.4
SD,Brookings County,2.0,71166.0,3.2806676814865363,23.064406067922945,29.68873025038056,43.96619600020996,11.2
SD,Brown County,2.0,71731.0,6.336633663366337,30.38811881188119,30.106930693069305,33.16831683168317,10.0
SD,Brule County,1.7000000000000002,60133.0,9.87482614742698,31.93324061196105,28.011126564673155,30.180806675938804,12.6
SD,Buffalo County,4.4,30659.0,14.41048034934498,47.59825327510917,31.00436681222708,6.986899563318777,33.1
SD,Butte County,1.9,64528.0,11.730529810485544,37.61239452206391,31.26296859869968,19.394107068750863,12.0
SD,Campbell County,2.5,65591.0,8.518189884649512,33.18544809228039,28.748890860692107,29.547471162378,11.0
SD,Charles Mix County,2.2,54367.0,10.418130709768096,33.555867884750526,30.90302178496135,25.12297962052003,21.4
SD,Clark County,2.0,62559.0,9.972624168947986,43.76222135314822,30.035197497066875,16.229956980836917,11.1
SD,Clay County,2.1,55263.0,6.09377111201189,25.94244021078233,22.010539116335632,45.95324956087016,17.5
SD,Codington County,1.8,65009.0,7.646938147502308,38.588573186993536,32.88542414606626,20.87906451943789,11.4
SD,Corson County,3.0,39329.0,13.23322383857344,38.85499765368372,28.671984983575783,19.23979352416705,33.7
SD,Custer County,2.5,75336.0,4.991610738255034,30.95637583892617,31.907158836689035,32.14485458612975,8.5
SD,Davison County,1.7000000000000002,63753.0,8.234944679587139,34.88527511695255,31.92247716640677,24.95730303705354,9.4
SD,Day County,2.7,62786.0,8.225889633831871,34.27024239298608,36.17844249613203,21.325425477050025,13.3
SD,Deuel County,2.8000000000000003,77694.0,6.426385583134989,36.48418905134308,32.947976878612714,24.141448486909216,9.2
SD,Dewey County,5.7,50048.0,13.13528990694345,39.87115246957767,29.70651395848246,17.28704366499642,26.200000000000003
SD,Douglas County,1.9,73934.0,8.285565398645128,34.18447107868682,34.60135487232934,22.92860865033872,8.700000000000001
SD,Edmunds County,2.0,72004.0,5.46218487394958,31.30252100840336,33.71848739495798,29.51680672268908,10.2
SD,Fall River County,2.6,56976.0,8.545780969479354,30.3770197486535,38.8689407540395,22.20825852782765,14.1
SD,Faulk County,1.8,60853.0,7.1280276816609,30.103806228373703,44.49826989619377,18.269896193771626,13.0
SD,Grant County,2.4000000000000004,70409.0,7.859595574208317,35.00572300648607,31.59099580312857,25.54368561617703,9.9
SD,Gregory County,1.9,49239.0,8.646888567293777,40.12301013024602,30.2821997105644,20.947901591895803,14.5
SD,Haakon County,1.8,58799.0,3.0819140308191404,42.49797242497972,34.8742903487429,19.54582319545823,10.6
SD,Hamlin County,1.8,73995.0,7.4266922444505346,38.8599616333242,29.268292682926827,24.44505343929844,7.2
SD,Hand County,1.6,64536.0,4.578313253012048,26.602409638554214,42.60240963855422,26.21686746987952,8.5
SD,Hanson County,2.2,79488.0,7.744874715261959,31.298405466970387,39.40774487471526,21.548974943052396,9.0
SD,Harding County,1.9,65168.0,5.507955936352509,31.82374541003672,32.313341493268055,30.35495716034272,12.1
SD,Hughes County,1.6,79301.0,3.896209533105581,27.387343419554256,32.77208394338702,35.94436310395315,8.6
SD,Hutchinson County,2.1,64422.0,6.885443929937588,30.17918260519428,37.26595530501309,25.669418159855045,9.8
SD,Hyde County,1.8,64416.0,10.303030303030305,30.2020202020202,38.38383838383838,21.11111111111111,11.2
SD,Jackson County,3.2,45190.0,10.735826296743063,45.9589867310012,31.9059107358263,11.399276236429433,29.8
SD,Jerauld County,1.7000000000000002,57560.0,6.132756132756133,44.37229437229438,28.35497835497836,21.139971139971134,12.7
SD,Jones County,2.5,60864.0,4.482225656877898,40.1854714064915,29.984544049459043,25.34775888717156,14.1
SD,Kingsbury County,1.9,64215.0,8.361486486486488,38.51351351351352,30.8277027027027,22.2972972972973,10.0
SD,Lake County,1.9,74668.0,6.349824698091157,25.43825477210752,33.541098558628754,34.67082197117258,9.4
SD,Lawrence County,1.9,67606.0,4.639663335086796,27.674907943187797,33.59810625986323,34.08732246186218,11.1
SD,Lincoln County,1.6,98387.0,4.084144567528254,23.58957144455634,29.82208794897617,42.50419603893924,3.3000000000000003
SD,Lyman County,2.8000000000000003,54199.0,8.993115318416525,41.52323580034423,24.225473321858864,25.25817555938038,19.3
SD,McCook County,1.7000000000000002,70320.0,6.468858593958834,33.0660251269714,31.809676557070304,28.655439721999464,8.0
SD,McPherson County,2.4000000000000004,52850.0,19.02439024390244,34.756097560975604,23.78048780487805,22.439024390243905,15.4
SD,Marshall County,2.5,65643.0,7.8920396310215235,36.0778954560984,33.583874274000685,22.4461906388794,11.1
SD,Meade County,2.1,71106.0,5.393302180685359,28.227219626168225,39.49571651090343,26.88376168224299,7.9
SD,Mellette County,3.2,44702.0,15.44058205335489,41.06709781729992,27.162489894907036,16.329830234438155,26.0
SD,Miner County,1.7000000000000002,64099.0,6.622516556291391,43.82901866345575,33.41360626128838,16.134858518964478,10.5
SD,Minnehaha County,1.8,75623.0,6.941889569072103,25.41916709387533,33.073489943005335,34.565453394047225,9.7
SD,Moody County,2.0,70603.0,5.434015525758645,29.381322041872497,34.20371677252411,30.980945659844743,9.8
SD,Oglala Lakota County,5.800000000000001,40683.0,22.010521825678943,38.24825821128963,29.958765818285222,9.782454144746197,37.1
SD,Pennington County,1.9,67573.0,5.318122773397811,27.06519362596941,33.56140599076563,34.05527760986715,11.6
SD,Perkins County,2.0,57148.0,7.192900513778608,33.16207379729099,37.87949556282111,21.765530126109294,14.5
SD,Potter County,2.4000000000000004,72374.0,2.3054755043227666,40.69164265129682,30.37463976945245,26.628242074927957,9.2
SD,Roberts County,3.1,57788.0,8.29674489023467,37.229371688115066,36.1998485995458,18.274034822104465,16.3
SD,Sanborn County,1.8,63266.0,10.220820189274448,39.05362776025237,31.482649842271293,19.24290220820189,12.4
SD,Spink County,2.2,61513.0,7.96538717550477,34.16907033503439,30.729975593521196,27.13556689593965,10.7
SD,Stanley County,1.8,81788.0,4.585052728106373,37.13892709766162,32.92067858780376,25.35534158642824,7.6
SD,Sully County,1.6,76192.0,3.8077969174977335,39.25657298277425,35.99274705349048,20.942883046237533,7.6
SD,Todd County,3.4000000000000004,41862.0,17.53524134985049,29.02605724049552,36.8859461768475,16.552755232806494,35.6
SD,Tripp County,1.6,55946.0,10.471976401179942,36.60275319567355,33.01376597836775,19.91150442477876,16.1
SD,Turner County,1.9,74511.0,8.263912029323558,32.03932022659114,33.488837054315226,26.20793068977008,8.4
SD,Union County,2.1,85677.0,5.084455114464546,28.03738317757009,30.36954471405299,36.508616993912376,5.7
SD,Walworth County,3.2,57100.0,8.00105624504885,31.18563506733562,29.75970425138632,31.053604436229204,15.8
SD,Yankton County,1.8,62951.0,7.267833109017497,33.57396304906399,31.5061788816836,27.65202496023492,11.4
SD,Ziebach County,4.4,40004.0,11.214333112143333,43.92833443928335,30.789648307896485,14.067684140676842,46.2
TN,Anderson County,3.2,64615.0,8.661403226095207,33.20980360563582,31.788316594160086,26.340476574108884,14.4
TN,Bedford County,3.3000000000000003,70185.0,15.237063285208071,41.20127683251823,26.65241456057633,16.909245321697366,13.3
TN,Benton County,4.1000000000000005,50635.0,12.782736805615738,48.32307825634803,26.458098622064306,12.436086315971922,17.6
TN,Bledsoe County,5.300000000000001,46207.0,20.3756353924356,50.53846816576204,20.272249504609288,8.813646937193074,21.6
TN,Blount County,3.0,69713.0,9.302488398143703,35.412666026564246,28.49555928948632,26.78928628580573,9.7
TN,Bradley County,3.5,62666.0,11.59651148898889,30.84305682768508,32.92049964822853,24.6399320350975,15.0
TN,Campbell County,4.1000000000000005,44268.0,17.120106171201062,41.61980931093493,28.02360912234135,13.236475395522648,20.6
TN,Cannon County,2.9000000000000004,63155.0,15.78339905742041,41.53121092622872,25.757430027892664,16.92795998845821,14.4
TN,Carroll County,4.1000000000000005,52680.0,11.28420621092549,41.89812442349083,27.959413754227736,18.85825561135595,17.400000000000002
TN,Carter County,3.7,48912.0,11.34386692404852,37.86849693763256,30.130359143013752,20.657276995305164,16.900000000000002
TN,Cheatham County,2.6,78437.0,9.67447828729655,36.79678530424799,28.47301951779564,25.055716890659824,8.700000000000001
TN,Chester County,3.1,57732.0,14.280701754385966,39.97368421052632,26.587719298245617,19.157894736842103,16.7
TN,Claiborne County,3.9,41087.0,16.879917005273622,39.9239215008213,25.892625572750067,17.30353592115501,18.6
TN,Clay County,4.4,43441.0,16.188598063822155,48.09967730369308,23.71817855862316,11.9935460738616,21.200000000000003
TN,Cocke County,4.5,45361.0,16.3451738326224,47.3859046468612,24.62345702313993,11.645464497376468,20.4
TN,Coffee County,3.4000000000000004,56519.0,12.5624875024995,37.8874225154969,26.614677064587084,22.93541291741652,14.5
TN,Crockett County,3.3000000000000003,53598.0,14.043532858936794,42.17245709501884,28.06613645876936,15.717873587275012,14.9
TN,Cumberland County,4.2,53388.0,10.352941176470589,39.80598555211558,31.34571723426213,18.4953560371517,14.6
TN,Davidson County,2.7,72561.0,9.659984754861416,20.10310741335409,22.9163625748066,47.32054525697789,12.3
TN,Decatur County,4.5,52294.0,15.84241408214585,45.32391330379596,23.817506885402945,15.01616572865525,19.200000000000003
TN,DeKalb County,4.1000000000000005,55392.0,17.315630159603742,39.37809576224546,23.342047330765,19.9642267473858,16.3
TN,Dickson County,2.7,70192.0,10.799035244689955,39.018128063487126,28.8259550299541,21.356881661868822,9.9
TN,Dyer County,3.5,53715.0,10.84135287305834,40.63410933194905,26.881763367008745,21.64277442798387,17.7
TN,Fayette County,3.6,84328.0,9.105685974180238,32.97177331124379,31.02435059860586,26.89819011597012,12.8
TN,Fentress County,3.8,41147.0,16.76038851968159,42.18943985978237,25.77959541371504,15.270576206821003,18.9
TN,Franklin County,3.5,61417.0,9.161578754212124,40.48977413005038,27.297901444633503,23.050745671104,12.9
TN,Gibson County,3.5,55608.0,11.64168699895434,41.34715928895085,27.93075403741141,19.080399674683395,14.7
TN,Giles County,3.3000000000000003,54684.0,12.409302325581397,42.43255813953488,25.92093023255814,19.23720930232558,15.3
TN,Grainger County,3.7,51951.0,16.165413533834585,42.56664388243336,26.33857370699476,14.929368876737298,15.5
TN,Greene County,4.2,50410.0,13.305013737602058,42.90418753288256,26.111186889845868,17.67961183966952,14.8
TN,Grundy County,4.5,44219.0,20.01639848314031,44.84985138874654,22.74264630521677,12.39110382289638,22.8
TN,Hamblen County,3.6,56734.0,12.8604304859889,38.74148278507288,28.340327602545013,20.05775912639321,17.3
TN,Hamilton County,3.2,75127.0,8.866834939574728,23.347483555147623,30.8207128652287,36.96496864004895,12.9
TN,Hancock County,4.4,38024.0,21.151854153718663,41.70292106898695,28.56846902838201,8.576755748912369,26.700000000000003
TN,Hardeman County,4.4,44454.0,17.367618217476576,44.14905208106341,27.184571802135544,11.298757899324473,21.5
TN,Hardin County,4.0,42573.0,15.576164369524005,43.98729312906697,25.68529999487626,14.751242506532764,19.700000000000003
TN,Hawkins County,3.9,52819.0,13.596678529062867,42.87544483985765,26.74258600237248,16.785290628707,17.2
TN,Haywood County,4.4,46351.0,17.24832755702426,46.23196582574353,23.414201660353022,13.10550495687918,21.0
TN,Henderson County,3.7,53822.0,10.75124864837032,49.59064929715257,25.30250759487153,14.35559445960558,14.0
TN,Henry County,3.8,51194.0,11.606456571867794,45.26859680587582,24.54522162439149,18.57972499786489,18.3
TN,Hickman County,2.8000000000000003,56917.0,15.406783418310797,42.3908224340501,28.630015517623587,13.572378630015516,15.9
TN,Houston County,4.6000000000000005,60581.0,12.663607003229648,45.96294407615162,27.689954105048443,13.683494815570288,17.0
TN,Humphreys County,3.3000000000000003,58917.0,12.29780633724795,42.204003249870745,29.078957086934043,16.419233325947264,14.7
TN,Jackson County,4.1000000000000005,43306.0,17.443423706027335,46.04526103517813,23.033833744118308,13.477481514676226,20.0
TN,Jefferson County,3.5,60785.0,11.067449263828092,36.43056108237167,31.47134898527656,21.03064066852368,12.9
TN,Johnson County,3.2,45495.0,18.67788984834192,38.26282562948988,27.371018068354974,15.68826645381322,20.9
TN,Knox County,2.8000000000000003,70013.0,7.667482410523095,24.624349954114408,27.546650351789538,40.16151728357296,13.8
TN,Lake County,4.3,38088.0,28.1681915514892,43.06015183959509,19.38874829667121,9.3829083122445,34.0
TN,Lauderdale County,5.1000000000000005,47575.0,17.22022299569347,47.98536959471418,23.87469765795528,10.919709751637072,24.6
TN,Lawrence County,3.5,55562.0,14.453125,42.22060381355932,27.8270656779661,15.499205508474576,14.9
TN,Lewis County,3.3000000000000003,53189.0,14.607242339832869,39.84401114206128,34.618384401114206,10.930362116991644,16.1
TN,Lincoln County,3.2,61591.0,13.024247054565926,43.28280188186095,24.41593952310105,19.277011540472078,14.5
TN,Loudon County,3.3000000000000003,79683.0,11.084144301232357,30.77593722755013,29.58599401493909,28.553924456278423,10.5
TN,McMinn County,4.2,60950.0,13.82239180430692,38.968743466443655,29.7067739912189,17.502090738030525,14.9
TN,McNairy County,4.7,49706.0,12.59425199431756,48.4591847885477,27.13911047972899,11.807452737405749,15.5
TN,Macon County,3.1,56817.0,18.38342573679603,49.308433031806246,20.501896702655383,11.80624452874234,16.2
TN,Madison County,3.3000000000000003,57070.0,9.687101373152249,34.74000150071284,29.62257072109252,25.9503264050424,18.6
TN,Marion County,3.9,58686.0,17.70254740471174,37.88067420034477,27.94483815361042,16.471940241333076,15.1
TN,Marshall County,3.2,64013.0,9.482687038113427,37.1003902682056,32.42547537988873,20.991447313792243,10.7
TN,Maury County,2.8000000000000003,70225.0,7.470139962512484,33.97135078190201,32.08739790124639,26.47111135433911,10.7
TN,Meigs County,5.0,54257.0,17.087542087542086,45.26515151515152,25.694444444444443,11.952861952861952,15.6
TN,Monroe County,3.6,56047.0,13.676643192488264,40.86267605633802,29.65962441314554,15.801056338028168,16.0
TN,Montgomery County,3.7,67478.0,5.653665621250711,27.26851754404429,35.35751120840262,31.720305626302387,12.6
TN,Moore County,2.5,68086.0,10.864093959731544,36.76593959731543,27.70553691275168,24.664429530201343,9.9
TN,Morgan County,4.0,59967.0,16.56477250788339,43.17523650170539,26.5525452088294,13.707445781581823,16.2
TN,Obion County,3.8,50159.0,15.00255540584491,44.26427542628816,22.673419133020488,18.059750034846445,19.3
TN,Overton County,3.5,52108.0,18.179012345679013,45.0,23.33333333333333,13.487654320987655,14.3
TN,Perry County,5.2,46448.0,17.603123408589376,47.34340519436429,22.35613647937532,12.697334917671023,17.5
TN,Pickett County,4.1000000000000005,47932.0,18.585699263932703,40.03680336487908,24.21135646687697,17.16614090431125,16.6
TN,Polk County,3.9,55146.0,14.340549669890986,37.970213419315215,33.018578228159065,14.67065868263473,15.0
TN,Putnam County,3.5,54996.0,11.246223853772324,33.14404802875607,26.415815838782457,29.193912278689147,17.3
TN,Rhea County,4.5,59207.0,15.905267244726284,41.370087571718216,25.339717872395497,17.384927311160002,16.0
TN,Roane County,3.6,63430.0,10.678125154343851,37.44752308984047,29.83404948881316,22.04030226700252,13.4
TN,Robertson County,2.7,77326.0,11.145389165078305,39.61604212925665,28.1523255585467,21.08624314711835,9.9
TN,Rutherford County,2.6,77320.0,7.62950954752266,28.10473614444882,29.87720775266005,34.388546555368464,9.1
TN,Scott County,4.800000000000001,44599.0,19.52529337664921,48.29277995093814,21.99164622422595,10.1902804481867,21.0
TN,Sequatchie County,3.9,56264.0,18.285810412986795,37.454790142148205,25.367987215072755,18.891412229792245,15.1
TN,Sevier County,3.0,59530.0,12.202649379932357,35.291713641488165,31.066798196166857,21.438838782412628,12.2
TN,Shelby County,4.3,61452.0,10.168326865560966,27.44214021471356,28.19174267329098,34.19779024643449,18.2
TN,Smith County,3.0,63960.0,12.658674188998589,41.45275035260931,27.94076163610719,17.947813822284907,11.7
TN,Stewart County,3.6,60242.0,10.094891984655764,46.537452049263074,27.13506965475469,16.232586311326468,12.9
TN,Sullivan County,3.5,54361.0,10.365166621141766,32.63281890193936,30.38445779841573,26.617556678503146,13.5
TN,Sumner County,2.6,87453.0,8.201487637887872,28.98657374340772,30.18635153561457,32.62558708308984,8.9
TN,Tipton County,3.8,68778.0,10.74653318324432,36.36624913179891,34.41189854621225,18.475319138744524,14.8
TN,Trousdale County,3.1,58584.0,14.958775029446407,52.179034157832746,22.732626619552416,10.129564193168433,15.8
TN,Unicoi County,4.2,52260.0,12.02339358954884,37.61203098891083,30.35090384323257,20.01367157830776,12.3
TN,Union County,3.8,51169.0,16.665502061351408,43.37223115086297,25.421004821466003,14.541261966319611,15.9
TN,Van Buren County,4.5,50260.0,15.78255151249452,42.81017097764138,27.422183252959226,13.985094256904867,14.7
TN,Warren County,4.1000000000000005,52520.0,15.209710707664325,47.27323608633295,22.39829293035296,15.11876027564977,17.6
TN,Washington County,3.3000000000000003,64270.0,8.8609641229025,29.36878293763269,28.24580499843731,33.52444794102749,16.3
TN,Wayne County,4.0,48321.0,16.4922527784538,46.09394013141884,24.880343960412105,12.533463129715258,18.0
TN,Weakley County,3.6,49815.0,12.039579585266546,45.39816305274122,20.949720670391063,21.61253669160117,18.6
TN,White County,3.5,49411.0,16.611429145324898,39.9919654514412,29.22064878979612,14.175956613437782,13.7
TN,Williamson County,2.5,133486.0,4.068726882233624,13.212027204390884,20.88354611621525,61.835699797160245,4.9
TN,Wilson County,2.7,88462.0,6.454933514656997,28.780409489271687,27.543253248715622,37.221403747355694,6.6000000000000005
TX,Anderson County,3.5,60800.0,14.01470693908836,38.04642027353949,33.401997652638386,14.536875134733766,21.4
TX,Andrews County,3.0,68998.0,23.128209748626,32.22812866023966,24.69591855122083,19.947743039913508,11.4
TX,Angelina County,4.4,56825.0,15.121368182377443,34.069217654192954,32.796653366846535,18.01276079658306,17.2
TX,Aransas County,4.9,60523.0,8.553282315581239,32.026654172523294,31.792388984330263,27.627674527565205,17.1
TX,Archer County,3.5,72062.0,9.001797091978435,36.82404835811142,28.998529652017645,25.1756248978925,9.7
TX,Armstrong County,3.3000000000000003,67548.0,5.973622963537626,34.3677269200931,38.2467028704422,21.41194724592708,10.5
TX,Atascosa County,3.8,59817.0,19.122033055797196,38.66347707220082,26.947930905927677,15.266558966074314,18.4
TX,Austin County,3.7,68630.0,11.543340380549685,34.202490016443505,30.833920601362465,23.42024900164435,11.6
TX,Bailey County,4.7,52751.0,28.05352798053528,28.6374695863747,26.56934306569343,16.739659367396595,16.400000000000002
TX,Bandera County,3.5,69284.0,8.089335967906115,30.225734985928987,36.201425064367406,25.483503981797494,12.9
TX,Bastrop County,3.4000000000000004,73403.0,18.13791453604856,29.798750037379264,28.71774169432732,23.345593732244847,11.3
TX,Baylor County,2.5,49059.0,17.50503018108652,30.784708249496983,23.34004024144869,28.37022132796781,17.400000000000002
TX,Bee County,5.1000000000000005,48176.0,18.432193533379856,36.92486624796464,33.19376599209119,11.449174226564317,24.9
TX,Bell County,4.5,62412.0,8.991353727475646,26.100454121731996,37.73016103789479,27.17803111289757,11.5
TX,Bexar County,3.7,65839.0,13.573025158130022,24.46159548456595,30.42573380710062,31.539645550203403,14.7
TX,Blanco County,2.8000000000000003,82236.0,7.511889321227843,25.78901859057501,32.360570687418935,34.33852140077821,8.5
TX,Borden County,1.8,75186.0,5.369127516778524,30.87248322147651,28.41163310961969,35.34675615212528,11.9
TX,Bosque County,3.5,61048.0,11.81155105686216,30.864840726406666,36.59571300982435,20.72789520690682,11.7
TX,Bowie County,4.2,52460.0,9.986697225650314,36.00884714631449,31.933069414838204,22.071386213196995,14.8
TX,Brazoria County,4.4,86197.0,10.818887986883786,24.807793324101045,32.28196679560034,32.09135189341483,9.4
TX,Brazos County,3.1,60355.0,10.994959126987268,21.443098277240104,25.02472955755854,42.53721303821409,23.700000000000003
TX,Brewster County,3.2,52388.0,10.030691964285714,16.950334821428573,27.748325892857142,45.27064732142857,13.7
TX,Briscoe County,3.8,53208.0,19.542619542619544,28.794178794178794,32.640332640332645,19.022869022869024,13.9
TX,Brooks County,5.5,35359.0,32.64198488079085,31.5758867997674,21.34134522194224,14.440783097499516,29.700000000000003
TX,Brown County,4.3,53455.0,12.2568312155628,35.52606919299824,32.28007046740882,19.937029124030136,14.8
TX,Burleson County,3.6,62095.0,14.8847119701697,34.25157902747127,27.760444410623244,23.10326459173579,13.9
TX,Burnet County,3.1,74897.0,10.799728445349627,30.267481330617784,30.237610319076712,28.69517990495587,9.9
TX,Caldwell County,3.5,60833.0,19.6802436239056,38.4437254155564,25.45045045045045,16.425580510087553,13.7
TX,Calhoun County,3.3000000000000003,62742.0,17.527993109388458,31.531725523973584,34.04392764857881,16.896353718059146,14.6
TX,Callahan County,3.6,63836.0,6.925744594043248,36.55650754793962,32.63973888208894,23.878008975928196,12.7
TX,Cameron County,5.4,49583.0,28.357932853150707,26.06328964458613,25.020663596646592,20.55811390561656,23.5
TX,Camp County,4.4,52919.0,15.882282854759918,35.338972953651854,29.08376027642083,19.6949839151674,17.6
TX,Carson County,3.0,71902.0,6.43626346105685,32.08114199849737,35.612321562734785,25.870272977711,9.1
TX,Cass County,4.7,54276.0,12.719167904903417,41.31253095591877,28.37048043585933,17.597820703318476,16.5
TX,Castro County,3.1,59958.0,23.684799641817776,31.11708081486456,24.199686590552943,20.99843295276472,17.7
TX,Chambers County,5.4,102146.0,10.504121142419017,26.563797840393583,39.96549741230592,22.96658360488148,8.6
TX,Cherokee County,4.4,50351.0,19.30521237792681,33.27156136016002,28.965172373220376,18.45805388869279,18.9
TX,Childress County,2.8000000000000003,49200.0,16.06165078077469,37.598864327722566,34.861082944635974,11.478401946866764,19.9
TX,Clay County,3.7,66085.0,7.221063607924921,36.300834202294055,32.62513034410844,23.85297184567257,11.7
TX,Cochran County,4.0,45766.0,28.28588734100545,34.706238643246515,26.287098728043613,10.720775287704422,22.0
TX,Coke County,3.3000000000000003,43774.0,12.199102407180742,34.92452060383517,31.782945736434108,21.09343125254998,13.0
TX,Coleman County,4.6000000000000005,45834.0,11.407043981075873,33.432626598913615,37.234974592605575,17.92535482740494,17.7
TX,Collin County,3.5,113943.0,5.527433116491761,14.412217000127022,25.14695588485685,54.91339399852436,6.4
TX,Collingsworth County,3.6,52093.0,24.593023255813957,20.52325581395349,28.837209302325583,26.046511627906977,18.9
TX,Colorado County,3.5,59711.0,11.567400323465298,37.75402573658674,26.678855214119963,23.999718725828,14.5
TX,Comal County,3.6,92979.0,5.795108775241226,21.716810127406152,30.27401272434385,42.21406837300877,7.1000000000000005
TX,Comanche County,3.6,51559.0,15.39898308602262,32.61388398879319,32.012036940956726,19.97509598422745,17.6
TX,Concho County,3.1,51191.0,20.504973221117066,43.19051262433053,23.14460596786534,13.159908186687067,22.200000000000003
TX,Cooke County,3.3000000000000003,66466.0,11.609379348733649,31.22042861118842,33.57570275535764,23.59448928472029,12.5
TX,Coryell County,4.5,63428.0,9.343708981811364,30.247515469716856,41.753234577161074,18.655540971310707,12.2
TX,Cottle County,2.6,45351.0,20.405982905982903,24.786324786324787,33.01282051282051,21.7948717948718,20.1
TX,Crane County,4.5,67889.0,24.413793103448278,41.03448275862069,20.20689655172414,14.344827586206897,11.7
TX,Crockett County,3.3000000000000003,71851.0,34.22363060208239,25.48664554096877,29.289271163422363,11.000452693526483,15.3
TX,Crosby County,4.2,46457.0,21.56505914467698,38.21656050955414,26.08431907794965,14.134061267819227,21.700000000000003
TX,Culberson County,3.2,52160.0,26.695706285003112,47.60423148724331,9.39639079029247,16.303671437461105,20.5
TX,Dallam County,2.6,61636.0,19.26751592356688,45.72338489535942,19.29026387625114,15.718835304822566,12.2
TX,Dallas County,3.8,70871.0,18.318777279682333,22.4880546659588,24.345922464432697,34.847245589926175,13.8
TX,Dawson County,4.2,48801.0,27.684459375388823,35.11260420554934,22.732362821948488,14.47057359711335,19.700000000000003
TX,Deaf Smith County,3.1,55565.0,28.59132695700622,40.97873525861269,18.608970192218404,11.820967592162688,16.5
TX,Delta County,4.5,54587.0,10.047974413646056,36.3272921108742,34.088486140724946,19.5362473347548,15.1
TX,Denton County,3.5,102711.0,6.589551382146805,16.752760912740534,28.265330672667314,48.39235703244535,6.1000000000000005
TX,DeWitt County,3.3000000000000003,55525.0,14.577006507592191,40.831525668835866,28.843094721619668,15.74837310195228,18.3
TX,Dickens County,5.1000000000000005,47074.0,15.004191114836546,35.62447611064543,30.259849119865883,19.111483654652137,18.4
TX,Dimmit County,3.2,44312.0,25.60928433268859,36.131528046421664,27.2147001934236,11.044487427466152,27.3
TX,Donley County,3.9,44866.0,16.463138851198554,32.70013568521031,34.690185436454094,16.14654002713704,16.900000000000002
TX,Duval County,4.4,40539.0,26.42922653622745,34.89758483644145,31.702843167227147,6.970345460103944,29.1
TX,Eastland County,4.6000000000000005,53351.0,15.028332101502832,33.30869672333087,29.44896115627823,22.214010018888068,16.3
TX,Ector County,3.3000000000000003,64868.0,22.374042765807747,30.470383097614945,30.508111635685083,16.647462500892228,11.7
TX,Edwards County,2.5,50752.0,21.58351409978308,22.66811279826464,29.826464208242943,25.92190889370933,19.700000000000003
TX,Ellis County,3.7,89314.0,12.35367259052587,26.961393825438225,32.08361133013889,28.60132225389701,7.4
TX,El Paso County,4.4,53441.0,19.35255629524671,24.89336102108089,30.39289208595977,25.36119059771263,18.5
TX,Erath County,3.5,60093.0,12.939571150097464,26.2729044834308,28.292397660818715,32.49512670565302,15.8
TX,Falls County,4.1000000000000005,47534.0,15.118861561240438,32.80414575964465,37.12264538948754,14.954347289627377,20.1
TX,Fannin County,3.4000000000000004,60959.0,13.232791956689868,35.56844547563805,31.03248259860789,20.166279969064192,14.2
TX,Fayette County,3.4000000000000004,70476.0,9.746556473829202,36.53994490358127,26.5564738292011,27.15702479338843,9.3
TX,Fisher County,3.3000000000000003,57867.0,9.68096809680968,36.486982031536485,35.60689402273561,18.225155848918227,14.3
TX,Floyd County,4.3,45784.0,25.418526785714285,29.799107142857142,28.06919642857143,16.713169642857142,20.3
TX,Foard County,3.3000000000000003,47657.0,18.75923190546529,29.394387001477103,37.37075332348597,14.47562776957164,16.8
TX,Fort Bend County,4.0,105583.0,8.067697592032365,17.59501447942341,25.045450299289325,49.2918376292549,8.5
TX,Franklin County,3.8,56623.0,9.115389793994884,27.14420358152686,34.42843678470446,29.3119698397738,14.1
TX,Freestone County,5.1000000000000005,56372.0,13.412709797733468,35.26036436666188,35.43967866877062,15.887247166834026,15.4
TX,Frio County,3.3000000000000003,46769.0,29.42112240388865,40.71586389748122,18.471056120194437,11.391957578435704,25.6
TX,Gaines County,2.9000000000000004,62465.0,41.73308461929795,30.67661522808208,19.53535696116669,8.054943191453281,13.4
TX,Galveston County,4.3,75947.0,10.15436665613726,23.12839781209995,32.458976874095995,34.258258657666794,11.5
TX,Garza County,3.4000000000000004,50255.0,31.937033084311636,32.97758804695838,24.466382070437568,10.618996798292422,18.5
TX,Gillespie County,2.6,77013.0,10.719205037386857,24.69500196772924,29.25029515938607,35.33549783549784,10.0
TX,Glasscock County,2.4000000000000004,96533.0,12.435897435897436,14.358974358974358,33.33333333333333,39.87179487179488,8.1
TX,Goliad County,3.7,62841.0,15.980769230769232,29.865384615384617,35.17307692307693,18.98076923076923,13.8
TX,Gonzales County,3.4000000000000004,57523.0,23.00830513688096,39.07259304829283,25.27683789603199,12.642263918794216,17.6
TX,Gray County,4.1000000000000005,50648.0,15.241582310287887,36.140426448416974,33.21846507286955,15.399526168425586,17.3
TX,Grayson County,3.7,66141.0,9.535193686927457,31.097806080352044,35.63374024160619,23.73325999111431,10.9
TX,Gregg County,4.2,60932.0,13.244195276840642,28.28562214725144,36.11207580869221,22.35810676721572,16.0
TX,Grimes County,4.4,61188.0,18.05105734425605,30.767765288626403,31.72032768146313,19.46084968565441,14.9
TX,Guadalupe County,3.4000000000000004,86043.0,10.698350629167292,28.611654217008404,29.767216456944237,30.922778696880066,8.1
TX,Hale County,4.9,49571.0,24.879831764470257,33.30162227117965,26.1866613258562,15.631884638493892,19.3
TX,Hall County,4.3,40677.0,16.699123661148978,34.56669912366115,30.915287244401167,17.818889970788703,22.1
TX,Hamilton County,3.4000000000000004,59753.0,11.65098374679213,35.48331907613345,28.588537211291705,24.27715996578272,13.7
TX,Hansford County,2.6,69064.0,25.379609544468547,21.660985435388906,22.559652928416483,30.39975209172606,11.6
TX,Hardeman County,4.800000000000001,49539.0,14.302932904781038,34.029730815588586,36.6412213740458,15.026114905584572,16.400000000000002
TX,Hardin County,4.9,70432.0,10.094873717136728,37.30579324250963,31.83310498151643,20.766228058837218,11.5
TX,Harris County,4.3,68748.0,17.51866872184727,22.71939692724908,26.015385225992876,33.74654912491078,16.0
TX,Harrison County,4.7,64636.0,10.846647103575698,32.47907836104771,34.17237256819911,22.50190196717748,17.2
TX,Hartley County,2.1,84165.0,16.925,34.9,25.1,23.075000000000003,8.5
TX,Haskell County,3.8,48587.0,16.68799590478628,35.01407729715895,25.79984642948554,22.498080368569237,19.3
TX,Hays County,3.3000000000000003,89074.0,8.513325040521694,21.242162664756805,28.36706999886916,41.87744229585233,9.8
TX,Hemphill County,3.5,73212.0,15.482118605703937,32.910819375282934,27.16161158895428,24.44545043005885,10.1
TX,Henderson County,4.1000000000000005,62843.0,12.47888941430791,33.565831250422214,33.74316017023576,20.212119165034117,16.900000000000002
TX,Hidalgo County,6.1000000000000005,48825.0,30.65137956969507,25.16626494607864,23.855688541191657,20.32666694303464,26.9
TX,Hill County,4.0,57566.0,13.073275690321552,34.167430370163764,34.30688926963382,18.452404669880863,14.2
TX,Hockley County,3.6,56923.0,20.10952902519168,28.45564074479737,33.12157721796276,18.313253012048197,15.1
TX,Hood County,3.7,75545.0,7.740110573008185,27.902541464878077,31.95045643509193,32.40689152702181,8.1
TX,Hopkins County,3.5,64249.0,15.365399103850272,34.045759149847335,30.560291843451363,20.028549902851022,13.0
TX,Houston County,3.2,49741.0,17.333169774288518,37.75147203140334,29.391560353287534,15.52379784102061,21.8
TX,Howard County,4.3,59598.0,18.776083995958352,33.159073935772966,32.72415762421473,15.340684444053949,18.0
TX,Hudspeth County,3.8,39582.0,40.08226691042048,25.0,22.531992687385745,12.385740402193784,32.0
TX,Hunt County,4.1000000000000005,68019.0,13.682293247755757,33.57618861760412,30.84840337106264,21.89311476357749,12.7
TX,Hutchinson County,4.3,65019.0,14.17058428475487,32.027460637265875,37.847921796880826,15.954033281098424,14.3
TX,Irion County,3.3000000000000003,77768.0,10.77788191190253,25.960637300843487,41.14339268978444,22.118088097469546,8.9
TX,Jack County,3.6,54132.0,19.751404733526307,33.06657585561042,31.619274646688236,15.562744764175038,13.2
TX,Jackson County,3.3000000000000003,61953.0,17.01900698215671,36.8211792086889,30.304499612102404,15.855314197051978,14.0
TX,Jasper County,6.300000000000001,50763.0,11.661615496112796,46.084244740194144,29.70088285676637,12.553256906926691,16.6
TX,Jeff Davis County,3.2,58285.0,13.328581610833927,13.613684960798288,42.62295081967213,30.434782608695656,12.8
TX,Jefferson County,6.300000000000001,55065.0,15.116059522545166,32.38810021123187,33.04598718447977,19.449853081743196,20.1
TX,Jim Hogg County,4.7,43782.0,21.238570241064007,40.93931837073982,18.86949293433084,18.952618453865338,24.6
TX,Jim Wells County,5.2,48252.0,20.79488424801684,37.291565484863206,26.73627974745022,15.177270519669742,21.200000000000003
TX,Johnson County,3.6,76747.0,13.077527352829229,34.03169769758421,29.349120093295216,23.541654856291352,9.9
TX,Jones County,4.6000000000000005,51894.0,18.913616992491374,38.63221267672326,31.231820334167622,11.222349996617735,20.5
TX,Karnes County,3.1,61860.0,22.827743902439025,36.77591463414634,24.380716463414632,16.015625,23.6
TX,Kaufman County,4.1000000000000005,92814.0,13.663315541787114,29.040341755542183,31.99913179885358,25.297210903817124,9.6
TX,Kendall County,3.3000000000000003,120238.0,6.442198396362631,16.552486866762926,27.885472028509103,49.11984270836533,6.9
TX,Kenedy County,7.1000000000000005,43274.0,53.191489361702125,19.148936170212767,17.02127659574468,10.638297872340424,14.9
TX,Kent County,2.1,58118.0,10.08849557522124,25.13274336283186,37.876106194690266,26.90265486725664,11.6
TX,Kerr County,3.5,59619.0,9.682620936780138,29.06066035321218,30.043511645764013,31.213207064243665,12.0
TX,Kimble County,3.4000000000000004,51851.0,16.869979172865218,29.27700089259149,28.205891103838145,25.647128830705142,17.400000000000002
TX,King County,1.0,87856.0,20.12987012987013,25.32467532467532,18.181818181818183,36.36363636363637,9.7
TX,Kinney County,4.6000000000000005,52609.0,11.28969031752254,24.892199137593103,44.29635437083497,19.521756174049397,21.0
TX,Kleberg County,4.6000000000000005,51342.0,16.172149565016998,32.822492366192314,27.280059918188627,23.72529815060206,22.1
TX,Knox County,3.5,47207.0,14.77469670710572,37.00173310225304,32.62564991334489,15.59792027729636,20.5
TX,Lamar County,4.3,62620.0,11.968898337167651,33.81869011910656,33.629400972655,20.583010571070798,19.200000000000003
TX,Lamb County,4.1000000000000005,53008.0,22.60536398467433,34.099616858237546,29.04461747620813,14.25040168087999,18.3
TX,Lampasas County,3.8,67917.0,9.723284876307064,29.7628156082632,38.874011731701096,21.63988778372864,11.5
TX,La Salle County,2.6,40555.0,36.1432384341637,42.17081850533808,13.589857651245552,8.09608540925267,27.1
TX,Lavaca County,3.3000000000000003,58400.0,12.873999157185,37.631689844079226,28.59249894648125,20.90181205225453,12.5
TX,Lee County,3.2,65911.0,16.80418914630276,37.9086004443034,26.586797841954933,18.70041256743891,11.2
TX,Leon County,4.7,56749.0,13.68513632365875,38.25857519788919,31.00263852242744,17.05364995602463,13.7
TX,Liberty County,5.5,61880.0,21.92172347139388,38.16517702258422,28.675510912124768,11.23758859389714,14.5
TX,Limestone County,4.2,51357.0,14.446444644464446,31.393853671081395,35.03278899318503,19.126912691269126,18.0
TX,Lipscomb County,3.2,70236.0,16.50485436893204,28.42502696871629,29.665587918015103,25.40453074433657,12.6
TX,Live Oak County,3.8,58576.0,23.09263486723537,29.412471464616125,33.65373062597621,13.841163042172294,17.0
TX,Llano County,3.6,59528.0,8.07872754319716,27.46309646412633,31.39947362398444,33.058702368692074,11.7
TX,Loving County,0.3,94716.0,5.769230769230769,21.153846153846157,73.07692307692307,0.0,4.7
TX,Lubbock County,3.3000000000000003,59138.0,11.18550339267648,25.54968774663778,29.94030372532298,33.32450513536276,17.1
TX,Lynn County,3.3000000000000003,56754.0,17.233009708737864,27.885652642934197,30.582524271844655,24.29881337648328,16.7
TX,McCulloch County,4.1000000000000005,45915.0,17.240096708201598,33.01097266133532,30.146922075506787,19.602008554956296,18.5
TX,McLennan County,3.7,63160.0,11.905040923192688,27.30227652606193,33.02103828338463,27.771644267360745,16.7
TX,McMullen County,1.7000000000000002,67525.0,11.581920903954805,44.06779661016949,29.37853107344633,14.97175141242938,12.4
TX,Madison County,4.6000000000000005,53906.0,19.79645436638214,38.52046399649814,27.150361129349964,14.532720507769753,18.3
TX,Marion County,4.800000000000001,47720.0,13.38782412626832,36.52762119503946,34.089627959413754,15.994926719278466,21.700000000000003
TX,Martin County,2.7,73315.0,16.23052959501558,41.651090342679126,24.330218068535824,17.78816199376947,11.9
TX,Mason County,3.5,59129.0,15.74973031283711,20.855807263574253,23.26501258540093,40.1294498381877,12.4
TX,Matagorda County,5.4,58380.0,17.253696627346734,28.837846818408373,31.138893503904303,22.769563050340587,17.900000000000002
TX,Maverick County,7.5,43407.0,32.27373598032748,28.354225394350145,24.04486295207821,15.327175673244168,22.8
TX,Medina County,3.8,70313.0,14.046503800521696,32.603147000252434,31.192326031470003,22.158023167755868,13.1
TX,Menard County,3.7,44145.0,23.24621733149931,24.965612104539204,28.885832187070157,22.902338376891336,20.0
TX,Midland County,2.5,81187.0,13.760956249360982,23.508416444365952,31.787297721843714,30.943329584429343,10.9
TX,Milam County,4.2,54667.0,13.27900837828532,39.95179616664754,27.25238149890967,19.516813956157467,15.9
TX,Mills County,3.9,58068.0,10.521739130434783,30.20289855072464,31.18840579710145,28.086956521739133,14.7
TX,Mitchell County,4.0,48378.0,16.72966310599836,37.69926047658176,31.651602300739523,13.91947411668036,21.1
TX,Montague County,3.5,57076.0,13.124177574624282,37.77269894036983,31.26255280836623,17.840570676639654,13.4
TX,Montgomery County,3.9,95241.0,9.840082928590563,23.308990530766277,28.955821889886675,37.89510465075649,10.1
TX,Moore County,2.7,66583.0,29.80707908163265,34.94100765306122,23.206313775510203,12.04559948979592,13.5
TX,Morris County,5.9,49847.0,12.940033988832242,35.88249575139597,35.639718378247146,15.537751881524642,19.3
TX,Motley County,4.0,46320.0,14.270724029380904,35.362014690451204,28.33158447009444,22.03567681007345,16.8
TX,Nacogdoches County,4.3,51708.0,14.848221114539651,29.12677690745576,29.51974048579793,26.50526149220666,19.6
TX,Navarro County,4.0,50822.0,20.64924411109809,29.05777569436306,33.22102425876011,17.07195593577874,15.7
TX,Newton County,7.1000000000000005,47804.0,15.55278658812868,49.58087902129588,28.63615768010874,6.230176710466697,18.5
TX,Nolan County,3.5,50579.0,16.496243739565944,36.38355592654424,33.39941569282137,13.720784641068448,20.4
TX,Nueces County,4.2,60250.0,14.73673403035644,29.246735912661062,32.33157651568302,23.684953541299475,17.3
TX,Ochiltree County,3.3000000000000003,69383.0,19.081153588195843,36.72032193158954,25.184439973172367,19.01408450704225,11.1
TX,Oldham County,3.0,66411.0,12.18925421010425,24.057738572574177,38.492381716118686,25.260625501202888,12.3
TX,Orange County,5.4,63901.0,9.013512320056522,36.73938002296212,36.45323677470635,17.793870882275016,14.5
TX,Palo Pinto County,3.7,56809.0,13.857903728268518,35.81549593005728,31.6500854185509,18.676514923123307,16.900000000000002
TX,Panola County,4.5,59772.0,14.955992751747344,30.610924152213304,36.55837432047631,17.874708775563033,13.6
TX,Parker County,3.3000000000000003,95277.0,9.481373538093637,25.964017486828837,32.97276090124425,31.58184807383328,8.200000000000001
TX,Parmer County,2.6,57786.0,27.27714748784441,28.13614262560778,27.893030794165316,16.693679092382496,13.4
TX,Pecos County,3.6,54003.0,20.945146014206788,39.39423835832675,26.243093922651934,13.417521704814522,21.200000000000003
TX,Polk County,5.4,58894.0,18.214142494318946,38.58842400748563,29.79013500868868,13.40729848950675,18.1
TX,Potter County,3.1,51028.0,22.596115204286672,30.68452779638312,29.38379102478232,17.33556597454789,17.8
TX,Presidio County,6.300000000000001,43666.0,33.94617639221956,21.90247801758593,23.954169997335462,20.197175592859047,22.9
TX,Rains County,3.5,45419.0,10.1828231292517,31.77083333333333,32.88690476190476,25.159438775510207,13.8
TX,Randall County,2.9000000000000004,77066.0,6.352089019525509,23.82951921058157,37.76611379382742,32.052277976065504,8.700000000000001
TX,Reagan County,3.6,83195.0,10.955841252096144,49.91615427613192,22.079373951928453,17.04863051984349,10.7
TX,Real County,5.1000000000000005,49467.0,13.12403499742666,41.27637673700463,26.45393721049923,19.14565105506948,15.7
TX,Red River County,4.800000000000001,47081.0,12.935672514619885,40.14035087719298,31.28654970760234,15.637426900584794,18.4
TX,Reeves County,3.1,53969.0,28.74043977055449,40.105162523900574,24.282982791587,6.871414913957935,17.6
TX,Refugio County,3.9,50936.0,17.354317311782218,37.19693747341557,31.646108039132287,13.802637175669927,16.8
TX,Roberts County,3.6,70814.0,2.490421455938697,38.69731800766284,36.7816091954023,22.03065134099617,9.0
TX,Robertson County,3.6,57796.0,15.232016560289804,37.51078143867518,28.126617215801275,19.130584785233744,17.0
TX,Rockwall County,3.6,124291.0,5.809204670401591,18.93947327085188,31.279124561495365,43.972197497251166,5.1000000000000005
TX,Runnels County,3.9,52729.0,13.79108838568298,36.84441197954712,30.299488677867053,19.06501095690285,15.3
TX,Rusk County,4.1000000000000005,55085.0,15.123593025822114,32.84595012138601,34.17016111233723,17.860295740454646,14.2
TX,Sabine County,6.800000000000001,50564.0,12.65169119545572,37.82597469661761,31.69377743351407,17.8285566744126,14.5
TX,San Augustine County,5.4,49591.0,18.31546177793151,44.13697682462816,26.02905569007264,11.518505707367693,20.3
TX,San Jacinto County,4.7,57855.0,15.562003665241294,40.63836285888821,27.97800855222969,15.821624923640806,16.7
TX,San Patricio County,4.800000000000001,62919.0,16.11479513416187,34.78986430108471,31.854112687189843,17.241227877563567,17.2
TX,San Saba County,3.8,51350.0,15.51556420233463,37.6215953307393,25.19455252918288,21.66828793774319,18.4
TX,Schleicher County,3.5,54168.0,18.96348645465253,26.796230859835106,30.03533568904594,24.204946996466436,16.0
TX,Scurry County,4.1000000000000005,60387.0,14.816854860919856,31.717616818140087,35.58248416414211,17.883044156797943,15.7
TX,Shackelford County,2.7,64690.0,7.5840145322434145,25.204359673024523,32.60672116257947,34.60490463215259,12.8
TX,Shelby County,4.5,51551.0,17.507625826131164,37.51906456532791,31.240467717336045,13.73284189120488,18.0
TX,Sherman County,3.2,73395.0,21.977329974811084,25.06297229219144,27.32997481108313,25.629722921914357,12.8
TX,Smith County,3.6,67978.0,12.001676424643442,24.86760055372814,35.38970522866686,27.74101779296156,13.2
TX,Somervell County,3.6,75568.0,8.653987910953855,32.65516733008993,33.71664455255787,24.974200206398347,8.8
TX,Starr County,9.3,35758.0,39.92646057469699,25.10962821734985,21.666893640201558,13.2970175677516,28.8
TX,Stephens County,3.9,50710.0,16.674546887312843,31.82033096926714,33.30181245074862,18.2033096926714,18.4
TX,Sterling County,4.0,75895.0,12.07115628970775,38.50063532401525,24.904701397712834,24.52350698856417,11.5
TX,Stonewall County,2.7,53153.0,15.47029702970297,41.58415841584159,28.83663366336633,14.108910891089108,15.9
TX,Sutton County,5.800000000000001,68838.0,19.25407925407925,39.58041958041958,25.687645687645688,15.47785547785548,13.4
TX,Swisher County,4.6000000000000005,52148.0,19.66956910024559,41.77271712435812,18.41929002009377,20.13842375530252,19.4
TX,Tarrant County,3.7,76285.0,12.880216109750531,23.611879115230412,28.959903336017646,34.54800143900141,11.0
TX,Taylor County,3.3000000000000003,61798.0,9.434409573267104,29.34861142470084,32.20704447956649,29.00993452246557,13.3
TX,Terrell County,3.5,47969.0,5.957446808510639,31.773049645390078,29.929078014184395,32.340425531914896,18.6
TX,Terry County,3.9,46998.0,22.255313388385,35.21050494111277,31.568972519290643,10.965209151211589,19.3
TX,Throckmorton County,3.6,50997.0,7.299912049252419,34.38874230430959,33.33333333333333,24.97801231310466,13.1
TX,Titus County,4.2,58411.0,22.890273804658765,35.27789129546383,26.43032284429914,15.40151205557826,15.7
TX,Tom Green County,3.5,60348.0,12.842091820445692,27.74152352978737,34.29921460953962,25.117170040227315,14.6
TX,Travis County,3.3000000000000003,95151.0,8.462116211848784,14.364940277041695,21.658175071016185,55.51476844009333,10.2
TX,Trinity County,5.0,49629.0,11.0342783759755,39.95851032302677,33.11271362244394,15.894497678553789,18.9
TX,Tyler County,5.800000000000001,50722.0,16.886669858422817,42.87668422132549,28.26072088092469,11.975925039326995,18.5
TX,Upshur County,4.2,59690.0,13.157435521585873,31.78026733675357,37.5737270093882,17.488570132272365,13.9
TX,Upton County,1.7000000000000002,61607.0,18.516853932584272,45.79775280898876,26.876404494382022,8.808988764044944,15.3
TX,Uvalde County,4.2,48427.0,21.7307196285788,25.90920815063193,32.1962857879804,20.163786432808877,21.0
TX,Val Verde County,5.5,52593.0,24.93014591741695,29.794059815792195,23.943564800441543,21.332229466349308,20.200000000000003
TX,Van Zandt County,3.5,57706.0,12.686794754498324,32.55213831609074,36.56133436554296,18.19973256386797,12.0
TX,Victoria County,4.1000000000000005,67905.0,14.945670288647422,30.994600359976,34.372708486100926,19.68702086527565,14.1
TX,Walker County,4.6000000000000005,53301.0,15.237222794763158,34.66162830642391,28.669033169204933,21.432115729608,22.4
TX,Waller County,4.6000000000000005,75223.0,16.05662580268535,29.2527729130181,28.117338003502628,26.57326328079393,13.9
TX,Ward County,3.0,60775.0,18.958011515236624,40.23311332677994,30.12217385198708,10.68670130599635,14.1
TX,Washington County,3.9,66911.0,9.615775564139051,28.32282984346412,31.05915836552145,31.00223622687538,14.5
TX,Webb County,4.0,56289.0,30.211436746157784,22.16214087908338,26.68486606381164,20.9415563109472,22.5
TX,Wharton County,3.9,57487.0,16.056276742330844,31.343824787874397,33.374428892595546,19.225469577199217,15.3
TX,Wheeler County,3.7,55713.0,12.366548042704627,33.18505338078292,34.934756820877816,19.51364175563464,14.3
TX,Wichita County,3.9,56634.0,11.962218304826337,31.253275525275143,31.94887798370575,24.835628186192768,17.6
TX,Wilbarger County,5.0,52983.0,18.70803426719148,31.245658717295672,32.63486918268118,17.411437832831673,16.900000000000002
TX,Willacy County,7.800000000000001,41648.0,32.26854358419058,34.61984685590533,20.92969293835564,12.181916621548456,27.8
TX,Williamson County,3.4000000000000004,101891.0,5.840286875184975,17.7484519431297,29.008945348258308,47.40231583342702,6.4
TX,Wilson County,3.2,79432.0,10.3923287981218,30.39911747235029,32.93638446525048,26.27216926427743,9.9
TX,Winkler County,3.4000000000000004,69775.0,26.16563764104748,35.873962103470305,27.95401319991484,10.006387055567384,13.5
TX,Wise County,3.7,80096.0,13.361233030519548,33.69807083801163,32.30172501786261,20.638971113606207,9.4
TX,Wood County,4.4,57504.0,13.27645961077046,31.517521253591635,32.94528866376374,22.260730471874165,15.2
TX,Yoakum County,3.4000000000000004,62748.0,24.266666666666666,30.22222222222222,31.31111111111111,14.2,13.0
TX,Young County,3.4000000000000004,58297.0,10.61847389558233,32.5140562248996,33.28514056224899,23.58232931726908,14.5
TX,Zapata County,6.4,39403.0,35.939073514602214,29.24219536757301,21.53826787512588,13.280463242698891,30.4
TX,Zavala County,7.300000000000001,36237.0,26.621100595864,33.01787592008412,30.809674027339646,9.551349456712233,28.9
UT,Beaver County,3.0,66394.0,6.580440208758794,32.53914227365555,38.14386203766735,22.736555479918312,9.9
UT,Box Elder County,2.5,79450.0,7.421036491873659,31.94502522929386,33.92155222881994,26.712386050012544,8.5
UT,Cache County,2.3000000000000003,76631.0,6.008529145955716,20.132455942159964,33.43453456845911,40.42448034342521,10.7
UT,Carbon County,3.7,59243.0,8.194517068798088,29.55852692911033,43.83356988122806,18.413386120863525,14.0
UT,Daggett County,4.2,66427.0,8.644400785854616,33.79174852652259,45.97249508840864,11.591355599214143,7.6
UT,Davis County,2.4000000000000004,103143.0,3.967921070148723,21.098872039902613,36.24381080908569,38.68939608086298,6.0
UT,Duchesne County,2.9000000000000004,67256.0,9.370535339104126,39.171358937725856,34.456677031683334,17.00142869148668,12.4
UT,Emery County,3.1,64651.0,6.825670798681939,31.79036560489565,44.21779381766829,17.16616977875412,10.8
UT,Garfield County,6.4,66786.0,4.921579232017307,26.041103299080586,37.02001081665765,32.01730665224446,10.0
UT,Grand County,3.6,67218.0,5.74245939675174,20.98317865429234,38.54408352668213,34.73027842227378,10.6
UT,Iron County,2.6,66499.0,6.832261663583782,24.96843712381456,37.893067911565225,30.30623330103644,11.6
UT,Juab County,2.3000000000000003,94181.0,7.53934191702432,33.805436337625174,38.42632331902718,20.22889842632332,8.200000000000001
UT,Kane County,2.7,66609.0,5.269565217391305,25.321739130434786,37.2695652173913,32.13913043478261,8.9
UT,Millard County,2.3000000000000003,67318.0,8.685268979386626,35.30668677727501,32.95625942684766,23.0517848164907,9.3
UT,Morgan County,2.1,119482.0,2.419918869771996,24.05930899426493,34.676178486501605,38.84459364946146,4.3
UT,Piute County,4.9,54495.0,14.371772805507746,25.38726333907057,41.22203098106713,19.01893287435456,14.1
UT,Rich County,2.4000000000000004,71800.0,4.49438202247191,19.787765293383277,51.24843945068665,24.469413233458177,7.6
UT,Salt Lake County,2.7,91713.0,8.291081634740733,22.174600718169582,30.904112032356977,38.6302056147327,9.5
UT,San Juan County,4.0,50452.0,12.272829257347992,31.01862239174332,36.47072021539152,20.23782813551716,18.8
UT,Sanpete County,2.9000000000000004,65044.0,9.250281848928973,31.29086809470124,36.27959413754228,23.179255918827508,12.9
UT,Sevier County,2.8000000000000003,73014.0,7.319370968910791,31.154431480542065,38.46655554750345,23.0596420030437,10.7
UT,Summit County,2.4000000000000004,132358.0,4.9877548204615225,14.30788865509986,22.63461074126453,58.069745783174085,5.1000000000000005
UT,Tooele County,2.8000000000000003,91353.0,7.276809297411516,30.914333509420672,38.60714914597641,23.201708047191406,6.800000000000001
UT,Uintah County,3.3000000000000003,67554.0,10.658234859675035,36.34139586410635,36.16598966026588,16.834379615952734,11.1
UT,Utah County,2.6,95085.0,4.618639694498916,16.75926881572459,34.78572493434709,43.83636655542941,9.0
UT,Wasatch County,2.4000000000000004,115793.0,4.352552198922053,18.750849223243808,29.177046061868744,47.7195525159654,5.0
UT,Washington County,2.8000000000000003,75572.0,5.679351296130762,21.461179925935387,39.57189375558677,33.287575022347085,10.6
UT,Wayne County,4.3,63705.0,4.30939226519337,23.48066298342541,47.01657458563536,25.19337016574585,11.4
UT,Weber County,2.8000000000000003,83465.0,7.653252320113197,28.534568348959294,35.76273907124129,28.04944025968621,8.5
VT,Addison County,1.7000000000000002,79526.0,4.900541117292889,28.9459644844143,22.68119807941468,43.472296318878136,8.700000000000001
VT,Bennington County,2.5,69249.0,5.853966368462081,27.09083484910353,25.89554177957608,41.15965700285831,11.9
VT,Caledonia County,2.3000000000000003,61554.0,6.339680534247812,34.09890804079054,27.614836206118586,31.946575218843066,14.0
VT,Chittenden County,1.6,86579.0,4.499076435922245,17.276805347875804,22.425894977570582,55.79822323863136,7.800000000000001
VT,Essex County,2.9000000000000004,54570.0,11.489455184534272,40.48769771528998,26.845342706502635,21.17750439367311,14.4
VT,Franklin County,1.8,76395.0,7.0274659125906425,37.23157040064955,26.93955259400286,28.80141109275695,9.9
VT,Grand Isle County,2.1,76260.0,3.296897038081805,29.619181946403383,23.90691114245416,43.17700987306065,8.700000000000001
VT,Lamoille County,2.5,65190.0,6.472318801818668,24.14549344744584,25.541588660069536,43.840599090665954,9.6
VT,Orange County,2.0,73057.0,5.257914043748019,31.66070377247408,26.5612970427064,36.52008514107151,9.7
VT,Orleans County,3.4000000000000004,56818.0,8.117880138682516,37.64239722634968,25.67607726597325,28.56364536899455,14.1
VT,Rutland County,2.4000000000000004,61290.0,6.271081129060891,32.89987573229185,27.294514468311736,33.534528670335526,11.8
VT,Washington County,2.0,77432.0,4.269903443250136,25.325651302605213,23.39907086901075,47.00537438513391,8.6
VT,Windham County,2.3000000000000003,61976.0,5.18280198888564,28.566832407136587,23.89587598713074,42.35448961684703,10.1
VT,Windsor County,1.8,74244.0,5.103668261562999,28.35725677830941,24.627477785372523,41.91159717475507,9.9
VA,Accomack County,3.5,56357.0,17.229923714215406,34.89459437289804,26.08071528176524,21.79476663112132,17.3
VA,Albemarle County,2.6,94727.0,5.550994227068633,14.62604233483002,19.222578576010264,60.60038486209108,8.0
VA,Alleghany County,3.5,52412.0,9.93086109365179,44.518272425249165,29.990123013378827,15.560743467720211,13.9
VA,Amelia County,3.0,65835.0,14.43850267379679,44.16906622788976,24.60921431509667,16.783216783216783,10.0
VA,Amherst County,3.2,61271.0,11.425374804206758,36.31684940702618,29.281718505258446,22.976057283508613,12.5
VA,Appomattox County,3.6,62375.0,7.952884532714298,40.35766486114694,31.183905081248387,20.50554552489038,11.4
VA,Arlington County,2.1,131020.0,4.574921923256768,7.123600824351863,11.192250630675357,77.109226621716,7.1000000000000005
VA,Augusta County,2.5,77487.0,9.199297843127033,40.79983315084207,26.718459426108414,23.282409579922483,8.200000000000001
VA,Bath County,2.8000000000000003,59763.0,15.710253998118532,39.94982753214173,28.786453433678272,15.553465036061462,10.5
VA,Bedford County,2.9000000000000004,71135.0,7.721698193665034,28.229314138536854,30.402374332645365,33.64661333515275,9.9
VA,Bland County,3.0,55722.0,8.848146671980869,44.69908330011957,31.00836986847349,15.444400159426069,13.9
VA,Botetourt County,2.5,81122.0,5.606584754861029,36.83645472981033,30.03697960157461,27.519980913754026,6.300000000000001
VA,Brunswick County,4.6000000000000005,49080.0,20.5887244304008,36.66223183103276,27.132878762680857,15.616164975885582,20.8
VA,Buchanan County,4.4,39652.0,22.48302235115712,42.59906375684051,24.071998417617195,10.845915474385178,22.8
VA,Buckingham County,3.9,55965.0,15.26903713027061,44.36752674638137,26.87224669603524,13.491189427312774,18.1
VA,Campbell County,3.3000000000000003,63516.0,9.461077844311378,33.93213572854291,30.88572854291417,25.72105788423153,12.4
VA,Caroline County,3.1,72210.0,10.66929314215035,39.25511933666223,26.867927985707084,23.207659535480325,9.3
VA,Carroll County,3.7,51111.0,14.74114441416894,37.78383287920072,30.79473206176204,16.6802906448683,16.1
VA,Charles City County,3.2,67596.0,11.827343601445142,43.544400076060086,28.6176079102491,16.010648412245672,11.3
VA,Charlotte County,3.5,50151.0,18.575851393188856,33.72136222910217,28.990712074303403,18.71207430340557,20.8
VA,Chesterfield County,2.9000000000000004,100149.0,7.111849637450705,21.88533583513548,28.339667345121484,42.66314718229233,6.9
VA,Clarke County,2.5,106914.0,7.212967131922557,27.672219720846464,27.834308869878438,37.28050427735254,7.300000000000001
VA,Craig County,3.2,62672.0,13.07017543859649,38.85964912280701,30.76023391812865,17.309941520467838,12.3
VA,Culpeper County,2.8000000000000003,94287.0,11.904364748401443,32.610508757297744,29.079788712816235,26.40533778148457,9.6
VA,Cumberland County,3.5,55257.0,11.403869905310827,38.02662275284754,32.40016467682174,18.1693426650199,14.2
VA,Dickenson County,4.4,43271.0,18.395360077332047,42.851619139681006,28.03286611889802,10.720154664088932,19.4
VA,Dinwiddie County,3.3000000000000003,72695.0,8.72840053167922,37.24216019297987,33.56963520897947,20.459804066361443,11.8
VA,Essex County,3.7,58214.0,14.257989390606806,39.46176736964679,28.76180618449993,17.518437055246476,13.0
VA,Fairfax County,2.5,144632.0,6.768552834345827,11.950355964798328,17.014098498452604,64.26699270240323,6.1000000000000005
VA,Fauquier County,2.5,120301.0,8.100234247357335,24.78297671305683,27.44040471644259,39.676384323143246,6.1000000000000005
VA,Floyd County,2.6,62561.0,8.44044558697515,37.60925449871465,30.916880891173943,23.033419023136247,11.1
VA,Fluvanna County,2.5,88162.0,6.150464093795799,26.155349291646317,32.095749877870055,35.59843673668784,7.6
VA,Franklin County,3.0,68089.0,9.430431853903151,34.25891275603124,31.983633959533968,24.327021430531648,11.4
VA,Frederick County,2.5,97091.0,10.876880291320314,30.77454942150792,28.039580228323835,30.308990058847936,7.4
VA,Giles County,2.9000000000000004,62716.0,8.799538600972234,43.81642910109582,29.364752409986,18.01927988794595,11.3
VA,Gloucester County,2.6,76960.0,8.801862533880048,32.33720202932796,33.00437834456877,25.856557092223227,7.9
VA,Goochland County,2.9000000000000004,113617.0,4.985065403234112,22.453393758368524,25.569059635389845,46.99248120300752,6.7
VA,Grayson County,2.7,45414.0,15.735130983872343,40.83966208720881,29.48203771652872,13.943169212390137,16.400000000000002
VA,Greene County,2.5,82772.0,10.13745704467354,31.608247422680414,29.75257731958763,28.501718213058417,8.9
VA,Greensville County,3.7,47596.0,20.882971268395234,40.8315814062135,24.503620649380984,13.781826676010278,27.3
VA,Halifax County,4.0,50578.0,18.38040510249827,35.02465664099116,28.40200513510209,18.192933121408487,19.700000000000003
VA,Hanover County,2.5,103639.0,5.6548115276584285,24.375072144057253,27.605843347997283,42.36427298028704,5.300000000000001
VA,Henrico County,2.9000000000000004,82187.0,6.980516016133508,21.800294500522845,25.47770972491944,45.741479758424205,9.4
VA,Henry County,3.5,49370.0,16.770639228712632,33.697912447001,33.859947608631074,15.6715007156553,16.900000000000002
VA,Highland County,2.3000000000000003,54470.0,10.73512252042007,34.48074679113186,19.311551925320884,35.47257876312719,12.9
VA,Isle of Wight County,2.8000000000000003,85227.0,7.823658346885384,30.389592024322987,31.842607650427773,29.94414197836385,7.300000000000001
VA,James City County,2.8000000000000003,103070.0,4.768223186186953,18.91979246406396,26.12741345581356,50.18457089393553,7.2
VA,King and Queen County,2.7,62180.0,9.980842911877396,38.67816091954023,31.877394636015328,19.463601532567047,12.7
VA,King George County,2.6,100092.0,8.880706124438188,26.528402014404072,28.759408674933667,35.83148318622408,6.300000000000001
VA,King William County,2.7,82715.0,6.4344005021971125,36.73101067168864,32.5721908349027,24.26239799121155,7.1000000000000005
VA,Lancaster County,3.7,60857.0,13.043478260869565,27.41070409677051,22.149948647723384,37.39586899463654,12.6
VA,Lee County,3.8,41573.0,17.682486147916165,35.43724403758131,34.20862442784871,12.671645386653818,25.0
VA,Loudoun County,2.5,167605.0,5.86627787972263,11.659658207438422,18.46031751731765,64.01374639552128,4.1000000000000005
VA,Louisa County,2.7,72569.0,10.775575827478942,34.54964873649995,27.021075810003147,27.653699626017964,9.4
VA,Lunenburg County,3.3000000000000003,47660.0,19.966254218222723,36.25421822272216,32.58717660292464,11.192350956130484,19.1
VA,Madison County,2.3000000000000003,71697.0,11.27315727236894,35.01182499014584,26.10366574694521,27.611351990540005,10.1
VA,Mathews County,2.8000000000000003,73827.0,8.71959614502065,30.59507419305492,30.57977665595839,30.10555300596604,9.2
VA,Mecklenburg County,3.6,52092.0,14.01254330950397,33.09942546379545,31.71790710933731,21.170124117363272,14.6
VA,Middlesex County,2.7,68881.0,8.7283848958946,30.219974120691685,29.443594871191625,31.60804611222209,12.9
VA,Montgomery County,2.8000000000000003,69668.0,4.334205514319788,23.7553621331055,23.515067371531305,48.39536498104341,23.8
VA,Nelson County,2.7,66612.0,11.278735632183908,30.18139367816092,24.83836206896552,33.70150862068966,13.8
VA,New Kent County,2.6,115627.0,5.402524544179523,28.38148667601683,30.74333800841515,35.472650771388494,5.6000000000000005
VA,Northampton County,3.5,52783.0,13.185364245687287,29.864850016481704,24.40391165805956,32.54587407977145,17.5
VA,Northumberland County,4.3,67077.0,9.606066989677691,27.45944807246682,29.049926269222663,33.88455866863282,12.1
VA,Nottoway County,3.0,50756.0,14.244083362769338,39.87990109501943,29.097492052278344,16.778523489932887,17.8
VA,Orange County,3.0,81390.0,8.700201808804843,35.94065326257568,25.9100082218402,29.44913670677928,8.0
VA,Page County,3.5,60061.0,16.10140262129225,46.06231317544263,22.61439411358933,15.221890089675789,14.2
VA,Patrick County,3.5,49319.0,15.5942578153465,36.03439481163011,33.14144137579246,15.229905997230928,14.4
VA,Pittsylvania County,3.1,49659.0,14.2402173670965,39.181755417474,31.164116612102184,15.413910603327318,13.7
VA,Powhatan County,2.7,105231.0,8.474504128713715,27.43679237252064,29.86294373031412,34.22575976845152,6.1000000000000005
VA,Prince Edward County,4.1000000000000005,57400.0,12.012383900928793,35.96749226006192,27.817337461300312,24.20278637770898,25.1
VA,Prince George County,3.4000000000000004,76571.0,9.430611431263818,32.31850965894676,34.26842086187525,23.98245804791417,11.3
VA,Prince William County,2.7,119051.0,9.77957642843432,20.1682769211082,25.57457290933521,44.47757374112227,6.7
VA,Pulaski County,2.8000000000000003,57731.0,9.274462819656677,35.687630121381154,33.59783163766351,21.44007542129866,16.5
VA,Rappahannock County,2.6,85575.0,8.152843810530024,29.459411868286672,26.747666842754008,35.6400774784293,9.0
VA,Richmond County,3.1,60180.0,22.930958984089912,36.607794482557296,23.106115895489708,17.355130637863088,15.6
VA,Roanoke County,2.6,77010.0,6.213589473983347,28.46344027963284,27.93912870499304,37.38384154139078,7.2
VA,Rockbridge County,2.7,64393.0,9.051876249852958,33.801905658157864,25.691095165274675,31.455122926714505,11.4
VA,Rockingham County,2.5,72921.0,12.983925156354992,36.096897021071314,22.520287383056807,28.398890439516894,10.1
VA,Russell County,3.6,49537.0,16.638637796930837,39.883329829724616,29.37775909186462,14.100273281479923,18.5
VA,Scott County,3.2,43743.0,16.031195840554595,37.01411240406041,32.70611537509284,14.248576380292151,20.5
VA,Shenandoah County,2.7,65289.0,10.95730959197156,41.060811023374335,26.61150784912071,21.370371535533398,9.9
VA,Smyth County,3.2,45484.0,13.892728780757537,38.54022670721592,29.508801032162932,18.05824347986361,15.1
VA,Southampton County,2.6,61246.0,13.30827067669173,35.10526315789474,32.992481203007515,18.59398496240601,13.3
VA,Spotsylvania County,3.0,96322.0,9.267404195427874,27.46483974790177,29.4756232600979,33.79213279657245,6.6000000000000005
VA,Stafford County,2.9000000000000004,134456.0,7.18954248366013,21.47594636081907,28.02637549357508,43.30813566194573,5.300000000000001
VA,Surry County,2.7,65339.0,10.018288965657389,30.989636252794146,33.59073359073359,25.401341190814875,12.4
VA,Sussex County,4.1000000000000005,49340.0,15.408843125378556,40.218049666868566,28.564506359781948,15.808600847970927,20.9
VA,Tazewell County,4.0,48360.0,12.68326417704011,39.944674965421854,30.982019363762102,16.390041493775932,21.0
VA,Warren County,2.9000000000000004,79949.0,11.025923124527264,34.549267688922505,29.89066905040226,24.534140136147972,9.3
VA,Washington County,2.9000000000000004,61686.0,9.88116797737478,34.347168126224915,29.24408940931305,26.527574487087254,12.8
VA,Westmoreland County,3.3000000000000003,61545.0,15.85632630019053,40.44880389527909,23.985604403358973,19.709265401171404,12.5
VA,Wise County,4.2,45220.0,19.675621274289696,34.148796160099096,30.56824340017032,15.607339165440893,18.2
VA,Wythe County,3.0,47257.0,10.404707925329216,36.901258984130045,32.97477208045921,19.71926101008152,13.5
VA,York County,2.7,111346.0,4.313651905595864,16.660411975648405,29.003002251688763,50.02293386706697,6.5
VA,Alexandria city,2.3000000000000003,110115.0,7.143697874630078,10.63525692762981,16.4665725047081,65.75447269303201,8.5
VA,Bristol city,3.7,43123.0,10.446662303664922,34.710405759162306,30.922774869109947,23.920157068062828,21.8
VA,Buena Vista city,2.7,51030.0,16.64222873900293,29.887585532746822,28.739002932551323,24.731182795698924,14.6
VA,Charlottesville city,2.4000000000000004,67903.0,7.361139789386743,14.653451717255145,17.434097322596187,60.55131117076192,19.6
VA,Chesapeake city,2.9000000000000004,87127.0,6.563804298555962,24.144792224688143,32.87082550876842,36.42057796798747,10.0
VA,Colonial Heights city,3.1,68456.0,8.165680473372781,31.857988165680474,30.485207100591715,29.49112426035503,10.4
VA,Covington city,4.1000000000000005,46592.0,12.947946638765368,49.489929374836514,27.96233324614177,9.599790740256344,17.7
VA,Danville city,4.6000000000000005,40799.0,14.983067081722712,39.000444702904254,27.715253309615846,18.30123490575719,23.4
VA,Emporia city,4.6000000000000005,43496.0,24.265715069997253,37.74361789733736,22.83832006587977,15.152346966785617,20.1
VA,Fairfax city,2.4000000000000004,122790.0,8.16955209167642,12.97517096913314,16.50545252911096,62.34982441007948,7.4
VA,Falls Church city,2.3000000000000003,142513.0,2.630777044184865,6.104621635347892,11.53885220924327,79.72574911122398,5.1000000000000005
VA,Franklin city,3.8,54594.0,15.33643521832498,29.58124552612741,28.650680028632785,26.43163922691481,19.8
VA,Fredericksburg city,3.4000000000000004,71217.0,7.351895734597156,19.377962085308056,26.481042654028435,46.78909952606635,12.7
VA,Galax city,3.9,44706.0,16.96548632900045,25.347377857463023,39.3993724787091,18.28776333482743,20.8
VA,Hampton city,3.7,64086.0,7.279565848154318,29.18918918918919,36.05179732416313,27.479447638493365,13.4
VA,Harrisonburg city,3.5,56057.0,16.748259772049263,23.36495066166909,23.14311940641016,36.74367015987149,23.8
VA,Hopewell city,4.4,53098.0,12.299143010176754,39.35457953936797,35.8663631494376,12.479914301017676,20.0
VA,Lexington city,4.4,62382.0,4.121808674254076,22.91602583820363,15.656721008920332,57.30544447862196,21.4
VA,Lynchburg city,4.2,50494.0,9.576522363930303,23.93120172444764,27.957158253996766,38.53511765762529,19.1
VA,Manassas city,2.5,97722.0,18.306851496615877,27.11643562923016,21.329038329291684,33.247674544862285,10.7
VA,Manassas Park city,2.6,90816.0,21.121846484165324,30.66738235820361,22.73215244229737,25.47861871533369,7.7
VA,Martinsville city,4.7,41500.0,13.921591038975883,31.192136244142187,33.63813007200823,21.2481426448737,22.5
VA,Newport News city,3.4000000000000004,63350.0,8.160247250008307,29.811239240969066,32.93260443321924,29.095909075803394,15.7
VA,Norfolk city,3.4000000000000004,60030.0,10.378979947976688,24.89809357610879,32.059530473148726,32.6633960027658,18.3
VA,Norton city,4.1000000000000005,41298.0,7.6477404403244496,39.62920046349942,36.07570490536887,16.647354190807263,20.6
VA,Petersburg city,5.4,42385.0,13.047082951520704,34.94785530392285,26.99306191909936,25.01199982545708,21.200000000000003
VA,Poquoson city,2.5,109549.0,2.83179802115319,27.51051973160469,29.591720686910044,40.06596156033208,5.800000000000001
VA,Portsmouth city,3.7,54843.0,10.784715580452705,31.71957310500828,34.29733873783608,23.19837257670295,18.7
VA,Radford city,3.6,47892.0,6.760411032990805,19.71335857220119,33.775013520822064,39.75121687398594,26.4
VA,Richmond city,3.5,58719.0,10.730904233839654,21.1679557667816,24.029447395396517,44.07169260398224,17.6
VA,Roanoke city,3.2,50425.0,10.411296162201303,33.9145546705286,26.782041998551776,28.89210716871832,18.4
VA,Salem city,2.9000000000000004,63676.0,5.784836540690934,28.524229074889867,34.546719220959886,31.14421516345931,10.4
VA,Staunton city,2.6,61917.0,6.342838555784453,28.965629404749,29.621598178466872,35.06993386099968,11.3
VA,Suffolk city,3.1,81858.0,8.229743217493874,26.05782899313432,33.287965399389044,32.424462389982764,11.1
VA,Virginia Beach city,2.8000000000000003,83066.0,5.33186224288754,21.328394672551028,32.92426511151391,40.41547797304752,8.700000000000001
VA,Waynesboro city,2.9000000000000004,58527.0,10.964720574461442,35.01092725569778,27.755229472369653,26.26912269747112,12.9
VA,Williamsburg city,4.0,67543.0,6.897459523496117,16.848756087929445,27.7741213636962,48.47966302487824,18.8
VA,Winchester city,2.8000000000000003,60557.0,13.459776927636188,28.82159599116332,26.07899132496363,31.639635756236867,16.2
WA,Adams County,4.6000000000000005,62410.0,30.06530180021179,29.324038122132016,25.185315919519947,15.42534415813625,15.1
WA,Asotin County,3.4000000000000004,65625.0,8.040017080461173,30.89733422802416,36.73519185017995,24.327456841334715,14.9
WA,Benton County,4.5,85144.0,10.143202447805228,23.02777148949532,33.85375970322552,32.97526635947393,11.2
WA,Chelan County,4.3,81697.0,14.157368497319228,23.37523547311984,32.24713809592812,30.220257933632805,10.2
WA,Clallam County,5.2,66693.0,7.009345794392523,25.078432020078598,37.22135992866814,30.69086225686074,11.9
WA,Clark County,4.3,91149.0,7.237237151776796,24.510872503848987,35.291455956470145,32.96043438790407,7.5
WA,Columbia County,4.4,62935.0,11.075234097513723,22.408782692928643,39.29609299321925,27.219890216338392,13.6
WA,Cowlitz County,5.1000000000000005,71847.0,10.055522074191853,31.421903650608435,41.51589367458679,17.006680600612924,13.2
WA,Douglas County,4.7,83870.0,17.46091607240812,28.363274821722435,32.312808557323095,21.863000548546356,11.8
WA,Ferry County,8.4,57064.0,7.858025781387957,30.143033727706165,43.68709164753664,18.31184884336924,17.2
WA,Franklin County,5.7,77820.0,23.391607778498656,26.698697154079504,29.493766329411358,20.41592873801049,12.8
WA,Garfield County,5.5,64413.0,7.134703196347032,24.08675799086758,42.00913242009132,26.769406392694066,14.1
WA,Grant County,5.2,63809.0,18.583942312345737,29.04386262078756,34.20768200809821,18.16451305876849,15.2
WA,Grays Harbor County,6.300000000000001,62258.0,9.658756093641186,35.254727594150104,37.46540240352851,17.621113908680204,15.1
WA,Island County,4.3,82717.0,4.115882242640165,21.8919932495781,38.25707856741046,35.73504594037127,8.6
WA,Jefferson County,5.0,69176.0,3.9137210455479208,19.77757313876886,33.048806403626834,43.259899412056384,11.0
WA,King County,3.4000000000000004,116044.0,6.218518140097756,14.297513632834558,23.5540752279175,55.92989299915019,8.8
WA,Kitsap County,4.1000000000000005,93794.0,4.686290880951411,21.05801735022197,37.73062354905714,36.52506821976948,8.700000000000001
WA,Kittitas County,5.1000000000000005,71737.0,6.940838912419729,27.15193332422462,30.653094685066268,35.254133078289385,15.2
WA,Klickitat County,5.1000000000000005,70371.0,10.067152614360328,27.853986110313954,30.8844630660621,31.194398209263618,11.9
WA,Lewis County,5.4,67954.0,9.635355795238254,31.565766186930244,38.64827862557184,20.150599392259657,13.7
WA,Lincoln County,4.9,68318.0,7.62176230016111,26.12467468087743,42.55793778659066,23.6956252323708,10.7
WA,Mason County,5.5,78029.0,8.890961058969005,30.029798706695587,39.07279398349922,22.006446250836188,12.0
WA,Okanogan County,5.5,58661.0,14.297844546048337,29.173742651861527,32.54408883082952,23.98432397126061,16.7
WA,Pacific County,6.0,55615.0,9.081253319171536,29.118428040361128,38.44397238449283,23.356346255974508,13.1
WA,Pend Oreille County,6.0,59332.0,5.680695514720411,33.8273068563525,40.209444773760126,20.28255285516696,14.4
WA,Pierce County,4.7,92793.0,7.530829632080634,26.718696310625244,35.60265726612113,30.14781679117299,9.9
WA,San Juan County,3.4000000000000004,84024.0,4.451215473272836,16.023050937272306,26.117771742730344,53.40796184672452,9.4
WA,Skagit County,4.6000000000000005,79118.0,9.166167536579104,25.52087789851972,36.17801831094378,29.134936253957388,9.7
WA,Skamania County,4.800000000000001,82132.0,6.837425910245555,27.47671464860288,37.53175275190517,28.1541066892464,11.0
WA,Snohomish County,3.5,101440.0,6.924040173437487,22.72985152183728,33.50342019405235,36.84268811067288,8.8
WA,Spokane County,4.2,69079.0,5.488045775254742,24.15185590764344,38.2601478998905,32.099950417211325,12.5
WA,Stevens County,6.0,65748.0,7.973962571196094,32.575845635243525,37.669998837614784,21.7801929559456,11.9
WA,Thurston County,4.1000000000000005,88560.0,5.529489665610368,22.119850541550395,35.17523530246417,37.175424490375065,9.9
WA,Wahkiakum County,6.4,70099.0,7.185800171772115,29.34440309189808,41.19667907243058,22.273117663899228,11.3
WA,Walla Walla County,4.2,66542.0,10.760975609756098,22.93658536585366,36.21463414634146,30.08780487804878,14.9
WA,Whatcom County,4.3,78796.0,6.23194094972103,21.36003552283565,34.32200935692084,38.08601417052248,12.9
WA,Whitman County,4.0,54412.0,3.92905530237714,15.055220265221497,30.85765898920228,50.158065443199085,24.8
WA,Yakima County,5.800000000000001,63058.0,23.683004455760663,29.25970719287078,28.19223424570337,18.865054105665184,16.1
WV,Barbour County,4.800000000000001,46302.0,11.418520631298726,53.394181403308615,22.941623882867464,12.245674082525197,20.0
WV,Berkeley County,3.4000000000000004,70829.0,9.428421245086389,36.92293628302404,29.299981716793127,24.348660755096443,11.3
WV,Boone County,4.2,46508.0,15.222222222222223,46.77124183006536,26.0718954248366,11.934640522875815,20.8
WV,Braxton County,5.1000000000000005,43328.0,16.321215409658166,51.06890938686923,20.74877916440586,11.86109603906674,19.700000000000003
WV,Brooke County,5.0,61551.0,7.581675035645651,41.52873349451367,28.987663505052385,21.901927964788296,14.1
WV,Cabell County,3.7,51017.0,9.984231190062433,30.272896955654243,27.29452275214005,32.44834910214327,19.8
WV,Calhoun County,7.2,43589.0,14.146658014276444,55.20224962145793,20.54942677914774,10.101665585117887,21.3
WV,Clay County,5.800000000000001,42604.0,15.912836476835746,52.6643471891595,19.64841604101813,11.774400292986632,23.5
WV,Doddridge County,3.2,47755.0,17.47722976456436,42.08626911840522,27.73672452311394,12.699776593916482,18.9
WV,Fayette County,4.4,48710.0,13.931323974676577,44.99724745389485,24.9793559042114,16.092072667217174,16.7
WV,Gilmer County,5.300000000000001,44938.0,18.525449101796408,47.34281437125748,14.258982035928144,19.872754491017965,26.4
WV,Grant County,3.8,58150.0,9.606609939573314,50.524109014675055,21.926254778641017,17.943026267110618,16.6
WV,Greenbrier County,3.7,45137.0,12.703273058302644,41.00633094715935,24.21897628998221,22.0714197045558,18.2
WV,Hampshire County,2.8000000000000003,58266.0,11.32505411871938,48.26820097983366,24.15403896547795,16.25270593596901,14.2
WV,Hancock County,5.800000000000001,58077.0,10.0928618328487,40.090047837913886,29.64543663821405,20.171653691023355,14.1
WV,Hardy County,4.3,53876.0,13.424452349747238,48.1276914435499,22.78599513199775,15.661861074705111,13.8
WV,Harrison County,3.3000000000000003,57764.0,11.19946842714451,38.02675011788914,24.881039139194925,25.89274231577142,14.4
WV,Jackson County,4.2,54735.0,10.607361033977886,37.693744635734845,32.281516635532896,19.41737769475438,14.8
WV,Jefferson County,2.7,87259.0,10.007797650957649,28.49310395243433,27.77425800477606,33.72484039183196,9.0
WV,Kanawha County,3.6,55160.0,9.253842225008126,36.18965810775255,25.282072712076893,29.27442695516244,15.6
WV,Lewis County,4.6000000000000005,53283.0,11.642463695543317,47.1123351694208,23.785678517776667,17.45952261725922,16.400000000000002
WV,Lincoln County,4.9,43727.0,18.183086798771978,49.525537259279936,23.897571867150432,8.393804074797655,21.700000000000003
WV,Logan County,4.2,42615.0,17.35321040931084,43.577001874373394,25.229937666187176,13.839850050128591,19.4
WV,McDowell County,6.4,28972.0,24.09908283382682,52.7117787246335,17.440600852170146,5.748537589369539,36.2
WV,Marion County,4.0,58855.0,7.7703749612643325,38.52391281892367,27.86643941741556,25.839272802396447,14.7
WV,Marshall County,5.0,51934.0,7.294589178356714,43.39790692496104,30.229347584057003,19.07815631262525,15.1
WV,Mason County,4.6000000000000005,48077.0,12.898463557329542,42.94384602766691,27.929356443764007,16.228333971239543,18.0
WV,Mercer County,4.4,43917.0,13.394223412394798,39.46298775822494,26.475229533282324,20.66755929609793,19.700000000000003
WV,Mineral County,4.1000000000000005,59669.0,6.692268305171531,44.03481822836662,26.46185355862775,22.811059907834103,13.9
WV,Mingo County,5.300000000000001,35761.0,23.54531490015361,44.89708141321045,23.231950844854072,8.325652841781874,28.8
WV,Monongalia County,3.1,59094.0,5.963650706960374,25.41112931609928,20.688451969172885,47.93676800776746,18.3
WV,Monroe County,3.0,53154.0,12.149739727544578,49.65112415549895,22.7710709934655,15.428065123490972,16.400000000000002
WV,Morgan County,3.1,56162.0,12.127869100825697,43.76941140822665,26.49041739262177,17.612302098325884,10.7
WV,Nicholas County,4.6000000000000005,46757.0,11.970102632753235,43.40696117804551,25.58009817045961,19.042838018741637,19.3
WV,Ohio County,3.8,60241.0,7.397501438873277,32.024240782747064,28.04617936824999,32.532078410129664,14.5
WV,Pendleton County,2.6,52553.0,12.848059636044724,49.22166191624644,17.47423810567858,20.456040342030256,13.9
WV,Pleasants County,5.4,56391.0,11.86656944950784,44.18519868756835,29.310973386802768,14.637258476121035,14.5
WV,Pocahontas County,4.5,44553.0,16.16127957347551,48.73375541486171,19.31022992335888,15.7947350883039,19.200000000000003
WV,Preston County,3.9,55965.0,14.172801239829523,45.69546687330492,22.243316543975205,17.88841534289035,17.3
WV,Putnam County,3.3000000000000003,80034.0,6.853567205360663,36.13027197477335,28.611549073709103,28.40461174615688,10.3
WV,Raleigh County,3.7,51317.0,14.484021051025856,38.29227366333613,25.596827091755014,21.626878193883,18.2
WV,Randolph County,4.800000000000001,49362.0,12.22799451088022,49.18153303273868,19.62850421485983,18.96196824152127,18.9
WV,Ritchie County,4.3,51965.0,15.652735194448928,49.15281587865096,22.349523963208004,12.844924963692108,17.7
WV,Roane County,6.0,42697.0,17.079944455465185,49.82146399523904,18.904979170799443,14.193612378496333,19.6
WV,Summers County,3.9,40569.0,17.06818670681867,43.13830931383093,23.80081738008174,15.99268659926866,22.6
WV,Taylor County,3.7,53972.0,13.64799075831339,42.82531562010067,26.17377671425035,17.35291690733559,14.1
WV,Tucker County,3.4000000000000004,50444.0,11.104868913857675,40.468164794007485,24.23220973782772,24.19475655430712,17.6
WV,Tyler County,5.9,57560.0,8.41878928217003,47.65133972874628,28.266622560370493,15.6632484287132,19.0
WV,Upshur County,4.6000000000000005,47035.0,11.568531639384316,51.52699731248474,19.47226972880528,17.432201319325678,18.3
WV,Wayne County,4.1000000000000005,52540.0,14.70800548617628,37.5622608821194,30.047643109795715,17.682090521908613,18.2
WV,Webster County,5.1000000000000005,40598.0,19.88081443469624,49.180599238536665,18.37444131766264,12.564145009104452,26.3
WV,Wetzel County,5.9,48563.0,10.087676091025514,48.57649492660821,27.829770465963943,13.506058516402325,17.400000000000002
WV,Wirt County,5.800000000000001,43441.0,11.12302331814527,47.86920396676494,24.765478424015008,16.24229429107478,17.7
WV,Wood County,4.1000000000000005,57599.0,9.480234260614932,35.45354718487954,32.12099028350858,22.94522827099694,13.7
WV,Wyoming County,4.3,39892.0,21.96372239747634,45.6953207150368,20.294426919032595,12.04652996845426,21.5
WI,Adams County,5.1000000000000005,54682.0,11.017900395817334,39.84758078809003,31.86624918768831,17.268269628404326,13.2
WI,Ashland County,3.7,56848.0,4.815509693558474,35.71875279192353,37.362637362637365,22.10310015188064,14.1
WI,Barron County,3.6,62344.0,8.272637352756048,34.96687947726523,34.47831430027276,22.282168869705963,10.0
WI,Bayfield County,4.5,63680.0,3.832016892156096,25.54938609525299,35.62993665441464,34.98866035817627,10.0
WI,Brown County,2.7,72398.0,6.713114438585011,29.212605785991983,31.640940759844487,32.43333901557852,9.7
WI,Buffalo County,4.4,63969.0,8.013116097960857,38.13915360180346,31.75530279741777,22.092427502817912,10.2
WI,Burnett County,4.6000000000000005,57438.0,7.214535502508743,37.19781055192337,33.58674167553596,22.00091227003193,13.5
WI,Calumet County,2.4000000000000004,85589.0,5.24085092509577,30.187192653571334,32.03738419322411,32.534572228108786,4.6000000000000005
WI,Chippewa County,3.5,74425.0,6.519227941948627,33.76388801377775,35.57641820511205,24.14046583916157,9.0
WI,Clark County,2.8000000000000003,63641.0,17.454866106650577,40.35364551909779,28.774307328166334,13.417181046085302,11.7
WI,Columbia County,2.6,78767.0,6.172046082071788,31.160144720556037,36.98943159097401,25.67837760639817,7.9
WI,Crawford County,3.9,63862.0,7.606396480243675,41.15407394872663,32.95541077925375,18.28411879177596,14.0
WI,Dane County,2.3000000000000003,85189.0,3.7204325688232114,17.41693704436146,24.41304307322955,54.44958731358578,10.0
WI,Dodge County,2.6,69681.0,7.5490165615387,40.261939533293976,32.267035391355684,19.92200851381164,8.6
WI,Door County,3.0,72296.0,3.4062130677021782,26.40553773425629,33.07867634644606,37.10957285159547,8.8
WI,Douglas County,4.3,66180.0,5.367196296759665,29.503940948329788,37.36707118728887,27.761791567621668,9.5
WI,Dunn County,3.4000000000000004,71434.0,5.551031967996602,33.40531737883669,31.81222784720501,29.23142280596169,10.9
WI,Eau Claire County,2.7,70564.0,3.991849180520128,26.14565924883455,34.204122320931184,35.658369249714134,10.8
WI,Florence County,3.4000000000000004,64512.0,8.471806047398529,34.513756469626806,33.887224189594114,23.12721329338055,10.7
WI,Fond du Lac County,2.7,71206.0,6.989652573151512,37.26444185568423,33.13506475707531,22.61084081408895,9.2
WI,Forest County,4.800000000000001,56118.0,9.271137026239067,37.91545189504373,37.31778425655977,15.495626822157435,15.8
WI,Grant County,2.9000000000000004,63247.0,7.114782288276116,34.52066572498925,33.80212491555611,24.56242707117853,13.7
WI,Green County,2.4000000000000004,79337.0,6.132627999244285,34.645758549027015,32.24636312110334,26.97525033062536,8.3
WI,Green Lake County,3.4000000000000004,66070.0,8.489801929165747,36.60260658272587,32.39084014431927,22.51675134378912,10.4
WI,Iowa County,2.6,76404.0,4.50196630862241,32.52920115043728,34.48964019486999,28.47919234607032,8.4
WI,Iron County,5.5,60694.0,4.630004043671654,32.36959158916296,39.62798220784472,23.372422159320664,13.5
WI,Jackson County,3.9,64344.0,7.558760683760683,44.31757478632478,31.850961538461537,16.27270299145299,12.6
WI,Jefferson County,2.8000000000000003,78728.0,7.116475841923245,32.538696571869856,32.21636504045932,28.12846254574757,9.3
WI,Juneau County,3.2,61904.0,10.333147970274506,39.95753500834134,33.43612557504676,16.273191446337396,12.5
WI,Kenosha County,3.4000000000000004,75067.0,8.543246816505462,27.95386542342217,32.74128453134785,30.761603228724518,11.3
WI,Kewaunee County,2.5,73717.0,6.399837464445348,38.52769876743872,34.51171610456454,20.5607476635514,8.700000000000001
WI,La Crosse County,2.6,70075.0,3.524707445449436,24.70744544943533,35.685267514947114,36.08257959016812,12.1
WI,Lafayette County,2.3000000000000003,67311.0,9.02441173878558,39.20860139243853,31.144795981316648,20.62219088745924,11.2
WI,Langlade County,3.6,57745.0,10.215427380125089,42.63377345378736,30.965948575399583,16.184850590687976,13.6
WI,Lincoln County,3.2,59637.0,7.53628582061779,40.08187569780424,32.95031633792333,19.431522143654632,9.9
WI,Manitowoc County,3.0,62910.0,7.652558218595955,37.44348121706612,32.67210606833248,22.23185449600544,9.2
WI,Marathon County,2.7,70955.0,6.911979452551343,32.88420311318703,32.9318433671303,27.27197406713133,9.6
WI,Marinette County,4.0,58554.0,6.860208872281307,37.41496598639456,36.23966018332215,19.48516495800198,11.4
WI,Marquette County,3.7,58197.0,8.09874038380252,43.64696931270606,33.096626933806746,15.157663369684672,11.6
WI,Menominee County,6.1000000000000005,51623.0,4.719645018152481,45.421540943929,30.254134731746674,19.604679306171843,27.4
WI,Milwaukee County,3.8,58375.0,10.424634348028322,27.98481187658277,27.69813685461781,33.892416920771105,17.1
WI,Monroe County,2.7,65232.0,9.154455382050214,36.303588033475485,34.5656844197903,19.976272164684,12.8
WI,Oconto County,3.3000000000000003,68127.0,6.893470790378006,40.39518900343643,34.013745704467354,18.69759450171821,8.6
WI,Oneida County,3.4000000000000004,62242.0,4.266112832385686,29.44741411596473,37.85706989887985,28.429403152769737,8.200000000000001
WI,Outagamie County,2.6,78808.0,5.246746513985987,30.959768844297724,31.80983021644164,31.98365442527465,6.300000000000001
WI,Ozaukee County,2.6,97778.0,2.173712386930035,21.61251615285213,25.84917851209156,50.36459294812627,4.800000000000001
WI,Pepin County,3.1,69535.0,4.832924296771758,37.34189163677553,34.18916367755333,23.63602038889937,10.3
WI,Pierce County,3.5,85508.0,4.3308966682584575,30.830547698637183,32.85457150203872,31.98398413106564,8.3
WI,Polk County,4.1000000000000005,73982.0,6.397063248480473,33.99831497863634,35.93909851357044,23.665523259312756,9.1
WI,Portage County,3.0,71360.0,5.180424681922792,31.11728689912719,30.005645056233444,33.69664336271658,9.8
WI,Price County,3.4000000000000004,53883.0,6.663573085846868,42.5707656612529,33.707656612529,17.05800464037123,12.0
WI,Racine County,3.6,72331.0,8.415360132028765,29.884769539078157,33.713751031474715,27.98611929741837,10.7
WI,Richland County,3.0,67086.0,7.912676513552995,42.087323486447005,29.280960882973545,20.71903911702645,13.0
WI,Rock County,3.4000000000000004,67430.0,7.385353164456163,33.26107537537272,33.61941586076924,25.73415559940188,11.2
WI,Rusk County,3.7,56410.0,7.684918347742556,43.36215177713737,32.65129682997118,16.301633045148893,13.7
WI,St. Croix County,3.5,97589.0,3.674839822572696,24.80747905372105,32.12943568260227,39.38824544110399,5.7
WI,Sauk County,2.6,70484.0,6.640582780311711,33.138064460344566,33.7281943753918,26.49315838395193,9.4
WI,Sawyer County,4.2,60034.0,7.123267898383372,32.52742494226328,33.148094688221704,27.20121247113164,15.0
WI,Shawano County,3.0,66733.0,7.06090026478376,43.34985402946568,30.88804399484011,18.701201710910446,11.5
WI,Sheboygan County,2.5,65008.0,6.458105977931369,33.6485994907239,32.57426943130836,27.319025100036377,8.9
WI,Taylor County,3.7,67544.0,9.84826796450043,43.87346120813055,29.62353277984541,16.65473804752362,11.3
WI,Trempealeau County,3.5,68184.0,8.38835901198337,37.8870139398386,33.49474199070677,20.229885057471265,11.8
WI,Vernon County,2.8000000000000003,67812.0,9.526105192113002,34.78281830014945,30.848961095309264,24.84211541242829,12.5
WI,Vilas County,3.9,63356.0,3.865153900439716,31.13837468107052,34.47152706150589,30.52494435698388,12.3
WI,Walworth County,2.9000000000000004,73723.0,7.485173005031341,29.25626106754364,30.941338505214045,32.31722742221098,10.5
WI,Washburn County,3.7,59221.0,6.261814744801512,35.672652804032765,34.51480781348456,23.55072463768116,10.8
WI,Washington County,2.6,90313.0,4.408047617106282,28.46630518977537,32.33723347873945,34.7884137143789,6.0
WI,Waukesha County,2.6,99525.0,2.859529997500351,20.55772990778692,28.64597779078965,47.93676230392308,5.5
WI,Waupaca County,3.0,65960.0,7.966479261695131,43.03330858173332,28.80821045931898,20.19200169725257,12.1
WI,Waushara County,3.5,55982.0,9.90919228931018,42.03706653921725,30.694068291646754,17.35967287982582,10.5
WI,Winnebago County,2.7,69887.0,5.486854500299734,31.73760383660187,31.7333219148754,31.042219748223005,10.3
WI,Wood County,3.5,64408.0,6.502237918075202,38.29767143207872,33.77651035863345,21.42358029121263,9.8
WY,Albany County,2.6,53537.0,3.054256314312441,14.443405051449954,26.992516370439663,55.509822263797936,16.7
WY,Big Horn County,3.3000000000000003,59702.0,11.96973455718184,31.009675018605805,36.132473331679485,20.88811709253287,12.6
WY,Campbell County,2.7,89870.0,8.120920868915803,32.74669610676364,36.91918043965322,22.21320258466734,8.5
WY,Carbon County,3.0,66225.0,8.770894788593903,34.690265486725664,33.74631268436578,22.79252704031465,11.4
WY,Converse County,2.3000000000000003,78015.0,6.253289819981051,35.035266870196864,35.83535108958838,22.87609222023371,10.4
WY,Crook County,2.4000000000000004,70196.0,5.147778430221178,30.53435114503817,40.321002153063226,23.99686827167743,7.1000000000000005
WY,Fremont County,3.4000000000000004,55125.0,6.470100294095468,31.211824145992008,37.0635698665259,25.25450569338662,13.5
WY,Goshen County,2.6,58720.0,7.020471740097908,28.58255451713396,39.786381842456606,24.61059190031153,14.4
WY,Hot Springs County,2.6,64734.0,5.558894230769231,25.78125,42.277644230769226,26.382211538461537,11.1
WY,Johnson County,2.8000000000000003,70067.0,5.409263959390863,29.86992385786802,34.40672588832487,30.31408629441624,8.4
WY,Laramie County,3.0,71956.0,5.5241964739171445,24.199376042951464,38.235507509250525,32.04091997388087,9.6
WY,Lincoln County,2.9000000000000004,93044.0,5.356880058866814,31.1626195732156,39.35982339955849,24.120676968359085,7.0
WY,Natrona County,3.2,70142.0,6.247472705216336,28.28180715362276,38.10057714222696,27.37014299893394,10.5
WY,Niobrara County,2.6,54573.0,5.848563968668407,34.88250652741514,39.686684073107045,19.5822454308094,15.8
WY,Park County,2.9000000000000004,69802.0,4.1895445946569465,23.85456558852028,36.99995385964103,34.95593595718175,9.7
WY,Platte County,2.9000000000000004,61185.0,8.438690022848439,35.04950495049505,36.999238385377,19.512566641279516,11.0
WY,Sheridan County,2.7,70224.0,3.660171612441902,29.424383267786915,33.5404004290311,33.37504469074008,9.4
WY,Sublette County,3.3000000000000003,85649.0,3.7616563932353406,21.16326853168958,43.98609135451241,31.08898372056267,7.6
WY,Sweetwater County,3.3000000000000003,75779.0,7.468834688346883,31.147244805781398,41.00813008130081,20.375790424570912,10.0
WY,Teton County,2.1,127677.0,2.840434419381788,16.145920356446673,19.79392926761348,61.21971595655806,6.2
WY,Uinta County,3.2,73072.0,5.393291999701202,35.99013968775678,37.29737805333532,21.31919025920669,10.3
WY,Washakie County,3.3000000000000003,60699.0,8.580258134884566,30.267224141065263,39.12015997091438,22.03235775313579,12.3
WY,Weston County,2.1,67677.0,8.399209486166008,36.462450592885375,37.094861660079054,18.043478260869566,11.4
